{
    "type": "FeatureCollection",
    "features": [
        {
            "type": "Feature",
            "geometry": {
                "coordinates": [
                    [
                        [-9.154455562004394, 38.71550371068754],
                        [-9.154718510514272, 38.715890907594435],
                        [-9.154836633774506, 38.71616001796699],
                        [-9.155068281045232, 38.716996348204404],
                        [-9.15515427442977, 38.71725357841339],
                        [-9.155573987633675, 38.7184257828122],
                        [-9.155604673001335, 38.71877844018227],
                        [-9.155643874622578, 38.719728511528395],
                        [-9.155495143321147, 38.720070670121025],
                        [-9.15551904136491, 38.72031105863484],
                        [-9.155646062479398, 38.7205986553446],
                        [-9.156617603094363, 38.72166458251332],
                        [-9.157124513571473, 38.7221674557131],
                        [-9.157833049002644, 38.722561093868755],
                        [-9.15863559577334, 38.722982997514464],
                        [-9.159443734614094, 38.72341727642958],
                        [-9.159637942306608, 38.72356933099754],
                        [-9.160635560386018, 38.72426586344599],
                        [-9.162974836168635, 38.72380656665923],
                        [-9.166098014866934, 38.72322444637483],
                        [-9.169012292449692, 38.72265571782033],
                        [-9.170840073261239, 38.72233149743175],
                        [-9.171235486549188, 38.72230276663937],
                        [-9.171677582263705, 38.72230117573965],
                        [-9.17214209990894, 38.72235514252194],
                        [-9.172651969459679, 38.72245986700999],
                        [-9.174915209596088, 38.722997780112344],
                        [-9.175013669428388, 38.72277876575145],
                        [-9.175254529105429, 38.72213435705699],
                        [-9.175418359693492, 38.721595128442026],
                        [-9.17544838758119, 38.721209417266415],
                        [-9.175439014351136, 38.72096827134442],
                        [-9.175363108127057, 38.72064304743109],
                        [-9.175191827890634, 38.720163920425776],
                        [-9.175024485984531, 38.7197656485916],
                        [-9.17493897792388, 38.71942825920679],
                        [-9.174883861950974, 38.71906177286543],
                        [-9.174892573242051, 38.7184352931438],
                        [-9.174913625610076, 38.718254228600024],
                        [-9.174978794490132, 38.71799953608946],
                        [-9.175367251263483, 38.71677073686972],
                        [-9.175818359769016, 38.71528150142484],
                        [-9.175895219239512, 38.71485858574857],
                        [-9.175957826862305, 38.7142781369453],
                        [-9.175943346515238, 38.71409729897222],
                        [-9.175831723704253, 38.71363214285246],
                        [-9.17551019696355, 38.712924208158874],
                        [-9.175139271170965, 38.7121400449727],
                        [-9.173387596727911, 38.71211496532644],
                        [-9.172987765455533, 38.7123310188018],
                        [-9.173219140045363, 38.71315542374611],
                        [-9.173312331706303, 38.71316315482385],
                        [-9.173328432721304, 38.71332190948582],
                        [-9.173297127683783, 38.71362052683409],
                        [-9.173219678266229, 38.71395603745576],
                        [-9.173020714443897, 38.71441081754163],
                        [-9.172200964616533, 38.715727487911735],
                        [-9.172121885766698, 38.71579276991731],
                        [-9.172025515677197, 38.715751479423766],
                        [-9.170175631163875, 38.71519953665388],
                        [-9.169920177589095, 38.71510542266637],
                        [-9.169820110603768, 38.715102707794536],
                        [-9.169503566704838, 38.71515686363846],
                        [-9.169140520712912, 38.714221473028445],
                        [-9.16877469138713, 38.71325187493883],
                        [-9.168647848200402, 38.71298726984975],
                        [-9.168440282010426, 38.71262609623982],
                        [-9.168212454050348, 38.71253353535826],
                        [-9.167777056220563, 38.71263310338612],
                        [-9.167485643443737, 38.71267869814981],
                        [-9.167210762500332, 38.71259195631527],
                        [-9.167111875744967, 38.712591031142324],
                        [-9.16640969454692, 38.712770198451736],
                        [-9.166061334495101, 38.712849848192896],
                        [-9.165761132578448, 38.71284079437942],
                        [-9.165323932904423, 38.71273927019644],
                        [-9.165171984804974, 38.712726200811325],
                        [-9.164885815236909, 38.71281340424174],
                        [-9.164832298125534, 38.7134083935618],
                        [-9.164774367360423, 38.713616985760055],
                        [-9.164674277316145, 38.7138520736496],
                        [-9.164550046542734, 38.714087374424935],
                        [-9.164278840041913, 38.714655462104986],
                        [-9.164017401062289, 38.71510365739301],
                        [-9.16375390381059, 38.71548881692141],
                        [-9.163950190583849, 38.71554653474008],
                        [-9.16257533292218, 38.715963119623844],
                        [-9.162020490330033, 38.716157175573436],
                        [-9.161590926303694, 38.71634832440626],
                        [-9.161424024524786, 38.71617504341221],
                        [-9.160990411880453, 38.715683432488305],
                        [-9.160811331782241, 38.71554268600067],
                        [-9.16055455823868, 38.71554818928275],
                        [-9.159879256306397, 38.71562448248757],
                        [-9.158689425728882, 38.7157719474512],
                        [-9.158208693754203, 38.71556142840567],
                        [-9.157265717752257, 38.715114180595116],
                        [-9.157515821176949, 38.71441588681569],
                        [-9.156934122552846, 38.71441348949888],
                        [-9.156572322217592, 38.71445503532238],
                        [-9.156197906519417, 38.71453101584354],
                        [-9.155204027178625, 38.71481742896157],
                        [-9.154554362059917, 38.71503056628627],
                        [-9.154230187601566, 38.71519617404361],
                        [-9.154455562004394, 38.71550371068754]
                    ]
                ],
                "type": "Polygon"
            },
            "properties": {
                "geo_point_2d": {
                    "lon": -9.165754587447411,
                    "lat": 38.71853792099057
                },
                "year": "2021",
                "dis_code": "11",
                "dis_name": "Lisboa",
                "con_code": "1106",
                "con_name": "Lisboa",
                "fre_code": "110659",
                "fre_name": "Campo de Ourique",
                "fre_name_upper": "CAMPO DE OURIQUE",
                "fre_name_lower": "campo de ourique",
                "fre_area_code": "PRT",
                "fre_type": "parish",
                "fre_name_long": "Campo de Ourique"
            }
        },
        {
            "type": "Feature",
            "geometry": {
                "coordinates": [
                    [
                        [-9.14180663454841, 38.77773186471561],
                        [-9.143650157750788, 38.77817342124977],
                        [-9.144463063918868, 38.77626009589561],
                        [-9.146077091250605, 38.776960406112494],
                        [-9.147546499896654, 38.77767778861277],
                        [-9.147869499623015, 38.77687002924144],
                        [-9.150495670236209, 38.77752970958666],
                        [-9.150738934038884, 38.77759499219737],
                        [-9.151342021101339, 38.7777142083815],
                        [-9.151956026452694, 38.777907360339476],
                        [-9.152468416334687, 38.778346964834626],
                        [-9.152954324183762, 38.778824622726],
                        [-9.153086289028725, 38.77889937774318],
                        [-9.153995818348177, 38.77911455278877],
                        [-9.154249804986232, 38.77918310326267],
                        [-9.154470333168081, 38.77920856504481],
                        [-9.1547982235398, 38.779196641388594],
                        [-9.154808025419216, 38.77915782222514],
                        [-9.155007757099565, 38.77912274425979],
                        [-9.155035106491459, 38.779023420383474],
                        [-9.155254535784294, 38.77907824665909],
                        [-9.155407401038554, 38.77906519662205],
                        [-9.155499596493632, 38.778994129327785],
                        [-9.1555441390707, 38.77889015011528],
                        [-9.15561905833338, 38.77889850056562],
                        [-9.155861927441865, 38.778661270255114],
                        [-9.155919043719653, 38.778390537770676],
                        [-9.155975514028354, 38.77839634803771],
                        [-9.156005456769549, 38.77807631144628],
                        [-9.156064240928416, 38.77808300219614],
                        [-9.156098379401653, 38.77789534235481],
                        [-9.156083380438508, 38.77765136452305],
                        [-9.156112114251616, 38.7774880729948],
                        [-9.156170883915832, 38.777493863042444],
                        [-9.156205034731236, 38.777307103824675],
                        [-9.156118586481327, 38.77729705221146],
                        [-9.156156991144243, 38.77708593474352],
                        [-9.157259072642637, 38.77708764184859],
                        [-9.157510029609305, 38.7771506279044],
                        [-9.158068396040237, 38.77748981921574],
                        [-9.159607277236203, 38.77647192845122],
                        [-9.15961053582527, 38.776618725794215],
                        [-9.15969866834376, 38.77706653467035],
                        [-9.159979957355988, 38.777342397385084],
                        [-9.160025916893568, 38.77741765797894],
                        [-9.160063707630442, 38.77764522094807],
                        [-9.160065377663672, 38.7778415741007],
                        [-9.159985308184742, 38.778516057022316],
                        [-9.159947859946854, 38.77863440602658],
                        [-9.160528792168611, 38.77885427722553],
                        [-9.160740751913565, 38.778922409296236],
                        [-9.162174379176388, 38.77913073238048],
                        [-9.162699504685428, 38.779303929337196],
                        [-9.162956636880972, 38.77937293755607],
                        [-9.163052780947627, 38.77920423027485],
                        [-9.163215450012613, 38.77859387246883],
                        [-9.163488260785424, 38.77859957068083],
                        [-9.16346683715118, 38.77878982279018],
                        [-9.163253361483081, 38.779627623885744],
                        [-9.163038112906367, 38.780023161042884],
                        [-9.163003004849294, 38.780142373112376],
                        [-9.16295494150626, 38.78048058648895],
                        [-9.162955080406753, 38.780649930538225],
                        [-9.162993730319178, 38.78077659863451],
                        [-9.162975363430153, 38.78085963113534],
                        [-9.163012123319906, 38.78117457656139],
                        [-9.163082447201012, 38.781502737783555],
                        [-9.163143636620665, 38.78167604666015],
                        [-9.163439511033893, 38.78232288964043],
                        [-9.163521215311702, 38.782641942403714],
                        [-9.163550308536756, 38.782903809305],
                        [-9.163503681326132, 38.78302222227239],
                        [-9.163330516851872, 38.78314445502843],
                        [-9.162717059918526, 38.783379567295604],
                        [-9.162574248541755, 38.783451988741724],
                        [-9.162469283423135, 38.7835952362186],
                        [-9.162513822607007, 38.78381102855802],
                        [-9.162619936518773, 38.78390737582048],
                        [-9.162812933108084, 38.783963321410056],
                        [-9.163023394219948, 38.78395335692948],
                        [-9.163551654595413, 38.78355595554218],
                        [-9.16432199688748, 38.78302760274423],
                        [-9.164565506966914, 38.78291555603116],
                        [-9.164806629695263, 38.782877392709004],
                        [-9.165274838585292, 38.7828651446319],
                        [-9.165507022617794, 38.782925243517234],
                        [-9.165837191187734, 38.78307635345413],
                        [-9.16624463133479, 38.78331905126919],
                        [-9.168381193925702, 38.78504469820539],
                        [-9.169262195609397, 38.785542109666515],
                        [-9.169268572176028, 38.785566170509966],
                        [-9.169296974913392, 38.7855580800913],
                        [-9.169391862319422, 38.785531052152656],
                        [-9.169654946477442, 38.78526884471316],
                        [-9.169577544730773, 38.78500281499827],
                        [-9.16973565855497, 38.78466010821375],
                        [-9.170032082914686, 38.7840867470501],
                        [-9.170232503449272, 38.78367016076031],
                        [-9.170472162313835, 38.783665870646125],
                        [-9.170674589897459, 38.783593990278966],
                        [-9.170860756720815, 38.78349622243099],
                        [-9.17102016321859, 38.783338968692306],
                        [-9.171128331564505, 38.78313227588705],
                        [-9.17111806133159, 38.78301932055104],
                        [-9.171193964388385, 38.78288073376386],
                        [-9.171770235441503, 38.78280552618143],
                        [-9.172196382283271, 38.78273399823037],
                        [-9.17239809944328, 38.78260555513435],
                        [-9.172700330969038, 38.78225138364674],
                        [-9.172814558791819, 38.782153169948764],
                        [-9.17322703798672, 38.78192574264024],
                        [-9.173253635198929, 38.7820689996175],
                        [-9.173583107430451, 38.78199715430602],
                        [-9.173501949327113, 38.78127563955764],
                        [-9.173733079122375, 38.781192238651094],
                        [-9.173900919332548, 38.780626860284954],
                        [-9.174003852411854, 38.78055919317533],
                        [-9.17513079878388, 38.78023387294864],
                        [-9.17521669080354, 38.78026095000822],
                        [-9.175293683010796, 38.77988928563582],
                        [-9.175481242997638, 38.7794383052014],
                        [-9.176075754152226, 38.77850131522847],
                        [-9.176699884340747, 38.77786808613679],
                        [-9.177116827933876, 38.77750756046955],
                        [-9.177725879496892, 38.77699335326757],
                        [-9.17913620104702, 38.77584421442998],
                        [-9.179452546307617, 38.77553079253272],
                        [-9.179579584262365, 38.775475696617725],
                        [-9.179954492756243, 38.775460623202],
                        [-9.180050934299768, 38.774974242076794],
                        [-9.180123176734458, 38.77472137808803],
                        [-9.180198852111793, 38.77462431596688],
                        [-9.180406521691259, 38.77450445137994],
                        [-9.180664150579503, 38.774495833178314],
                        [-9.180989789413779, 38.77457397818025],
                        [-9.181145801280095, 38.77454105010954],
                        [-9.181768090116286, 38.77413281380137],
                        [-9.182729116124495, 38.773519754469476],
                        [-9.182211874697105, 38.77316589959762],
                        [-9.181920572229464, 38.77291810363387],
                        [-9.181691545866938, 38.77267965669668],
                        [-9.18151540388447, 38.77243803072619],
                        [-9.180712734779448, 38.771214786448766],
                        [-9.18061605928543, 38.77105621807296],
                        [-9.180227885688199, 38.770321068858856],
                        [-9.179996127673405, 38.769973648759084],
                        [-9.1799517400722, 38.76984974081259],
                        [-9.179345052395972, 38.76904178555379],
                        [-9.178449878417725, 38.7695137060246],
                        [-9.17691741287246, 38.77046963401497],
                        [-9.17682034668607, 38.77036240937757],
                        [-9.176761863078488, 38.77013954138878],
                        [-9.176747664455537, 38.76995500955062],
                        [-9.17675514639386, 38.769679306383566],
                        [-9.176715558681488, 38.76933196218196],
                        [-9.176638954470187, 38.76889217011075],
                        [-9.176733147358277, 38.76872378330028],
                        [-9.176886804187022, 38.76734783018295],
                        [-9.176907508514736, 38.76707547949615],
                        [-9.176953339042814, 38.766782450389115],
                        [-9.176970169012447, 38.766516572138876],
                        [-9.176943145072244, 38.76584753936673],
                        [-9.177146676178017, 38.765682687527736],
                        [-9.177137339575477, 38.76504231262316],
                        [-9.177138621248535, 38.764263131823704],
                        [-9.17711410281697, 38.76368685671706],
                        [-9.177004897259181, 38.763377967769166],
                        [-9.176922217443668, 38.76291571021194],
                        [-9.176922855665556, 38.76272293864037],
                        [-9.17699692542321, 38.76259526718534],
                        [-9.177509018018815, 38.761894386895406],
                        [-9.178217719520436, 38.761107070371445],
                        [-9.178330632613866, 38.76096103510905],
                        [-9.178457197370792, 38.76072569955805],
                        [-9.178543946891956, 38.76052134742917],
                        [-9.178592815423459, 38.76032273968113],
                        [-9.178600711804862, 38.76007585723598],
                        [-9.178206833331854, 38.76000759330846],
                        [-9.177050454982218, 38.75952296949283],
                        [-9.176823394436337, 38.75941519688255],
                        [-9.176389865042722, 38.759270446163136],
                        [-9.17576283346955, 38.75903094942993],
                        [-9.175590910720516, 38.75891718683085],
                        [-9.17505393460429, 38.758462498192536],
                        [-9.174678289268122, 38.75823921653664],
                        [-9.174362989488031, 38.75802809704066],
                        [-9.174134107905685, 38.757841967478406],
                        [-9.174281979815607, 38.75778957422049],
                        [-9.174667487268225, 38.75771857538719],
                        [-9.174918511801112, 38.757648633607374],
                        [-9.175197678907917, 38.75763700549139],
                        [-9.174824416310654, 38.7576403384156],
                        [-9.172186384569102, 38.75751426688939],
                        [-9.169697617942667, 38.757317848225505],
                        [-9.167582300974654, 38.75726663020079],
                        [-9.16694953295441, 38.75724791709984],
                        [-9.165985494103829, 38.757256454205304],
                        [-9.165467067168219, 38.757252935691824],
                        [-9.164846053218666, 38.75732328377899],
                        [-9.164245025081527, 38.757343639062334],
                        [-9.161440076588391, 38.75796740756999],
                        [-9.15967695457518, 38.758462465945044],
                        [-9.155149723318074, 38.75973930228232],
                        [-9.151708794051414, 38.76070194339849],
                        [-9.15140584191698, 38.760788449708606],
                        [-9.149650179810862, 38.76140071175979],
                        [-9.148351740522473, 38.76176793744869],
                        [-9.14686408417428, 38.762098224142385],
                        [-9.147166293167945, 38.76304655344961],
                        [-9.146726316003436, 38.763919684278584],
                        [-9.146541121041956, 38.76439350945163],
                        [-9.146450650658739, 38.76478065327956],
                        [-9.146456428160784, 38.765188427215776],
                        [-9.146529674454225, 38.765520488270894],
                        [-9.14678703675361, 38.766269507388394],
                        [-9.14739726957682, 38.76773451358699],
                        [-9.147553523217775, 38.7681195137561],
                        [-9.147600734918385, 38.768548391496026],
                        [-9.147566615560654, 38.76904236838446],
                        [-9.14732963018363, 38.76973128819282],
                        [-9.146906974016032, 38.770861841225496],
                        [-9.146643321565575, 38.77160465208734],
                        [-9.146416071026962, 38.772014449946624],
                        [-9.146283252405022, 38.77231610347291],
                        [-9.146001624429429, 38.77275856849874],
                        [-9.145718927437747, 38.77312591616664],
                        [-9.145233344038811, 38.77368820260012],
                        [-9.143654203100429, 38.775534771428845],
                        [-9.143127721730185, 38.77616803101272],
                        [-9.14180663454841, 38.77773186471561]
                    ]
                ],
                "type": "Polygon"
            },
            "properties": {
                "geo_point_2d": {
                    "lon": -9.163492216880949,
                    "lat": 38.76979076060007
                },
                "year": "2021",
                "dis_code": "11",
                "dis_name": "Lisboa",
                "con_code": "1106",
                "con_name": "Lisboa",
                "fre_code": "110618",
                "fre_name": "Lumiar",
                "fre_name_upper": "LUMIAR",
                "fre_name_lower": "lumiar",
                "fre_area_code": "PRT",
                "fre_type": "parish",
                "fre_name_long": "Lumiar"
            }
        },
        {
            "type": "Feature",
            "geometry": {
                "coordinates": [
                    [
                        [-9.131704354464725, 38.72331622579644],
                        [-9.131766856156277, 38.72357990652465],
                        [-9.130859844295085, 38.725033418326674],
                        [-9.130469299354507, 38.72567460048286],
                        [-9.130302984677114, 38.72615920088084],
                        [-9.1302253887781, 38.726441628222354],
                        [-9.130334775455028, 38.72681532912222],
                        [-9.130458789487731, 38.72718241852897],
                        [-9.130560392439635, 38.727558527613915],
                        [-9.13059207517092, 38.72780218871092],
                        [-9.13096563073347, 38.72778125429839],
                        [-9.131163661430614, 38.72816986502071],
                        [-9.13122876854714, 38.72820986439456],
                        [-9.131431724822885, 38.728236571917435],
                        [-9.131622962624334, 38.728203678603805],
                        [-9.131900371461674, 38.72819013543427],
                        [-9.132042276401437, 38.72820666664382],
                        [-9.132298922836613, 38.72832868736051],
                        [-9.132613811712492, 38.728569922363796],
                        [-9.132804535805155, 38.728533728322624],
                        [-9.132981569562201, 38.7287842211755],
                        [-9.133090874601976, 38.72912700585211],
                        [-9.132997893284514, 38.72940127562151],
                        [-9.132970497596999, 38.72964663299798],
                        [-9.132866860566956, 38.730213211760905],
                        [-9.133114540519658, 38.73007957569472],
                        [-9.132870626764005, 38.7305735816736],
                        [-9.131725949077673, 38.732990556059185],
                        [-9.131444883281775, 38.73366735761244],
                        [-9.131285035802478, 38.733824650584154],
                        [-9.131239721686374, 38.73473185375416],
                        [-9.13123303135019, 38.735085561377765],
                        [-9.131169856539337, 38.73678190635162],
                        [-9.131185489186347, 38.737218480223554],
                        [-9.136527733956232, 38.73689431789843],
                        [-9.136487300758892, 38.73639734478234],
                        [-9.136575583167726, 38.73613166677528],
                        [-9.136678620877303, 38.73603259566694],
                        [-9.137450378547333, 38.73562673104304],
                        [-9.138094096394752, 38.73539905669278],
                        [-9.138365764746517, 38.73534339064225],
                        [-9.139125585214275, 38.735292435362076],
                        [-9.14162184805133, 38.73521756034034],
                        [-9.143414222783647, 38.735157652596556],
                        [-9.145142398965627, 38.73513997595983],
                        [-9.144822690541154, 38.73374149496007],
                        [-9.146316528318287, 38.73133083974848],
                        [-9.148125229043266, 38.728352097207626],
                        [-9.147913070945227, 38.72807289289166],
                        [-9.147762668992943, 38.72802277161648],
                        [-9.147380087377192, 38.7280495129661],
                        [-9.147020565892154, 38.72803389626052],
                        [-9.146639150115078, 38.72816848343316],
                        [-9.145909506355572, 38.72827099939407],
                        [-9.145319099881343, 38.728367407708284],
                        [-9.145104509602602, 38.728458379473125],
                        [-9.144922459144384, 38.72824974598421],
                        [-9.144052268294004, 38.727304890829046],
                        [-9.143255363934834, 38.72641632452697],
                        [-9.142863333077987, 38.7259546927339],
                        [-9.143093506824322, 38.72582474129885],
                        [-9.14328605298047, 38.725844692932235],
                        [-9.143390036037948, 38.72588718796682],
                        [-9.14357017569627, 38.72572098883734],
                        [-9.143460561030412, 38.72554781682915],
                        [-9.143560478593795, 38.7253107669016],
                        [-9.143440247133762, 38.72507535216247],
                        [-9.143214220235267, 38.72497489036623],
                        [-9.142982539345697, 38.72501733999732],
                        [-9.14265437041112, 38.72483056502604],
                        [-9.142437633612822, 38.72455319066622],
                        [-9.142313079527666, 38.724322394338664],
                        [-9.14224335584431, 38.72411754737172],
                        [-9.141994984553538, 38.72414759745101],
                        [-9.141915312920695, 38.72353067368479],
                        [-9.142489544326695, 38.72324568935442],
                        [-9.142321604888267, 38.723134118349286],
                        [-9.141534454990719, 38.72265576117942],
                        [-9.141253135971535, 38.722455245442134],
                        [-9.141157135092296, 38.72245607506511],
                        [-9.140772876000293, 38.72234328255114],
                        [-9.141220488921777, 38.72185187767447],
                        [-9.14167992318406, 38.721129480988246],
                        [-9.14187897279656, 38.72062539068242],
                        [-9.141815408642666, 38.72060117288203],
                        [-9.14130928805516, 38.72029045659949],
                        [-9.1403285273534, 38.72026599738837],
                        [-9.140352110975906, 38.72019854948321],
                        [-9.140902338822745, 38.719653780759714],
                        [-9.140641122310656, 38.71913205103091],
                        [-9.140381594251416, 38.71865546081685],
                        [-9.140571777257875, 38.71860794404846],
                        [-9.140942335496439, 38.71805887077679],
                        [-9.141022316774343, 38.718023049627654],
                        [-9.14158523297604, 38.71790739110226],
                        [-9.141870626259958, 38.717812766605206],
                        [-9.141550339030632, 38.717388841664935],
                        [-9.141150447344126, 38.716898778108636],
                        [-9.140433569560393, 38.71616162993944],
                        [-9.140279786545785, 38.71615033749428],
                        [-9.140102530947285, 38.71602874458691],
                        [-9.13999154814414, 38.716111279468485],
                        [-9.139805660225006, 38.716184059648285],
                        [-9.1395062196769, 38.71593675348441],
                        [-9.139241857672463, 38.71559044434151],
                        [-9.13902029076498, 38.715417782543895],
                        [-9.138988456224432, 38.715336806197],
                        [-9.139023246942626, 38.71507205870382],
                        [-9.138422676908478, 38.715075585874565],
                        [-9.138393547235623, 38.71519338748919],
                        [-9.13818395670075, 38.71523644289668],
                        [-9.138045126240657, 38.715224497397415],
                        [-9.137897865061662, 38.7154063721543],
                        [-9.137746782803703, 38.71564625072136],
                        [-9.137509465901786, 38.71598631073536],
                        [-9.137348702498192, 38.71626283676299],
                        [-9.137165941391899, 38.71666178580393],
                        [-9.13713766470218, 38.716690029659695],
                        [-9.136886076444982, 38.71671832998561],
                        [-9.136209470119853, 38.717120334676146],
                        [-9.136642676297706, 38.71757238357672],
                        [-9.136722122689351, 38.717703395088705],
                        [-9.136710240379852, 38.71777447832578],
                        [-9.136417848504362, 38.7181519879978],
                        [-9.136383902025825, 38.71825668070005],
                        [-9.136433705031534, 38.71836461635326],
                        [-9.136607837255939, 38.71853264750599],
                        [-9.137034279179625, 38.7190647653787],
                        [-9.136718930678532, 38.720166049923485],
                        [-9.136014025248212, 38.72003962556029],
                        [-9.135552779529464, 38.719995853175774],
                        [-9.135576084185955, 38.71978771898461],
                        [-9.134991808174279, 38.71977457124138],
                        [-9.134951629128627, 38.72004116245942],
                        [-9.134684287831577, 38.71998384704489],
                        [-9.13466303173205, 38.7198207162224],
                        [-9.134573566024581, 38.719416942176906],
                        [-9.134361104712301, 38.71902377252477],
                        [-9.134285997829481, 38.718941190987834],
                        [-9.133860223260887, 38.718970511564635],
                        [-9.133620307048307, 38.71871196056634],
                        [-9.133377628386805, 38.71892899501792],
                        [-9.133399742106482, 38.7191879410553],
                        [-9.133384122975434, 38.71939471377218],
                        [-9.13331887993811, 38.719514717422676],
                        [-9.133014170925488, 38.71992592247579],
                        [-9.132846713908439, 38.72003815336293],
                        [-9.132077731937848, 38.720468105368944],
                        [-9.131930853907008, 38.72057205200522],
                        [-9.13179680842909, 38.72085424313244],
                        [-9.131576951049238, 38.72157945226622],
                        [-9.131447909033577, 38.7219732970673],
                        [-9.131458631191043, 38.72216507248952],
                        [-9.13150710071613, 38.72226014031115],
                        [-9.13166309553089, 38.7223975266716],
                        [-9.132385157470488, 38.722888578502406],
                        [-9.131704354464725, 38.72331622579644]
                    ]
                ],
                "type": "Polygon"
            },
            "properties": {
                "geo_point_2d": {
                    "lon": -9.137942123743004,
                    "lat": 38.72765350639412
                },
                "year": "2021",
                "dis_code": "11",
                "dis_name": "Lisboa",
                "con_code": "1106",
                "con_name": "Lisboa",
                "fre_code": "110656",
                "fre_name": "Arroios",
                "fre_name_upper": "ARROIOS",
                "fre_name_lower": "arroios",
                "fre_area_code": "PRT",
                "fre_type": "parish",
                "fre_name_long": "Arroios"
            }
        },
        {
            "type": "Feature",
            "geometry": {
                "coordinates": [
                    [
                        [-9.086332774854458, 38.796225316668334],
                        [-9.089955417741956, 38.79619585044157],
                        [-9.091656780461, 38.79620615424904],
                        [-9.092310350175785, 38.79617650658307],
                        [-9.092525842490382, 38.79620615291363],
                        [-9.092600134601804, 38.7962706854239],
                        [-9.092777676258835, 38.796269288599085],
                        [-9.093011706002784, 38.79631801251235],
                        [-9.093286842213882, 38.796337889396874],
                        [-9.093879562210656, 38.796468746505],
                        [-9.094470405214688, 38.79658319393118],
                        [-9.09485143476772, 38.796641972405205],
                        [-9.095073123962417, 38.796693839283826],
                        [-9.09551251118723, 38.79675425105028],
                        [-9.095938349267566, 38.79675969017133],
                        [-9.096295569401319, 38.79672923077629],
                        [-9.096842941417373, 38.79660377233445],
                        [-9.097048797717253, 38.79652121758475],
                        [-9.097544280440173, 38.79629633347984],
                        [-9.097924653339003, 38.796159765305816],
                        [-9.098178055806379, 38.79612150270187],
                        [-9.098559837809443, 38.796135942737166],
                        [-9.098652680132817, 38.79616910340031],
                        [-9.099397165539598, 38.79637019558674],
                        [-9.099501331214402, 38.795981963102626],
                        [-9.099692636980123, 38.79532422710866],
                        [-9.099971210681923, 38.79439970550341],
                        [-9.10035675766064, 38.7931459419529],
                        [-9.100735445481938, 38.791737580693315],
                        [-9.100937755575092, 38.790519882364784],
                        [-9.100985900330613, 38.79006199915766],
                        [-9.10102267255469, 38.789354958906145],
                        [-9.100987533461009, 38.788200691440636],
                        [-9.10095604430015, 38.787714173394654],
                        [-9.100880528868485, 38.78705272810459],
                        [-9.10032225831278, 38.783197084119514],
                        [-9.100081240833262, 38.78151056480833],
                        [-9.099780504140185, 38.77961234142371],
                        [-9.09952328423174, 38.77782786414383],
                        [-9.099442434029017, 38.77729115426778],
                        [-9.099255006612463, 38.7761126175512],
                        [-9.099125619286708, 38.77521760541092],
                        [-9.099444285401386, 38.77519806758613],
                        [-9.100762555763081, 38.775172394519196],
                        [-9.101066942281868, 38.775148791783124],
                        [-9.105067121286664, 38.77488728672824],
                        [-9.10497367582791, 38.774502525652174],
                        [-9.104828744018283, 38.77305097125198],
                        [-9.104595967985924, 38.7705187509495],
                        [-9.103838532861584, 38.763183010428],
                        [-9.103795306815599, 38.762838358489404],
                        [-9.10379059006105, 38.76266796127533],
                        [-9.103488934669947, 38.75978537770911],
                        [-9.103144488458767, 38.756266098573214],
                        [-9.10309670426464, 38.75574396070702],
                        [-9.1027123895595, 38.75565230141328],
                        [-9.10099070330541, 38.755141531913],
                        [-9.097123071678592, 38.7539776764856],
                        [-9.0946330729858, 38.75323508127323],
                        [-9.090709753679286, 38.75242016374083],
                        [-9.09001124922702, 38.75457758726771],
                        [-9.089835564317976, 38.75854984456392],
                        [-9.089906101037782, 38.76096758747415],
                        [-9.089847404046925, 38.76228176519807],
                        [-9.090015675555108, 38.76631091808881],
                        [-9.089422751966568, 38.77330212028542],
                        [-9.088979945872929, 38.774410372215236],
                        [-9.088772508510434, 38.776323699908744],
                        [-9.08843151143103, 38.779515242198116],
                        [-9.08812188688545, 38.7829810801718],
                        [-9.087693143433658, 38.78895573925136],
                        [-9.0871359067893, 38.79294109034932],
                        [-9.086332774854458, 38.796225316668334]
                    ]
                ],
                "type": "Polygon"
            },
            "properties": {
                "geo_point_2d": {
                    "lon": -9.095480321827742,
                    "lat": 38.774801934587074
                },
                "year": "2021",
                "dis_code": "11",
                "dis_name": "Lisboa",
                "con_code": "1106",
                "con_name": "Lisboa",
                "fre_code": "110662",
                "fre_name": "Parque das Na\u00e7\u00f5es",
                "fre_name_upper": "PARQUE DAS NA\u00c7\u00d5ES",
                "fre_name_lower": "parque das na\u00e7\u00f5es",
                "fre_area_code": "PRT",
                "fre_type": "parish",
                "fre_name_long": "Parque das Na\u00e7\u00f5es"
            }
        },
        {
            "type": "Feature",
            "geometry": {
                "coordinates": [
                    [
                        [-9.193382838957326, 38.70058268454742],
                        [-9.193682299553176, 38.70042062475499],
                        [-9.193961107611354, 38.70071017854945],
                        [-9.194289908457295, 38.701102575741075],
                        [-9.19626555161162, 38.700557742772276],
                        [-9.196750331117835, 38.70158274003487],
                        [-9.196902468243893, 38.70187311732856],
                        [-9.198276677505108, 38.70195516840459],
                        [-9.198511198473005, 38.701979601316935],
                        [-9.199145625190678, 38.70220404998643],
                        [-9.199607670237034, 38.702356400409464],
                        [-9.199612709199057, 38.70229112306325],
                        [-9.199829970902023, 38.70086032451351],
                        [-9.200463184147749, 38.700997665662705],
                        [-9.201005956218216, 38.70115799508428],
                        [-9.201111155288915, 38.701251794318694],
                        [-9.201840432367602, 38.70146175828256],
                        [-9.202543737872455, 38.70167195611717],
                        [-9.202453634295622, 38.7019930900791],
                        [-9.20247381615254, 38.702193878230986],
                        [-9.202431165676158, 38.702733116196676],
                        [-9.202407783965137, 38.703708695440234],
                        [-9.202315650446133, 38.70539275916246],
                        [-9.202293283247485, 38.70574289573641],
                        [-9.202340545998794, 38.70601323715776],
                        [-9.20247480589548, 38.7068989160641],
                        [-9.202567440694182, 38.70755297801148],
                        [-9.204384644924664, 38.70706066030587],
                        [-9.204759487505378, 38.70783432320273],
                        [-9.204835026726553, 38.70813359514805],
                        [-9.204817878741547, 38.7082641797949],
                        [-9.204724931040282, 38.70842951520954],
                        [-9.204604670799881, 38.70855186404718],
                        [-9.205352929657577, 38.710363298234725],
                        [-9.205798142894842, 38.71038272751583],
                        [-9.206347701857174, 38.71039035995137],
                        [-9.206749949689549, 38.71064394096931],
                        [-9.207452807297312, 38.71104732912395],
                        [-9.207532524859959, 38.711119378200536],
                        [-9.207496847764514, 38.7113085997854],
                        [-9.207870304926294, 38.71142649675866],
                        [-9.208146074481144, 38.71146233121642],
                        [-9.20874723034686, 38.711454000591445],
                        [-9.209210540226925, 38.71146108073328],
                        [-9.209672969138113, 38.71149365846146],
                        [-9.210084302938302, 38.711507610199476],
                        [-9.21004724588002, 38.71161982812548],
                        [-9.209934337973355, 38.71211647809807],
                        [-9.209920950668932, 38.712365577404064],
                        [-9.209830508945924, 38.71277222107923],
                        [-9.209531963712596, 38.713134380537774],
                        [-9.20920633808954, 38.713487231160165],
                        [-9.208999307164044, 38.713372924509784],
                        [-9.2088667350001, 38.71347172552322],
                        [-9.20872778547498, 38.7136345353632],
                        [-9.208483020646279, 38.71351604850748],
                        [-9.20838650610486, 38.713621986619785],
                        [-9.20781720799382, 38.713321143561636],
                        [-9.207599235170534, 38.71322991941899],
                        [-9.207528296738165, 38.713260478309245],
                        [-9.207121944025925, 38.713625880608895],
                        [-9.206970524505229, 38.71369438177633],
                        [-9.206865791799231, 38.713848207779776],
                        [-9.207149201034671, 38.71397278092505],
                        [-9.206528684269815, 38.71486100009616],
                        [-9.20625064003354, 38.7147433041662],
                        [-9.205908027337626, 38.71525763477032],
                        [-9.205830934832669, 38.715330404921275],
                        [-9.205636948762175, 38.71542857132659],
                        [-9.206637656871878, 38.71629402767803],
                        [-9.206837560488559, 38.71648324465601],
                        [-9.207218243652704, 38.71687437325541],
                        [-9.207904388617923, 38.71754661359485],
                        [-9.208455878955018, 38.71812505840914],
                        [-9.208932332029637, 38.718721216771414],
                        [-9.209260145675918, 38.71927289874089],
                        [-9.20943117404455, 38.719641447300916],
                        [-9.211349455958102, 38.719067152220745],
                        [-9.215786963613349, 38.717749676832604],
                        [-9.216503646556262, 38.717546207348164],
                        [-9.218153903513347, 38.717150660535154],
                        [-9.218387357882735, 38.71710092953279],
                        [-9.219884413717333, 38.71686303392564],
                        [-9.220537103186212, 38.71607292201766],
                        [-9.220998459068499, 38.71554022937228],
                        [-9.221541265674464, 38.71487462807152],
                        [-9.221781685015046, 38.71461044438411],
                        [-9.222284005752796, 38.714005572707734],
                        [-9.222517855868896, 38.7136121844325],
                        [-9.222617757399357, 38.713293905581125],
                        [-9.222679085682035, 38.713001844921166],
                        [-9.222883576450634, 38.71219770450384],
                        [-9.223109835215256, 38.711207166843664],
                        [-9.223246146039877, 38.710743348721145],
                        [-9.223317096571417, 38.710298510490574],
                        [-9.223330988726198, 38.71007777800255],
                        [-9.223304222542053, 38.709859952234964],
                        [-9.2231479588132, 38.708928116508666],
                        [-9.223076724267221, 38.70868142612305],
                        [-9.223013259557629, 38.70854483009087],
                        [-9.222577013791843, 38.7077833272937],
                        [-9.222436587850806, 38.70750692923517],
                        [-9.222198681309992, 38.707079655932056],
                        [-9.222133947467812, 38.70686677382294],
                        [-9.222151252018856, 38.70675762308947],
                        [-9.222243585174985, 38.70656957633615],
                        [-9.222462125472456, 38.70640341557882],
                        [-9.22336908069155, 38.705960059346154],
                        [-9.223905091409863, 38.705685359520864],
                        [-9.224140210353914, 38.705551199884624],
                        [-9.22529918025639, 38.70483920210627],
                        [-9.225690842320878, 38.70460583998453],
                        [-9.225942239120352, 38.70437856182434],
                        [-9.226069615258288, 38.704190279983024],
                        [-9.226118163475864, 38.70401192203459],
                        [-9.226205171927381, 38.703483069389485],
                        [-9.226338615928942, 38.70283325923415],
                        [-9.226380115247283, 38.70257687348759],
                        [-9.22658121173875, 38.70155458534132],
                        [-9.226986587649245, 38.69936514139975],
                        [-9.227059352628588, 38.699146649786755],
                        [-9.2271335281138, 38.69902083756517],
                        [-9.227432073950638, 38.69872880156599],
                        [-9.227447073487545, 38.69856679360885],
                        [-9.227346482140184, 38.69840019069072],
                        [-9.227164413929623, 38.698265156038204],
                        [-9.227248302514889, 38.6979996337624],
                        [-9.226903602868758, 38.69783549367643],
                        [-9.226407151458407, 38.69757891869979],
                        [-9.226791217899638, 38.697241944306064],
                        [-9.227237891924702, 38.696808151870634],
                        [-9.22744508739504, 38.696914782819285],
                        [-9.227913490047605, 38.697110817508296],
                        [-9.228389878793903, 38.697280287888006],
                        [-9.228684502697558, 38.697367484687675],
                        [-9.229835564339494, 38.69532752703341],
                        [-9.229607977944758, 38.695199580735874],
                        [-9.230030450381197, 38.69474788527497],
                        [-9.230448312504643, 38.6940748462504],
                        [-9.237942948162214, 38.68258375358084],
                        [-9.229600448256926, 38.680032649910295],
                        [-9.221754266935562, 38.680601496672736],
                        [-9.207784202877475, 38.68146513982397],
                        [-9.20260888006329, 38.684060346395015],
                        [-9.195774218009678, 38.68895284365791],
                        [-9.18916416700126, 38.69076439331394],
                        [-9.185936851212325, 38.69156614379785],
                        [-9.187532422647896, 38.6968286206982],
                        [-9.187669490601337, 38.69728561116824],
                        [-9.188074014960211, 38.69852206296121],
                        [-9.189242881469202, 38.698254772101194],
                        [-9.190333354862963, 38.69805042287837],
                        [-9.191180336300992, 38.697929701048196],
                        [-9.192530189362511, 38.69962056845597],
                        [-9.193382838957326, 38.70058268454742]
                    ]
                ],
                "type": "Polygon"
            },
            "properties": {
                "geo_point_2d": {
                    "lon": -9.213138324287947,
                    "lat": 38.696202808993654
                },
                "year": "2021",
                "dis_code": "11",
                "dis_name": "Lisboa",
                "con_code": "1106",
                "con_name": "Lisboa",
                "fre_code": "110658",
                "fre_name": "Bel\u00e9m",
                "fre_name_upper": "BEL\u00c9M",
                "fre_name_lower": "bel\u00e9m",
                "fre_area_code": "PRT",
                "fre_type": "parish",
                "fre_name_long": "Bel\u00e9m"
            }
        },
        {
            "type": "Feature",
            "geometry": {
                "coordinates": [
                    [
                        [-9.141150447344126, 38.716898778108636],
                        [-9.141550339030632, 38.717388841664935],
                        [-9.141870626259958, 38.717812766605206],
                        [-9.14158523297604, 38.71790739110226],
                        [-9.141022316774343, 38.718023049627654],
                        [-9.140942335496439, 38.71805887077679],
                        [-9.140571777257875, 38.71860794404846],
                        [-9.140381594251416, 38.71865546081685],
                        [-9.140641122310656, 38.71913205103091],
                        [-9.140902338822745, 38.719653780759714],
                        [-9.140352110975906, 38.72019854948321],
                        [-9.1403285273534, 38.72026599738837],
                        [-9.14130928805516, 38.72029045659949],
                        [-9.141815408642666, 38.72060117288203],
                        [-9.14187897279656, 38.72062539068242],
                        [-9.14167992318406, 38.721129480988246],
                        [-9.141220488921777, 38.72185187767447],
                        [-9.140772876000293, 38.72234328255114],
                        [-9.141157135092296, 38.72245607506511],
                        [-9.141253135971535, 38.722455245442134],
                        [-9.141534454990719, 38.72265576117942],
                        [-9.142321604888267, 38.723134118349286],
                        [-9.142489544326695, 38.72324568935442],
                        [-9.141915312920695, 38.72353067368479],
                        [-9.141994984553538, 38.72414759745101],
                        [-9.14224335584431, 38.72411754737172],
                        [-9.142313079527666, 38.724322394338664],
                        [-9.142437633612822, 38.72455319066622],
                        [-9.14265437041112, 38.72483056502604],
                        [-9.142982539345697, 38.72501733999732],
                        [-9.143214220235267, 38.72497489036623],
                        [-9.143440247133762, 38.72507535216247],
                        [-9.143560478593795, 38.7253107669016],
                        [-9.143460561030412, 38.72554781682915],
                        [-9.14357017569627, 38.72572098883734],
                        [-9.143390036037948, 38.72588718796682],
                        [-9.14328605298047, 38.725844692932235],
                        [-9.143093506824322, 38.72582474129885],
                        [-9.142863333077987, 38.7259546927339],
                        [-9.143255363934834, 38.72641632452697],
                        [-9.144052268294004, 38.727304890829046],
                        [-9.144922459144384, 38.72824974598421],
                        [-9.145104509602602, 38.728458379473125],
                        [-9.145319099881343, 38.728367407708284],
                        [-9.145909506355572, 38.72827099939407],
                        [-9.146639150115078, 38.72816848343316],
                        [-9.147020565892154, 38.72803389626052],
                        [-9.147380087377192, 38.7280495129661],
                        [-9.147762668992943, 38.72802277161648],
                        [-9.147913070945227, 38.72807289289166],
                        [-9.148125229043266, 38.728352097207626],
                        [-9.15002683390283, 38.72526100044192],
                        [-9.15352459119376, 38.72504706793136],
                        [-9.156374796684695, 38.72487078846045],
                        [-9.157475188447071, 38.72480249504777],
                        [-9.158845155526365, 38.72462471922998],
                        [-9.159862829602396, 38.724417560410636],
                        [-9.160635560386018, 38.72426586344599],
                        [-9.159637942306608, 38.72356933099754],
                        [-9.159443734614094, 38.72341727642958],
                        [-9.15863559577334, 38.722982997514464],
                        [-9.157833049002644, 38.722561093868755],
                        [-9.157124513571473, 38.7221674557131],
                        [-9.156617603094363, 38.72166458251332],
                        [-9.155646062479398, 38.7205986553446],
                        [-9.15551904136491, 38.72031105863484],
                        [-9.155495143321147, 38.720070670121025],
                        [-9.155643874622578, 38.719728511528395],
                        [-9.155604673001335, 38.71877844018227],
                        [-9.155573987633675, 38.7184257828122],
                        [-9.15515427442977, 38.71725357841339],
                        [-9.155068281045232, 38.716996348204404],
                        [-9.154836633774506, 38.71616001796699],
                        [-9.154718510514272, 38.715890907594435],
                        [-9.154455562004394, 38.71550371068754],
                        [-9.154069807288275, 38.715704357018396],
                        [-9.153546148755883, 38.71601475164109],
                        [-9.153188415228572, 38.71630225576721],
                        [-9.15304976543495, 38.71643227897549],
                        [-9.152646991426094, 38.716762601470585],
                        [-9.151934439861414, 38.715578238273466],
                        [-9.151628001336999, 38.71568983427799],
                        [-9.150760507993686, 38.715487252649794],
                        [-9.15004631991339, 38.71539143024212],
                        [-9.150140761556814, 38.71603582336484],
                        [-9.149879362936357, 38.716452643217984],
                        [-9.149418488182919, 38.717160263108575],
                        [-9.149117196400894, 38.71702893468709],
                        [-9.148377830691134, 38.71665938144669],
                        [-9.14778033717194, 38.71633989304132],
                        [-9.14743799043129, 38.716064839991446],
                        [-9.147169779327669, 38.715961148411665],
                        [-9.145651891493918, 38.71557987243333],
                        [-9.145096793394481, 38.715482173414955],
                        [-9.14421574085846, 38.715820859543165],
                        [-9.144113436126071, 38.7157035545282],
                        [-9.143706624926361, 38.715032850474216],
                        [-9.143435896331722, 38.715058713522204],
                        [-9.143141829056473, 38.71580501741503],
                        [-9.143005537705672, 38.71594005284318],
                        [-9.142633997955057, 38.716156842163144],
                        [-9.141779905015875, 38.71645472910281],
                        [-9.141150447344126, 38.716898778108636]
                    ]
                ],
                "type": "Polygon"
            },
            "properties": {
                "geo_point_2d": {
                    "lon": -9.14880930884895,
                    "lat": 38.72134043474685
                },
                "year": "2021",
                "dis_code": "11",
                "dis_name": "Lisboa",
                "con_code": "1106",
                "con_name": "Lisboa",
                "fre_code": "110666",
                "fre_name": "Santo Ant\u00f3nio",
                "fre_name_upper": "SANTO ANT\u00d3NIO",
                "fre_name_lower": "santo ant\u00f3nio",
                "fre_area_code": "PRT",
                "fre_type": "parish",
                "fre_name_long": "Santo Ant\u00f3nio"
            }
        },
        {
            "type": "Feature",
            "geometry": {
                "coordinates": [
                    [
                        [-9.134285997829481, 38.718941190987834],
                        [-9.134361104712301, 38.71902377252477],
                        [-9.134573566024581, 38.719416942176906],
                        [-9.13466303173205, 38.7198207162224],
                        [-9.134684287831577, 38.71998384704489],
                        [-9.134951629128627, 38.72004116245942],
                        [-9.134991808174279, 38.71977457124138],
                        [-9.135576084185955, 38.71978771898461],
                        [-9.135552779529464, 38.719995853175774],
                        [-9.136014025248212, 38.72003962556029],
                        [-9.136718930678532, 38.720166049923485],
                        [-9.137034279179625, 38.7190647653787],
                        [-9.136607837255939, 38.71853264750599],
                        [-9.136433705031534, 38.71836461635326],
                        [-9.136383902025825, 38.71825668070005],
                        [-9.136417848504362, 38.7181519879978],
                        [-9.136710240379852, 38.71777447832578],
                        [-9.136722122689351, 38.717703395088705],
                        [-9.136642676297706, 38.71757238357672],
                        [-9.136209470119853, 38.717120334676146],
                        [-9.136886076444982, 38.71671832998561],
                        [-9.13713766470218, 38.716690029659695],
                        [-9.137165941391899, 38.71666178580393],
                        [-9.137348702498192, 38.71626283676299],
                        [-9.137509465901786, 38.71598631073536],
                        [-9.137746782803703, 38.71564625072136],
                        [-9.137897865061662, 38.7154063721543],
                        [-9.138045126240657, 38.715224497397415],
                        [-9.13818395670075, 38.71523644289668],
                        [-9.138393547235623, 38.71519338748919],
                        [-9.138422676908478, 38.715075585874565],
                        [-9.139023246942626, 38.71507205870382],
                        [-9.138988456224432, 38.715336806197],
                        [-9.13902029076498, 38.715417782543895],
                        [-9.139241857672463, 38.71559044434151],
                        [-9.1395062196769, 38.71593675348441],
                        [-9.139805660225006, 38.716184059648285],
                        [-9.13999154814414, 38.716111279468485],
                        [-9.140102530947285, 38.71602874458691],
                        [-9.140279786545785, 38.71615033749428],
                        [-9.140433569560393, 38.71616162993944],
                        [-9.141150447344126, 38.716898778108636],
                        [-9.141779905015875, 38.71645472910281],
                        [-9.142633997955057, 38.716156842163144],
                        [-9.143005537705672, 38.71594005284318],
                        [-9.143141829056473, 38.71580501741503],
                        [-9.143435896331722, 38.715058713522204],
                        [-9.143256685421964, 38.71489918665967],
                        [-9.14237882033749, 38.714088239568376],
                        [-9.142063808769844, 38.713860452956716],
                        [-9.141781046077647, 38.71393063573168],
                        [-9.141643164169693, 38.713487470589136],
                        [-9.1419772581276, 38.713494672476465],
                        [-9.142094483921602, 38.71340988660445],
                        [-9.142765328191718, 38.713049987948104],
                        [-9.143284991458698, 38.71296811412468],
                        [-9.14307533516984, 38.71235181127641],
                        [-9.142958387987708, 38.711966746898156],
                        [-9.14292004685337, 38.711538486232776],
                        [-9.142929719859563, 38.71087884939086],
                        [-9.142945521054267, 38.71056424920594],
                        [-9.14233581227028, 38.710512412738716],
                        [-9.142646137921034, 38.70794402765648],
                        [-9.1420280798088, 38.707958919078706],
                        [-9.141588105981405, 38.70798253852621],
                        [-9.141264091476543, 38.7079871389087],
                        [-9.141230974629785, 38.70753712326596],
                        [-9.140839551488654, 38.7076449045187],
                        [-9.140736461563236, 38.70738270472406],
                        [-9.141061133964827, 38.70730528660156],
                        [-9.14196882506433, 38.707065313691665],
                        [-9.141685588148711, 38.706233995168915],
                        [-9.138552349453922, 38.696628391796104],
                        [-9.13575865464793, 38.69765769728027],
                        [-9.133615933413468, 38.69942756919963],
                        [-9.13011646454985, 38.701049919375116],
                        [-9.127635624383847, 38.702875715644105],
                        [-9.115848005457794, 38.707699451629075],
                        [-9.122171847704868, 38.71280519100874],
                        [-9.122803647829208, 38.71318248934326],
                        [-9.122988671023865, 38.71326820592177],
                        [-9.123633843421336, 38.71371402487153],
                        [-9.12362458705236, 38.71318588366415],
                        [-9.124360375245166, 38.71364930606828],
                        [-9.12467766178847, 38.713422496339035],
                        [-9.124898207907536, 38.71365725865811],
                        [-9.125001460279032, 38.71355819573061],
                        [-9.125206451689838, 38.71341683220472],
                        [-9.125445029277419, 38.71329319815443],
                        [-9.12584278737034, 38.7130411989473],
                        [-9.125969201635165, 38.713120293990755],
                        [-9.126033603958222, 38.713038675072895],
                        [-9.1261436988209, 38.71310169430308],
                        [-9.12628654651586, 38.713039225413844],
                        [-9.126761576771917, 38.71323605717877],
                        [-9.12700633240377, 38.713491778299876],
                        [-9.127210549425518, 38.713734061504006],
                        [-9.127501580819454, 38.71360421130558],
                        [-9.127888363011822, 38.713473004349595],
                        [-9.12823913299758, 38.71399390952848],
                        [-9.128591899827132, 38.713739763551665],
                        [-9.12881930725064, 38.71308565624436],
                        [-9.129021468115159, 38.71282405473765],
                        [-9.129331453802592, 38.7128506849701],
                        [-9.130226905908723, 38.71326820891768],
                        [-9.130434401477599, 38.7131919410994],
                        [-9.130594510373621, 38.7130152806566],
                        [-9.130573134534247, 38.71323885794357],
                        [-9.130673049641217, 38.714015470595236],
                        [-9.130808964353946, 38.71430571171112],
                        [-9.130958828884513, 38.7144995410101],
                        [-9.131051658341066, 38.71446983154525],
                        [-9.131203321290942, 38.714487271518955],
                        [-9.131227254238222, 38.71456291276341],
                        [-9.131401510682725, 38.7148239104749],
                        [-9.131756723330456, 38.71520757849865],
                        [-9.131982790369488, 38.715423994064565],
                        [-9.132256934195993, 38.715616757061895],
                        [-9.1323564239685, 38.71582551769416],
                        [-9.132481549095084, 38.716470667931695],
                        [-9.132503811484321, 38.716681890996504],
                        [-9.132553461327987, 38.71688648432449],
                        [-9.132633631712814, 38.71703712877771],
                        [-9.132904761342985, 38.717285224369505],
                        [-9.133385229244249, 38.71761295613728],
                        [-9.133671024179396, 38.71784056660517],
                        [-9.134039860518387, 38.71816051509422],
                        [-9.13410839753275, 38.71827639846232],
                        [-9.134216062747571, 38.7185346298468],
                        [-9.134285997829481, 38.718941190987834]
                    ]
                ],
                "type": "Polygon"
            },
            "properties": {
                "geo_point_2d": {
                    "lon": -9.13240535671261,
                    "lat": 38.708306978846615
                },
                "year": "2021",
                "dis_code": "11",
                "dis_name": "Lisboa",
                "con_code": "1106",
                "con_name": "Lisboa",
                "fre_code": "110665",
                "fre_name": "Santa Maria Maior",
                "fre_name_upper": "SANTA MARIA MAIOR",
                "fre_name_lower": "santa maria maior",
                "fre_area_code": "PRT",
                "fre_type": "parish",
                "fre_name_long": "Santa Maria Maior"
            }
        },
        {
            "type": "Feature",
            "geometry": {
                "coordinates": [
                    [
                        [-9.157724728166757, 38.7388573061538],
                        [-9.159805562741807, 38.737981045898145],
                        [-9.160227677512458, 38.73790995354687],
                        [-9.163707649968572, 38.73856440586356],
                        [-9.165917751584574, 38.73896598132911],
                        [-9.166425530623354, 38.739213073515806],
                        [-9.16666667986452, 38.73938613939474],
                        [-9.167036359776748, 38.73967481578711],
                        [-9.16743978467628, 38.74024319276748],
                        [-9.168437790122049, 38.74155122218215],
                        [-9.16854222060951, 38.741670188673616],
                        [-9.1697884724861, 38.74095895120687],
                        [-9.169919536252461, 38.74087581569022],
                        [-9.17038823396511, 38.74051944674465],
                        [-9.17064799380482, 38.74026942421469],
                        [-9.170749455150299, 38.7402072694327],
                        [-9.171019876192098, 38.739820232402906],
                        [-9.171205510627361, 38.73945556834537],
                        [-9.171291852304742, 38.73922330024802],
                        [-9.171679798307173, 38.73916850487407],
                        [-9.17192152822485, 38.73918256736501],
                        [-9.172312690531424, 38.73927006324231],
                        [-9.172747200512834, 38.739439533573275],
                        [-9.173864930025468, 38.73886087948417],
                        [-9.174271282339856, 38.736544861052764],
                        [-9.17448607162367, 38.73439810014395],
                        [-9.174302362114709, 38.73429694816577],
                        [-9.174185965116093, 38.73414181598073],
                        [-9.174134668842402, 38.73387969614288],
                        [-9.174260150783416, 38.73367139380536],
                        [-9.174478353199072, 38.73344340475505],
                        [-9.174625232973156, 38.73326089901001],
                        [-9.174960329797456, 38.73293534850836],
                        [-9.175149671027258, 38.73280429746055],
                        [-9.175330780505028, 38.732716115742484],
                        [-9.17560462841606, 38.73263115845999],
                        [-9.176090175038643, 38.732568630370764],
                        [-9.176212980479635, 38.73256753280802],
                        [-9.177124784151232, 38.732722240283415],
                        [-9.177627443579587, 38.73281629745574],
                        [-9.177988331183517, 38.7328403515626],
                        [-9.178248132845592, 38.73280965075297],
                        [-9.179264941603437, 38.73249179823632],
                        [-9.179950476226914, 38.73225680982195],
                        [-9.180150470837265, 38.732015885806184],
                        [-9.18000813476839, 38.731638358527746],
                        [-9.17941172350345, 38.73111756303658],
                        [-9.178316181304972, 38.73008923161317],
                        [-9.176010552482795, 38.728033382336776],
                        [-9.175614123354096, 38.72779335334681],
                        [-9.17494146622736, 38.72769683984783],
                        [-9.174285981256288, 38.72734518078116],
                        [-9.174163772233745, 38.72720475857386],
                        [-9.173892961661377, 38.726769395695605],
                        [-9.173853346540655, 38.726637270849004],
                        [-9.173858266012834, 38.726518387399224],
                        [-9.174052327439181, 38.72606437544416],
                        [-9.174237947223371, 38.72576304031683],
                        [-9.174462236714371, 38.72542691351066],
                        [-9.174693657745104, 38.72521201163484],
                        [-9.174813098705195, 38.725154377180026],
                        [-9.175349364234455, 38.72496943408842],
                        [-9.177225799780858, 38.72448299721971],
                        [-9.177979329274587, 38.72418404107261],
                        [-9.178130512906073, 38.72403253156474],
                        [-9.178122185908602, 38.72375903668003],
                        [-9.174915209596088, 38.722997780112344],
                        [-9.172651969459679, 38.72245986700999],
                        [-9.17214209990894, 38.72235514252194],
                        [-9.171677582263705, 38.72230117573965],
                        [-9.171235486549188, 38.72230276663937],
                        [-9.170840073261239, 38.72233149743175],
                        [-9.169012292449692, 38.72265571782033],
                        [-9.166098014866934, 38.72322444637483],
                        [-9.162974836168635, 38.72380656665923],
                        [-9.160635560386018, 38.72426586344599],
                        [-9.159862829602396, 38.724417560410636],
                        [-9.158845155526365, 38.72462471922998],
                        [-9.157475188447071, 38.72480249504777],
                        [-9.156374796684695, 38.72487078846045],
                        [-9.157024448218467, 38.72528638533901],
                        [-9.159571085173475, 38.72794662968739],
                        [-9.160008277872679, 38.72840542812099],
                        [-9.157279404672966, 38.73033770425887],
                        [-9.155475141533806, 38.731622362018285],
                        [-9.157203970852065, 38.732967381470715],
                        [-9.158455403669711, 38.733899850226926],
                        [-9.159123631580016, 38.73362534957628],
                        [-9.159243359186698, 38.733822924393436],
                        [-9.159068773323034, 38.734303986846406],
                        [-9.158773583056432, 38.7343031560871],
                        [-9.158528744912694, 38.734459440954645],
                        [-9.158472561219737, 38.73465859554477],
                        [-9.158265135138892, 38.73461657813556],
                        [-9.157834606501991, 38.735769121838196],
                        [-9.157652269273344, 38.73613517752362],
                        [-9.157904091466383, 38.73625268076109],
                        [-9.157631551979497, 38.73661971270834],
                        [-9.157736332520129, 38.73667310530187],
                        [-9.157456347065615, 38.73710936702015],
                        [-9.15642032104812, 38.73745726315393],
                        [-9.157724728166757, 38.7388573061538]
                    ]
                ],
                "type": "Polygon"
            },
            "properties": {
                "geo_point_2d": {
                    "lon": -9.16727131120104,
                    "lat": 38.7311537660133
                },
                "year": "2021",
                "dis_code": "11",
                "dis_name": "Lisboa",
                "con_code": "1106",
                "con_name": "Lisboa",
                "fre_code": "110610",
                "fre_name": "Campolide",
                "fre_name_upper": "CAMPOLIDE",
                "fre_name_lower": "campolide",
                "fre_area_code": "PRT",
                "fre_type": "parish",
                "fre_name_long": "Campolide"
            }
        },
        {
            "type": "Feature",
            "geometry": {
                "coordinates": [
                    [
                        [-9.143435896331722, 38.715058713522204],
                        [-9.143706624926361, 38.715032850474216],
                        [-9.144113436126071, 38.7157035545282],
                        [-9.14421574085846, 38.715820859543165],
                        [-9.145096793394481, 38.715482173414955],
                        [-9.145651891493918, 38.71557987243333],
                        [-9.147169779327669, 38.715961148411665],
                        [-9.14743799043129, 38.716064839991446],
                        [-9.14778033717194, 38.71633989304132],
                        [-9.148377830691134, 38.71665938144669],
                        [-9.149117196400894, 38.71702893468709],
                        [-9.149418488182919, 38.717160263108575],
                        [-9.149879362936357, 38.716452643217984],
                        [-9.150140761556814, 38.71603582336484],
                        [-9.15004631991339, 38.71539143024212],
                        [-9.150760507993686, 38.715487252649794],
                        [-9.151628001336999, 38.71568983427799],
                        [-9.151934439861414, 38.715578238273466],
                        [-9.152646991426094, 38.716762601470585],
                        [-9.15304976543495, 38.71643227897549],
                        [-9.153188415228572, 38.71630225576721],
                        [-9.153546148755883, 38.71601475164109],
                        [-9.154069807288275, 38.715704357018396],
                        [-9.154455562004394, 38.71550371068754],
                        [-9.154230187601566, 38.71519617404361],
                        [-9.153531349420842, 38.71424106100582],
                        [-9.153409040507093, 38.714000360540865],
                        [-9.153255882283206, 38.71353095057527],
                        [-9.153083603199475, 38.71305071755927],
                        [-9.152805686707023, 38.71224054966447],
                        [-9.153002634397934, 38.71205515924391],
                        [-9.15355704194509, 38.71160496738503],
                        [-9.15385562727296, 38.71175116578415],
                        [-9.153719619064152, 38.71150896371172],
                        [-9.153631751279146, 38.71128066291256],
                        [-9.153096725205168, 38.709118416162276],
                        [-9.152846155151181, 38.70821721056455],
                        [-9.152712652068441, 38.70794992262696],
                        [-9.152438189291395, 38.70691940521864],
                        [-9.152440745189738, 38.70655664412736],
                        [-9.152343865286545, 38.70620321188019],
                        [-9.152016302797518, 38.70518944767089],
                        [-9.14950228675782, 38.69448770522203],
                        [-9.146549947087642, 38.69443293188123],
                        [-9.141216520076233, 38.695646799312975],
                        [-9.138552349453922, 38.696628391796104],
                        [-9.141685588148711, 38.706233995168915],
                        [-9.14196882506433, 38.707065313691665],
                        [-9.141061133964827, 38.70730528660156],
                        [-9.140736461563236, 38.70738270472406],
                        [-9.140839551488654, 38.7076449045187],
                        [-9.141230974629785, 38.70753712326596],
                        [-9.141264091476543, 38.7079871389087],
                        [-9.141588105981405, 38.70798253852621],
                        [-9.1420280798088, 38.707958919078706],
                        [-9.142646137921034, 38.70794402765648],
                        [-9.14233581227028, 38.710512412738716],
                        [-9.142945521054267, 38.71056424920594],
                        [-9.142929719859563, 38.71087884939086],
                        [-9.14292004685337, 38.711538486232776],
                        [-9.142958387987708, 38.711966746898156],
                        [-9.14307533516984, 38.71235181127641],
                        [-9.143284991458698, 38.71296811412468],
                        [-9.142765328191718, 38.713049987948104],
                        [-9.142094483921602, 38.71340988660445],
                        [-9.1419772581276, 38.713494672476465],
                        [-9.141643164169693, 38.713487470589136],
                        [-9.141781046077647, 38.71393063573168],
                        [-9.142063808769844, 38.713860452956716],
                        [-9.14237882033749, 38.714088239568376],
                        [-9.143256685421964, 38.71489918665967],
                        [-9.143435896331722, 38.715058713522204]
                    ]
                ],
                "type": "Polygon"
            },
            "properties": {
                "geo_point_2d": {
                    "lon": -9.146675183048947,
                    "lat": 38.705441152544125
                },
                "year": "2021",
                "dis_code": "11",
                "dis_name": "Lisboa",
                "con_code": "1106",
                "con_name": "Lisboa",
                "fre_code": "110661",
                "fre_name": "Miseric\u00f3rdia",
                "fre_name_upper": "MISERIC\u00d3RDIA",
                "fre_name_lower": "miseric\u00f3rdia",
                "fre_area_code": "PRT",
                "fre_type": "parish",
                "fre_name_long": "Miseric\u00f3rdia"
            }
        },
        {
            "type": "Feature",
            "geometry": {
                "coordinates": [
                    [
                        [-9.10902572880157, 38.71453987492999],
                        [-9.115488280267082, 38.71885950682867],
                        [-9.117188937398577, 38.71993810137627],
                        [-9.119206420993896, 38.7211250598061],
                        [-9.121100934276079, 38.72235346937107],
                        [-9.121276210891319, 38.72250619939917],
                        [-9.121526262543334, 38.72281980659041],
                        [-9.121664157051113, 38.72279665960428],
                        [-9.12234709065137, 38.72284041625757],
                        [-9.12393463273544, 38.7229014438917],
                        [-9.12646608722617, 38.723168536320735],
                        [-9.127456729135387, 38.72384982925728],
                        [-9.127576375590882, 38.72363046048521],
                        [-9.12775239081802, 38.72345438851838],
                        [-9.128118002726517, 38.723285348519354],
                        [-9.128295720835979, 38.723240234947625],
                        [-9.12867478732209, 38.72323700206239],
                        [-9.128751862192466, 38.72242870343788],
                        [-9.12910095525257, 38.72245328857732],
                        [-9.129151183581966, 38.72226162419247],
                        [-9.12935663290129, 38.721746964723394],
                        [-9.129663228385725, 38.721394934009744],
                        [-9.130021790670149, 38.72143096579846],
                        [-9.130121618774364, 38.721457316497464],
                        [-9.130464357257498, 38.721620312869824],
                        [-9.13061174614915, 38.721726155512215],
                        [-9.131704354464725, 38.72331622579644],
                        [-9.132385157470488, 38.722888578502406],
                        [-9.13166309553089, 38.7223975266716],
                        [-9.13150710071613, 38.72226014031115],
                        [-9.131458631191043, 38.72216507248952],
                        [-9.131447909033577, 38.7219732970673],
                        [-9.131576951049238, 38.72157945226622],
                        [-9.13179680842909, 38.72085424313244],
                        [-9.131930853907008, 38.72057205200522],
                        [-9.132077731937848, 38.720468105368944],
                        [-9.132846713908439, 38.72003815336293],
                        [-9.133014170925488, 38.71992592247579],
                        [-9.13331887993811, 38.719514717422676],
                        [-9.133384122975434, 38.71939471377218],
                        [-9.133399742106482, 38.7191879410553],
                        [-9.133377628386805, 38.71892899501792],
                        [-9.133620307048307, 38.71871196056634],
                        [-9.133860223260887, 38.718970511564635],
                        [-9.134285997829481, 38.718941190987834],
                        [-9.134216062747571, 38.7185346298468],
                        [-9.13410839753275, 38.71827639846232],
                        [-9.134039860518387, 38.71816051509422],
                        [-9.133671024179396, 38.71784056660517],
                        [-9.133385229244249, 38.71761295613728],
                        [-9.132904761342985, 38.717285224369505],
                        [-9.132633631712814, 38.71703712877771],
                        [-9.132553461327987, 38.71688648432449],
                        [-9.132503811484321, 38.716681890996504],
                        [-9.132481549095084, 38.716470667931695],
                        [-9.1323564239685, 38.71582551769416],
                        [-9.132256934195993, 38.715616757061895],
                        [-9.131982790369488, 38.715423994064565],
                        [-9.131756723330456, 38.71520757849865],
                        [-9.131401510682725, 38.7148239104749],
                        [-9.131227254238222, 38.71456291276341],
                        [-9.131203321290942, 38.714487271518955],
                        [-9.131051658341066, 38.71446983154525],
                        [-9.130958828884513, 38.7144995410101],
                        [-9.130808964353946, 38.71430571171112],
                        [-9.130673049641217, 38.714015470595236],
                        [-9.130573134534247, 38.71323885794357],
                        [-9.130594510373621, 38.7130152806566],
                        [-9.130434401477599, 38.7131919410994],
                        [-9.130226905908723, 38.71326820891768],
                        [-9.129331453802592, 38.7128506849701],
                        [-9.129021468115159, 38.71282405473765],
                        [-9.12881930725064, 38.71308565624436],
                        [-9.128591899827132, 38.713739763551665],
                        [-9.12823913299758, 38.71399390952848],
                        [-9.127888363011822, 38.713473004349595],
                        [-9.127501580819454, 38.71360421130558],
                        [-9.127210549425518, 38.713734061504006],
                        [-9.12700633240377, 38.713491778299876],
                        [-9.126761576771917, 38.71323605717877],
                        [-9.12628654651586, 38.713039225413844],
                        [-9.1261436988209, 38.71310169430308],
                        [-9.126033603958222, 38.713038675072895],
                        [-9.125969201635165, 38.713120293990755],
                        [-9.12584278737034, 38.7130411989473],
                        [-9.125445029277419, 38.71329319815443],
                        [-9.125206451689838, 38.71341683220472],
                        [-9.125001460279032, 38.71355819573061],
                        [-9.124898207907536, 38.71365725865811],
                        [-9.12467766178847, 38.713422496339035],
                        [-9.124360375245166, 38.71364930606828],
                        [-9.12362458705236, 38.71318588366415],
                        [-9.123633843421336, 38.71371402487153],
                        [-9.122988671023865, 38.71326820592177],
                        [-9.122803647829208, 38.71318248934326],
                        [-9.122171847704868, 38.71280519100874],
                        [-9.115848005457794, 38.707699451629075],
                        [-9.11363388063289, 38.7092573345365],
                        [-9.111364993866673, 38.71177100640069],
                        [-9.10902572880157, 38.71453987492999]
                    ]
                ],
                "type": "Polygon"
            },
            "properties": {
                "geo_point_2d": {
                    "lon": -9.121723112265686,
                    "lat": 38.716390567548764
                },
                "year": "2021",
                "dis_code": "11",
                "dis_name": "Lisboa",
                "con_code": "1106",
                "con_name": "Lisboa",
                "fre_code": "110667",
                "fre_name": "S\u00e3o Vicente",
                "fre_name_upper": "S\u00c3O VICENTE",
                "fre_name_lower": "s\u00e3o vicente",
                "fre_area_code": "PRT",
                "fre_type": "parish",
                "fre_name_long": "S\u00e3o Vicente"
            }
        },
        {
            "type": "Feature",
            "geometry": {
                "coordinates": [
                    [
                        [-9.145512858149077, 38.74500866794018],
                        [-9.1475237733179, 38.74463179351439],
                        [-9.147576665766755, 38.744931202701466],
                        [-9.14839379150619, 38.74825784282897],
                        [-9.149459652694008, 38.74811960456472],
                        [-9.151506713930448, 38.74782287717172],
                        [-9.153543645165696, 38.74749611626972],
                        [-9.155475295995016, 38.74720789447672],
                        [-9.156694630268303, 38.74695597785765],
                        [-9.157807535243126, 38.746659853308785],
                        [-9.15824838316652, 38.746505282201795],
                        [-9.159820222280544, 38.74598647814381],
                        [-9.161785756419023, 38.745227388383704],
                        [-9.162021806692454, 38.745126284980486],
                        [-9.1664810218913, 38.74321635705731],
                        [-9.162843412563008, 38.74113600835156],
                        [-9.162146958099955, 38.740813457469514],
                        [-9.161766921522563, 38.74079554940425],
                        [-9.160184630344363, 38.74080948571378],
                        [-9.158955547309358, 38.74087656337404],
                        [-9.15886629542126, 38.74073703064798],
                        [-9.157502431980284, 38.73895167132312],
                        [-9.157724728166757, 38.7388573061538],
                        [-9.15642032104812, 38.73745726315393],
                        [-9.157456347065615, 38.73710936702015],
                        [-9.157736332520129, 38.73667310530187],
                        [-9.157631551979497, 38.73661971270834],
                        [-9.157904091466383, 38.73625268076109],
                        [-9.157652269273344, 38.73613517752362],
                        [-9.157834606501991, 38.735769121838196],
                        [-9.158265135138892, 38.73461657813556],
                        [-9.158472561219737, 38.73465859554477],
                        [-9.158528744912694, 38.734459440954645],
                        [-9.158773583056432, 38.7343031560871],
                        [-9.159068773323034, 38.734303986846406],
                        [-9.159243359186698, 38.733822924393436],
                        [-9.159123631580016, 38.73362534957628],
                        [-9.158455403669711, 38.733899850226926],
                        [-9.157203970852065, 38.732967381470715],
                        [-9.155475141533806, 38.731622362018285],
                        [-9.157279404672966, 38.73033770425887],
                        [-9.160008277872679, 38.72840542812099],
                        [-9.159571085173475, 38.72794662968739],
                        [-9.157024448218467, 38.72528638533901],
                        [-9.156374796684695, 38.72487078846045],
                        [-9.15352459119376, 38.72504706793136],
                        [-9.15002683390283, 38.72526100044192],
                        [-9.148125229043266, 38.728352097207626],
                        [-9.146316528318287, 38.73133083974848],
                        [-9.144822690541154, 38.73374149496007],
                        [-9.145142398965627, 38.73513997595983],
                        [-9.143414222783647, 38.735157652596556],
                        [-9.14162184805133, 38.73521756034034],
                        [-9.142265887347511, 38.73824167745392],
                        [-9.142435901252703, 38.739030633139535],
                        [-9.141904611665344, 38.739186475666514],
                        [-9.14225539091783, 38.739911992802455],
                        [-9.143890019635986, 38.74238372489091],
                        [-9.144503970090907, 38.743497893626795],
                        [-9.145105727832032, 38.744562910434034],
                        [-9.145512858149077, 38.74500866794018]
                    ]
                ],
                "type": "Polygon"
            },
            "properties": {
                "geo_point_2d": {
                    "lon": -9.152329214560526,
                    "lat": 38.73746043081918
                },
                "year": "2021",
                "dis_code": "11",
                "dis_name": "Lisboa",
                "con_code": "1106",
                "con_name": "Lisboa",
                "fre_code": "110657",
                "fre_name": "Avenidas Novas",
                "fre_name_upper": "AVENIDAS NOVAS",
                "fre_name_lower": "avenidas novas",
                "fre_area_code": "PRT",
                "fre_type": "parish",
                "fre_name_long": "Avenidas Novas"
            }
        },
        {
            "type": "Feature",
            "geometry": {
                "coordinates": [
                    [
                        [-9.169697617942667, 38.757317848225505],
                        [-9.172186384569102, 38.75751426688939],
                        [-9.174824416310654, 38.7576403384156],
                        [-9.175197678907917, 38.75763700549139],
                        [-9.175840214674746, 38.757623068585744],
                        [-9.176503329601225, 38.757592820466016],
                        [-9.176865774613711, 38.75756525772485],
                        [-9.177455720151357, 38.75749513333098],
                        [-9.17824187463121, 38.75736639072527],
                        [-9.179048379480571, 38.7572212556909],
                        [-9.180236354445475, 38.75692668696531],
                        [-9.180690524714542, 38.756784602204995],
                        [-9.181247505351125, 38.756593050695336],
                        [-9.182494714044013, 38.75609506320101],
                        [-9.182885934996909, 38.75590499388633],
                        [-9.183595674279225, 38.755525425546395],
                        [-9.184438305572815, 38.75501483538067],
                        [-9.18519768257733, 38.754472431718135],
                        [-9.185935180003197, 38.75387375031796],
                        [-9.186404795242314, 38.75343885255788],
                        [-9.18696763943364, 38.752882767198614],
                        [-9.187352139436527, 38.752429630188395],
                        [-9.187813560862757, 38.75180311372119],
                        [-9.18815707155674, 38.751281972882275],
                        [-9.188500508823504, 38.75067048430453],
                        [-9.18883227193937, 38.74996975261743],
                        [-9.189312702909458, 38.748805279798106],
                        [-9.189580604073855, 38.74729399776048],
                        [-9.18973776078845, 38.746002642681],
                        [-9.18980326467516, 38.74552346824596],
                        [-9.189848784411625, 38.745093025618054],
                        [-9.189781229367687, 38.74403090276766],
                        [-9.190173839022274, 38.74394613751458],
                        [-9.190159128771938, 38.74391803645698],
                        [-9.189197144879483, 38.74125248008738],
                        [-9.188777453979649, 38.741356125588524],
                        [-9.188375042977913, 38.741373727645986],
                        [-9.18810659392164, 38.74136570541341],
                        [-9.187572658803713, 38.74126199620225],
                        [-9.187248647268744, 38.7411283565447],
                        [-9.186167499902497, 38.74061990066609],
                        [-9.185941637230895, 38.7404644785382],
                        [-9.185790980492774, 38.740262699140985],
                        [-9.185777686495332, 38.73996873331009],
                        [-9.18582861073814, 38.73977920141683],
                        [-9.18592482192325, 38.73963474931287],
                        [-9.186431892551699, 38.73913303579702],
                        [-9.186475441416281, 38.73905211342995],
                        [-9.186489157195746, 38.7387649123185],
                        [-9.186423487709437, 38.738579686208155],
                        [-9.186237606615437, 38.73839606200567],
                        [-9.185354563120553, 38.73796633951699],
                        [-9.18399415904478, 38.7373204002211],
                        [-9.182904082651143, 38.73680848064302],
                        [-9.18191526551397, 38.73648831705806],
                        [-9.181668675395075, 38.736438051472135],
                        [-9.181044172005398, 38.736258066112406],
                        [-9.179045380452783, 38.73569472494139],
                        [-9.177086815613594, 38.73513459235102],
                        [-9.17448607162367, 38.73439810014395],
                        [-9.174271282339856, 38.736544861052764],
                        [-9.173864930025468, 38.73886087948417],
                        [-9.172747200512834, 38.739439533573275],
                        [-9.172312690531424, 38.73927006324231],
                        [-9.17192152822485, 38.73918256736501],
                        [-9.171679798307173, 38.73916850487407],
                        [-9.171291852304742, 38.73922330024802],
                        [-9.171205510627361, 38.73945556834537],
                        [-9.171019876192098, 38.739820232402906],
                        [-9.170749455150299, 38.7402072694327],
                        [-9.17064799380482, 38.74026942421469],
                        [-9.17038823396511, 38.74051944674465],
                        [-9.169919536252461, 38.74087581569022],
                        [-9.1697884724861, 38.74095895120687],
                        [-9.16854222060951, 38.741670188673616],
                        [-9.168437790122049, 38.74155122218215],
                        [-9.16743978467628, 38.74024319276748],
                        [-9.167036359776748, 38.73967481578711],
                        [-9.16666667986452, 38.73938613939474],
                        [-9.166425530623354, 38.739213073515806],
                        [-9.165917751584574, 38.73896598132911],
                        [-9.163707649968572, 38.73856440586356],
                        [-9.160227677512458, 38.73790995354687],
                        [-9.159805562741807, 38.737981045898145],
                        [-9.157724728166757, 38.7388573061538],
                        [-9.157502431980284, 38.73895167132312],
                        [-9.15886629542126, 38.74073703064798],
                        [-9.158955547309358, 38.74087656337404],
                        [-9.160184630344363, 38.74080948571378],
                        [-9.161766921522563, 38.74079554940425],
                        [-9.162146958099955, 38.740813457469514],
                        [-9.162843412563008, 38.74113600835156],
                        [-9.1664810218913, 38.74321635705731],
                        [-9.162021806692454, 38.745126284980486],
                        [-9.165126040435478, 38.74991256022386],
                        [-9.165268788416826, 38.750079742354934],
                        [-9.165386784963337, 38.75036514533525],
                        [-9.165464884733177, 38.7507553912669],
                        [-9.165634211381176, 38.75096363809998],
                        [-9.1658552447071, 38.7511023387532],
                        [-9.166983268346119, 38.75218679333753],
                        [-9.167219332857734, 38.75236305429281],
                        [-9.16767901310576, 38.752649930592405],
                        [-9.16773646740253, 38.75272508675212],
                        [-9.168451726961505, 38.75342314867257],
                        [-9.169036463572546, 38.754018560592556],
                        [-9.169601351455201, 38.754564134142434],
                        [-9.169597805282502, 38.754716396676734],
                        [-9.169722665225171, 38.75602951781315],
                        [-9.169781422463476, 38.75706758959279],
                        [-9.169697617942667, 38.757317848225505]
                    ]
                ],
                "type": "Polygon"
            },
            "properties": {
                "geo_point_2d": {
                    "lon": -9.17637396376044,
                    "lat": 38.746446490445244
                },
                "year": "2021",
                "dis_code": "11",
                "dis_name": "Lisboa",
                "con_code": "1106",
                "con_name": "Lisboa",
                "fre_code": "110639",
                "fre_name": "S\u00e3o Domingos de Benfica",
                "fre_name_upper": "S\u00c3O DOMINGOS DE BENFICA",
                "fre_name_lower": "s\u00e3o domingos de benfica",
                "fre_area_code": "PRT",
                "fre_type": "parish",
                "fre_name_long": "S\u00e3o Domingos de Benfica"
            }
        },
        {
            "type": "Feature",
            "geometry": {
                "coordinates": [
                    [
                        [-9.13976890781712, 38.786799813672],
                        [-9.14022759357771, 38.7869438644198],
                        [-9.140365872131063, 38.78694780515744],
                        [-9.141148827379615, 38.787200916977895],
                        [-9.14139553071028, 38.78739317270098],
                        [-9.141743592016965, 38.78773011419843],
                        [-9.14168522592921, 38.78780240998329],
                        [-9.14177551877855, 38.78785567455007],
                        [-9.142339230638509, 38.78840180197057],
                        [-9.142524337928238, 38.788518562505864],
                        [-9.142784756299346, 38.78854081279003],
                        [-9.143122217626171, 38.78847618765884],
                        [-9.143977310835014, 38.78833529173615],
                        [-9.144896170925348, 38.78816248857068],
                        [-9.145091942501672, 38.78814646636019],
                        [-9.145295374387722, 38.788484384801286],
                        [-9.145453782711689, 38.78885322569228],
                        [-9.145517088681421, 38.78904868365023],
                        [-9.145641902366739, 38.78962904937524],
                        [-9.14574234128909, 38.790170713472655],
                        [-9.145848862395031, 38.79067854467162],
                        [-9.146003451675393, 38.79153248072978],
                        [-9.145987502425953, 38.791625582767566],
                        [-9.145609139026597, 38.791589952954354],
                        [-9.145409057698176, 38.79163564536315],
                        [-9.145394662820966, 38.79183853225608],
                        [-9.145501276662747, 38.7920522636917],
                        [-9.145540439797468, 38.79253365530381],
                        [-9.145585674516916, 38.79275304747445],
                        [-9.145698936851916, 38.7931272376847],
                        [-9.146025983405693, 38.793959322018424],
                        [-9.146102077318659, 38.79411449757474],
                        [-9.146156090693237, 38.794108621921865],
                        [-9.146485735630952, 38.79425411586958],
                        [-9.146928518542746, 38.79438340503779],
                        [-9.147513881209205, 38.794575135141244],
                        [-9.147964313629677, 38.79476452400235],
                        [-9.148162703185669, 38.79476135854491],
                        [-9.148319475563603, 38.79470459695673],
                        [-9.148615051132174, 38.79477714955196],
                        [-9.149339452842034, 38.795146282265364],
                        [-9.149452646961674, 38.79525483479145],
                        [-9.149669609330884, 38.79564306628072],
                        [-9.149887733400933, 38.79585374877178],
                        [-9.151405239779077, 38.79565829097308],
                        [-9.151436981608489, 38.79560819781857],
                        [-9.151450865509224, 38.7952979414389],
                        [-9.1517263778851, 38.79514979341186],
                        [-9.152261125103824, 38.79489020619979],
                        [-9.152328151847284, 38.79484431430962],
                        [-9.152380422352845, 38.79455462095135],
                        [-9.152433937524803, 38.7944493019644],
                        [-9.152796860131273, 38.79430489360755],
                        [-9.152910641560856, 38.79447054055031],
                        [-9.153726220402065, 38.79443611501513],
                        [-9.153852059642523, 38.79459156971183],
                        [-9.153928425262238, 38.79459567846649],
                        [-9.154443734144088, 38.794547030897206],
                        [-9.154563581881115, 38.79450058052127],
                        [-9.154815526125619, 38.794290388549555],
                        [-9.154997565983884, 38.79399712623808],
                        [-9.155067448161462, 38.793764654393335],
                        [-9.155155054033658, 38.79370173367688],
                        [-9.155730039332571, 38.79366552962161],
                        [-9.156377543637372, 38.79390360358684],
                        [-9.156485512048901, 38.79387158031907],
                        [-9.156891871446513, 38.79336124394661],
                        [-9.15722577962623, 38.79300809245981],
                        [-9.157354447552292, 38.79293517639101],
                        [-9.157860670594841, 38.792896141674625],
                        [-9.157982051404902, 38.792844811968486],
                        [-9.158142352006152, 38.792360772726894],
                        [-9.158264590591152, 38.79230520155558],
                        [-9.158407518513009, 38.792287189426695],
                        [-9.158487188110236, 38.792152363851564],
                        [-9.158414063398961, 38.79207761508669],
                        [-9.158542836885676, 38.79200415361734],
                        [-9.159139594113785, 38.79170570511038],
                        [-9.159257611367893, 38.79163657005359],
                        [-9.159661411250068, 38.79068603717468],
                        [-9.159775636062394, 38.790625314833115],
                        [-9.1600753774048, 38.79053160869319],
                        [-9.160153663704648, 38.79048488823723],
                        [-9.160684969617352, 38.79003072966375],
                        [-9.160793466856903, 38.79003607639155],
                        [-9.160865928471692, 38.78957658993076],
                        [-9.161467843818178, 38.78899101217296],
                        [-9.161768884184601, 38.788715963991926],
                        [-9.162404668781488, 38.78863712664996],
                        [-9.163118342100216, 38.788085235776],
                        [-9.163491112838205, 38.7881405843631],
                        [-9.163611409443524, 38.788134297204195],
                        [-9.163815455003613, 38.78798999379411],
                        [-9.163923457359157, 38.78787382996716],
                        [-9.163927213403175, 38.78775120206762],
                        [-9.163853605761435, 38.78747531484282],
                        [-9.164240426343733, 38.78721220633416],
                        [-9.165109434913875, 38.78659587719664],
                        [-9.165350445377177, 38.786605277407766],
                        [-9.165391361305185, 38.78656924340128],
                        [-9.165472984759651, 38.786212536315986],
                        [-9.165694258659569, 38.78610617935649],
                        [-9.165792558936973, 38.78609116575515],
                        [-9.165890379500615, 38.78625045926711],
                        [-9.166012328845127, 38.78630279469059],
                        [-9.166424939789145, 38.786232665740336],
                        [-9.166631343096116, 38.786252184205026],
                        [-9.167131672414566, 38.786366567478446],
                        [-9.16720400268056, 38.78633863026414],
                        [-9.167287691753767, 38.78603775450412],
                        [-9.168662299863762, 38.78594260453312],
                        [-9.168847723309014, 38.78576891012659],
                        [-9.169034025534119, 38.78576725682419],
                        [-9.169268572176028, 38.785566170509966],
                        [-9.169262195609397, 38.785542109666515],
                        [-9.168381193925702, 38.78504469820539],
                        [-9.16624463133479, 38.78331905126919],
                        [-9.165837191187734, 38.78307635345413],
                        [-9.165507022617794, 38.782925243517234],
                        [-9.165274838585292, 38.7828651446319],
                        [-9.164806629695263, 38.782877392709004],
                        [-9.164565506966914, 38.78291555603116],
                        [-9.16432199688748, 38.78302760274423],
                        [-9.163551654595413, 38.78355595554218],
                        [-9.163023394219948, 38.78395335692948],
                        [-9.162812933108084, 38.783963321410056],
                        [-9.162619936518773, 38.78390737582048],
                        [-9.162513822607007, 38.78381102855802],
                        [-9.162469283423135, 38.7835952362186],
                        [-9.162574248541755, 38.783451988741724],
                        [-9.162717059918526, 38.783379567295604],
                        [-9.163330516851872, 38.78314445502843],
                        [-9.163503681326132, 38.78302222227239],
                        [-9.163550308536756, 38.782903809305],
                        [-9.163521215311702, 38.782641942403714],
                        [-9.163439511033893, 38.78232288964043],
                        [-9.163143636620665, 38.78167604666015],
                        [-9.163082447201012, 38.781502737783555],
                        [-9.163012123319906, 38.78117457656139],
                        [-9.162975363430153, 38.78085963113534],
                        [-9.162993730319178, 38.78077659863451],
                        [-9.162955080406753, 38.780649930538225],
                        [-9.16295494150626, 38.78048058648895],
                        [-9.163003004849294, 38.780142373112376],
                        [-9.163038112906367, 38.780023161042884],
                        [-9.163253361483081, 38.779627623885744],
                        [-9.16346683715118, 38.77878982279018],
                        [-9.163488260785424, 38.77859957068083],
                        [-9.163215450012613, 38.77859387246883],
                        [-9.163052780947627, 38.77920423027485],
                        [-9.162956636880972, 38.77937293755607],
                        [-9.162699504685428, 38.779303929337196],
                        [-9.162174379176388, 38.77913073238048],
                        [-9.160740751913565, 38.778922409296236],
                        [-9.160528792168611, 38.77885427722553],
                        [-9.159947859946854, 38.77863440602658],
                        [-9.159985308184742, 38.778516057022316],
                        [-9.160065377663672, 38.7778415741007],
                        [-9.160063707630442, 38.77764522094807],
                        [-9.160025916893568, 38.77741765797894],
                        [-9.159979957355988, 38.777342397385084],
                        [-9.15969866834376, 38.77706653467035],
                        [-9.15961053582527, 38.776618725794215],
                        [-9.159607277236203, 38.77647192845122],
                        [-9.158068396040237, 38.77748981921574],
                        [-9.157510029609305, 38.7771506279044],
                        [-9.157259072642637, 38.77708764184859],
                        [-9.156156991144243, 38.77708593474352],
                        [-9.156118586481327, 38.77729705221146],
                        [-9.156205034731236, 38.777307103824675],
                        [-9.156170883915832, 38.777493863042444],
                        [-9.156112114251616, 38.7774880729948],
                        [-9.156083380438508, 38.77765136452305],
                        [-9.156098379401653, 38.77789534235481],
                        [-9.156064240928416, 38.77808300219614],
                        [-9.156005456769549, 38.77807631144628],
                        [-9.155975514028354, 38.77839634803771],
                        [-9.155919043719653, 38.778390537770676],
                        [-9.155861927441865, 38.778661270255114],
                        [-9.15561905833338, 38.77889850056562],
                        [-9.1555441390707, 38.77889015011528],
                        [-9.155499596493632, 38.778994129327785],
                        [-9.155407401038554, 38.77906519662205],
                        [-9.155254535784294, 38.77907824665909],
                        [-9.155035106491459, 38.779023420383474],
                        [-9.155007757099565, 38.77912274425979],
                        [-9.154808025419216, 38.77915782222514],
                        [-9.1547982235398, 38.779196641388594],
                        [-9.154470333168081, 38.77920856504481],
                        [-9.154249804986232, 38.77918310326267],
                        [-9.153995818348177, 38.77911455278877],
                        [-9.153086289028725, 38.77889937774318],
                        [-9.152954324183762, 38.778824622726],
                        [-9.152468416334687, 38.778346964834626],
                        [-9.151956026452694, 38.777907360339476],
                        [-9.151342021101339, 38.7777142083815],
                        [-9.150738934038884, 38.77759499219737],
                        [-9.150495670236209, 38.77752970958666],
                        [-9.147869499623015, 38.77687002924144],
                        [-9.147546499896654, 38.77767778861277],
                        [-9.146077091250605, 38.776960406112494],
                        [-9.144463063918868, 38.77626009589561],
                        [-9.143650157750788, 38.77817342124977],
                        [-9.14180663454841, 38.77773186471561],
                        [-9.140538307699574, 38.779229138348406],
                        [-9.139967645650865, 38.77989769215002],
                        [-9.139584997859753, 38.78045110775901],
                        [-9.139061022213731, 38.78126769701776],
                        [-9.13864956531108, 38.78215317108448],
                        [-9.138527746791945, 38.78300995184675],
                        [-9.138524453356968, 38.78356882502863],
                        [-9.138646563415715, 38.78431872001574],
                        [-9.138841566567786, 38.784873494951825],
                        [-9.139131098847793, 38.785359808145955],
                        [-9.139449149723994, 38.78612578996564],
                        [-9.13976890781712, 38.786799813672]
                    ]
                ],
                "type": "Polygon"
            },
            "properties": {
                "geo_point_2d": {
                    "lon": -9.152172392396517,
                    "lat": 38.78515837783099
                },
                "year": "2021",
                "dis_code": "11",
                "dis_name": "Lisboa",
                "con_code": "1106",
                "con_name": "Lisboa",
                "fre_code": "110664",
                "fre_name": "Santa Clara",
                "fre_name_upper": "SANTA CLARA",
                "fre_name_lower": "santa clara",
                "fre_area_code": "PRT",
                "fre_type": "parish",
                "fre_name_long": "Santa Clara"
            }
        },
        {
            "type": "Feature",
            "geometry": {
                "coordinates": [
                    [
                        [-9.187352139436527, 38.752429630188395],
                        [-9.18816652203993, 38.752864352119055],
                        [-9.18858158542537, 38.75310229202048],
                        [-9.189341775274855, 38.75350613976457],
                        [-9.190702510588242, 38.75424869096883],
                        [-9.191298167391153, 38.754544149102784],
                        [-9.191610226593317, 38.75472057308238],
                        [-9.192127885162785, 38.7551086137053],
                        [-9.192504250212309, 38.755354711559356],
                        [-9.19258270304529, 38.755447679676934],
                        [-9.193121989074212, 38.75574183959161],
                        [-9.193293210632673, 38.755806941531276],
                        [-9.19347545511482, 38.75583951425611],
                        [-9.193739888331425, 38.7558290042476],
                        [-9.19416788339582, 38.75575485328661],
                        [-9.194466863359636, 38.75574672943388],
                        [-9.194560326266107, 38.75576569689679],
                        [-9.194707540397198, 38.75591838947046],
                        [-9.194392673436292, 38.756561703929194],
                        [-9.194023016168796, 38.757234339794],
                        [-9.19370066558488, 38.75768405275396],
                        [-9.193853301327264, 38.75773671247873],
                        [-9.194516998641923, 38.758040543154905],
                        [-9.195283170904448, 38.75827227631857],
                        [-9.196059645979734, 38.758500307606596],
                        [-9.197355039176477, 38.75888754319326],
                        [-9.197639483280623, 38.75898403293906],
                        [-9.197887638892315, 38.759038517811256],
                        [-9.198059912240494, 38.75905482682901],
                        [-9.198164020745356, 38.75900459294502],
                        [-9.199903674718097, 38.75880134762241],
                        [-9.20002135980667, 38.75873911049991],
                        [-9.200151469071388, 38.75862315810509],
                        [-9.20232124637034, 38.75784936486681],
                        [-9.20285576270848, 38.75771313386173],
                        [-9.203913443100241, 38.757051096302725],
                        [-9.204020161561607, 38.75700985460352],
                        [-9.205920852441217, 38.7571781376582],
                        [-9.206185820486668, 38.75718002620023],
                        [-9.206344850806744, 38.7570524615052],
                        [-9.206448825497478, 38.756836129684174],
                        [-9.206602287110739, 38.75662888968919],
                        [-9.206930144636496, 38.756492359094445],
                        [-9.207067331718893, 38.75647931638905],
                        [-9.207236152825361, 38.75655216746667],
                        [-9.207418157345401, 38.75654517733638],
                        [-9.207937172291423, 38.75633556933824],
                        [-9.208043055564644, 38.75623910944334],
                        [-9.208075116155108, 38.75606028210592],
                        [-9.207913531259726, 38.75564228289266],
                        [-9.208026293314235, 38.755490633910675],
                        [-9.209002081264622, 38.754957213234746],
                        [-9.20906757115907, 38.75485239299161],
                        [-9.208765339827991, 38.75429129478307],
                        [-9.208765223616581, 38.75419932546027],
                        [-9.208927707143156, 38.754080457610804],
                        [-9.20898202834668, 38.75397492860631],
                        [-9.208702685627074, 38.75345207998484],
                        [-9.208687505276037, 38.75333755325871],
                        [-9.208808353640281, 38.75314259620104],
                        [-9.209859169988997, 38.751619428969114],
                        [-9.210270182885365, 38.75105373681098],
                        [-9.211416067411578, 38.75047756355839],
                        [-9.211235296812541, 38.750267370647414],
                        [-9.21089497096889, 38.74981183899034],
                        [-9.210290571257651, 38.749029691953865],
                        [-9.21011583783398, 38.748815388980034],
                        [-9.209121595913903, 38.74751780436416],
                        [-9.208667743261028, 38.74691504710712],
                        [-9.207537357467025, 38.745448279773576],
                        [-9.207338562892614, 38.74515456465175],
                        [-9.206955362257284, 38.74463663324173],
                        [-9.205803075407013, 38.74313852030151],
                        [-9.205636896922485, 38.74289449428905],
                        [-9.205624420470176, 38.74283696062106],
                        [-9.20547790703267, 38.74144805274482],
                        [-9.205354833734777, 38.740356140168416],
                        [-9.205237090094817, 38.73930632950908],
                        [-9.205090345750289, 38.73789319136213],
                        [-9.205094344031137, 38.73770597775484],
                        [-9.2099141427073, 38.73009403052606],
                        [-9.207954877479395, 38.724164069583296],
                        [-9.208167872884461, 38.723866933432944],
                        [-9.21038115182077, 38.72254073158109],
                        [-9.211211212218306, 38.721993185388605],
                        [-9.214432296898474, 38.72075978281421],
                        [-9.215744310394149, 38.72004177734937],
                        [-9.218760590283791, 38.71822627277817],
                        [-9.219235720819325, 38.717667068974364],
                        [-9.219884413717333, 38.71686303392564],
                        [-9.218387357882735, 38.71710092953279],
                        [-9.218153903513347, 38.717150660535154],
                        [-9.216503646556262, 38.717546207348164],
                        [-9.215786963613349, 38.717749676832604],
                        [-9.211349455958102, 38.719067152220745],
                        [-9.20943117404455, 38.719641447300916],
                        [-9.207412403792059, 38.720230506535046],
                        [-9.20475332388983, 38.72102889832556],
                        [-9.203734479034868, 38.721330189939756],
                        [-9.20288890948391, 38.72161627368404],
                        [-9.201965878103715, 38.721943884004794],
                        [-9.200473553495726, 38.7224802615195],
                        [-9.197808196435503, 38.72345510496841],
                        [-9.196678127145729, 38.723859218738106],
                        [-9.194896718234663, 38.72450932429744],
                        [-9.194146609937143, 38.72476925598701],
                        [-9.193822627610544, 38.724883274424705],
                        [-9.192907128748969, 38.72514272780958],
                        [-9.191610138490004, 38.72540572887492],
                        [-9.19079607047813, 38.72548777833215],
                        [-9.19022444156664, 38.72553367232498],
                        [-9.189452916695274, 38.72556110503071],
                        [-9.188194549918121, 38.72550456783627],
                        [-9.186943284124645, 38.72534616354666],
                        [-9.186134381593924, 38.72518367373488],
                        [-9.185394787258506, 38.725020632825576],
                        [-9.184299398196783, 38.72484043471101],
                        [-9.182136689911932, 38.72462902743793],
                        [-9.181476269691547, 38.72453992891125],
                        [-9.18089342032674, 38.724416170932436],
                        [-9.179274608154545, 38.72403011490588],
                        [-9.178122185908602, 38.72375903668003],
                        [-9.178130512906073, 38.72403253156474],
                        [-9.177979329274587, 38.72418404107261],
                        [-9.177225799780858, 38.72448299721971],
                        [-9.175349364234455, 38.72496943408842],
                        [-9.174813098705195, 38.725154377180026],
                        [-9.174693657745104, 38.72521201163484],
                        [-9.174462236714371, 38.72542691351066],
                        [-9.174237947223371, 38.72576304031683],
                        [-9.174052327439181, 38.72606437544416],
                        [-9.173858266012834, 38.726518387399224],
                        [-9.173853346540655, 38.726637270849004],
                        [-9.173892961661377, 38.726769395695605],
                        [-9.174163772233745, 38.72720475857386],
                        [-9.174285981256288, 38.72734518078116],
                        [-9.17494146622736, 38.72769683984783],
                        [-9.175614123354096, 38.72779335334681],
                        [-9.176010552482795, 38.728033382336776],
                        [-9.178316181304972, 38.73008923161317],
                        [-9.17941172350345, 38.73111756303658],
                        [-9.18000813476839, 38.731638358527746],
                        [-9.180150470837265, 38.732015885806184],
                        [-9.179950476226914, 38.73225680982195],
                        [-9.179264941603437, 38.73249179823632],
                        [-9.178248132845592, 38.73280965075297],
                        [-9.177988331183517, 38.7328403515626],
                        [-9.177627443579587, 38.73281629745574],
                        [-9.177124784151232, 38.732722240283415],
                        [-9.176212980479635, 38.73256753280802],
                        [-9.176090175038643, 38.732568630370764],
                        [-9.17560462841606, 38.73263115845999],
                        [-9.175330780505028, 38.732716115742484],
                        [-9.175149671027258, 38.73280429746055],
                        [-9.174960329797456, 38.73293534850836],
                        [-9.174625232973156, 38.73326089901001],
                        [-9.174478353199072, 38.73344340475505],
                        [-9.174260150783416, 38.73367139380536],
                        [-9.174134668842402, 38.73387969614288],
                        [-9.174185965116093, 38.73414181598073],
                        [-9.174302362114709, 38.73429694816577],
                        [-9.17448607162367, 38.73439810014395],
                        [-9.177086815613594, 38.73513459235102],
                        [-9.179045380452783, 38.73569472494139],
                        [-9.181044172005398, 38.736258066112406],
                        [-9.181668675395075, 38.736438051472135],
                        [-9.18191526551397, 38.73648831705806],
                        [-9.182904082651143, 38.73680848064302],
                        [-9.18399415904478, 38.7373204002211],
                        [-9.185354563120553, 38.73796633951699],
                        [-9.186237606615437, 38.73839606200567],
                        [-9.186423487709437, 38.738579686208155],
                        [-9.186489157195746, 38.7387649123185],
                        [-9.186475441416281, 38.73905211342995],
                        [-9.186431892551699, 38.73913303579702],
                        [-9.18592482192325, 38.73963474931287],
                        [-9.18582861073814, 38.73977920141683],
                        [-9.185777686495332, 38.73996873331009],
                        [-9.185790980492774, 38.740262699140985],
                        [-9.185941637230895, 38.7404644785382],
                        [-9.186167499902497, 38.74061990066609],
                        [-9.187248647268744, 38.7411283565447],
                        [-9.187572658803713, 38.74126199620225],
                        [-9.18810659392164, 38.74136570541341],
                        [-9.188375042977913, 38.741373727645986],
                        [-9.188777453979649, 38.741356125588524],
                        [-9.189197144879483, 38.74125248008738],
                        [-9.190159128771938, 38.74391803645698],
                        [-9.190173839022274, 38.74394613751458],
                        [-9.189781229367687, 38.74403090276766],
                        [-9.189848784411625, 38.745093025618054],
                        [-9.18980326467516, 38.74552346824596],
                        [-9.18973776078845, 38.746002642681],
                        [-9.189580604073855, 38.74729399776048],
                        [-9.189312702909458, 38.748805279798106],
                        [-9.18883227193937, 38.74996975261743],
                        [-9.188500508823504, 38.75067048430453],
                        [-9.18815707155674, 38.751281972882275],
                        [-9.187813560862757, 38.75180311372119],
                        [-9.187352139436527, 38.752429630188395]
                    ]
                ],
                "type": "Polygon"
            },
            "properties": {
                "geo_point_2d": {
                    "lon": -9.196364957768877,
                    "lat": 38.73774203005528
                },
                "year": "2021",
                "dis_code": "11",
                "dis_name": "Lisboa",
                "con_code": "1106",
                "con_name": "Lisboa",
                "fre_code": "110608",
                "fre_name": "Benfica",
                "fre_name_upper": "BENFICA",
                "fre_name_lower": "benfica",
                "fre_area_code": "PRT",
                "fre_type": "parish",
                "fre_name_long": "Benfica"
            }
        },
        {
            "type": "Feature",
            "geometry": {
                "coordinates": [
                    [
                        [-9.154230187601566, 38.71519617404361],
                        [-9.154554362059917, 38.71503056628627],
                        [-9.155204027178625, 38.71481742896157],
                        [-9.156197906519417, 38.71453101584354],
                        [-9.156572322217592, 38.71445503532238],
                        [-9.156934122552846, 38.71441348949888],
                        [-9.157515821176949, 38.71441588681569],
                        [-9.157265717752257, 38.715114180595116],
                        [-9.158208693754203, 38.71556142840567],
                        [-9.158689425728882, 38.7157719474512],
                        [-9.159879256306397, 38.71562448248757],
                        [-9.16055455823868, 38.71554818928275],
                        [-9.160811331782241, 38.71554268600067],
                        [-9.160990411880453, 38.715683432488305],
                        [-9.161424024524786, 38.71617504341221],
                        [-9.161590926303694, 38.71634832440626],
                        [-9.162020490330033, 38.716157175573436],
                        [-9.16257533292218, 38.715963119623844],
                        [-9.163950190583849, 38.71554653474008],
                        [-9.16375390381059, 38.71548881692141],
                        [-9.164017401062289, 38.71510365739301],
                        [-9.164278840041913, 38.714655462104986],
                        [-9.164550046542734, 38.714087374424935],
                        [-9.164674277316145, 38.7138520736496],
                        [-9.164774367360423, 38.713616985760055],
                        [-9.164832298125534, 38.7134083935618],
                        [-9.164885815236909, 38.71281340424174],
                        [-9.165171984804974, 38.712726200811325],
                        [-9.165323932904423, 38.71273927019644],
                        [-9.165761132578448, 38.71284079437942],
                        [-9.166061334495101, 38.712849848192896],
                        [-9.16640969454692, 38.712770198451736],
                        [-9.167111875744967, 38.712591031142324],
                        [-9.167210762500332, 38.71259195631527],
                        [-9.167485643443737, 38.71267869814981],
                        [-9.167777056220563, 38.71263310338612],
                        [-9.168212454050348, 38.71253353535826],
                        [-9.168440282010426, 38.71262609623982],
                        [-9.168647848200402, 38.71298726984975],
                        [-9.16877469138713, 38.71325187493883],
                        [-9.169140520712912, 38.714221473028445],
                        [-9.169503566704838, 38.71515686363846],
                        [-9.169820110603768, 38.715102707794536],
                        [-9.169920177589095, 38.71510542266637],
                        [-9.170175631163875, 38.71519953665388],
                        [-9.172025515677197, 38.715751479423766],
                        [-9.172121885766698, 38.71579276991731],
                        [-9.172200964616533, 38.715727487911735],
                        [-9.173020714443897, 38.71441081754163],
                        [-9.173219678266229, 38.71395603745576],
                        [-9.173297127683783, 38.71362052683409],
                        [-9.173328432721304, 38.71332190948582],
                        [-9.173312331706303, 38.71316315482385],
                        [-9.173219140045363, 38.71315542374611],
                        [-9.172987765455533, 38.7123310188018],
                        [-9.173387596727911, 38.71211496532644],
                        [-9.175139271170965, 38.7121400449727],
                        [-9.174377438875103, 38.71053778968665],
                        [-9.173780504787159, 38.70932453550074],
                        [-9.173711414665606, 38.70914265359383],
                        [-9.173674629631467, 38.70858080396307],
                        [-9.173711812403944, 38.70808540284284],
                        [-9.173915418545377, 38.706368138343834],
                        [-9.174080544537318, 38.705809171535286],
                        [-9.174487408996379, 38.70434717612034],
                        [-9.17544049828134, 38.70146076016497],
                        [-9.174908357561288, 38.699093749303415],
                        [-9.175900848582765, 38.69892986289482],
                        [-9.175930834454334, 38.69878655108727],
                        [-9.174732819194062, 38.69209865962447],
                        [-9.170832526917506, 38.692255719093296],
                        [-9.165563681795478, 38.69320474985103],
                        [-9.159975767871266, 38.69553635267614],
                        [-9.154340616119226, 38.69457726492456],
                        [-9.14950228675782, 38.69448770522203],
                        [-9.152016302797518, 38.70518944767089],
                        [-9.152343865286545, 38.70620321188019],
                        [-9.152440745189738, 38.70655664412736],
                        [-9.152438189291395, 38.70691940521864],
                        [-9.152712652068441, 38.70794992262696],
                        [-9.152846155151181, 38.70821721056455],
                        [-9.153096725205168, 38.709118416162276],
                        [-9.153631751279146, 38.71128066291256],
                        [-9.153719619064152, 38.71150896371172],
                        [-9.15385562727296, 38.71175116578415],
                        [-9.15355704194509, 38.71160496738503],
                        [-9.153002634397934, 38.71205515924391],
                        [-9.152805686707023, 38.71224054966447],
                        [-9.153083603199475, 38.71305071755927],
                        [-9.153255882283206, 38.71353095057527],
                        [-9.153409040507093, 38.714000360540865],
                        [-9.153531349420842, 38.71424106100582],
                        [-9.154230187601566, 38.71519617404361]
                    ]
                ],
                "type": "Polygon"
            },
            "properties": {
                "geo_point_2d": {
                    "lon": -9.16345944379034,
                    "lat": 38.70376325730286
                },
                "year": "2021",
                "dis_code": "11",
                "dis_name": "Lisboa",
                "con_code": "1106",
                "con_name": "Lisboa",
                "fre_code": "110660",
                "fre_name": "Estrela",
                "fre_name_upper": "ESTRELA",
                "fre_name_lower": "estrela",
                "fre_area_code": "PRT",
                "fre_type": "parish",
                "fre_name_long": "Estrela"
            }
        },
        {
            "type": "Feature",
            "geometry": {
                "coordinates": [
                    [
                        [-9.1285740814071, 38.76301354589021],
                        [-9.128727276294498, 38.763027219139005],
                        [-9.129537470875654, 38.76302066293108],
                        [-9.136727838236252, 38.76306407499341],
                        [-9.139182113009966, 38.76307292522953],
                        [-9.140925898131602, 38.76301283668552],
                        [-9.142304743793698, 38.76289597834268],
                        [-9.143491181391706, 38.762735641783244],
                        [-9.145629999455133, 38.76237219355875],
                        [-9.14686408417428, 38.762098224142385],
                        [-9.148351740522473, 38.76176793744869],
                        [-9.149650179810862, 38.76140071175979],
                        [-9.15140584191698, 38.760788449708606],
                        [-9.151708794051414, 38.76070194339849],
                        [-9.155149723318074, 38.75973930228232],
                        [-9.15967695457518, 38.758462465945044],
                        [-9.161440076588391, 38.75796740756999],
                        [-9.164245025081527, 38.757343639062334],
                        [-9.164846053218666, 38.75732328377899],
                        [-9.165467067168219, 38.757252935691824],
                        [-9.165985494103829, 38.757256454205304],
                        [-9.16694953295441, 38.75724791709984],
                        [-9.167582300974654, 38.75726663020079],
                        [-9.169697617942667, 38.757317848225505],
                        [-9.169781422463476, 38.75706758959279],
                        [-9.169722665225171, 38.75602951781315],
                        [-9.169597805282502, 38.754716396676734],
                        [-9.169601351455201, 38.754564134142434],
                        [-9.169036463572546, 38.754018560592556],
                        [-9.168451726961505, 38.75342314867257],
                        [-9.16773646740253, 38.75272508675212],
                        [-9.16767901310576, 38.752649930592405],
                        [-9.167219332857734, 38.75236305429281],
                        [-9.166983268346119, 38.75218679333753],
                        [-9.1658552447071, 38.7511023387532],
                        [-9.165634211381176, 38.75096363809998],
                        [-9.165464884733177, 38.7507553912669],
                        [-9.165386784963337, 38.75036514533525],
                        [-9.165268788416826, 38.750079742354934],
                        [-9.165126040435478, 38.74991256022386],
                        [-9.162021806692454, 38.745126284980486],
                        [-9.161785756419023, 38.745227388383704],
                        [-9.159820222280544, 38.74598647814381],
                        [-9.15824838316652, 38.746505282201795],
                        [-9.157807535243126, 38.746659853308785],
                        [-9.156694630268303, 38.74695597785765],
                        [-9.155475295995016, 38.74720789447672],
                        [-9.153543645165696, 38.74749611626972],
                        [-9.151506713930448, 38.74782287717172],
                        [-9.149459652694008, 38.74811960456472],
                        [-9.14839379150619, 38.74825784282897],
                        [-9.147576665766755, 38.744931202701466],
                        [-9.1475237733179, 38.74463179351439],
                        [-9.145512858149077, 38.74500866794018],
                        [-9.145369970805758, 38.745011888984735],
                        [-9.144524915291989, 38.74506956980175],
                        [-9.142517552483499, 38.74506145882632],
                        [-9.141933832516123, 38.74510343850248],
                        [-9.140495969688722, 38.74517891425928],
                        [-9.140228998206663, 38.74517040903816],
                        [-9.13942257890887, 38.745244024274825],
                        [-9.136640410138765, 38.74542381724503],
                        [-9.135994629525618, 38.74546990412624],
                        [-9.134856835394755, 38.74553642648771],
                        [-9.132226514491588, 38.745865332297235],
                        [-9.131234379614023, 38.745937416636224],
                        [-9.130470777022046, 38.74593232635187],
                        [-9.130447653583799, 38.7465060775569],
                        [-9.130575679227706, 38.746517926668254],
                        [-9.130555764064846, 38.74675775755738],
                        [-9.130411631379944, 38.74812487662892],
                        [-9.130261346465067, 38.748212189132666],
                        [-9.130243881634899, 38.74863421415688],
                        [-9.13010044472641, 38.74863513956774],
                        [-9.130068888348024, 38.74871457235789],
                        [-9.129731432705192, 38.74881545462811],
                        [-9.129639530785864, 38.74896498561428],
                        [-9.129628354383913, 38.74911249334618],
                        [-9.129673529490539, 38.74920934874568],
                        [-9.129802157391977, 38.749327038389985],
                        [-9.129921762123235, 38.74936519443474],
                        [-9.130339249096405, 38.74938722001816],
                        [-9.13027527948027, 38.749435972145676],
                        [-9.130244616877624, 38.749561222039816],
                        [-9.130109733830572, 38.749657315306095],
                        [-9.129774497622615, 38.74963297157771],
                        [-9.129305063580018, 38.74946367434444],
                        [-9.129194170145379, 38.749376511929945],
                        [-9.1289822943117, 38.74939015275932],
                        [-9.1289437292082, 38.74932083810275],
                        [-9.128814187121819, 38.74936105917507],
                        [-9.128743844244052, 38.749455965999275],
                        [-9.128710090176456, 38.74959950163411],
                        [-9.128736472628988, 38.7496906146265],
                        [-9.128711653092553, 38.749821579372956],
                        [-9.128985303885036, 38.74990240039644],
                        [-9.129006559658144, 38.75009193073828],
                        [-9.1290640163132, 38.7501714758355],
                        [-9.129031607922528, 38.75032664631589],
                        [-9.129043390423888, 38.75075768730092],
                        [-9.129248545364632, 38.751013437143286],
                        [-9.129373371404071, 38.75121989764351],
                        [-9.129674497622393, 38.75141038024862],
                        [-9.130014177712816, 38.751425041621545],
                        [-9.13007094081628, 38.751497239913085],
                        [-9.130013693020484, 38.75210290720939],
                        [-9.129918052766515, 38.753359650484015],
                        [-9.129846538854288, 38.75404114644306],
                        [-9.129902965974027, 38.754094093393874],
                        [-9.129831522696023, 38.75420819778691],
                        [-9.129782611781367, 38.75458973005359],
                        [-9.129710272942788, 38.755432683832815],
                        [-9.129636666301929, 38.755624619798965],
                        [-9.129553956191414, 38.756519767579],
                        [-9.12950094367308, 38.75697146683319],
                        [-9.129461078375634, 38.757419745379075],
                        [-9.12936762682154, 38.75831700120243],
                        [-9.129332352636835, 38.75876965971665],
                        [-9.129192102257017, 38.75876127257732],
                        [-9.129087819786044, 38.7598373563133],
                        [-9.129012114751752, 38.759831906738],
                        [-9.128936297473398, 38.760586859134186],
                        [-9.129146601108118, 38.760597853645706],
                        [-9.12904293995146, 38.76159551412069],
                        [-9.129070932502428, 38.76171426803264],
                        [-9.129247038585236, 38.76215180847935],
                        [-9.129044797148936, 38.762266573051534],
                        [-9.128913127611998, 38.76228138420301],
                        [-9.128529495186996, 38.76253897919001],
                        [-9.128616889209482, 38.76263595076585],
                        [-9.128586746400135, 38.76273493595809],
                        [-9.1285740814071, 38.76301354589021]
                    ]
                ],
                "type": "Polygon"
            },
            "properties": {
                "geo_point_2d": {
                    "lon": -9.146498061429645,
                    "lat": 38.75388376756424
                },
                "year": "2021",
                "dis_code": "11",
                "dis_name": "Lisboa",
                "con_code": "1106",
                "con_name": "Lisboa",
                "fre_code": "110654",
                "fre_name": "Alvalade",
                "fre_name_upper": "ALVALADE",
                "fre_name_lower": "alvalade",
                "fre_area_code": "PRT",
                "fre_type": "parish",
                "fre_name_long": "Alvalade"
            }
        },
        {
            "type": "Feature",
            "geometry": {
                "coordinates": [
                    [
                        [-9.10309670426464, 38.75574396070702],
                        [-9.10502048659204, 38.75634291150904],
                        [-9.107266243358563, 38.75701451948414],
                        [-9.112706532275741, 38.75865109959963],
                        [-9.118558646820915, 38.76040058653917],
                        [-9.119407320517539, 38.7606656308089],
                        [-9.121491299638281, 38.76129943747067],
                        [-9.124011745201152, 38.76203642354563],
                        [-9.12459849771167, 38.762235644784965],
                        [-9.125671230510083, 38.76251819102607],
                        [-9.126419163701653, 38.76270623987733],
                        [-9.126867961419377, 38.762790041907664],
                        [-9.127951398233831, 38.76295583018991],
                        [-9.1285740814071, 38.76301354589021],
                        [-9.128586746400135, 38.76273493595809],
                        [-9.128616889209482, 38.76263595076585],
                        [-9.128529495186996, 38.76253897919001],
                        [-9.128913127611998, 38.76228138420301],
                        [-9.129044797148936, 38.762266573051534],
                        [-9.129247038585236, 38.76215180847935],
                        [-9.129070932502428, 38.76171426803264],
                        [-9.12904293995146, 38.76159551412069],
                        [-9.129146601108118, 38.760597853645706],
                        [-9.128936297473398, 38.760586859134186],
                        [-9.129012114751752, 38.759831906738],
                        [-9.129087819786044, 38.7598373563133],
                        [-9.129192102257017, 38.75876127257732],
                        [-9.129332352636835, 38.75876965971665],
                        [-9.12936762682154, 38.75831700120243],
                        [-9.129461078375634, 38.757419745379075],
                        [-9.12950094367308, 38.75697146683319],
                        [-9.129553956191414, 38.756519767579],
                        [-9.129636666301929, 38.755624619798965],
                        [-9.129710272942788, 38.755432683832815],
                        [-9.129782611781367, 38.75458973005359],
                        [-9.129831522696023, 38.75420819778691],
                        [-9.129902965974027, 38.754094093393874],
                        [-9.129846538854288, 38.75404114644306],
                        [-9.129918052766515, 38.753359650484015],
                        [-9.130013693020484, 38.75210290720939],
                        [-9.13007094081628, 38.751497239913085],
                        [-9.130014177712816, 38.751425041621545],
                        [-9.129674497622393, 38.75141038024862],
                        [-9.129373371404071, 38.75121989764351],
                        [-9.129248545364632, 38.751013437143286],
                        [-9.129043390423888, 38.75075768730092],
                        [-9.129031607922528, 38.75032664631589],
                        [-9.1290640163132, 38.7501714758355],
                        [-9.129006559658144, 38.75009193073828],
                        [-9.128985303885036, 38.74990240039644],
                        [-9.128711653092553, 38.749821579372956],
                        [-9.128736472628988, 38.7496906146265],
                        [-9.128710090176456, 38.74959950163411],
                        [-9.128743844244052, 38.749455965999275],
                        [-9.128814187121819, 38.74936105917507],
                        [-9.1289437292082, 38.74932083810275],
                        [-9.1289822943117, 38.74939015275932],
                        [-9.129194170145379, 38.749376511929945],
                        [-9.129305063580018, 38.74946367434444],
                        [-9.129774497622615, 38.74963297157771],
                        [-9.130109733830572, 38.749657315306095],
                        [-9.130244616877624, 38.749561222039816],
                        [-9.13027527948027, 38.749435972145676],
                        [-9.130339249096405, 38.74938722001816],
                        [-9.129921762123235, 38.74936519443474],
                        [-9.129802157391977, 38.749327038389985],
                        [-9.129673529490539, 38.74920934874568],
                        [-9.129628354383913, 38.74911249334618],
                        [-9.129639530785864, 38.74896498561428],
                        [-9.129731432705192, 38.74881545462811],
                        [-9.130068888348024, 38.74871457235789],
                        [-9.13010044472641, 38.74863513956774],
                        [-9.12995294586096, 38.7486241334263],
                        [-9.129724311803873, 38.748536279414026],
                        [-9.129521317259806, 38.7484227132835],
                        [-9.12929528638232, 38.74820773555281],
                        [-9.129224304555391, 38.74809132589932],
                        [-9.128949008508265, 38.74775804932474],
                        [-9.128823008276816, 38.747581126838234],
                        [-9.128514693520549, 38.747205794491464],
                        [-9.128386672712415, 38.74703231620145],
                        [-9.12792630383318, 38.74647514644483],
                        [-9.127671840144192, 38.74608404007983],
                        [-9.127311179624948, 38.745690496338355],
                        [-9.127013179610254, 38.74544378886871],
                        [-9.12642364773263, 38.7450928208198],
                        [-9.126167274370056, 38.74487809557432],
                        [-9.125750507083698, 38.74465104183874],
                        [-9.125518765592902, 38.74449537671977],
                        [-9.124811559413418, 38.74409288545652],
                        [-9.124085818274557, 38.74376342052727],
                        [-9.123642833812543, 38.74366890591585],
                        [-9.123435938867159, 38.74358760567886],
                        [-9.122890875715024, 38.743322631714555],
                        [-9.122664101513799, 38.74319925608932],
                        [-9.122086647529327, 38.74279727010371],
                        [-9.121555935514367, 38.74247286697632],
                        [-9.121132835219406, 38.74209166169245],
                        [-9.120792064662, 38.74172675793244],
                        [-9.120362681499842, 38.74136593540148],
                        [-9.120104082009934, 38.74117076242995],
                        [-9.119316264593921, 38.74046481531943],
                        [-9.118334607870299, 38.73955359145972],
                        [-9.117783917626706, 38.7390180408375],
                        [-9.117654963196031, 38.738757001777536],
                        [-9.117522049389322, 38.738283141835474],
                        [-9.117489827992086, 38.73810623025688],
                        [-9.116978895942985, 38.73785129438929],
                        [-9.116449214953109, 38.73762948277742],
                        [-9.115913292872268, 38.737446994618836],
                        [-9.115878801744635, 38.7371295797849],
                        [-9.1158387758849, 38.73706235817352],
                        [-9.115456177446838, 38.73675499081863],
                        [-9.115345915677484, 38.73668187448505],
                        [-9.115243779482759, 38.73678182013096],
                        [-9.115083923334446, 38.73678226412661],
                        [-9.114679759286277, 38.73666315878252],
                        [-9.114239946169821, 38.736628123544065],
                        [-9.113919496176662, 38.736491196136875],
                        [-9.113811220591476, 38.736311049070345],
                        [-9.113578867311581, 38.7359725060471],
                        [-9.113469865769002, 38.7357392191851],
                        [-9.113480033108994, 38.735641848894566],
                        [-9.113368356719745, 38.73554910626674],
                        [-9.112923046018084, 38.73551519307657],
                        [-9.111652809418343, 38.735146081964764],
                        [-9.110409269756033, 38.73468440304522],
                        [-9.109404853151188, 38.73425737238843],
                        [-9.109207012101962, 38.73444053505836],
                        [-9.10889969733244, 38.734658391707846],
                        [-9.108753432281235, 38.73478662451603],
                        [-9.108184617598925, 38.734449082061424],
                        [-9.107757375666033, 38.73422114979235],
                        [-9.106230695674233, 38.7374876947101],
                        [-9.105664223643311, 38.73685772596456],
                        [-9.105505960076796, 38.7366630168156],
                        [-9.104019962205674, 38.73629978258515],
                        [-9.104187079492915, 38.735868178210694],
                        [-9.103602568617736, 38.73576323537785],
                        [-9.10395835063272, 38.73444495421401],
                        [-9.103525781500228, 38.73429821165638],
                        [-9.103512546090483, 38.7340683521443],
                        [-9.102655951850036, 38.73366633631027],
                        [-9.096589043705084, 38.731906822198916],
                        [-9.096334251577513, 38.73254316636145],
                        [-9.096380666993548, 38.735992870281194],
                        [-9.094069004754546, 38.741586688998794],
                        [-9.093854403409638, 38.74263345290683],
                        [-9.093563028918611, 38.74365094188723],
                        [-9.092979171076761, 38.74559638905064],
                        [-9.092500800472385, 38.74688411695218],
                        [-9.091908887677018, 38.748232496282476],
                        [-9.091804163630977, 38.74894992827957],
                        [-9.0913197523277, 38.74978983119187],
                        [-9.09125149176555, 38.75038751934633],
                        [-9.090999836319, 38.751524118675476],
                        [-9.090709753679286, 38.75242016374083],
                        [-9.0946330729858, 38.75323508127323],
                        [-9.097123071678592, 38.7539776764856],
                        [-9.10099070330541, 38.755141531913],
                        [-9.1027123895595, 38.75565230141328],
                        [-9.10309670426464, 38.75574396070702]
                    ]
                ],
                "type": "Polygon"
            },
            "properties": {
                "geo_point_2d": {
                    "lon": -9.110955435982225,
                    "lat": 38.747930065476346
                },
                "year": "2021",
                "dis_code": "11",
                "dis_name": "Lisboa",
                "con_code": "1106",
                "con_name": "Lisboa",
                "fre_code": "110621",
                "fre_name": "Marvila",
                "fre_name_upper": "MARVILA",
                "fre_name_lower": "marvila",
                "fre_area_code": "PRT",
                "fre_type": "parish",
                "fre_name_long": "Marvila"
            }
        },
        {
            "type": "Feature",
            "geometry": {
                "coordinates": [
                    [
                        [-9.193382838957326, 38.70058268454742],
                        [-9.192030962956858, 38.70126191194772],
                        [-9.191956240085933, 38.70133989873791],
                        [-9.191898425443762, 38.70154253287981],
                        [-9.191386519219394, 38.7035341177667],
                        [-9.191194699262265, 38.70379384015415],
                        [-9.191026641803786, 38.70397344829734],
                        [-9.190491409855527, 38.70450345241011],
                        [-9.189999078854635, 38.70504333975523],
                        [-9.18970844687239, 38.70540853061544],
                        [-9.189381197229814, 38.70586918277661],
                        [-9.189285170224062, 38.706048492559304],
                        [-9.189110520460078, 38.70656126579912],
                        [-9.188916824539248, 38.70724878233261],
                        [-9.188937729841795, 38.7074582958254],
                        [-9.189007149403825, 38.70758981163951],
                        [-9.189144529490262, 38.707760257233346],
                        [-9.188731492231828, 38.70777066016652],
                        [-9.188097659891495, 38.70769712087523],
                        [-9.187657560281062, 38.707602011820875],
                        [-9.187335735317664, 38.70751241316085],
                        [-9.186132004746097, 38.70712026385143],
                        [-9.187265100149407, 38.70787642116166],
                        [-9.187644792074366, 38.70816447289135],
                        [-9.188338805534793, 38.70866905550109],
                        [-9.188740889639552, 38.70898626893375],
                        [-9.189272568677957, 38.70956939893968],
                        [-9.189642068817955, 38.71002194040829],
                        [-9.189808641674333, 38.71044992456124],
                        [-9.19022356323479, 38.71055182966169],
                        [-9.192036213989358, 38.71156265482899],
                        [-9.192110971107462, 38.71156459900214],
                        [-9.192214469127668, 38.71169002464673],
                        [-9.192795907150833, 38.71278144757751],
                        [-9.193147956414464, 38.71366081714145],
                        [-9.192947807788844, 38.71367056761065],
                        [-9.193035569753391, 38.716180615937645],
                        [-9.194128638633812, 38.71618250487563],
                        [-9.193943326242547, 38.71758307874017],
                        [-9.19375616241347, 38.71895009026517],
                        [-9.193935854820701, 38.722535989150046],
                        [-9.19402895503971, 38.72369795756021],
                        [-9.194146609937143, 38.72476925598701],
                        [-9.194896718234663, 38.72450932429744],
                        [-9.196678127145729, 38.723859218738106],
                        [-9.197808196435503, 38.72345510496841],
                        [-9.200473553495726, 38.7224802615195],
                        [-9.201965878103715, 38.721943884004794],
                        [-9.20288890948391, 38.72161627368404],
                        [-9.203734479034868, 38.721330189939756],
                        [-9.20475332388983, 38.72102889832556],
                        [-9.207412403792059, 38.720230506535046],
                        [-9.20943117404455, 38.719641447300916],
                        [-9.209260145675918, 38.71927289874089],
                        [-9.208932332029637, 38.718721216771414],
                        [-9.208455878955018, 38.71812505840914],
                        [-9.207904388617923, 38.71754661359485],
                        [-9.207218243652704, 38.71687437325541],
                        [-9.206837560488559, 38.71648324465601],
                        [-9.206637656871878, 38.71629402767803],
                        [-9.205636948762175, 38.71542857132659],
                        [-9.205830934832669, 38.715330404921275],
                        [-9.205908027337626, 38.71525763477032],
                        [-9.20625064003354, 38.7147433041662],
                        [-9.206528684269815, 38.71486100009616],
                        [-9.207149201034671, 38.71397278092505],
                        [-9.206865791799231, 38.713848207779776],
                        [-9.206970524505229, 38.71369438177633],
                        [-9.207121944025925, 38.713625880608895],
                        [-9.207528296738165, 38.713260478309245],
                        [-9.207599235170534, 38.71322991941899],
                        [-9.20781720799382, 38.713321143561636],
                        [-9.20838650610486, 38.713621986619785],
                        [-9.208483020646279, 38.71351604850748],
                        [-9.20872778547498, 38.7136345353632],
                        [-9.2088667350001, 38.71347172552322],
                        [-9.208999307164044, 38.713372924509784],
                        [-9.20920633808954, 38.713487231160165],
                        [-9.209531963712596, 38.713134380537774],
                        [-9.209830508945924, 38.71277222107923],
                        [-9.209920950668932, 38.712365577404064],
                        [-9.209934337973355, 38.71211647809807],
                        [-9.21004724588002, 38.71161982812548],
                        [-9.210084302938302, 38.711507610199476],
                        [-9.209672969138113, 38.71149365846146],
                        [-9.209210540226925, 38.71146108073328],
                        [-9.20874723034686, 38.711454000591445],
                        [-9.208146074481144, 38.71146233121642],
                        [-9.207870304926294, 38.71142649675866],
                        [-9.207496847764514, 38.7113085997854],
                        [-9.207532524859959, 38.711119378200536],
                        [-9.207452807297312, 38.71104732912395],
                        [-9.206749949689549, 38.71064394096931],
                        [-9.206347701857174, 38.71039035995137],
                        [-9.205798142894842, 38.71038272751583],
                        [-9.205352929657577, 38.710363298234725],
                        [-9.204604670799881, 38.70855186404718],
                        [-9.204724931040282, 38.70842951520954],
                        [-9.204817878741547, 38.7082641797949],
                        [-9.204835026726553, 38.70813359514805],
                        [-9.204759487505378, 38.70783432320273],
                        [-9.204384644924664, 38.70706066030587],
                        [-9.202567440694182, 38.70755297801148],
                        [-9.20247480589548, 38.7068989160641],
                        [-9.202340545998794, 38.70601323715776],
                        [-9.202293283247485, 38.70574289573641],
                        [-9.202315650446133, 38.70539275916246],
                        [-9.202407783965137, 38.703708695440234],
                        [-9.202431165676158, 38.702733116196676],
                        [-9.20247381615254, 38.702193878230986],
                        [-9.202453634295622, 38.7019930900791],
                        [-9.202543737872455, 38.70167195611717],
                        [-9.201840432367602, 38.70146175828256],
                        [-9.201111155288915, 38.701251794318694],
                        [-9.201005956218216, 38.70115799508428],
                        [-9.200463184147749, 38.700997665662705],
                        [-9.199829970902023, 38.70086032451351],
                        [-9.199612709199057, 38.70229112306325],
                        [-9.199607670237034, 38.702356400409464],
                        [-9.199145625190678, 38.70220404998643],
                        [-9.198511198473005, 38.701979601316935],
                        [-9.198276677505108, 38.70195516840459],
                        [-9.196902468243893, 38.70187311732856],
                        [-9.196750331117835, 38.70158274003487],
                        [-9.19626555161162, 38.700557742772276],
                        [-9.194289908457295, 38.701102575741075],
                        [-9.193961107611354, 38.70071017854945],
                        [-9.193682299553176, 38.70042062475499],
                        [-9.193382838957326, 38.70058268454742]
                    ]
                ],
                "type": "Polygon"
            },
            "properties": {
                "geo_point_2d": {
                    "lon": -9.198652563960215,
                    "lat": 38.71217426992456
                },
                "year": "2021",
                "dis_code": "11",
                "dis_name": "Lisboa",
                "con_code": "1106",
                "con_name": "Lisboa",
                "fre_code": "110601",
                "fre_name": "Ajuda",
                "fre_name_upper": "AJUDA",
                "fre_name_lower": "ajuda",
                "fre_area_code": "PRT",
                "fre_type": "parish",
                "fre_name_long": "Ajuda"
            }
        },
        {
            "type": "Feature",
            "geometry": {
                "coordinates": [
                    [
                        [-9.17521669080354, 38.78026095000822],
                        [-9.175683203369223, 38.78040981088269],
                        [-9.1758918603259, 38.78036389927778],
                        [-9.176446004114693, 38.779861632265764],
                        [-9.177423275691366, 38.78006880710138],
                        [-9.177667495466416, 38.78018876870588],
                        [-9.17804194538094, 38.78022720884451],
                        [-9.178794037659586, 38.779940155808305],
                        [-9.179013290361398, 38.77983991797147],
                        [-9.179179906553351, 38.779877967954235],
                        [-9.1793584001078, 38.779839075111326],
                        [-9.179560823020815, 38.77945407398526],
                        [-9.17995415954029, 38.779312634840906],
                        [-9.18043981566192, 38.77916595768644],
                        [-9.1811365651632, 38.77904557530911],
                        [-9.181545903488304, 38.77901478823565],
                        [-9.181650980258736, 38.77899231597071],
                        [-9.181935876007056, 38.778738799299354],
                        [-9.18286783700814, 38.778579407569545],
                        [-9.183115086975324, 38.77854515996314],
                        [-9.183230863090724, 38.77834180518314],
                        [-9.183458701108052, 38.778027822171715],
                        [-9.183625971033454, 38.77782067036098],
                        [-9.183917813086362, 38.777547898074566],
                        [-9.184883753528421, 38.77672688497649],
                        [-9.184946243329836, 38.77664129189983],
                        [-9.185195427370003, 38.77647276083529],
                        [-9.185674514762589, 38.77622523684473],
                        [-9.185739527377505, 38.77593577033054],
                        [-9.18587348299839, 38.775881867271075],
                        [-9.186034415881668, 38.77588626877817],
                        [-9.186573553041983, 38.77577880768323],
                        [-9.187373070863195, 38.775677730147116],
                        [-9.187551081017206, 38.775560373343126],
                        [-9.18769834642123, 38.77539492201674],
                        [-9.187925974734705, 38.77509966743312],
                        [-9.188127167647496, 38.77465088395761],
                        [-9.188233352577196, 38.77449310181392],
                        [-9.189053425891357, 38.77439047247437],
                        [-9.18912550557563, 38.77433118146895],
                        [-9.189373800494442, 38.77402564409625],
                        [-9.189459964051094, 38.77375940541174],
                        [-9.189656440787454, 38.77337363071316],
                        [-9.189837670246817, 38.7733499230232],
                        [-9.190294515282927, 38.77311870337637],
                        [-9.190374636512603, 38.772972862463085],
                        [-9.191131297841439, 38.77263767393198],
                        [-9.191625256330457, 38.77237971761222],
                        [-9.191775657265945, 38.77227161403206],
                        [-9.19215255417353, 38.77204210223382],
                        [-9.192294966834659, 38.77205513030006],
                        [-9.192613858816157, 38.77230706394264],
                        [-9.19317664735818, 38.77227646546386],
                        [-9.193208432781006, 38.772231585070465],
                        [-9.193013222638651, 38.771816120376684],
                        [-9.193062364395574, 38.771715418188606],
                        [-9.193554087209826, 38.7714163994897],
                        [-9.193899968409138, 38.77116806704297],
                        [-9.194200688632359, 38.77101715912169],
                        [-9.194416027398692, 38.77087350965942],
                        [-9.194527900156992, 38.77075151926228],
                        [-9.194875311106395, 38.770319951989066],
                        [-9.195237658258094, 38.76994887202429],
                        [-9.195527572244853, 38.76976788377858],
                        [-9.195914006248291, 38.769640145659764],
                        [-9.196036554269782, 38.76954030862681],
                        [-9.195978912140209, 38.769354550384314],
                        [-9.196049531061854, 38.769189877471646],
                        [-9.196381683631538, 38.76883978645525],
                        [-9.197005637033625, 38.768289497053196],
                        [-9.197055231804955, 38.76820464452415],
                        [-9.1970528630348, 38.76804540687091],
                        [-9.196928291717933, 38.767852649498614],
                        [-9.1972493245611, 38.76746597125444],
                        [-9.197585680654084, 38.7669732904899],
                        [-9.197856466314022, 38.76661794597415],
                        [-9.198100148382691, 38.76623315549111],
                        [-9.198278222609837, 38.76598474027716],
                        [-9.198477215948042, 38.76575054562889],
                        [-9.19850262312221, 38.765602600010894],
                        [-9.198402319990509, 38.76542951296204],
                        [-9.198055665110685, 38.764896356559326],
                        [-9.197694488832854, 38.76436900533434],
                        [-9.197385319595192, 38.764212389870536],
                        [-9.197470406050591, 38.76405442926031],
                        [-9.197601115536658, 38.76356015477452],
                        [-9.197634769714728, 38.76337861352035],
                        [-9.197771008471003, 38.76334890699989],
                        [-9.198056256610567, 38.763366751233605],
                        [-9.19837680028081, 38.763413908646605],
                        [-9.198645176948812, 38.76338065456693],
                        [-9.199036138175263, 38.763173240654176],
                        [-9.199795395176807, 38.76280527608379],
                        [-9.200354478389643, 38.76267027343755],
                        [-9.200440959271324, 38.76261372642016],
                        [-9.200701837040116, 38.76196989788672],
                        [-9.199451102265241, 38.76145753385445],
                        [-9.198900059450262, 38.76155255437198],
                        [-9.198175915899844, 38.76095546604719],
                        [-9.19812369027411, 38.76053825198918],
                        [-9.197837582928628, 38.760585543756775],
                        [-9.197828157656243, 38.760477893832345],
                        [-9.197869455965796, 38.760168462337774],
                        [-9.198036095310465, 38.75912051783582],
                        [-9.198059912240494, 38.75905482682901],
                        [-9.197887638892315, 38.759038517811256],
                        [-9.197639483280623, 38.75898403293906],
                        [-9.197355039176477, 38.75888754319326],
                        [-9.196059645979734, 38.758500307606596],
                        [-9.195283170904448, 38.75827227631857],
                        [-9.194516998641923, 38.758040543154905],
                        [-9.193853301327264, 38.75773671247873],
                        [-9.19370066558488, 38.75768405275396],
                        [-9.194023016168796, 38.757234339794],
                        [-9.194392673436292, 38.756561703929194],
                        [-9.194707540397198, 38.75591838947046],
                        [-9.194560326266107, 38.75576569689679],
                        [-9.194466863359636, 38.75574672943388],
                        [-9.19416788339582, 38.75575485328661],
                        [-9.193739888331425, 38.7558290042476],
                        [-9.19347545511482, 38.75583951425611],
                        [-9.193293210632673, 38.755806941531276],
                        [-9.193121989074212, 38.75574183959161],
                        [-9.19258270304529, 38.755447679676934],
                        [-9.192504250212309, 38.755354711559356],
                        [-9.192127885162785, 38.7551086137053],
                        [-9.191610226593317, 38.75472057308238],
                        [-9.191298167391153, 38.754544149102784],
                        [-9.190702510588242, 38.75424869096883],
                        [-9.189341775274855, 38.75350613976457],
                        [-9.18858158542537, 38.75310229202048],
                        [-9.18816652203993, 38.752864352119055],
                        [-9.187352139436527, 38.752429630188395],
                        [-9.18696763943364, 38.752882767198614],
                        [-9.186404795242314, 38.75343885255788],
                        [-9.185935180003197, 38.75387375031796],
                        [-9.18519768257733, 38.754472431718135],
                        [-9.184438305572815, 38.75501483538067],
                        [-9.183595674279225, 38.755525425546395],
                        [-9.182885934996909, 38.75590499388633],
                        [-9.182494714044013, 38.75609506320101],
                        [-9.181247505351125, 38.756593050695336],
                        [-9.180690524714542, 38.756784602204995],
                        [-9.180236354445475, 38.75692668696531],
                        [-9.179048379480571, 38.7572212556909],
                        [-9.17824187463121, 38.75736639072527],
                        [-9.177455720151357, 38.75749513333098],
                        [-9.176865774613711, 38.75756525772485],
                        [-9.176503329601225, 38.757592820466016],
                        [-9.175840214674746, 38.757623068585744],
                        [-9.175197678907917, 38.75763700549139],
                        [-9.174918511801112, 38.757648633607374],
                        [-9.174667487268225, 38.75771857538719],
                        [-9.174281979815607, 38.75778957422049],
                        [-9.174134107905685, 38.757841967478406],
                        [-9.174362989488031, 38.75802809704066],
                        [-9.174678289268122, 38.75823921653664],
                        [-9.17505393460429, 38.758462498192536],
                        [-9.175590910720516, 38.75891718683085],
                        [-9.17576283346955, 38.75903094942993],
                        [-9.176389865042722, 38.759270446163136],
                        [-9.176823394436337, 38.75941519688255],
                        [-9.177050454982218, 38.75952296949283],
                        [-9.178206833331854, 38.76000759330846],
                        [-9.178600711804862, 38.76007585723598],
                        [-9.178592815423459, 38.76032273968113],
                        [-9.178543946891956, 38.76052134742917],
                        [-9.178457197370792, 38.76072569955805],
                        [-9.178330632613866, 38.76096103510905],
                        [-9.178217719520436, 38.761107070371445],
                        [-9.177509018018815, 38.761894386895406],
                        [-9.17699692542321, 38.76259526718534],
                        [-9.176922855665556, 38.76272293864037],
                        [-9.176922217443668, 38.76291571021194],
                        [-9.177004897259181, 38.763377967769166],
                        [-9.17711410281697, 38.76368685671706],
                        [-9.177138621248535, 38.764263131823704],
                        [-9.177137339575477, 38.76504231262316],
                        [-9.177146676178017, 38.765682687527736],
                        [-9.176943145072244, 38.76584753936673],
                        [-9.176970169012447, 38.766516572138876],
                        [-9.176953339042814, 38.766782450389115],
                        [-9.176907508514736, 38.76707547949615],
                        [-9.176886804187022, 38.76734783018295],
                        [-9.176733147358277, 38.76872378330028],
                        [-9.176638954470187, 38.76889217011075],
                        [-9.176715558681488, 38.76933196218196],
                        [-9.17675514639386, 38.769679306383566],
                        [-9.176747664455537, 38.76995500955062],
                        [-9.176761863078488, 38.77013954138878],
                        [-9.17682034668607, 38.77036240937757],
                        [-9.17691741287246, 38.77046963401497],
                        [-9.178449878417725, 38.7695137060246],
                        [-9.179345052395972, 38.76904178555379],
                        [-9.1799517400722, 38.76984974081259],
                        [-9.179996127673405, 38.769973648759084],
                        [-9.180227885688199, 38.770321068858856],
                        [-9.18061605928543, 38.77105621807296],
                        [-9.180712734779448, 38.771214786448766],
                        [-9.18151540388447, 38.77243803072619],
                        [-9.181691545866938, 38.77267965669668],
                        [-9.181920572229464, 38.77291810363387],
                        [-9.182211874697105, 38.77316589959762],
                        [-9.182729116124495, 38.773519754469476],
                        [-9.181768090116286, 38.77413281380137],
                        [-9.181145801280095, 38.77454105010954],
                        [-9.180989789413779, 38.77457397818025],
                        [-9.180664150579503, 38.774495833178314],
                        [-9.180406521691259, 38.77450445137994],
                        [-9.180198852111793, 38.77462431596688],
                        [-9.180123176734458, 38.77472137808803],
                        [-9.180050934299768, 38.774974242076794],
                        [-9.179954492756243, 38.775460623202],
                        [-9.179579584262365, 38.775475696617725],
                        [-9.179452546307617, 38.77553079253272],
                        [-9.17913620104702, 38.77584421442998],
                        [-9.177725879496892, 38.77699335326757],
                        [-9.177116827933876, 38.77750756046955],
                        [-9.176699884340747, 38.77786808613679],
                        [-9.176075754152226, 38.77850131522847],
                        [-9.175481242997638, 38.7794383052014],
                        [-9.175293683010796, 38.77988928563582],
                        [-9.17521669080354, 38.78026095000822]
                    ]
                ],
                "type": "Polygon"
            },
            "properties": {
                "geo_point_2d": {
                    "lon": -9.186735707284408,
                    "lat": 38.765196183740834
                },
                "year": "2021",
                "dis_code": "11",
                "dis_name": "Lisboa",
                "con_code": "1106",
                "con_name": "Lisboa",
                "fre_code": "110611",
                "fre_name": "Carnide",
                "fre_name_upper": "CARNIDE",
                "fre_name_lower": "carnide",
                "fre_area_code": "PRT",
                "fre_type": "parish",
                "fre_name_long": "Carnide"
            }
        },
        {
            "type": "Feature",
            "geometry": {
                "coordinates": [
                    [
                        [-9.178122185908602, 38.72375903668003],
                        [-9.179274608154545, 38.72403011490588],
                        [-9.18089342032674, 38.724416170932436],
                        [-9.181476269691547, 38.72453992891125],
                        [-9.182136689911932, 38.72462902743793],
                        [-9.184299398196783, 38.72484043471101],
                        [-9.185394787258506, 38.725020632825576],
                        [-9.186134381593924, 38.72518367373488],
                        [-9.186943284124645, 38.72534616354666],
                        [-9.188194549918121, 38.72550456783627],
                        [-9.189452916695274, 38.72556110503071],
                        [-9.19022444156664, 38.72553367232498],
                        [-9.19079607047813, 38.72548777833215],
                        [-9.191610138490004, 38.72540572887492],
                        [-9.192907128748969, 38.72514272780958],
                        [-9.193822627610544, 38.724883274424705],
                        [-9.194146609937143, 38.72476925598701],
                        [-9.19402895503971, 38.72369795756021],
                        [-9.193935854820701, 38.722535989150046],
                        [-9.19375616241347, 38.71895009026517],
                        [-9.193943326242547, 38.71758307874017],
                        [-9.194128638633812, 38.71618250487563],
                        [-9.193035569753391, 38.716180615937645],
                        [-9.192947807788844, 38.71367056761065],
                        [-9.193147956414464, 38.71366081714145],
                        [-9.192795907150833, 38.71278144757751],
                        [-9.192214469127668, 38.71169002464673],
                        [-9.192110971107462, 38.71156459900214],
                        [-9.192036213989358, 38.71156265482899],
                        [-9.19022356323479, 38.71055182966169],
                        [-9.189808641674333, 38.71044992456124],
                        [-9.189642068817955, 38.71002194040829],
                        [-9.189272568677957, 38.70956939893968],
                        [-9.188740889639552, 38.70898626893375],
                        [-9.188338805534793, 38.70866905550109],
                        [-9.187644792074366, 38.70816447289135],
                        [-9.187265100149407, 38.70787642116166],
                        [-9.186132004746097, 38.70712026385143],
                        [-9.187335735317664, 38.70751241316085],
                        [-9.187657560281062, 38.707602011820875],
                        [-9.188097659891495, 38.70769712087523],
                        [-9.188731492231828, 38.70777066016652],
                        [-9.189144529490262, 38.707760257233346],
                        [-9.189007149403825, 38.70758981163951],
                        [-9.188937729841795, 38.7074582958254],
                        [-9.188916824539248, 38.70724878233261],
                        [-9.189110520460078, 38.70656126579912],
                        [-9.189285170224062, 38.706048492559304],
                        [-9.189381197229814, 38.70586918277661],
                        [-9.18970844687239, 38.70540853061544],
                        [-9.189999078854635, 38.70504333975523],
                        [-9.190491409855527, 38.70450345241011],
                        [-9.191026641803786, 38.70397344829734],
                        [-9.191194699262265, 38.70379384015415],
                        [-9.191386519219394, 38.7035341177667],
                        [-9.191898425443762, 38.70154253287981],
                        [-9.191956240085933, 38.70133989873791],
                        [-9.192030962956858, 38.70126191194772],
                        [-9.193382838957326, 38.70058268454742],
                        [-9.192530189362511, 38.69962056845597],
                        [-9.191180336300992, 38.697929701048196],
                        [-9.190333354862963, 38.69805042287837],
                        [-9.189242881469202, 38.698254772101194],
                        [-9.188074014960211, 38.69852206296121],
                        [-9.187669490601337, 38.69728561116824],
                        [-9.187532422647896, 38.6968286206982],
                        [-9.185936851212325, 38.69156614379785],
                        [-9.18295613932393, 38.69230649625321],
                        [-9.177601106468256, 38.691983044768236],
                        [-9.174732819194062, 38.69209865962447],
                        [-9.175930834454334, 38.69878655108727],
                        [-9.175900848582765, 38.69892986289482],
                        [-9.174908357561288, 38.699093749303415],
                        [-9.17544049828134, 38.70146076016497],
                        [-9.174487408996379, 38.70434717612034],
                        [-9.174080544537318, 38.705809171535286],
                        [-9.173915418545377, 38.706368138343834],
                        [-9.173711812403944, 38.70808540284284],
                        [-9.173674629631467, 38.70858080396307],
                        [-9.173711414665606, 38.70914265359383],
                        [-9.173780504787159, 38.70932453550074],
                        [-9.174377438875103, 38.71053778968665],
                        [-9.175139271170965, 38.7121400449727],
                        [-9.17551019696355, 38.712924208158874],
                        [-9.175831723704253, 38.71363214285246],
                        [-9.175943346515238, 38.71409729897222],
                        [-9.175957826862305, 38.7142781369453],
                        [-9.175895219239512, 38.71485858574857],
                        [-9.175818359769016, 38.71528150142484],
                        [-9.175367251263483, 38.71677073686972],
                        [-9.174978794490132, 38.71799953608946],
                        [-9.174913625610076, 38.718254228600024],
                        [-9.174892573242051, 38.7184352931438],
                        [-9.174883861950974, 38.71906177286543],
                        [-9.17493897792388, 38.71942825920679],
                        [-9.175024485984531, 38.7197656485916],
                        [-9.175191827890634, 38.720163920425776],
                        [-9.175363108127057, 38.72064304743109],
                        [-9.175439014351136, 38.72096827134442],
                        [-9.17544838758119, 38.721209417266415],
                        [-9.175418359693492, 38.721595128442026],
                        [-9.175254529105429, 38.72213435705699],
                        [-9.175013669428388, 38.72277876575145],
                        [-9.174915209596088, 38.722997780112344],
                        [-9.178122185908602, 38.72375903668003]
                    ]
                ],
                "type": "Polygon"
            },
            "properties": {
                "geo_point_2d": {
                    "lon": -9.183389905862606,
                    "lat": 38.709593369875286
                },
                "year": "2021",
                "dis_code": "11",
                "dis_name": "Lisboa",
                "con_code": "1106",
                "con_name": "Lisboa",
                "fre_code": "110602",
                "fre_name": "Alc\u00e2ntara",
                "fre_name_upper": "ALC\u00c2NTARA",
                "fre_name_lower": "alc\u00e2ntara",
                "fre_area_code": "PRT",
                "fre_type": "parish",
                "fre_name_long": "Alc\u00e2ntara"
            }
        },
        {
            "type": "Feature",
            "geometry": {
                "coordinates": [
                    [
                        [-9.10480915863841, 38.72054671749115],
                        [-9.110097353138148, 38.7241642538042],
                        [-9.112360126878809, 38.72553699928551],
                        [-9.112698477286957, 38.72572539666579],
                        [-9.112894575555547, 38.72566934297565],
                        [-9.113178174606155, 38.72585648631692],
                        [-9.114169963932113, 38.72640123364652],
                        [-9.11430993368269, 38.72651634803555],
                        [-9.114377883951576, 38.72663729226679],
                        [-9.114671941470458, 38.72753650296069],
                        [-9.11505539053989, 38.72874843260521],
                        [-9.115142218559349, 38.72895848496568],
                        [-9.1152655449, 38.72914661170015],
                        [-9.11654469039238, 38.730765354374434],
                        [-9.116824097281365, 38.731097189445464],
                        [-9.11694894138403, 38.73139519672177],
                        [-9.117247750222175, 38.7323015662906],
                        [-9.11726536065097, 38.73249508554201],
                        [-9.117175685281927, 38.73274806096573],
                        [-9.11885979170273, 38.732882476479716],
                        [-9.119496812650391, 38.73285907827438],
                        [-9.120330010239973, 38.73278429386663],
                        [-9.120981551009109, 38.73299640908251],
                        [-9.121684925137206, 38.73318087853913],
                        [-9.122051790384303, 38.73332288596986],
                        [-9.122366890865377, 38.73349703891903],
                        [-9.122917458693292, 38.73394122971867],
                        [-9.123287027048235, 38.734278138812904],
                        [-9.124435225071721, 38.73521601243798],
                        [-9.125296254910875, 38.73591148482575],
                        [-9.125726002377093, 38.736406591951514],
                        [-9.126018874837374, 38.73706608441132],
                        [-9.126475963162731, 38.73786479245753],
                        [-9.127098788189546, 38.737669061009875],
                        [-9.127751716351106, 38.73755468403433],
                        [-9.128574014399, 38.73735277576961],
                        [-9.12886696389214, 38.737363755513584],
                        [-9.129162466940416, 38.73734204755962],
                        [-9.131185489186347, 38.737218480223554],
                        [-9.131169856539337, 38.73678190635162],
                        [-9.13123303135019, 38.735085561377765],
                        [-9.131239721686374, 38.73473185375416],
                        [-9.131285035802478, 38.733824650584154],
                        [-9.131444883281775, 38.73366735761244],
                        [-9.131725949077673, 38.732990556059185],
                        [-9.132870626764005, 38.7305735816736],
                        [-9.133114540519658, 38.73007957569472],
                        [-9.132866860566956, 38.730213211760905],
                        [-9.132970497596999, 38.72964663299798],
                        [-9.132997893284514, 38.72940127562151],
                        [-9.133090874601976, 38.72912700585211],
                        [-9.132981569562201, 38.7287842211755],
                        [-9.132804535805155, 38.728533728322624],
                        [-9.132613811712492, 38.728569922363796],
                        [-9.132298922836613, 38.72832868736051],
                        [-9.132042276401437, 38.72820666664382],
                        [-9.131900371461674, 38.72819013543427],
                        [-9.131622962624334, 38.728203678603805],
                        [-9.131431724822885, 38.728236571917435],
                        [-9.13122876854714, 38.72820986439456],
                        [-9.131163661430614, 38.72816986502071],
                        [-9.13096563073347, 38.72778125429839],
                        [-9.13059207517092, 38.72780218871092],
                        [-9.130560392439635, 38.727558527613915],
                        [-9.130458789487731, 38.72718241852897],
                        [-9.130334775455028, 38.72681532912222],
                        [-9.1302253887781, 38.726441628222354],
                        [-9.130302984677114, 38.72615920088084],
                        [-9.130469299354507, 38.72567460048286],
                        [-9.130859844295085, 38.725033418326674],
                        [-9.131766856156277, 38.72357990652465],
                        [-9.131704354464725, 38.72331622579644],
                        [-9.13061174614915, 38.721726155512215],
                        [-9.130464357257498, 38.721620312869824],
                        [-9.130121618774364, 38.721457316497464],
                        [-9.130021790670149, 38.72143096579846],
                        [-9.129663228385725, 38.721394934009744],
                        [-9.12935663290129, 38.721746964723394],
                        [-9.129151183581966, 38.72226162419247],
                        [-9.12910095525257, 38.72245328857732],
                        [-9.128751862192466, 38.72242870343788],
                        [-9.12867478732209, 38.72323700206239],
                        [-9.128295720835979, 38.723240234947625],
                        [-9.128118002726517, 38.723285348519354],
                        [-9.12775239081802, 38.72345438851838],
                        [-9.127576375590882, 38.72363046048521],
                        [-9.127456729135387, 38.72384982925728],
                        [-9.12646608722617, 38.723168536320735],
                        [-9.12393463273544, 38.7229014438917],
                        [-9.12234709065137, 38.72284041625757],
                        [-9.121664157051113, 38.72279665960428],
                        [-9.121526262543334, 38.72281980659041],
                        [-9.121276210891319, 38.72250619939917],
                        [-9.121100934276079, 38.72235346937107],
                        [-9.119206420993896, 38.7211250598061],
                        [-9.117188937398577, 38.71993810137627],
                        [-9.115488280267082, 38.71885950682867],
                        [-9.10902572880157, 38.71453987492999],
                        [-9.107164708557168, 38.716742346546845],
                        [-9.105582232361602, 38.71994017598075],
                        [-9.10480915863841, 38.72054671749115]
                    ]
                ],
                "type": "Polygon"
            },
            "properties": {
                "geo_point_2d": {
                    "lon": -9.120540457339688,
                    "lat": 38.72642777626769
                },
                "year": "2021",
                "dis_code": "11",
                "dis_name": "Lisboa",
                "con_code": "1106",
                "con_name": "Lisboa",
                "fre_code": "110663",
                "fre_name": "Penha de Fran\u00e7a",
                "fre_name_upper": "PENHA DE FRAN\u00c7A",
                "fre_name_lower": "penha de fran\u00e7a",
                "fre_area_code": "PRT",
                "fre_type": "parish",
                "fre_name_long": "Penha de Fran\u00e7a"
            }
        },
        {
            "type": "Feature",
            "geometry": {
                "coordinates": [
                    [
                        [-9.096589043705084, 38.731906822198916],
                        [-9.102655951850036, 38.73366633631027],
                        [-9.103512546090483, 38.7340683521443],
                        [-9.103525781500228, 38.73429821165638],
                        [-9.10395835063272, 38.73444495421401],
                        [-9.103602568617736, 38.73576323537785],
                        [-9.104187079492915, 38.735868178210694],
                        [-9.104019962205674, 38.73629978258515],
                        [-9.105505960076796, 38.7366630168156],
                        [-9.105664223643311, 38.73685772596456],
                        [-9.106230695674233, 38.7374876947101],
                        [-9.107757375666033, 38.73422114979235],
                        [-9.108184617598925, 38.734449082061424],
                        [-9.108753432281235, 38.73478662451603],
                        [-9.10889969733244, 38.734658391707846],
                        [-9.109207012101962, 38.73444053505836],
                        [-9.109404853151188, 38.73425737238843],
                        [-9.110409269756033, 38.73468440304522],
                        [-9.111652809418343, 38.735146081964764],
                        [-9.112923046018084, 38.73551519307657],
                        [-9.113368356719745, 38.73554910626674],
                        [-9.113480033108994, 38.735641848894566],
                        [-9.113469865769002, 38.7357392191851],
                        [-9.113578867311581, 38.7359725060471],
                        [-9.113811220591476, 38.736311049070345],
                        [-9.113919496176662, 38.736491196136875],
                        [-9.114239946169821, 38.736628123544065],
                        [-9.114679759286277, 38.73666315878252],
                        [-9.115083923334446, 38.73678226412661],
                        [-9.115243779482759, 38.73678182013096],
                        [-9.115345915677484, 38.73668187448505],
                        [-9.115456177446838, 38.73675499081863],
                        [-9.1158387758849, 38.73706235817352],
                        [-9.115878801744635, 38.7371295797849],
                        [-9.115913292872268, 38.737446994618836],
                        [-9.116449214953109, 38.73762948277742],
                        [-9.116978895942985, 38.73785129438929],
                        [-9.117489827992086, 38.73810623025688],
                        [-9.117522049389322, 38.738283141835474],
                        [-9.117654963196031, 38.738757001777536],
                        [-9.117783917626706, 38.7390180408375],
                        [-9.118334607870299, 38.73955359145972],
                        [-9.119316264593921, 38.74046481531943],
                        [-9.120104082009934, 38.74117076242995],
                        [-9.12071512416083, 38.74075186403363],
                        [-9.121454675631925, 38.74060126501265],
                        [-9.12177024326417, 38.740623299536],
                        [-9.12254173554124, 38.74069739928727],
                        [-9.123189192417584, 38.74071967116673],
                        [-9.123467517847104, 38.74065636261286],
                        [-9.123699407544727, 38.740522962230635],
                        [-9.123893386699553, 38.74034706837537],
                        [-9.123880001344107, 38.739975439183425],
                        [-9.123900388079809, 38.73954482129113],
                        [-9.123654410088026, 38.7393743270721],
                        [-9.123224875117087, 38.73893354440944],
                        [-9.123736869572928, 38.73865409654291],
                        [-9.12493223558218, 38.73822598183076],
                        [-9.125863156275177, 38.73797035149482],
                        [-9.126475963162731, 38.73786479245753],
                        [-9.126018874837374, 38.73706608441132],
                        [-9.125726002377093, 38.736406591951514],
                        [-9.125296254910875, 38.73591148482575],
                        [-9.124435225071721, 38.73521601243798],
                        [-9.123287027048235, 38.734278138812904],
                        [-9.122917458693292, 38.73394122971867],
                        [-9.122366890865377, 38.73349703891903],
                        [-9.122051790384303, 38.73332288596986],
                        [-9.121684925137206, 38.73318087853913],
                        [-9.120981551009109, 38.73299640908251],
                        [-9.120330010239973, 38.73278429386663],
                        [-9.119496812650391, 38.73285907827438],
                        [-9.11885979170273, 38.732882476479716],
                        [-9.117175685281927, 38.73274806096573],
                        [-9.11726536065097, 38.73249508554201],
                        [-9.117247750222175, 38.7323015662906],
                        [-9.11694894138403, 38.73139519672177],
                        [-9.116824097281365, 38.731097189445464],
                        [-9.11654469039238, 38.730765354374434],
                        [-9.1152655449, 38.72914661170015],
                        [-9.115142218559349, 38.72895848496568],
                        [-9.11505539053989, 38.72874843260521],
                        [-9.114671941470458, 38.72753650296069],
                        [-9.114377883951576, 38.72663729226679],
                        [-9.11430993368269, 38.72651634803555],
                        [-9.114169963932113, 38.72640123364652],
                        [-9.113178174606155, 38.72585648631692],
                        [-9.112894575555547, 38.72566934297565],
                        [-9.112698477286957, 38.72572539666579],
                        [-9.112360126878809, 38.72553699928551],
                        [-9.110097353138148, 38.7241642538042],
                        [-9.10480915863841, 38.72054671749115],
                        [-9.102163199751882, 38.72262250510873],
                        [-9.099754353242645, 38.72487174090243],
                        [-9.098104251286339, 38.728123173760395],
                        [-9.096589043705084, 38.731906822198916]
                    ]
                ],
                "type": "Polygon"
            },
            "properties": {
                "geo_point_2d": {
                    "lon": -9.11009456490363,
                    "lat": 38.73104931789403
                },
                "year": "2021",
                "dis_code": "11",
                "dis_name": "Lisboa",
                "con_code": "1106",
                "con_name": "Lisboa",
                "fre_code": "110607",
                "fre_name": "Beato",
                "fre_name_upper": "BEATO",
                "fre_name_lower": "beato",
                "fre_area_code": "PRT",
                "fre_type": "parish",
                "fre_name_long": "Beato"
            }
        },
        {
            "type": "Feature",
            "geometry": {
                "coordinates": [
                    [
                        [-9.120104082009934, 38.74117076242995],
                        [-9.120362681499842, 38.74136593540148],
                        [-9.120792064662, 38.74172675793244],
                        [-9.121132835219406, 38.74209166169245],
                        [-9.121555935514367, 38.74247286697632],
                        [-9.122086647529327, 38.74279727010371],
                        [-9.122664101513799, 38.74319925608932],
                        [-9.122890875715024, 38.743322631714555],
                        [-9.123435938867159, 38.74358760567886],
                        [-9.123642833812543, 38.74366890591585],
                        [-9.124085818274557, 38.74376342052727],
                        [-9.124811559413418, 38.74409288545652],
                        [-9.125518765592902, 38.74449537671977],
                        [-9.125750507083698, 38.74465104183874],
                        [-9.126167274370056, 38.74487809557432],
                        [-9.12642364773263, 38.7450928208198],
                        [-9.127013179610254, 38.74544378886871],
                        [-9.127311179624948, 38.745690496338355],
                        [-9.127671840144192, 38.74608404007983],
                        [-9.12792630383318, 38.74647514644483],
                        [-9.128386672712415, 38.74703231620145],
                        [-9.128514693520549, 38.747205794491464],
                        [-9.128823008276816, 38.747581126838234],
                        [-9.128949008508265, 38.74775804932474],
                        [-9.129224304555391, 38.74809132589932],
                        [-9.12929528638232, 38.74820773555281],
                        [-9.129521317259806, 38.7484227132835],
                        [-9.129724311803873, 38.748536279414026],
                        [-9.12995294586096, 38.7486241334263],
                        [-9.13010044472641, 38.74863513956774],
                        [-9.130243881634899, 38.74863421415688],
                        [-9.130261346465067, 38.748212189132666],
                        [-9.130411631379944, 38.74812487662892],
                        [-9.130555764064846, 38.74675775755738],
                        [-9.130575679227706, 38.746517926668254],
                        [-9.130447653583799, 38.7465060775569],
                        [-9.130470777022046, 38.74593232635187],
                        [-9.131234379614023, 38.745937416636224],
                        [-9.132226514491588, 38.745865332297235],
                        [-9.134856835394755, 38.74553642648771],
                        [-9.135994629525618, 38.74546990412624],
                        [-9.136640410138765, 38.74542381724503],
                        [-9.13942257890887, 38.745244024274825],
                        [-9.140228998206663, 38.74517040903816],
                        [-9.140495969688722, 38.74517891425928],
                        [-9.141933832516123, 38.74510343850248],
                        [-9.142517552483499, 38.74506145882632],
                        [-9.144524915291989, 38.74506956980175],
                        [-9.145369970805758, 38.745011888984735],
                        [-9.145512858149077, 38.74500866794018],
                        [-9.145105727832032, 38.744562910434034],
                        [-9.144503970090907, 38.743497893626795],
                        [-9.143890019635986, 38.74238372489091],
                        [-9.14225539091783, 38.739911992802455],
                        [-9.141904611665344, 38.739186475666514],
                        [-9.142435901252703, 38.739030633139535],
                        [-9.142265887347511, 38.73824167745392],
                        [-9.14162184805133, 38.73521756034034],
                        [-9.139125585214275, 38.735292435362076],
                        [-9.138365764746517, 38.73534339064225],
                        [-9.138094096394752, 38.73539905669278],
                        [-9.137450378547333, 38.73562673104304],
                        [-9.136678620877303, 38.73603259566694],
                        [-9.136575583167726, 38.73613166677528],
                        [-9.136487300758892, 38.73639734478234],
                        [-9.136527733956232, 38.73689431789843],
                        [-9.131185489186347, 38.737218480223554],
                        [-9.129162466940416, 38.73734204755962],
                        [-9.12886696389214, 38.737363755513584],
                        [-9.128574014399, 38.73735277576961],
                        [-9.127751716351106, 38.73755468403433],
                        [-9.127098788189546, 38.737669061009875],
                        [-9.126475963162731, 38.73786479245753],
                        [-9.125863156275177, 38.73797035149482],
                        [-9.12493223558218, 38.73822598183076],
                        [-9.123736869572928, 38.73865409654291],
                        [-9.123224875117087, 38.73893354440944],
                        [-9.123654410088026, 38.7393743270721],
                        [-9.123900388079809, 38.73954482129113],
                        [-9.123880001344107, 38.739975439183425],
                        [-9.123893386699553, 38.74034706837537],
                        [-9.123699407544727, 38.740522962230635],
                        [-9.123467517847104, 38.74065636261286],
                        [-9.123189192417584, 38.74071967116673],
                        [-9.12254173554124, 38.74069739928727],
                        [-9.12177024326417, 38.740623299536],
                        [-9.121454675631925, 38.74060126501265],
                        [-9.12071512416083, 38.74075186403363],
                        [-9.120104082009934, 38.74117076242995]
                    ]
                ],
                "type": "Polygon"
            },
            "properties": {
                "geo_point_2d": {
                    "lon": -9.133526683059218,
                    "lat": 38.74137587868974
                },
                "year": "2021",
                "dis_code": "11",
                "dis_name": "Lisboa",
                "con_code": "1106",
                "con_name": "Lisboa",
                "fre_code": "110655",
                "fre_name": "Areeiro",
                "fre_name_upper": "AREEIRO",
                "fre_name_lower": "areeiro",
                "fre_area_code": "PRT",
                "fre_type": "parish",
                "fre_name_long": "Areeiro"
            }
        },
        {
            "type": "Feature",
            "geometry": {
                "coordinates": [
                    [
                        [-9.131388869510582, 38.784348294557596],
                        [-9.133777769844091, 38.7848722642232],
                        [-9.133929576496657, 38.78484817081239],
                        [-9.134295338715997, 38.784915114501686],
                        [-9.134969969063233, 38.78499723838686],
                        [-9.135646491443682, 38.78513168186945],
                        [-9.136415942573967, 38.78542592333592],
                        [-9.136688926965494, 38.78557319660427],
                        [-9.137063659715524, 38.78581164921099],
                        [-9.137460545328617, 38.78597983504481],
                        [-9.137796338917223, 38.78614169438766],
                        [-9.138950337348229, 38.786534848526266],
                        [-9.13976890781712, 38.786799813672],
                        [-9.139449149723994, 38.78612578996564],
                        [-9.139131098847793, 38.785359808145955],
                        [-9.138841566567786, 38.784873494951825],
                        [-9.138646563415715, 38.78431872001574],
                        [-9.138524453356968, 38.78356882502863],
                        [-9.138527746791945, 38.78300995184675],
                        [-9.13864956531108, 38.78215317108448],
                        [-9.139061022213731, 38.78126769701776],
                        [-9.139584997859753, 38.78045110775901],
                        [-9.139967645650865, 38.77989769215002],
                        [-9.140538307699574, 38.779229138348406],
                        [-9.14180663454841, 38.77773186471561],
                        [-9.143127721730185, 38.77616803101272],
                        [-9.143654203100429, 38.775534771428845],
                        [-9.145233344038811, 38.77368820260012],
                        [-9.145718927437747, 38.77312591616664],
                        [-9.146001624429429, 38.77275856849874],
                        [-9.146283252405022, 38.77231610347291],
                        [-9.146416071026962, 38.772014449946624],
                        [-9.146643321565575, 38.77160465208734],
                        [-9.146906974016032, 38.770861841225496],
                        [-9.14732963018363, 38.76973128819282],
                        [-9.147566615560654, 38.76904236838446],
                        [-9.147600734918385, 38.768548391496026],
                        [-9.147553523217775, 38.7681195137561],
                        [-9.14739726957682, 38.76773451358699],
                        [-9.14678703675361, 38.766269507388394],
                        [-9.146529674454225, 38.765520488270894],
                        [-9.146456428160784, 38.765188427215776],
                        [-9.146450650658739, 38.76478065327956],
                        [-9.146541121041956, 38.76439350945163],
                        [-9.146726316003436, 38.763919684278584],
                        [-9.147166293167945, 38.76304655344961],
                        [-9.14686408417428, 38.762098224142385],
                        [-9.145629999455133, 38.76237219355875],
                        [-9.143491181391706, 38.762735641783244],
                        [-9.142304743793698, 38.76289597834268],
                        [-9.140925898131602, 38.76301283668552],
                        [-9.139182113009966, 38.76307292522953],
                        [-9.136727838236252, 38.76306407499341],
                        [-9.129537470875654, 38.76302066293108],
                        [-9.128727276294498, 38.763027219139005],
                        [-9.1285740814071, 38.76301354589021],
                        [-9.127951398233831, 38.76295583018991],
                        [-9.126867961419377, 38.762790041907664],
                        [-9.126419163701653, 38.76270623987733],
                        [-9.125671230510083, 38.76251819102607],
                        [-9.12459849771167, 38.762235644784965],
                        [-9.124011745201152, 38.76203642354563],
                        [-9.121491299638281, 38.76129943747067],
                        [-9.119407320517539, 38.7606656308089],
                        [-9.118558646820915, 38.76040058653917],
                        [-9.112706532275741, 38.75865109959963],
                        [-9.107266243358563, 38.75701451948414],
                        [-9.10502048659204, 38.75634291150904],
                        [-9.10309670426464, 38.75574396070702],
                        [-9.103144488458767, 38.756266098573214],
                        [-9.103488934669947, 38.75978537770911],
                        [-9.10379059006105, 38.76266796127533],
                        [-9.103795306815599, 38.762838358489404],
                        [-9.103838532861584, 38.763183010428],
                        [-9.104595967985924, 38.7705187509495],
                        [-9.104828744018283, 38.77305097125198],
                        [-9.10497367582791, 38.774502525652174],
                        [-9.105067121286664, 38.77488728672824],
                        [-9.106236250039835, 38.77480535482996],
                        [-9.106477202979745, 38.77482190331978],
                        [-9.10664766857002, 38.774876056170534],
                        [-9.106958187304295, 38.77510037402059],
                        [-9.107491918412135, 38.77545748884419],
                        [-9.107858690840331, 38.77572213699891],
                        [-9.10845350760924, 38.776220881120956],
                        [-9.110052933482706, 38.7772258262291],
                        [-9.110189835971125, 38.77742564591977],
                        [-9.110989007237865, 38.77868670233273],
                        [-9.111201006603121, 38.77889048269837],
                        [-9.111579379073596, 38.77913448488124],
                        [-9.11184072699589, 38.779345595752844],
                        [-9.112588303025445, 38.77974268634859],
                        [-9.113102002711988, 38.78007832954577],
                        [-9.113596182328662, 38.78027351878656],
                        [-9.114290836164207, 38.780561514676435],
                        [-9.1148926901177, 38.78063634896523],
                        [-9.115158326305918, 38.780730676028476],
                        [-9.115754259389597, 38.78091878911466],
                        [-9.116314543235768, 38.781075034933544],
                        [-9.116822340240443, 38.78126388496683],
                        [-9.117359170953703, 38.78142942465744],
                        [-9.117942677623367, 38.78156709470462],
                        [-9.11957628978191, 38.78204449726697],
                        [-9.120341614730506, 38.78258663053809],
                        [-9.12045657530853, 38.78251390763096],
                        [-9.120717024341182, 38.78267791768068],
                        [-9.121607120793561, 38.7826410549114],
                        [-9.122038863578403, 38.78336143954045],
                        [-9.122980259398838, 38.783065707476005],
                        [-9.123949786341003, 38.7828100455079],
                        [-9.124249003595434, 38.78279385034345],
                        [-9.124855842557123, 38.7828266974051],
                        [-9.12586063922964, 38.78299718168386],
                        [-9.126019614936618, 38.78305834505531],
                        [-9.126235084961543, 38.783177032867684],
                        [-9.126555965084458, 38.78329482776577],
                        [-9.127384715501641, 38.7835455685727],
                        [-9.128294079211242, 38.7838580418353],
                        [-9.12877158200504, 38.783966658028156],
                        [-9.129115693544046, 38.784008398694496],
                        [-9.129625226843752, 38.78402904752708],
                        [-9.129780929414379, 38.78399524470857],
                        [-9.131388869510582, 38.784348294557596]
                    ]
                ],
                "type": "Polygon"
            },
            "properties": {
                "geo_point_2d": {
                    "lon": -9.12465188012203,
                    "lat": 38.77103013340842
                },
                "year": "2021",
                "dis_code": "11",
                "dis_name": "Lisboa",
                "con_code": "1106",
                "con_name": "Lisboa",
                "fre_code": "110633",
                "fre_name": "Olivais",
                "fre_name_upper": "OLIVAIS",
                "fre_name_lower": "olivais",
                "fre_area_code": "PRT",
                "fre_type": "parish",
                "fre_name_long": "Olivais"
            }
        }
    ]
}
