{
    "type": "FeatureCollection",
    "features": [
        {
            "type": "Feature",
            "geometry": {
                "coordinates": [
                    [
                        [-8.58820429467154, 41.167050094907445],
                        [-8.588457199537912, 41.167092220745225],
                        [-8.588870900549106, 41.16712542590092],
                        [-8.58930047962195, 41.16718026713183],
                        [-8.590173323061409, 41.16716670307365],
                        [-8.590432033739681, 41.167152439799914],
                        [-8.5906953311471, 41.16716462146362],
                        [-8.590879384952098, 41.16712417830562],
                        [-8.591780220504507, 41.166752580207564],
                        [-8.591911027149395, 41.166629596682235],
                        [-8.592228510188905, 41.166247088954584],
                        [-8.592489859083637, 41.165964031110356],
                        [-8.592537347538984, 41.16587127712492],
                        [-8.592770368296582, 41.164693399505325],
                        [-8.593402720805202, 41.164780369267504],
                        [-8.59364088712397, 41.163710159229],
                        [-8.59377583539065, 41.163161801847174],
                        [-8.596365498068488, 41.16347687393677],
                        [-8.59697909105434, 41.16355768114112],
                        [-8.598290481107014, 41.163713095580064],
                        [-8.59850786848349, 41.16380450650587],
                        [-8.599773675082833, 41.16508606889426],
                        [-8.60015744069295, 41.164883081018004],
                        [-8.600304981291718, 41.16478649374076],
                        [-8.603748710371955, 41.16216749655017],
                        [-8.604068449344346, 41.16189551468995],
                        [-8.604122968709971, 41.16182208737236],
                        [-8.604004777041222, 41.16180600353381],
                        [-8.603914506983005, 41.16167977690601],
                        [-8.603902606717451, 41.16149866180247],
                        [-8.604391631704086, 41.16044603984885],
                        [-8.604468602504832, 41.16018172115836],
                        [-8.60453902280456, 41.158742284802],
                        [-8.604620837154464, 41.15661838629485],
                        [-8.60469378158456, 41.1548021155327],
                        [-8.60449811048179, 41.15476150093202],
                        [-8.603137268145348, 41.15459852383502],
                        [-8.603045354193373, 41.154556761185965],
                        [-8.603534078996226, 41.15326832245065],
                        [-8.604294040297237, 41.151366301272354],
                        [-8.604305271036724, 41.15130430715641],
                        [-8.604263541908372, 41.150935300989445],
                        [-8.603689194524627, 41.150946393792175],
                        [-8.602241153390318, 41.15098834561062],
                        [-8.60215624032229, 41.1496267982927],
                        [-8.602049041990533, 41.14831324721963],
                        [-8.602021831873339, 41.14779057369586],
                        [-8.601982450483984, 41.147281455305034],
                        [-8.601935383353077, 41.14641300573185],
                        [-8.601862378758216, 41.14566604401871],
                        [-8.601775288466746, 41.145662973118434],
                        [-8.60168644310966, 41.14556546339155],
                        [-8.601448932905223, 41.145366360349925],
                        [-8.601466528420294, 41.1451116480098],
                        [-8.60136178774223, 41.144657090322404],
                        [-8.601464249910874, 41.144426792257526],
                        [-8.601338508890679, 41.14381528727653],
                        [-8.60122682027905, 41.14368743433867],
                        [-8.60152680655865, 41.143579505906644],
                        [-8.601730910082852, 41.1434545955613],
                        [-8.60192077843416, 41.14320521234798],
                        [-8.601958864060437, 41.14303397430695],
                        [-8.6019025155354, 41.1426833060074],
                        [-8.602080198678543, 41.14264566485704],
                        [-8.602413626048042, 41.142500861923416],
                        [-8.60315335113248, 41.1421416266785],
                        [-8.603414693400326, 41.14206005641398],
                        [-8.603898747907483, 41.14186024680781],
                        [-8.604052550767552, 41.14181513653472],
                        [-8.604078973120648, 41.141762171947256],
                        [-8.60393540871536, 41.14094400740529],
                        [-8.60156081628854, 41.14120431333732],
                        [-8.60087104265284, 41.14120235927096],
                        [-8.600089508266915, 41.14111099588182],
                        [-8.599218091757855, 41.14092437345483],
                        [-8.598261610872255, 41.140414739031876],
                        [-8.59736792111836, 41.14005819348951],
                        [-8.597029012066638, 41.13983193361682],
                        [-8.596464506776146, 41.13943667948367],
                        [-8.595126695263193, 41.13869075900846],
                        [-8.594183496749716, 41.1383506787779],
                        [-8.591528571091647, 41.13872716829139],
                        [-8.590107190613576, 41.13920808222654],
                        [-8.588994871293018, 41.13963670110631],
                        [-8.587751846957671, 41.140267793339795],
                        [-8.58738472075739, 41.14039917664441],
                        [-8.58640784350339, 41.14107755256893],
                        [-8.587676841034115, 41.142040665561794],
                        [-8.587050809089932, 41.14276546509939],
                        [-8.587135462044104, 41.142949449203286],
                        [-8.587189266946648, 41.14340845383581],
                        [-8.587275099894352, 41.143538676161356],
                        [-8.587243479291097, 41.143720595494884],
                        [-8.587324385577563, 41.1439650135313],
                        [-8.587286448351005, 41.14426590281182],
                        [-8.587437869883031, 41.144682023478204],
                        [-8.587473173722886, 41.144825950556665],
                        [-8.587619040398849, 41.14511071549712],
                        [-8.587452849823455, 41.145278762330705],
                        [-8.587348915412566, 41.145595766741785],
                        [-8.587601453486815, 41.14570083670244],
                        [-8.58762392500066, 41.145815008076035],
                        [-8.587541189615175, 41.14608033125401],
                        [-8.587941695495834, 41.1465481383717],
                        [-8.588154487300198, 41.14655458521577],
                        [-8.588305447226793, 41.14659423830491],
                        [-8.588989135521699, 41.146929359557305],
                        [-8.58907050578542, 41.147136404461385],
                        [-8.589048394087097, 41.14722851390448],
                        [-8.588066315164486, 41.14933058579645],
                        [-8.589813537808364, 41.14979726342153],
                        [-8.590278964408395, 41.149918047589466],
                        [-8.590228296500797, 41.15004908384443],
                        [-8.590425131941757, 41.150276825152595],
                        [-8.590422615087375, 41.1504273880618],
                        [-8.590469293706008, 41.15132987544401],
                        [-8.590483270067837, 41.15172825564298],
                        [-8.590781121444477, 41.15200529919036],
                        [-8.590865884370045, 41.15215047281095],
                        [-8.5909421534862, 41.152426956458754],
                        [-8.5910069379834, 41.15254321263557],
                        [-8.59114851115135, 41.15265178078512],
                        [-8.591769532819836, 41.15277085500609],
                        [-8.59135115932057, 41.153215175196905],
                        [-8.591210026924163, 41.15339158983515],
                        [-8.591142361673151, 41.15371484336281],
                        [-8.591104469542447, 41.154634597999895],
                        [-8.591107728488833, 41.15566268861623],
                        [-8.591119145248932, 41.15622252483977],
                        [-8.591187590583127, 41.15650363325168],
                        [-8.591079550735795, 41.15655728307167],
                        [-8.591190841488938, 41.15707034876744],
                        [-8.592395902737426, 41.15735762874281],
                        [-8.59309505772929, 41.15753463773302],
                        [-8.593799546087196, 41.15780887080858],
                        [-8.59331061016945, 41.15865777156633],
                        [-8.5926026689131, 41.159845478902014],
                        [-8.592256645431446, 41.16043628047368],
                        [-8.592103562429473, 41.16072754813347],
                        [-8.592042836384223, 41.160953529915815],
                        [-8.59174978852312, 41.16143723902521],
                        [-8.59159979524375, 41.161642685879016],
                        [-8.590919364101895, 41.16242894931008],
                        [-8.590385195040946, 41.16302202611708],
                        [-8.58996989178574, 41.16352395798763],
                        [-8.589363399200714, 41.164290018237395],
                        [-8.589137444433195, 41.164813972405156],
                        [-8.588702567926793, 41.1659144899843],
                        [-8.588652653477505, 41.16605362342424],
                        [-8.58820429467154, 41.167050094907445]
                    ]
                ],
                "type": "Polygon"
            },
            "properties": {
                "geo_point_2d": {
                    "lon": -8.596118508261902,
                    "lat": 41.151712179406424
                },
                "year": "2021",
                "dis_code": "13",
                "dis_name": "Porto",
                "con_code": "1312",
                "con_name": "Porto",
                "fre_code": "131202",
                "fre_name": "Bonfim",
                "fre_name_upper": "BONFIM",
                "fre_name_lower": "bonfim",
                "fre_area_code": "PRT",
                "fre_type": "parish",
                "fre_name_long": "Bonfim"
            }
        },
        {
            "type": "Feature",
            "geometry": {
                "coordinates": [
                    [
                        [-8.635938359955162, 41.159758970375215],
                        [-8.636084877438561, 41.16012804339179],
                        [-8.636249105663735, 41.16039825945604],
                        [-8.636536103706069, 41.16067451282718],
                        [-8.637414601598387, 41.16147058811891],
                        [-8.638043804965632, 41.16202680449881],
                        [-8.638386437042175, 41.16231604113317],
                        [-8.638613035800523, 41.162451994704426],
                        [-8.639018601554577, 41.16274374456197],
                        [-8.639335802891106, 41.16253237167078],
                        [-8.64096901473739, 41.16095598610268],
                        [-8.64197232231127, 41.16004922725761],
                        [-8.643863909698675, 41.16036461413076],
                        [-8.644892524446796, 41.160539308564765],
                        [-8.650226029548241, 41.16143409170427],
                        [-8.651586715106625, 41.16166521747457],
                        [-8.652313847363821, 41.16178375726118],
                        [-8.65645983006167, 41.16247679467794],
                        [-8.658519742163847, 41.16281539364512],
                        [-8.660176368049848, 41.16309655964143],
                        [-8.661898476796019, 41.1633837033018],
                        [-8.662998669397949, 41.16357212951836],
                        [-8.663134235007782, 41.16333280466752],
                        [-8.663254997692158, 41.163031685347875],
                        [-8.663368960953763, 41.162656403324114],
                        [-8.663486938321558, 41.162467041173336],
                        [-8.663631455688753, 41.16236282495386],
                        [-8.664612514480403, 41.16184927481745],
                        [-8.665305846263598, 41.1615286645155],
                        [-8.66516999797258, 41.16127654776516],
                        [-8.664400395495033, 41.16021293291612],
                        [-8.666080989526897, 41.15954873058292],
                        [-8.665707374804816, 41.15902227893801],
                        [-8.665132080582223, 41.15814658904262],
                        [-8.664791756877387, 41.15769822368588],
                        [-8.664733538200219, 41.15749787759228],
                        [-8.66471432327352, 41.157287449390815],
                        [-8.664765009229011, 41.1570737226318],
                        [-8.664691007394426, 41.15702787642439],
                        [-8.664694223031878, 41.15693926160901],
                        [-8.664614841928573, 41.15681771099869],
                        [-8.66425261298872, 41.15667819924863],
                        [-8.66416409948152, 41.15648780994752],
                        [-8.663746632256007, 41.155957049813786],
                        [-8.663222460979444, 41.15516386240594],
                        [-8.66296754008698, 41.15484286721328],
                        [-8.662532557243527, 41.15460374454394],
                        [-8.66250778712318, 41.15448680195222],
                        [-8.662331496931198, 41.15419497723766],
                        [-8.661437956748495, 41.15288843840288],
                        [-8.661757202681676, 41.15282646450728],
                        [-8.662106573212451, 41.15273372941238],
                        [-8.662269126260078, 41.1525934163494],
                        [-8.662386180948928, 41.15243926444365],
                        [-8.662517138875742, 41.15206048195492],
                        [-8.662568573412498, 41.15179146764406],
                        [-8.662580133199485, 41.15159980383438],
                        [-8.662509668979357, 41.151135327852955],
                        [-8.662386715895826, 41.150660927070135],
                        [-8.662369845191707, 41.15041563881764],
                        [-8.662404770280384, 41.150108520121464],
                        [-8.661747477139594, 41.150024660025856],
                        [-8.661414341024448, 41.14995776074286],
                        [-8.661373304034981, 41.14961101768561],
                        [-8.661133953555769, 41.149577003537324],
                        [-8.661067254210439, 41.14950410840414],
                        [-8.66128184500605, 41.14903769072617],
                        [-8.661266739126633, 41.14788638983626],
                        [-8.661305031273777, 41.14767119303382],
                        [-8.661420600558683, 41.1474523939463],
                        [-8.66185819370511, 41.14685529207438],
                        [-8.660294008824064, 41.142924661600766],
                        [-8.657144114894923, 41.14343396311777],
                        [-8.652036743263306, 41.1448123077181],
                        [-8.651057085823473, 41.14507668698444],
                        [-8.647986927552406, 41.1462517812955],
                        [-8.644632508832887, 41.14668737238048],
                        [-8.640982356921164, 41.14728715070978],
                        [-8.639072001357329, 41.147468381695056],
                        [-8.636726986323275, 41.1471565261321],
                        [-8.635347387928771, 41.14646303143686],
                        [-8.631463367215662, 41.14467047383213],
                        [-8.629813198889657, 41.14414241767658],
                        [-8.628160116413722, 41.143809380357574],
                        [-8.625654760280735, 41.143613338317344],
                        [-8.62345453462507, 41.14271108150579],
                        [-8.621414897089132, 41.141195900163325],
                        [-8.61970457560704, 41.13984271466353],
                        [-8.619527232842831, 41.139795384785444],
                        [-8.61870977868206, 41.14094904842294],
                        [-8.619172314497128, 41.14114716761382],
                        [-8.619823098550919, 41.14148071593217],
                        [-8.620371365323216, 41.14181829777529],
                        [-8.621401373177623, 41.14248185699946],
                        [-8.621597859050974, 41.14253981437913],
                        [-8.622521200886037, 41.14319256299194],
                        [-8.623357149641494, 41.14372087556343],
                        [-8.623765921309646, 41.143987810126575],
                        [-8.623489645478317, 41.14434745302737],
                        [-8.623897809031641, 41.14469182990825],
                        [-8.623811372748264, 41.14479322800506],
                        [-8.62361923021026, 41.14468005468755],
                        [-8.623508987964186, 41.14484683826379],
                        [-8.623540233679158, 41.14488443082393],
                        [-8.623920171136156, 41.14511745554096],
                        [-8.624146173674594, 41.14536095453321],
                        [-8.624370687295793, 41.14543761038148],
                        [-8.624399507914026, 41.14553257263654],
                        [-8.623931884057034, 41.14556779666546],
                        [-8.624000074216966, 41.14570257063325],
                        [-8.624524675297092, 41.14567160095484],
                        [-8.624567007276367, 41.145709688898194],
                        [-8.624785575077304, 41.146851751816335],
                        [-8.624766727601246, 41.147118355921684],
                        [-8.624713244320361, 41.14729326876535],
                        [-8.624184320971965, 41.14817957100741],
                        [-8.622675698102187, 41.14777182534155],
                        [-8.622918504432757, 41.14935499021169],
                        [-8.623142975667601, 41.15068342149371],
                        [-8.622504489091195, 41.15102155262906],
                        [-8.621357464128947, 41.15161963959378],
                        [-8.621287055386539, 41.15169899443242],
                        [-8.620803252146258, 41.152432648368915],
                        [-8.620758101608178, 41.15259212201097],
                        [-8.620910928903381, 41.152622361652654],
                        [-8.621650407428808, 41.15267584982316],
                        [-8.622936982978265, 41.15278426675994],
                        [-8.624061370159692, 41.15290020760856],
                        [-8.62455144950191, 41.15277033883855],
                        [-8.624571593181022, 41.15285102372733],
                        [-8.624532937018994, 41.15308196386169],
                        [-8.62448290791256, 41.15317852654025],
                        [-8.624982973884215, 41.15345839412224],
                        [-8.625454689042655, 41.15373775309248],
                        [-8.6260138692519, 41.15405103884145],
                        [-8.626560102154734, 41.154368881291745],
                        [-8.626741801250141, 41.15441960674875],
                        [-8.626792348980075, 41.15450348532874],
                        [-8.626980431297046, 41.154989535157036],
                        [-8.627501905033732, 41.15568764003228],
                        [-8.628589953238937, 41.15705735122319],
                        [-8.628930911844595, 41.15694503429999],
                        [-8.62925306348048, 41.15692959857543],
                        [-8.62945152420341, 41.15694278315135],
                        [-8.629712660534588, 41.15703539013489],
                        [-8.629905653911168, 41.15712819589567],
                        [-8.630142533196787, 41.15730527451154],
                        [-8.630274099541344, 41.15748289997314],
                        [-8.630350925542288, 41.15781031922184],
                        [-8.630359343755435, 41.158119580232054],
                        [-8.632196974663419, 41.158434849820935],
                        [-8.633270797483755, 41.158608279030986],
                        [-8.635646616682738, 41.15900272565078],
                        [-8.635938359955162, 41.159758970375215]
                    ]
                ],
                "type": "Polygon"
            },
            "properties": {
                "geo_point_2d": {
                    "lon": -8.644952799131811,
                    "lat": 41.15297322826928
                },
                "year": "2021",
                "dis_code": "13",
                "dis_name": "Porto",
                "con_code": "1312",
                "con_name": "Porto",
                "fre_code": "131218",
                "fre_name": "Lordelo do Ouro e Massarelos",
                "fre_name_upper": "LORDELO DO OURO E MASSARELOS",
                "fre_name_lower": "lordelo do ouro e massarelos",
                "fre_area_code": "PRT",
                "fre_type": "parish",
                "fre_name_long": "Uni\u00e3o das freguesias de Lordelo do Ouro e Massarelos"
            }
        },
        {
            "type": "Feature",
            "geometry": {
                "coordinates": [
                    [
                        [-8.55337925107515, 41.160057893440595],
                        [-8.554504820793083, 41.15971061271285],
                        [-8.554735634831985, 41.15962305076105],
                        [-8.555355544886016, 41.15921836916343],
                        [-8.555990316687287, 41.15892033303876],
                        [-8.556923269151566, 41.15847288777043],
                        [-8.557713066255566, 41.15807035778282],
                        [-8.55798579723116, 41.157817319333795],
                        [-8.558174634699789, 41.157578276464434],
                        [-8.558547921984818, 41.157032134848215],
                        [-8.558548256971866, 41.15677218145182],
                        [-8.558511513413109, 41.156488951856296],
                        [-8.558734432169064, 41.1561437135238],
                        [-8.55905892473848, 41.15637580974239],
                        [-8.561273042035289, 41.15784650961395],
                        [-8.562353906883965, 41.15867013640444],
                        [-8.562793452847254, 41.15898426673012],
                        [-8.56408716600775, 41.16015473722479],
                        [-8.564766513358157, 41.16060518331603],
                        [-8.565465526728692, 41.161018997485094],
                        [-8.566012989367755, 41.161379079028755],
                        [-8.565736530297169, 41.161895796703234],
                        [-8.565652323565043, 41.16208042832882],
                        [-8.565642690744198, 41.16228108044659],
                        [-8.565680246270189, 41.162700173672754],
                        [-8.56566560557292, 41.16315269251726],
                        [-8.565749102169256, 41.164194528243776],
                        [-8.56597933131948, 41.165299195741184],
                        [-8.566044544938398, 41.165647053985886],
                        [-8.56624210778535, 41.16593615287751],
                        [-8.566593611996653, 41.166422135545524],
                        [-8.566867140268227, 41.16686420035906],
                        [-8.567015170176692, 41.166941885113616],
                        [-8.568411315590534, 41.167479366320386],
                        [-8.568762662940653, 41.167525846489326],
                        [-8.569627546333898, 41.16751445098524],
                        [-8.570083602984539, 41.16752081931774],
                        [-8.570349567064321, 41.16761182713228],
                        [-8.570496538721827, 41.16769059283368],
                        [-8.570699722619732, 41.16790709304809],
                        [-8.570750955690764, 41.16813875466624],
                        [-8.570515078420309, 41.16964534032963],
                        [-8.570444566162724, 41.16984613460362],
                        [-8.570299382941961, 41.17001776360583],
                        [-8.570186437283846, 41.17009131194818],
                        [-8.567608943116634, 41.171127590338216],
                        [-8.567432793126475, 41.1712129872704],
                        [-8.56726249382192, 41.171355445743934],
                        [-8.567109717742625, 41.17156987709416],
                        [-8.56707755411213, 41.17185885273962],
                        [-8.56711663018618, 41.17201888805596],
                        [-8.567816394266034, 41.173601791885105],
                        [-8.567866788554275, 41.173779162531275],
                        [-8.567863903898974, 41.1739192798659],
                        [-8.567759272729571, 41.17413433523597],
                        [-8.567499654947698, 41.17437591029629],
                        [-8.566287284935317, 41.17548234477514],
                        [-8.566076528619325, 41.175689069756345],
                        [-8.566055226183428, 41.175892281111786],
                        [-8.56619263815834, 41.1760550084201],
                        [-8.567010778865816, 41.1766524041842],
                        [-8.56754399333852, 41.17705206446944],
                        [-8.567832748987522, 41.17728454169251],
                        [-8.568381210490438, 41.177682066801225],
                        [-8.569188128056728, 41.17823383828873],
                        [-8.569741029727826, 41.178437391463035],
                        [-8.570029209024108, 41.178509496544024],
                        [-8.57034103352837, 41.17862616987072],
                        [-8.570618141236583, 41.178700571085535],
                        [-8.570835247454651, 41.17878384382959],
                        [-8.571074929650061, 41.17884037212863],
                        [-8.571575022555011, 41.17900359962422],
                        [-8.571712463291101, 41.17911508554895],
                        [-8.571860733527458, 41.179153054808836],
                        [-8.571811038904206, 41.17909922089002],
                        [-8.5718727439061, 41.178775103166515],
                        [-8.572047119234002, 41.17836924974885],
                        [-8.572284499916176, 41.17818906342119],
                        [-8.572652551878646, 41.17798226727001],
                        [-8.57314449138467, 41.17792554803816],
                        [-8.573343376385356, 41.17787021823515],
                        [-8.573566359806925, 41.177676132089374],
                        [-8.573897804645766, 41.17755518857335],
                        [-8.574226939634155, 41.17751575016241],
                        [-8.574531886369096, 41.17758372422201],
                        [-8.575251899100007, 41.17782379370769],
                        [-8.575578749824837, 41.177905281927615],
                        [-8.575957705469808, 41.177936684053115],
                        [-8.57625679749357, 41.17787898473802],
                        [-8.576739540701897, 41.1778377666651],
                        [-8.576859227520922, 41.17786089602032],
                        [-8.577935239489289, 41.17799800063608],
                        [-8.578142849423363, 41.17798144197504],
                        [-8.57854816175433, 41.178015339581584],
                        [-8.578659785326852, 41.17783401464142],
                        [-8.5788416734739, 41.17764530067196],
                        [-8.579235353948254, 41.177337624157666],
                        [-8.57981122126079, 41.17686770411314],
                        [-8.580567428143151, 41.17630064530241],
                        [-8.580761190044226, 41.17617644132515],
                        [-8.581510123425781, 41.1758194690991],
                        [-8.581991478116187, 41.17557843390066],
                        [-8.5821788005045, 41.17538609169804],
                        [-8.582696959162984, 41.174882884211904],
                        [-8.583734715679524, 41.174107331917135],
                        [-8.584563446705749, 41.1743542078401],
                        [-8.584853185319055, 41.17378985668597],
                        [-8.585253218417758, 41.17297673071215],
                        [-8.585383021945468, 41.17273985390488],
                        [-8.585699094723129, 41.172108044700664],
                        [-8.585910713618272, 41.17164106249183],
                        [-8.586119240288799, 41.17125981143599],
                        [-8.586188838865462, 41.17110592562238],
                        [-8.586485231119244, 41.17056026571008],
                        [-8.587086435488073, 41.169378695873405],
                        [-8.58786252508594, 41.16781762181513],
                        [-8.588070372074924, 41.16737730215024],
                        [-8.58820429467154, 41.167050094907445],
                        [-8.588652653477505, 41.16605362342424],
                        [-8.588702567926793, 41.1659144899843],
                        [-8.589137444433195, 41.164813972405156],
                        [-8.589363399200714, 41.164290018237395],
                        [-8.58996989178574, 41.16352395798763],
                        [-8.590385195040946, 41.16302202611708],
                        [-8.590919364101895, 41.16242894931008],
                        [-8.59159979524375, 41.161642685879016],
                        [-8.59174978852312, 41.16143723902521],
                        [-8.592042836384223, 41.160953529915815],
                        [-8.592103562429473, 41.16072754813347],
                        [-8.592256645431446, 41.16043628047368],
                        [-8.5926026689131, 41.159845478902014],
                        [-8.59331061016945, 41.15865777156633],
                        [-8.593799546087196, 41.15780887080858],
                        [-8.59309505772929, 41.15753463773302],
                        [-8.592395902737426, 41.15735762874281],
                        [-8.591190841488938, 41.15707034876744],
                        [-8.591079550735795, 41.15655728307167],
                        [-8.591187590583127, 41.15650363325168],
                        [-8.591119145248932, 41.15622252483977],
                        [-8.591107728488833, 41.15566268861623],
                        [-8.591104469542447, 41.154634597999895],
                        [-8.591142361673151, 41.15371484336281],
                        [-8.591210026924163, 41.15339158983515],
                        [-8.59135115932057, 41.153215175196905],
                        [-8.591769532819836, 41.15277085500609],
                        [-8.59114851115135, 41.15265178078512],
                        [-8.5910069379834, 41.15254321263557],
                        [-8.5909421534862, 41.152426956458754],
                        [-8.590865884370045, 41.15215047281095],
                        [-8.590781121444477, 41.15200529919036],
                        [-8.590483270067837, 41.15172825564298],
                        [-8.590469293706008, 41.15132987544401],
                        [-8.590422615087375, 41.1504273880618],
                        [-8.590425131941757, 41.150276825152595],
                        [-8.590228296500797, 41.15004908384443],
                        [-8.590278964408395, 41.149918047589466],
                        [-8.589813537808364, 41.14979726342153],
                        [-8.588066315164486, 41.14933058579645],
                        [-8.589048394087097, 41.14722851390448],
                        [-8.58907050578542, 41.147136404461385],
                        [-8.588989135521699, 41.146929359557305],
                        [-8.588305447226793, 41.14659423830491],
                        [-8.588154487300198, 41.14655458521577],
                        [-8.587941695495834, 41.1465481383717],
                        [-8.587541189615175, 41.14608033125401],
                        [-8.58762392500066, 41.145815008076035],
                        [-8.587601453486815, 41.14570083670244],
                        [-8.587348915412566, 41.145595766741785],
                        [-8.587452849823455, 41.145278762330705],
                        [-8.587619040398849, 41.14511071549712],
                        [-8.587473173722886, 41.144825950556665],
                        [-8.587437869883031, 41.144682023478204],
                        [-8.587286448351005, 41.14426590281182],
                        [-8.587324385577563, 41.1439650135313],
                        [-8.587243479291097, 41.143720595494884],
                        [-8.587275099894352, 41.143538676161356],
                        [-8.587189266946648, 41.14340845383581],
                        [-8.587135462044104, 41.142949449203286],
                        [-8.587050809089932, 41.14276546509939],
                        [-8.587676841034115, 41.142040665561794],
                        [-8.58640784350339, 41.14107755256893],
                        [-8.585788288071338, 41.141498606805506],
                        [-8.584978336153007, 41.142153166891916],
                        [-8.583970244178003, 41.14228382280979],
                        [-8.583060194735776, 41.14236501765681],
                        [-8.582092824027788, 41.14242391420541],
                        [-8.580180160397994, 41.14235800074639],
                        [-8.57913782032687, 41.142200522639115],
                        [-8.577904950714332, 41.141891333136314],
                        [-8.576948863413957, 41.14131228186167],
                        [-8.575763153303413, 41.13995785023162],
                        [-8.574306657876633, 41.141754141205034],
                        [-8.573895735806842, 41.14233982641537],
                        [-8.573766648974024, 41.142255320770765],
                        [-8.57324943078039, 41.141735059565335],
                        [-8.573011287244897, 41.14206634341742],
                        [-8.572829605965405, 41.142273055406775],
                        [-8.57274787485788, 41.14223474128414],
                        [-8.57211463881148, 41.142672972581174],
                        [-8.572962803694061, 41.14352062358787],
                        [-8.573267947881403, 41.14380029727272],
                        [-8.573518913345858, 41.14406495718736],
                        [-8.572876393775546, 41.14411641006246],
                        [-8.57248915895443, 41.14413419193927],
                        [-8.57212474692424, 41.14418168551238],
                        [-8.571815146380006, 41.1442493217883],
                        [-8.571552067682982, 41.14432794469719],
                        [-8.570858097383283, 41.14475370664231],
                        [-8.570712526556166, 41.14480630861072],
                        [-8.570578799302949, 41.14481248929492],
                        [-8.570213760752184, 41.144783807608796],
                        [-8.570077484966836, 41.14483601062842],
                        [-8.569987761746942, 41.14504660485056],
                        [-8.570062488065389, 41.14531977881497],
                        [-8.57003251163622, 41.145398137811135],
                        [-8.56974035204781, 41.145796609417054],
                        [-8.569377281733045, 41.14649411206127],
                        [-8.569164577932096, 41.146947652666285],
                        [-8.569021089772464, 41.14731332022954],
                        [-8.568884808041902, 41.14740136103585],
                        [-8.568769337448948, 41.14741305506641],
                        [-8.568601710555408, 41.14733796846682],
                        [-8.568481942236316, 41.1471685132429],
                        [-8.568245441736519, 41.14673054196141],
                        [-8.568026652688365, 41.14682528470049],
                        [-8.567732386596035, 41.14680164052484],
                        [-8.567503493115302, 41.14680925988964],
                        [-8.567310377681205, 41.14678748064248],
                        [-8.566708317324466, 41.14651350874283],
                        [-8.56664435802453, 41.14628018148782],
                        [-8.5665161337884, 41.146217903524054],
                        [-8.566288305861782, 41.14635130933325],
                        [-8.56617789636641, 41.14638918175359],
                        [-8.565635109499006, 41.14643003892082],
                        [-8.565420372503533, 41.146471638414084],
                        [-8.565209286087317, 41.14674166020534],
                        [-8.565558351955028, 41.14694690426054],
                        [-8.565686917993602, 41.14707887312358],
                        [-8.564749395374385, 41.14681741111109],
                        [-8.564149943434856, 41.146630576567944],
                        [-8.563823002649713, 41.146472789484086],
                        [-8.563688779725583, 41.146367762737384],
                        [-8.56337920013138, 41.14673197395002],
                        [-8.563333424492404, 41.146853707533786],
                        [-8.56320449579404, 41.14702968057206],
                        [-8.563153440856652, 41.14725471031773],
                        [-8.562972022798554, 41.14745465326752],
                        [-8.562840036978763, 41.14765405495494],
                        [-8.56266743100027, 41.147781027344685],
                        [-8.562470894595098, 41.148037037545954],
                        [-8.562422183526524, 41.14816606801992],
                        [-8.562427644278737, 41.148545398124746],
                        [-8.562478221058221, 41.14866433470851],
                        [-8.562370792402948, 41.14883104396917],
                        [-8.562415778984231, 41.14907912584104],
                        [-8.56243263056277, 41.14930614958309],
                        [-8.56240885284163, 41.149458406604246],
                        [-8.562300025560313, 41.14963043986962],
                        [-8.56215953542281, 41.14969597296085],
                        [-8.561540926975294, 41.14982461747748],
                        [-8.561220521159477, 41.14975801393696],
                        [-8.560887865458913, 41.149638866791],
                        [-8.560816530602752, 41.149587358369416],
                        [-8.560667116237846, 41.14958224479885],
                        [-8.560498654056584, 41.149651845210514],
                        [-8.560270727954242, 41.14981053810012],
                        [-8.560045358024933, 41.149994882606265],
                        [-8.559837345520602, 41.150120548444306],
                        [-8.559680935101328, 41.15026690935408],
                        [-8.559412900261261, 41.1503582163101],
                        [-8.55896931679059, 41.1503823761013],
                        [-8.558709123719124, 41.15048913993809],
                        [-8.558311995565678, 41.150843402988244],
                        [-8.558128258300973, 41.151075584203085],
                        [-8.557888210790265, 41.151478058928944],
                        [-8.557460690335828, 41.15181361464664],
                        [-8.557338356437304, 41.15198091251318],
                        [-8.557055536410633, 41.152255778252446],
                        [-8.556940679081963, 41.152326795125674],
                        [-8.556710966131709, 41.15254212763921],
                        [-8.55658785444556, 41.152608132969554],
                        [-8.556303804327262, 41.15269355046757],
                        [-8.556118892184744, 41.15280138338353],
                        [-8.555939939912635, 41.15287236988245],
                        [-8.555289436247135, 41.15301127100637],
                        [-8.554945084263515, 41.152945816541916],
                        [-8.554737456112793, 41.153207700522806],
                        [-8.55469150549483, 41.153527520863946],
                        [-8.554679848157418, 41.15443645204949],
                        [-8.554666170521763, 41.154477020828146],
                        [-8.554440908647443, 41.15466549946837],
                        [-8.554321385817035, 41.154938585910344],
                        [-8.554344133799265, 41.15525221191238],
                        [-8.554504972206804, 41.155863905623804],
                        [-8.554634269299282, 41.15614733905346],
                        [-8.554673252306392, 41.156410836780715],
                        [-8.554673296101814, 41.15669473950288],
                        [-8.554649180077563, 41.15694559909822],
                        [-8.554851726917759, 41.157318438522964],
                        [-8.554480614016155, 41.15765179270058],
                        [-8.554457497374573, 41.15787301792787],
                        [-8.554404224431634, 41.15811074587011],
                        [-8.553947994097948, 41.15814168497454],
                        [-8.55315793788521, 41.15817240571029],
                        [-8.552613455058328, 41.15820708477802],
                        [-8.55325077069687, 41.158862601179635],
                        [-8.55337925107515, 41.160057893440595]
                    ]
                ],
                "type": "Polygon"
            },
            "properties": {
                "geo_point_2d": {
                    "lon": -8.575994488030187,
                    "lat": 41.158636733803604
                },
                "year": "2021",
                "dis_code": "13",
                "dis_name": "Porto",
                "con_code": "1312",
                "con_name": "Porto",
                "fre_code": "131203",
                "fre_name": "Campanh\u00e3",
                "fre_name_upper": "CAMPANH\u00c3",
                "fre_name_lower": "campanh\u00e3",
                "fre_area_code": "PRT",
                "fre_type": "parish",
                "fre_name_long": "Campanh\u00e3"
            }
        },
        {
            "type": "Feature",
            "geometry": {
                "coordinates": [
                    [
                        [-8.657783472200528, 41.17743527725796],
                        [-8.661115757963563, 41.17695366477562],
                        [-8.661540242630515, 41.17692299067444],
                        [-8.661845249999162, 41.17695804842821],
                        [-8.662061937815096, 41.17706519160122],
                        [-8.662375803190145, 41.177340082879795],
                        [-8.664082775742942, 41.179013595435585],
                        [-8.665022791697394, 41.17923412064282],
                        [-8.66566384093492, 41.179307006937854],
                        [-8.666380259325488, 41.1791950452726],
                        [-8.66668414133167, 41.17910421794612],
                        [-8.667005631421489, 41.17886402406516],
                        [-8.667257019797438, 41.178578052380644],
                        [-8.667735381575465, 41.177728980847206],
                        [-8.668235307056976, 41.17691087188766],
                        [-8.668480287681392, 41.17671577526807],
                        [-8.66870454035457, 41.17659605591346],
                        [-8.66976016873274, 41.17630452161472],
                        [-8.670412692892926, 41.176107519454824],
                        [-8.670615694207793, 41.175983478898566],
                        [-8.670822252833672, 41.17576947285504],
                        [-8.671413476646734, 41.1748868111588],
                        [-8.67231580341682, 41.17426083483332],
                        [-8.67305562881409, 41.173786976647115],
                        [-8.67429332261281, 41.172836697612134],
                        [-8.675354823285254, 41.17208461111097],
                        [-8.675773771430997, 41.1719505393465],
                        [-8.676459261567, 41.17184257667282],
                        [-8.67885605077097, 41.17149003292852],
                        [-8.679306115745446, 41.171516169465036],
                        [-8.679863044391043, 41.171725292267304],
                        [-8.683560945674154, 41.17345632298084],
                        [-8.684230594607188, 41.17364660524162],
                        [-8.686046016578883, 41.17352253112087],
                        [-8.6901233398917, 41.17339854744734],
                        [-8.689886930037897, 41.173288493629315],
                        [-8.689848166635489, 41.17307366176341],
                        [-8.689859898516742, 41.17295357854167],
                        [-8.689784478343677, 41.172828694972004],
                        [-8.689875538186975, 41.172788635876074],
                        [-8.689761993304074, 41.17265097217262],
                        [-8.689603343400108, 41.17261797536089],
                        [-8.689470597566237, 41.17242250643384],
                        [-8.689379803393194, 41.172114285388695],
                        [-8.689118426216016, 41.171785818663764],
                        [-8.688949765329872, 41.171401072699524],
                        [-8.68889484625297, 41.17112194118506],
                        [-8.68888003338551, 41.17093544515306],
                        [-8.688837198589106, 41.1708020305669],
                        [-8.688804031234042, 41.17053035584749],
                        [-8.688793415014104, 41.16989714013334],
                        [-8.688943034137033, 41.16970868008998],
                        [-8.689195937742973, 41.16960165327851],
                        [-8.68924890065429, 41.16952405231833],
                        [-8.689432490031724, 41.1693796342756],
                        [-8.689703683812045, 41.16956038407762],
                        [-8.689887509050077, 41.16954175621896],
                        [-8.689773967785607, 41.16933331942668],
                        [-8.6896966189347, 41.16927570635344],
                        [-8.689710632978464, 41.16920018158926],
                        [-8.689857688573511, 41.16913139735017],
                        [-8.69020058545036, 41.169168540757006],
                        [-8.690204818013745, 41.16909144786811],
                        [-8.690407670177656, 41.169110181490595],
                        [-8.690486411107296, 41.16926170053261],
                        [-8.690609296057085, 41.169294059787774],
                        [-8.69088883253487, 41.16919419563912],
                        [-8.690936286383145, 41.169113465468264],
                        [-8.69107755225768, 41.16903660293066],
                        [-8.691159522801199, 41.16889546839747],
                        [-8.691257672962772, 41.16880773922016],
                        [-8.691243113565921, 41.168735236807485],
                        [-8.691066809416427, 41.16874059675548],
                        [-8.691129963223277, 41.168614503249216],
                        [-8.690970895628139, 41.16864400024502],
                        [-8.690935396836641, 41.16846291893949],
                        [-8.690995071736296, 41.16841850787604],
                        [-8.690901960399831, 41.16828641622813],
                        [-8.69070072750053, 41.168247146694945],
                        [-8.6903230148171, 41.168277972985415],
                        [-8.690254258735544, 41.16820735249233],
                        [-8.690294002721986, 41.16808902453208],
                        [-8.690510145653805, 41.16808770861112],
                        [-8.690689900801589, 41.168025783914864],
                        [-8.690523090831022, 41.16776079113712],
                        [-8.690210280000239, 41.167757806895274],
                        [-8.690170912528208, 41.167639772441106],
                        [-8.690212408932883, 41.16744742324967],
                        [-8.690334300384796, 41.16727854476487],
                        [-8.69041623216229, 41.167062586840274],
                        [-8.690221955962835, 41.16698672437118],
                        [-8.69030895195285, 41.166903550283635],
                        [-8.69044383222423, 41.16690379543942],
                        [-8.690519613936143, 41.16674918748413],
                        [-8.690369649736253, 41.1666435748462],
                        [-8.69016269211084, 41.166588845525744],
                        [-8.690130173055163, 41.166646091063235],
                        [-8.689986967888183, 41.16663444850538],
                        [-8.690051207195658, 41.16652410334933],
                        [-8.689944488657888, 41.16645907059318],
                        [-8.689943507022445, 41.16638506165173],
                        [-8.689629381945025, 41.16649382755378],
                        [-8.689565103437083, 41.16637483270539],
                        [-8.689717315377841, 41.1662826115843],
                        [-8.689674805706412, 41.16622969512992],
                        [-8.689786224758521, 41.16614667353983],
                        [-8.689754668011966, 41.16609307027327],
                        [-8.68934962102642, 41.16610232955786],
                        [-8.689235525742783, 41.16606632296447],
                        [-8.689193792395713, 41.165978464926866],
                        [-8.689077250488271, 41.16603386741809],
                        [-8.689011540367655, 41.16588615448362],
                        [-8.688869416004282, 41.16584722493224],
                        [-8.688795997187366, 41.165676233281076],
                        [-8.68882338143556, 41.1655896588043],
                        [-8.688743308114077, 41.16554700716051],
                        [-8.688584277185996, 41.16555173701148],
                        [-8.688534832818128, 41.165312825237564],
                        [-8.688337733197324, 41.16525408047754],
                        [-8.68823436124005, 41.16509169599114],
                        [-8.688239019487707, 41.165008743755514],
                        [-8.688160715316355, 41.16483686938138],
                        [-8.688265194856566, 41.16477873910989],
                        [-8.688264464509093, 41.16453761233352],
                        [-8.688101746290775, 41.16451471692348],
                        [-8.688212281450161, 41.16432734371502],
                        [-8.68809757636237, 41.164261270787506],
                        [-8.687920228284264, 41.16432596760961],
                        [-8.68794563219297, 41.16420230595684],
                        [-8.687904949866917, 41.164125696857944],
                        [-8.68778301945219, 41.16403651550866],
                        [-8.68777616939861, 41.16394452162859],
                        [-8.687689095596062, 41.163905325489246],
                        [-8.687695490231771, 41.1638025562899],
                        [-8.68754303392059, 41.16372450422466],
                        [-8.68729890307241, 41.16373919367802],
                        [-8.687175068872282, 41.1636215662782],
                        [-8.687177671792949, 41.16353493127677],
                        [-8.687293434179933, 41.16344432933882],
                        [-8.687273686460035, 41.16334988256524],
                        [-8.68706391457221, 41.163397899586634],
                        [-8.686770536479129, 41.16328108431079],
                        [-8.686766247155647, 41.16318242295241],
                        [-8.6866189373956, 41.16317719168785],
                        [-8.686783327093792, 41.16300360683963],
                        [-8.68672066955313, 41.162949342712054],
                        [-8.686561661641408, 41.16294191831806],
                        [-8.686441286392407, 41.16306405501892],
                        [-8.686263509495417, 41.16286573507596],
                        [-8.686176799328887, 41.16255830083069],
                        [-8.686095283861615, 41.16240085090712],
                        [-8.686091194217365, 41.162155867373535],
                        [-8.686137249057237, 41.16196601337945],
                        [-8.686220482965668, 41.16181902420987],
                        [-8.686264765590973, 41.16146197824308],
                        [-8.68617882753208, 41.16128824725365],
                        [-8.68621355833085, 41.16097005398424],
                        [-8.686167310185702, 41.1608552016604],
                        [-8.68613140777451, 41.16063846160666],
                        [-8.6861944176889, 41.160382080503204],
                        [-8.68625397518095, 41.16023916596124],
                        [-8.68633326004768, 41.16024526920557],
                        [-8.68646859974066, 41.160132061402],
                        [-8.6862893714659, 41.16004315454651],
                        [-8.686309246558352, 41.1599558071556],
                        [-8.686175570449002, 41.159870911569875],
                        [-8.685951131249848, 41.159252232764494],
                        [-8.68579309124244, 41.15917528742228],
                        [-8.68551892949669, 41.15910205123604],
                        [-8.685215796231649, 41.15897043142468],
                        [-8.685202649613316, 41.15893672820129],
                        [-8.685308797787828, 41.158752709329434],
                        [-8.685210468037116, 41.15864855216355],
                        [-8.685255483121875, 41.158533532078856],
                        [-8.68515989629063, 41.158500496829255],
                        [-8.685240764576339, 41.15839854217487],
                        [-8.685111122720736, 41.15836764836946],
                        [-8.685059238619598, 41.15827641570029],
                        [-8.685221191303192, 41.15812571832724],
                        [-8.685572525101215, 41.15771433759261],
                        [-8.685507662674086, 41.157666207167765],
                        [-8.68517524275926, 41.158002671966365],
                        [-8.685153563485272, 41.15800304329785],
                        [-8.684478362906074, 41.15853672965389],
                        [-8.684303750339962, 41.15847174639765],
                        [-8.684223005992434, 41.158362105231674],
                        [-8.684056214175223, 41.15822081569218],
                        [-8.683845487333786, 41.15809657858261],
                        [-8.68367168344634, 41.15795731106087],
                        [-8.683576210159968, 41.157739144884054],
                        [-8.683708912385097, 41.157652067243426],
                        [-8.683963343658606, 41.157646615121955],
                        [-8.684157180505823, 41.15747631378391],
                        [-8.683981558921445, 41.157389906339205],
                        [-8.683912722252442, 41.15743498705875],
                        [-8.683645051230101, 41.157453468586695],
                        [-8.68359417555537, 41.15753754207205],
                        [-8.6834843826337, 41.15760109795628],
                        [-8.68332374502463, 41.15761033666791],
                        [-8.683261829478576, 41.15752986264358],
                        [-8.683152241906289, 41.15748933074938],
                        [-8.683067323839266, 41.15733666436806],
                        [-8.682957447384116, 41.15731882188328],
                        [-8.682784652498327, 41.157213580058766],
                        [-8.68271782354761, 41.15711485488762],
                        [-8.68275972676004, 41.15704036919076],
                        [-8.682599175768411, 41.156917599347466],
                        [-8.682490261683446, 41.156773063549764],
                        [-8.68233405782424, 41.156771018012506],
                        [-8.682116177878045, 41.15667409673582],
                        [-8.681965464244211, 41.15650238917732],
                        [-8.681821415631623, 41.15628778453048],
                        [-8.681612236790993, 41.15616191512352],
                        [-8.68157017178511, 41.15597582023236],
                        [-8.681466707210094, 41.15591247479423],
                        [-8.681396552755752, 41.15581430402029],
                        [-8.681378506818426, 41.15565141414316],
                        [-8.681163195210122, 41.15554726904076],
                        [-8.681265545396368, 41.15546322178153],
                        [-8.681008145286437, 41.155397728786205],
                        [-8.68091655784967, 41.15530164150954],
                        [-8.68075082061203, 41.1552846964613],
                        [-8.680774971840124, 41.155123673240205],
                        [-8.680350817677416, 41.1548481898639],
                        [-8.680155788289765, 41.15443294387806],
                        [-8.67987309075349, 41.15387584964676],
                        [-8.679590859475857, 41.15356123571167],
                        [-8.67931926365872, 41.153406390460354],
                        [-8.679032078539935, 41.153096483572234],
                        [-8.678841625775041, 41.15284302242925],
                        [-8.678653826296639, 41.152636546549985],
                        [-8.678513420824705, 41.15258462968653],
                        [-8.678244495920351, 41.15216351713996],
                        [-8.678037953444123, 41.15189410033188],
                        [-8.677923637889851, 41.15164198642303],
                        [-8.677805715466041, 41.15121349435994],
                        [-8.677677918028518, 41.15108750383684],
                        [-8.677198806417012, 41.150773817154594],
                        [-8.67678759390018, 41.15042990997667],
                        [-8.67643296052239, 41.150056203796886],
                        [-8.67634290803049, 41.14988501109167],
                        [-8.67631504888238, 41.149742514532846],
                        [-8.676205692466903, 41.14949793817454],
                        [-8.675844817670413, 41.14900297008177],
                        [-8.675380904092346, 41.148391887712464],
                        [-8.674983509145301, 41.147800836733026],
                        [-8.675116700520825, 41.14770142969513],
                        [-8.676216069256922, 41.147241877738395],
                        [-8.677197381477567, 41.14682582820688],
                        [-8.677437528592847, 41.14678354198446],
                        [-8.67734306795047, 41.14666864348089],
                        [-8.677213563881354, 41.146766592288735],
                        [-8.675788780839426, 41.147370768219176],
                        [-8.674898186930282, 41.1477241626374],
                        [-8.674852655967907, 41.14769259322486],
                        [-8.674639509785923, 41.147338440482514],
                        [-8.676210520402847, 41.14689639167708],
                        [-8.676483972465531, 41.14680148386336],
                        [-8.677513310396069, 41.1461145531814],
                        [-8.677611057469102, 41.1461675869348],
                        [-8.678728887357606, 41.14548691365434],
                        [-8.679274385765178, 41.14512991906078],
                        [-8.679052022421216, 41.14498386002494],
                        [-8.676605829301732, 41.14656017857056],
                        [-8.676490224667248, 41.14648716741227],
                        [-8.676124079538388, 41.14666235111344],
                        [-8.675352619239833, 41.14685905287632],
                        [-8.674630742435836, 41.147058568864104],
                        [-8.67074812896517, 41.143474448642635],
                        [-8.6674820626007, 41.14349000786868],
                        [-8.664954390200448, 41.143146995264026],
                        [-8.662950735145976, 41.14290144396201],
                        [-8.661988246919597, 41.14283466227591],
                        [-8.661459654899252, 41.14280810019386],
                        [-8.661029876916501, 41.142805574734844],
                        [-8.660294008824064, 41.142924661600766],
                        [-8.66185819370511, 41.14685529207438],
                        [-8.661420600558683, 41.1474523939463],
                        [-8.661305031273777, 41.14767119303382],
                        [-8.661266739126633, 41.14788638983626],
                        [-8.66128184500605, 41.14903769072617],
                        [-8.661067254210439, 41.14950410840414],
                        [-8.661133953555769, 41.149577003537324],
                        [-8.661373304034981, 41.14961101768561],
                        [-8.661414341024448, 41.14995776074286],
                        [-8.661747477139594, 41.150024660025856],
                        [-8.662404770280384, 41.150108520121464],
                        [-8.662369845191707, 41.15041563881764],
                        [-8.662386715895826, 41.150660927070135],
                        [-8.662509668979357, 41.151135327852955],
                        [-8.662580133199485, 41.15159980383438],
                        [-8.662568573412498, 41.15179146764406],
                        [-8.662517138875742, 41.15206048195492],
                        [-8.662386180948928, 41.15243926444365],
                        [-8.662269126260078, 41.1525934163494],
                        [-8.662106573212451, 41.15273372941238],
                        [-8.661757202681676, 41.15282646450728],
                        [-8.661437956748495, 41.15288843840288],
                        [-8.662331496931198, 41.15419497723766],
                        [-8.66250778712318, 41.15448680195222],
                        [-8.662532557243527, 41.15460374454394],
                        [-8.66296754008698, 41.15484286721328],
                        [-8.663222460979444, 41.15516386240594],
                        [-8.663746632256007, 41.155957049813786],
                        [-8.66416409948152, 41.15648780994752],
                        [-8.66425261298872, 41.15667819924863],
                        [-8.664614841928573, 41.15681771099869],
                        [-8.664694223031878, 41.15693926160901],
                        [-8.664691007394426, 41.15702787642439],
                        [-8.664765009229011, 41.1570737226318],
                        [-8.66471432327352, 41.157287449390815],
                        [-8.664733538200219, 41.15749787759228],
                        [-8.664791756877387, 41.15769822368588],
                        [-8.665132080582223, 41.15814658904262],
                        [-8.665707374804816, 41.15902227893801],
                        [-8.666080989526897, 41.15954873058292],
                        [-8.664400395495033, 41.16021293291612],
                        [-8.66516999797258, 41.16127654776516],
                        [-8.665305846263598, 41.1615286645155],
                        [-8.664612514480403, 41.16184927481745],
                        [-8.663631455688753, 41.16236282495386],
                        [-8.663486938321558, 41.162467041173336],
                        [-8.663368960953763, 41.162656403324114],
                        [-8.663254997692158, 41.163031685347875],
                        [-8.663134235007782, 41.16333280466752],
                        [-8.662998669397949, 41.16357212951836],
                        [-8.662717030359186, 41.163959260233746],
                        [-8.662041522428312, 41.164735661143254],
                        [-8.66135859230416, 41.16558376016872],
                        [-8.66073719172153, 41.16636539413196],
                        [-8.66034461707779, 41.16677040626275],
                        [-8.660195631345218, 41.16695765950181],
                        [-8.659044727750526, 41.168325633569225],
                        [-8.658382817171685, 41.16909987677722],
                        [-8.6580052455371, 41.16956703220867],
                        [-8.657315191208077, 41.17037129083733],
                        [-8.657013637492538, 41.17073391338776],
                        [-8.656888121332459, 41.17093816099139],
                        [-8.65762739073521, 41.17145757028958],
                        [-8.658190590186479, 41.17187792153346],
                        [-8.658441820950447, 41.172044788355336],
                        [-8.658995016698055, 41.17252425043556],
                        [-8.659520339402413, 41.17300437656002],
                        [-8.660150927252406, 41.17354731261678],
                        [-8.660263378159344, 41.173615948415275],
                        [-8.660455583881678, 41.173821084509974],
                        [-8.660555374950366, 41.17396072745448],
                        [-8.660671391095338, 41.1740131405618],
                        [-8.661552972878505, 41.17402538077467],
                        [-8.661894421252672, 41.173999586680765],
                        [-8.662035140960738, 41.173937890416035],
                        [-8.66244629911223, 41.17413354531785],
                        [-8.662231708652904, 41.17437314917323],
                        [-8.662019020305149, 41.174672078688324],
                        [-8.661720550013664, 41.174944117571016],
                        [-8.661565134995977, 41.1750599085285],
                        [-8.661212759273916, 41.175238282054494],
                        [-8.660533834892906, 41.17560688603022],
                        [-8.659687356483902, 41.17603594891907],
                        [-8.659392466001883, 41.17622179683294],
                        [-8.658143411429112, 41.17619069412313],
                        [-8.657658808793798, 41.17619966260378],
                        [-8.656874715066893, 41.17619226008391],
                        [-8.65710562398544, 41.17654344933587],
                        [-8.657552861919875, 41.17719618899108],
                        [-8.657783472200528, 41.17743527725796]
                    ]
                ],
                "type": "Polygon"
            },
            "properties": {
                "geo_point_2d": {
                    "lon": -8.672426974012563,
                    "lat": 41.16199860202133
                },
                "year": "2021",
                "dis_code": "13",
                "dis_name": "Porto",
                "con_code": "1312",
                "con_name": "Porto",
                "fre_code": "131216",
                "fre_name": "Aldoar, Foz do Douro e Nevogilde",
                "fre_name_upper": "ALDOAR, FOZ DO DOURO E NEVOGILDE",
                "fre_name_lower": "aldoar, foz do douro e nevogilde",
                "fre_area_code": "PRT",
                "fre_type": "parish",
                "fre_name_long": "Uni\u00e3o das freguesias de Aldoar, Foz do Douro e Nevogilde"
            }
        },
        {
            "type": "Feature",
            "geometry": {
                "coordinates": [
                    [
                        [-8.62268166970511, 41.180251356919136],
                        [-8.623843456617536, 41.18012771427288],
                        [-8.627838962431563, 41.17968861702175],
                        [-8.629637841940726, 41.17948338447311],
                        [-8.631968417354077, 41.179239792287404],
                        [-8.63240141560753, 41.17921170988909],
                        [-8.632660252054023, 41.17925605298268],
                        [-8.633870627827463, 41.17992716803906],
                        [-8.64132128771959, 41.184050557898296],
                        [-8.641768641520517, 41.184271429534625],
                        [-8.642165356232436, 41.184325312525594],
                        [-8.64263275539779, 41.184318649006755],
                        [-8.643338667650383, 41.18405502322003],
                        [-8.645035684462522, 41.18325256976578],
                        [-8.648001617923788, 41.18173866381807],
                        [-8.65092286612357, 41.1800013944708],
                        [-8.653059215420061, 41.17880858084256],
                        [-8.653929181899803, 41.178520376138145],
                        [-8.655945161870527, 41.17792259932052],
                        [-8.657783472200528, 41.17743527725796],
                        [-8.657552861919875, 41.17719618899108],
                        [-8.65710562398544, 41.17654344933587],
                        [-8.656874715066893, 41.17619226008391],
                        [-8.657658808793798, 41.17619966260378],
                        [-8.658143411429112, 41.17619069412313],
                        [-8.659392466001883, 41.17622179683294],
                        [-8.659687356483902, 41.17603594891907],
                        [-8.660533834892906, 41.17560688603022],
                        [-8.661212759273916, 41.175238282054494],
                        [-8.661565134995977, 41.1750599085285],
                        [-8.661720550013664, 41.174944117571016],
                        [-8.662019020305149, 41.174672078688324],
                        [-8.662231708652904, 41.17437314917323],
                        [-8.66244629911223, 41.17413354531785],
                        [-8.662035140960738, 41.173937890416035],
                        [-8.661894421252672, 41.173999586680765],
                        [-8.661552972878505, 41.17402538077467],
                        [-8.660671391095338, 41.1740131405618],
                        [-8.660555374950366, 41.17396072745448],
                        [-8.660455583881678, 41.173821084509974],
                        [-8.660263378159344, 41.173615948415275],
                        [-8.660150927252406, 41.17354731261678],
                        [-8.659520339402413, 41.17300437656002],
                        [-8.658995016698055, 41.17252425043556],
                        [-8.658441820950447, 41.172044788355336],
                        [-8.658190590186479, 41.17187792153346],
                        [-8.65762739073521, 41.17145757028958],
                        [-8.656888121332459, 41.17093816099139],
                        [-8.657013637492538, 41.17073391338776],
                        [-8.657315191208077, 41.17037129083733],
                        [-8.6580052455371, 41.16956703220867],
                        [-8.658382817171685, 41.16909987677722],
                        [-8.659044727750526, 41.168325633569225],
                        [-8.660195631345218, 41.16695765950181],
                        [-8.66034461707779, 41.16677040626275],
                        [-8.66073719172153, 41.16636539413196],
                        [-8.66135859230416, 41.16558376016872],
                        [-8.662041522428312, 41.164735661143254],
                        [-8.662717030359186, 41.163959260233746],
                        [-8.662998669397949, 41.16357212951836],
                        [-8.661898476796019, 41.1633837033018],
                        [-8.660176368049848, 41.16309655964143],
                        [-8.658519742163847, 41.16281539364512],
                        [-8.65645983006167, 41.16247679467794],
                        [-8.652313847363821, 41.16178375726118],
                        [-8.651586715106625, 41.16166521747457],
                        [-8.650226029548241, 41.16143409170427],
                        [-8.644892524446796, 41.160539308564765],
                        [-8.643863909698675, 41.16036461413076],
                        [-8.64197232231127, 41.16004922725761],
                        [-8.64096901473739, 41.16095598610268],
                        [-8.639335802891106, 41.16253237167078],
                        [-8.639018601554577, 41.16274374456197],
                        [-8.638613035800523, 41.162451994704426],
                        [-8.638386437042175, 41.16231604113317],
                        [-8.638043804965632, 41.16202680449881],
                        [-8.637414601598387, 41.16147058811891],
                        [-8.636536103706069, 41.16067451282718],
                        [-8.636249105663735, 41.16039825945604],
                        [-8.636084877438561, 41.16012804339179],
                        [-8.635938359955162, 41.159758970375215],
                        [-8.634825860616768, 41.160217114271965],
                        [-8.634221034526519, 41.16049069846841],
                        [-8.634046082909922, 41.16048443877775],
                        [-8.632813827192614, 41.160568328856655],
                        [-8.632944654911304, 41.16080357941036],
                        [-8.633155559113362, 41.16139963803497],
                        [-8.63246781126622, 41.16205039899234],
                        [-8.631249299468562, 41.16263079104161],
                        [-8.631705344649355, 41.162889662630846],
                        [-8.633360077463498, 41.16381133440976],
                        [-8.632327488250468, 41.16427577099359],
                        [-8.63218245949237, 41.16431889902036],
                        [-8.631745193129888, 41.16460362606791],
                        [-8.631617980182677, 41.164671439067625],
                        [-8.630567581936957, 41.165131520290686],
                        [-8.629610349679938, 41.165561386924885],
                        [-8.628818009382092, 41.16591120701639],
                        [-8.628373228186687, 41.16607097076074],
                        [-8.626715447340779, 41.16657838646451],
                        [-8.6265092173959, 41.16662933773879],
                        [-8.626435939610895, 41.166724470800744],
                        [-8.625670879100669, 41.16690306561814],
                        [-8.625187141846336, 41.167034802786496],
                        [-8.62517789728586, 41.16710435750041],
                        [-8.625453435644785, 41.16844345081639],
                        [-8.625625211646, 41.16913423606921],
                        [-8.625763914864256, 41.16981571060412],
                        [-8.62604064864382, 41.17107231895055],
                        [-8.626160778071219, 41.17159584731381],
                        [-8.626401127678157, 41.17271871769879],
                        [-8.626473884098443, 41.17291757712198],
                        [-8.626710004368631, 41.17330401591936],
                        [-8.626918561507372, 41.173685254428655],
                        [-8.627369180088998, 41.17446460911927],
                        [-8.627604416803168, 41.174969807683524],
                        [-8.62769246212922, 41.17528259884885],
                        [-8.627841370503829, 41.1758742532721],
                        [-8.626312438279742, 41.17627494825704],
                        [-8.62560637473727, 41.1764857062834],
                        [-8.625356799048125, 41.17670396175593],
                        [-8.624718071299446, 41.177534274442195],
                        [-8.624580257540943, 41.177703152293276],
                        [-8.624170417380522, 41.17827523712849],
                        [-8.623531768800088, 41.17913696955685],
                        [-8.623427893882067, 41.17925446604713],
                        [-8.622878766922438, 41.179977687489824],
                        [-8.62268166970511, 41.180251356919136]
                    ]
                ],
                "type": "Polygon"
            },
            "properties": {
                "geo_point_2d": {
                    "lon": -8.64292186115726,
                    "lat": 41.17138967381951
                },
                "year": "2021",
                "dis_code": "13",
                "dis_name": "Porto",
                "con_code": "1312",
                "con_name": "Porto",
                "fre_code": "131211",
                "fre_name": "Ramalde",
                "fre_name_upper": "RAMALDE",
                "fre_name_lower": "ramalde",
                "fre_area_code": "PRT",
                "fre_type": "parish",
                "fre_name_long": "Ramalde"
            }
        },
        {
            "type": "Feature",
            "geometry": {
                "coordinates": [
                    [
                        [-8.59688286619633, 41.18375243714949],
                        [-8.598200125451424, 41.18375475560524],
                        [-8.598981595836834, 41.18368278811925],
                        [-8.59964354962416, 41.18401739738372],
                        [-8.600784988433237, 41.18461629432279],
                        [-8.601810586856093, 41.18531362807753],
                        [-8.6020817411924, 41.18508092996002],
                        [-8.60228545820336, 41.185299529767185],
                        [-8.602365505232507, 41.18526030415714],
                        [-8.603526158475658, 41.18585648960642],
                        [-8.604155572685544, 41.1859353042638],
                        [-8.604750224127262, 41.18591998008552],
                        [-8.605448725894792, 41.18586092438327],
                        [-8.605788666410811, 41.18573031077798],
                        [-8.607145483282313, 41.185594148457966],
                        [-8.608724055156465, 41.185417076407305],
                        [-8.608710436754397, 41.18508469736046],
                        [-8.609331508300981, 41.184738339465206],
                        [-8.609726384722116, 41.18532881373656],
                        [-8.610563310530482, 41.18519513332433],
                        [-8.610678875303803, 41.18543389401697],
                        [-8.611160584977638, 41.18537804623755],
                        [-8.611556234582388, 41.185353431540285],
                        [-8.611536395391397, 41.18512598151922],
                        [-8.612027509770906, 41.18486532868598],
                        [-8.612049125203594, 41.184919532950545],
                        [-8.612872236281026, 41.18487089563491],
                        [-8.613143308591221, 41.184908568382205],
                        [-8.61318348909731, 41.184715256795634],
                        [-8.613577891406026, 41.18474926377378],
                        [-8.613750093133122, 41.18481049037238],
                        [-8.61417579223556, 41.184723708825466],
                        [-8.61434263783972, 41.184575702300826],
                        [-8.614684414063952, 41.184390849761414],
                        [-8.614795211574158, 41.18444872981408],
                        [-8.615222992302437, 41.18425739662263],
                        [-8.615308322139898, 41.184337084060054],
                        [-8.61605419049172, 41.18425533871122],
                        [-8.61704258486844, 41.183849676303694],
                        [-8.616517423733216, 41.18350748057827],
                        [-8.618002778663687, 41.18303254365329],
                        [-8.618773675642604, 41.182568448850894],
                        [-8.618378581286338, 41.18226280803882],
                        [-8.621365266227201, 41.18053024199008],
                        [-8.621818013521404, 41.180352826010655],
                        [-8.62268166970511, 41.180251356919136],
                        [-8.622878766922438, 41.179977687489824],
                        [-8.623427893882067, 41.17925446604713],
                        [-8.623531768800088, 41.17913696955685],
                        [-8.624170417380522, 41.17827523712849],
                        [-8.624580257540943, 41.177703152293276],
                        [-8.624718071299446, 41.177534274442195],
                        [-8.625356799048125, 41.17670396175593],
                        [-8.62560637473727, 41.1764857062834],
                        [-8.626312438279742, 41.17627494825704],
                        [-8.627841370503829, 41.1758742532721],
                        [-8.62769246212922, 41.17528259884885],
                        [-8.627604416803168, 41.174969807683524],
                        [-8.627369180088998, 41.17446460911927],
                        [-8.626918561507372, 41.173685254428655],
                        [-8.626710004368631, 41.17330401591936],
                        [-8.626473884098443, 41.17291757712198],
                        [-8.626401127678157, 41.17271871769879],
                        [-8.626160778071219, 41.17159584731381],
                        [-8.62604064864382, 41.17107231895055],
                        [-8.625763914864256, 41.16981571060412],
                        [-8.625625211646, 41.16913423606921],
                        [-8.625453435644785, 41.16844345081639],
                        [-8.62517789728586, 41.16710435750041],
                        [-8.625187141846336, 41.167034802786496],
                        [-8.625093019717214, 41.167067624040506],
                        [-8.623487125873188, 41.167461413424185],
                        [-8.6231555604859, 41.16751622383277],
                        [-8.62302952802142, 41.16752018342091],
                        [-8.622793581449683, 41.167454468293705],
                        [-8.62263379340992, 41.16745433981832],
                        [-8.62209618264869, 41.167489227193336],
                        [-8.621810213929365, 41.167490445378114],
                        [-8.621423275868763, 41.16745382886254],
                        [-8.620927544489676, 41.16634427468982],
                        [-8.62082134170264, 41.16619525523696],
                        [-8.620541337704092, 41.16585995854773],
                        [-8.620419292059106, 41.16582328976975],
                        [-8.619328417094925, 41.16577218462916],
                        [-8.619904787290174, 41.16486130304912],
                        [-8.618276869212261, 41.16515804447379],
                        [-8.618207692495748, 41.165165361016115],
                        [-8.61604016190738, 41.16495102223149],
                        [-8.614884916304986, 41.164844225227384],
                        [-8.613766669138549, 41.164729615760415],
                        [-8.6137422368926, 41.164809854489576],
                        [-8.612459365020284, 41.16473256499071],
                        [-8.612376974544134, 41.16477396670605],
                        [-8.61156259777985, 41.165070722607055],
                        [-8.611157032203103, 41.16465047692641],
                        [-8.610989214087937, 41.16454537956676],
                        [-8.609530489896951, 41.16448553404724],
                        [-8.609564933381652, 41.16378279222228],
                        [-8.609371849645608, 41.16354444185888],
                        [-8.608935623736855, 41.16318131334425],
                        [-8.609233136533737, 41.16245973776341],
                        [-8.606897495559183, 41.162147237479424],
                        [-8.606854479079026, 41.16216290187518],
                        [-8.604122968709971, 41.16182208737236],
                        [-8.604068449344346, 41.16189551468995],
                        [-8.603748710371955, 41.16216749655017],
                        [-8.600304981291718, 41.16478649374076],
                        [-8.60015744069295, 41.164883081018004],
                        [-8.599773675082833, 41.16508606889426],
                        [-8.59850786848349, 41.16380450650587],
                        [-8.598290481107014, 41.163713095580064],
                        [-8.59697909105434, 41.16355768114112],
                        [-8.596365498068488, 41.16347687393677],
                        [-8.59377583539065, 41.163161801847174],
                        [-8.59364088712397, 41.163710159229],
                        [-8.593402720805202, 41.164780369267504],
                        [-8.592770368296582, 41.164693399505325],
                        [-8.592537347538984, 41.16587127712492],
                        [-8.592489859083637, 41.165964031110356],
                        [-8.592228510188905, 41.166247088954584],
                        [-8.591911027149395, 41.166629596682235],
                        [-8.591780220504507, 41.166752580207564],
                        [-8.590879384952098, 41.16712417830562],
                        [-8.5906953311471, 41.16716462146362],
                        [-8.590432033739681, 41.167152439799914],
                        [-8.590173323061409, 41.16716670307365],
                        [-8.58930047962195, 41.16718026713183],
                        [-8.588870900549106, 41.16712542590092],
                        [-8.588457199537912, 41.167092220745225],
                        [-8.58820429467154, 41.167050094907445],
                        [-8.588070372074924, 41.16737730215024],
                        [-8.58786252508594, 41.16781762181513],
                        [-8.587086435488073, 41.169378695873405],
                        [-8.586485231119244, 41.17056026571008],
                        [-8.586188838865462, 41.17110592562238],
                        [-8.586119240288799, 41.17125981143599],
                        [-8.585910713618272, 41.17164106249183],
                        [-8.585699094723129, 41.172108044700664],
                        [-8.585383021945468, 41.17273985390488],
                        [-8.585253218417758, 41.17297673071215],
                        [-8.584853185319055, 41.17378985668597],
                        [-8.584563446705749, 41.1743542078401],
                        [-8.583734715679524, 41.174107331917135],
                        [-8.582696959162984, 41.174882884211904],
                        [-8.5821788005045, 41.17538609169804],
                        [-8.581991478116187, 41.17557843390066],
                        [-8.581510123425781, 41.1758194690991],
                        [-8.580761190044226, 41.17617644132515],
                        [-8.580567428143151, 41.17630064530241],
                        [-8.57981122126079, 41.17686770411314],
                        [-8.579235353948254, 41.177337624157666],
                        [-8.5788416734739, 41.17764530067196],
                        [-8.578659785326852, 41.17783401464142],
                        [-8.57854816175433, 41.178015339581584],
                        [-8.578142849423363, 41.17798144197504],
                        [-8.577935239489289, 41.17799800063608],
                        [-8.576859227520922, 41.17786089602032],
                        [-8.576739540701897, 41.1778377666651],
                        [-8.57625679749357, 41.17787898473802],
                        [-8.575957705469808, 41.177936684053115],
                        [-8.575578749824837, 41.177905281927615],
                        [-8.575251899100007, 41.17782379370769],
                        [-8.574531886369096, 41.17758372422201],
                        [-8.574226939634155, 41.17751575016241],
                        [-8.573897804645766, 41.17755518857335],
                        [-8.573566359806925, 41.177676132089374],
                        [-8.573343376385356, 41.17787021823515],
                        [-8.57314449138467, 41.17792554803816],
                        [-8.572652551878646, 41.17798226727001],
                        [-8.572284499916176, 41.17818906342119],
                        [-8.572047119234002, 41.17836924974885],
                        [-8.5718727439061, 41.178775103166515],
                        [-8.571811038904206, 41.17909922089002],
                        [-8.571860733527458, 41.179153054808836],
                        [-8.572916469937535, 41.17949900451432],
                        [-8.573473316441358, 41.1797181021068],
                        [-8.573533631973799, 41.1797546964398],
                        [-8.574273273489819, 41.1800940135898],
                        [-8.574708507787024, 41.180321673915834],
                        [-8.575211669193756, 41.18056635835212],
                        [-8.57546562156082, 41.18065155277906],
                        [-8.575960866637418, 41.1808879767537],
                        [-8.576182034953408, 41.18095348795071],
                        [-8.576383969081773, 41.18095999813623],
                        [-8.576766398177192, 41.18092169349245],
                        [-8.5772276193396, 41.180901901000674],
                        [-8.578248787500788, 41.18078376699267],
                        [-8.57889531617267, 41.18072722611484],
                        [-8.579535546865209, 41.1806563981623],
                        [-8.580252898306894, 41.18060461664627],
                        [-8.580599734465467, 41.18053798471599],
                        [-8.58100396798178, 41.18051704605609],
                        [-8.581282147302295, 41.180465809896],
                        [-8.581642887427131, 41.18042865037385],
                        [-8.582041391726378, 41.18051011035331],
                        [-8.582481536208252, 41.180703955931826],
                        [-8.58267692462833, 41.18081519990557],
                        [-8.582923638116412, 41.180920306562406],
                        [-8.583222989981824, 41.18108904037053],
                        [-8.58372277762205, 41.181305519028285],
                        [-8.583908476414292, 41.181359356686464],
                        [-8.584110501906933, 41.1813613490063],
                        [-8.584264983198, 41.18131319850712],
                        [-8.585104844310667, 41.18077612624993],
                        [-8.585540117466985, 41.18048708684919],
                        [-8.585959008608752, 41.18025924770577],
                        [-8.586355675613364, 41.17998836472241],
                        [-8.586622998967623, 41.17985170382837],
                        [-8.587184964042347, 41.17968515190484],
                        [-8.587807303419728, 41.17963208431545],
                        [-8.588508756049157, 41.17966198599978],
                        [-8.589117801503285, 41.17973582749641],
                        [-8.589521177155722, 41.17976375757859],
                        [-8.59027587960154, 41.17987528219137],
                        [-8.59117946887738, 41.18009255436227],
                        [-8.593015780543109, 41.18085578237728],
                        [-8.594409162846988, 41.18141943293613],
                        [-8.595495751042325, 41.18177522033386],
                        [-8.596059095294414, 41.18193925884083],
                        [-8.596360061855277, 41.18249828338248],
                        [-8.596411848085673, 41.18265897669141],
                        [-8.596829887139194, 41.183508096163095],
                        [-8.59688286619633, 41.18375243714949]
                    ]
                ],
                "type": "Polygon"
            },
            "properties": {
                "geo_point_2d": {
                    "lon": -8.60425362331831,
                    "lat": 41.174247555049725
                },
                "year": "2021",
                "dis_code": "13",
                "dis_name": "Porto",
                "con_code": "1312",
                "con_name": "Porto",
                "fre_code": "131210",
                "fre_name": "Paranhos",
                "fre_name_upper": "PARANHOS",
                "fre_name_lower": "paranhos",
                "fre_area_code": "PRT",
                "fre_type": "parish",
                "fre_name_long": "Paranhos"
            }
        },
        {
            "type": "Feature",
            "geometry": {
                "coordinates": [
                    [
                        [-8.604122968709971, 41.16182208737236],
                        [-8.606854479079026, 41.16216290187518],
                        [-8.606897495559183, 41.162147237479424],
                        [-8.609233136533737, 41.16245973776341],
                        [-8.608935623736855, 41.16318131334425],
                        [-8.609371849645608, 41.16354444185888],
                        [-8.609564933381652, 41.16378279222228],
                        [-8.609530489896951, 41.16448553404724],
                        [-8.610989214087937, 41.16454537956676],
                        [-8.611157032203103, 41.16465047692641],
                        [-8.61156259777985, 41.165070722607055],
                        [-8.612376974544134, 41.16477396670605],
                        [-8.612459365020284, 41.16473256499071],
                        [-8.6137422368926, 41.164809854489576],
                        [-8.613766669138549, 41.164729615760415],
                        [-8.614884916304986, 41.164844225227384],
                        [-8.61604016190738, 41.16495102223149],
                        [-8.618207692495748, 41.165165361016115],
                        [-8.618276869212261, 41.16515804447379],
                        [-8.619904787290174, 41.16486130304912],
                        [-8.619328417094925, 41.16577218462916],
                        [-8.620419292059106, 41.16582328976975],
                        [-8.620541337704092, 41.16585995854773],
                        [-8.62082134170264, 41.16619525523696],
                        [-8.620927544489676, 41.16634427468982],
                        [-8.621423275868763, 41.16745382886254],
                        [-8.621810213929365, 41.167490445378114],
                        [-8.62209618264869, 41.167489227193336],
                        [-8.62263379340992, 41.16745433981832],
                        [-8.622793581449683, 41.167454468293705],
                        [-8.62302952802142, 41.16752018342091],
                        [-8.6231555604859, 41.16751622383277],
                        [-8.623487125873188, 41.167461413424185],
                        [-8.625093019717214, 41.167067624040506],
                        [-8.625187141846336, 41.167034802786496],
                        [-8.625670879100669, 41.16690306561814],
                        [-8.626435939610895, 41.166724470800744],
                        [-8.6265092173959, 41.16662933773879],
                        [-8.626715447340779, 41.16657838646451],
                        [-8.628373228186687, 41.16607097076074],
                        [-8.628818009382092, 41.16591120701639],
                        [-8.629610349679938, 41.165561386924885],
                        [-8.630567581936957, 41.165131520290686],
                        [-8.631617980182677, 41.164671439067625],
                        [-8.631745193129888, 41.16460362606791],
                        [-8.63218245949237, 41.16431889902036],
                        [-8.632327488250468, 41.16427577099359],
                        [-8.633360077463498, 41.16381133440976],
                        [-8.631705344649355, 41.162889662630846],
                        [-8.631249299468562, 41.16263079104161],
                        [-8.63246781126622, 41.16205039899234],
                        [-8.633155559113362, 41.16139963803497],
                        [-8.632944654911304, 41.16080357941036],
                        [-8.632813827192614, 41.160568328856655],
                        [-8.634046082909922, 41.16048443877775],
                        [-8.634221034526519, 41.16049069846841],
                        [-8.634825860616768, 41.160217114271965],
                        [-8.635938359955162, 41.159758970375215],
                        [-8.635646616682738, 41.15900272565078],
                        [-8.633270797483755, 41.158608279030986],
                        [-8.632196974663419, 41.158434849820935],
                        [-8.630359343755435, 41.158119580232054],
                        [-8.630350925542288, 41.15781031922184],
                        [-8.630274099541344, 41.15748289997314],
                        [-8.630142533196787, 41.15730527451154],
                        [-8.629905653911168, 41.15712819589567],
                        [-8.629712660534588, 41.15703539013489],
                        [-8.62945152420341, 41.15694278315135],
                        [-8.62925306348048, 41.15692959857543],
                        [-8.628930911844595, 41.15694503429999],
                        [-8.628589953238937, 41.15705735122319],
                        [-8.627501905033732, 41.15568764003228],
                        [-8.626980431297046, 41.154989535157036],
                        [-8.626792348980075, 41.15450348532874],
                        [-8.626741801250141, 41.15441960674875],
                        [-8.626560102154734, 41.154368881291745],
                        [-8.6260138692519, 41.15405103884145],
                        [-8.625454689042655, 41.15373775309248],
                        [-8.624982973884215, 41.15345839412224],
                        [-8.62448290791256, 41.15317852654025],
                        [-8.624532937018994, 41.15308196386169],
                        [-8.624571593181022, 41.15285102372733],
                        [-8.62455144950191, 41.15277033883855],
                        [-8.624061370159692, 41.15290020760856],
                        [-8.622936982978265, 41.15278426675994],
                        [-8.621650407428808, 41.15267584982316],
                        [-8.620910928903381, 41.152622361652654],
                        [-8.620758101608178, 41.15259212201097],
                        [-8.620803252146258, 41.152432648368915],
                        [-8.621287055386539, 41.15169899443242],
                        [-8.621357464128947, 41.15161963959378],
                        [-8.622504489091195, 41.15102155262906],
                        [-8.623142975667601, 41.15068342149371],
                        [-8.622918504432757, 41.14935499021169],
                        [-8.622675698102187, 41.14777182534155],
                        [-8.624184320971965, 41.14817957100741],
                        [-8.624713244320361, 41.14729326876535],
                        [-8.624766727601246, 41.147118355921684],
                        [-8.624785575077304, 41.146851751816335],
                        [-8.624567007276367, 41.145709688898194],
                        [-8.624524675297092, 41.14567160095484],
                        [-8.624000074216966, 41.14570257063325],
                        [-8.623931884057034, 41.14556779666546],
                        [-8.624399507914026, 41.14553257263654],
                        [-8.624370687295793, 41.14543761038148],
                        [-8.624146173674594, 41.14536095453321],
                        [-8.623920171136156, 41.14511745554096],
                        [-8.623540233679158, 41.14488443082393],
                        [-8.623508987964186, 41.14484683826379],
                        [-8.62361923021026, 41.14468005468755],
                        [-8.623811372748264, 41.14479322800506],
                        [-8.623897809031641, 41.14469182990825],
                        [-8.623489645478317, 41.14434745302737],
                        [-8.623765921309646, 41.143987810126575],
                        [-8.623357149641494, 41.14372087556343],
                        [-8.622521200886037, 41.14319256299194],
                        [-8.621597859050974, 41.14253981437913],
                        [-8.621401373177623, 41.14248185699946],
                        [-8.620371365323216, 41.14181829777529],
                        [-8.619823098550919, 41.14148071593217],
                        [-8.619172314497128, 41.14114716761382],
                        [-8.61870977868206, 41.14094904842294],
                        [-8.619527232842831, 41.139795384785444],
                        [-8.618122331408697, 41.139419278996186],
                        [-8.615603492880112, 41.13890198320993],
                        [-8.612057907524836, 41.13928367223215],
                        [-8.61042491669814, 41.139636063178926],
                        [-8.6095530325633, 41.139845341432114],
                        [-8.605915207690662, 41.140727051175524],
                        [-8.60393540871536, 41.14094400740529],
                        [-8.604078973120648, 41.141762171947256],
                        [-8.604052550767552, 41.14181513653472],
                        [-8.603898747907483, 41.14186024680781],
                        [-8.603414693400326, 41.14206005641398],
                        [-8.60315335113248, 41.1421416266785],
                        [-8.602413626048042, 41.142500861923416],
                        [-8.602080198678543, 41.14264566485704],
                        [-8.6019025155354, 41.1426833060074],
                        [-8.601958864060437, 41.14303397430695],
                        [-8.60192077843416, 41.14320521234798],
                        [-8.601730910082852, 41.1434545955613],
                        [-8.60152680655865, 41.143579505906644],
                        [-8.60122682027905, 41.14368743433867],
                        [-8.601338508890679, 41.14381528727653],
                        [-8.601464249910874, 41.144426792257526],
                        [-8.60136178774223, 41.144657090322404],
                        [-8.601466528420294, 41.1451116480098],
                        [-8.601448932905223, 41.145366360349925],
                        [-8.60168644310966, 41.14556546339155],
                        [-8.601775288466746, 41.145662973118434],
                        [-8.601862378758216, 41.14566604401871],
                        [-8.601935383353077, 41.14641300573185],
                        [-8.601982450483984, 41.147281455305034],
                        [-8.602021831873339, 41.14779057369586],
                        [-8.602049041990533, 41.14831324721963],
                        [-8.60215624032229, 41.1496267982927],
                        [-8.602241153390318, 41.15098834561062],
                        [-8.603689194524627, 41.150946393792175],
                        [-8.604263541908372, 41.150935300989445],
                        [-8.604305271036724, 41.15130430715641],
                        [-8.604294040297237, 41.151366301272354],
                        [-8.603534078996226, 41.15326832245065],
                        [-8.603045354193373, 41.154556761185965],
                        [-8.603137268145348, 41.15459852383502],
                        [-8.60449811048179, 41.15476150093202],
                        [-8.60469378158456, 41.1548021155327],
                        [-8.604620837154464, 41.15661838629485],
                        [-8.60453902280456, 41.158742284802],
                        [-8.604468602504832, 41.16018172115836],
                        [-8.604391631704086, 41.16044603984885],
                        [-8.603902606717451, 41.16149866180247],
                        [-8.603914506983005, 41.16167977690601],
                        [-8.604004777041222, 41.16180600353381],
                        [-8.604122968709971, 41.16182208737236]
                    ]
                ],
                "type": "Polygon"
            },
            "properties": {
                "geo_point_2d": {
                    "lon": -8.615938863475053,
                    "lat": 41.153590131955035
                },
                "year": "2021",
                "dis_code": "13",
                "dis_name": "Porto",
                "con_code": "1312",
                "con_name": "Porto",
                "fre_code": "131217",
                "fre_name": "Cedofeita, Ildefonso, S\u00e9, Miragaia, Nicolau, Vit\u00f3ria",
                "fre_name_upper": "CEDOFEITA, ILDEFONSO, S\u00c9, MIRAGAIA, NICOLAU, VIT\u00d3RIA",
                "fre_name_lower": "cedofeita, ildefonso, s\u00e9, miragaia, nicolau, vit\u00f3ria",
                "fre_area_code": "PRT",
                "fre_type": "parish",
                "fre_name_long": "Uni\u00e3o das freguesias de Cedofeita, Santo Ildefonso, S\u00e9, Miragaia, S\u00e3o Nicolau e Vit\u00f3ria"
            }
        }
    ]
}
