id,id,lat,lon,risk,risk_all_pois,risk_river,risk_elevation,river_dist,river_dist_normalized,RL,inside,has_edu,edu_type,is_road,is_river,urban_prob,elevation,slope,hrdiff
0,654,41.13886874999999,-8.594975531914894,2.3175284244787457,1,1.0,1.317528424478746,5004.967901871811,0.4566029379856017,3,True,False,0,False,True,0.55,-1,0.6333333333333333,0
1,655,41.13886874999999,-8.593896808510639,2.3175284244787457,1,1.0,1.317528424478746,4953.254453308261,0.45188512300448,3,True,True,1,True,True,1,-1,0.6333333333333333,0
2,656,41.13886874999999,-8.592818085106384,2.3171957572858464,1,1.0,1.3171957572858464,4902.662953992484,0.4472696633896359,3,True,False,0,False,True,0.55,0,0.6222222222222222,0
3,657,41.13886874999999,-8.591739361702128,2.5734691451641734,1,1.0,1.5734691451641736,4853.228490658742,0.4427597601018473,3,True,False,0,False,True,0.55,0,0.4444444444444444,0
4,773,41.139684027777776,-8.61870744680851,3.3729678144783914,1,1.0,2.3729678144783914,6307.290145360597,0.5754137224381032,2,True,False,0,False,True,0.10000000000000003,1,0.022222222222222223,0
5,774,41.139684027777776,-8.617628723404255,3.2940137906423352,1,1.0,2.2940137906423352,6237.570158317546,0.5690531719721812,2,True,False,0,False,True,0.55,3,0.03333333333333333,0
6,775,41.139684027777776,-8.61655,2.9203841660803773,1,1.0,1.920384166080377,6168.387322250806,0.5627416257593802,2,True,False,0,False,True,0.55,3,0.2111111111111111,0
7,776,41.139684027777776,-8.615471276595745,2.496730149424147,1,1.0,1.4967301494241474,6099.759914128582,0.5564807512064733,3,True,True,1,True,True,1,22,0.24444444444444444,0
8,777,41.139684027777776,-8.61439255319149,2.8322698538770332,1,1.0,1.8322698538770332,6031.706892594889,0.5502722779094796,2,True,False,0,False,True,0.55,13,0.14444444444444443,0
9,778,41.139684027777776,-8.613313829787234,2.8322698538770332,1,1.0,1.8322698538770332,5964.247919221163,0.5441179995924468,2,True,False,0,False,True,0.10000000000000003,13,0.14444444444444443,0
10,779,41.139684027777776,-8.612235106382979,2.8739158952945285,1,1.0,1.8739158952945285,5897.403379573389,0.5380197760294038,2,True,False,0,False,True,0.10000000000000003,12,0.13333333333333333,0
11,780,41.139684027777776,-8.611156382978724,2.511252380524684,1,0.6373364852301556,1.8739158952945285,5831.194403954455,0.5319795349366854,3,True,False,0,False,False,0.55,12,0.13333333333333333,12
12,794,41.139684027777776,-8.59605425531915,2.315201517307818,1,1.0,1.3152015173078178,4984.761626787209,0.4547595206550083,3,True,False,0,False,True,0.55,6,0.5555555555555556,0
13,795,41.139684027777776,-8.594975531914894,1.6893751323632342,1,1.0,0.6893751323632342,4931.179644022931,0.44987123940467033,3,True,False,0,True,True,1,56,0.6333333333333333,0
14,796,41.139684027777776,-8.593896808510639,1.6893751323632342,1,1.0,0.6893751323632342,4878.684767927152,0.4450821348340779,3,True,False,0,True,True,1,56,0.6333333333333333,0
15,797,41.139684027777776,-8.592818085106384,1.9877025025330481,1,1.0,0.9877025025330481,4827.312464042773,0.44039544246269946,3,True,False,0,True,True,1,40,0.45555555555555555,0
16,798,41.139684027777776,-8.591739361702128,1.9987381705145342,1,1.0,0.9987381705145342,4777.0989485041055,0.43581446628641535,3,True,False,0,True,True,1,40,0.4444444444444444,0
17,799,41.139684027777776,-8.590660638297873,2.2036697281622577,1,0.6373364852301556,1.566333242932102,4728.081141410964,0.43134257452383895,3,True,False,0,False,False,0.55,18,0.24444444444444444,18
18,800,41.139684027777776,-8.589581914893618,2.583833991966383,1,1.0,1.583833991966383,4680.296611698508,0.42698319458679523,3,True,False,0,False,True,0.55,18,0.23333333333333334,0
19,913,41.14049930555555,-8.619786170212766,3.3994811470498654,1,1.0,2.3994811470498654,6321.074567027527,0.5766712744454194,2,True,False,0,False,True,0.55,1,0.011111111111111112,0
20,914,41.14049930555555,-8.61870744680851,3.3729678144783914,1,1.0,2.3729678144783914,6250.201523701396,0.570205530720152,2,True,False,0,False,True,0.55,1,0.022222222222222223,0
21,915,41.14049930555555,-8.617628723404255,3.3196449644761095,1,1.0,2.3196449644761095,6179.838384912779,0.5637863055569385,2,True,False,0,True,True,1,3,0.022222222222222223,0
22,916,41.14049930555555,-8.61655,2.9203841660803773,1,1.0,1.920384166080377,6110.002766966671,0.5574152060902852,2,True,False,0,True,True,1,3,0.2111111111111111,0
23,917,41.14049930555555,-8.615471276595745,2.5474619877380675,1,1.0,1.5474619877380675,6040.712965628353,0.5510939014418214,3,True,False,0,True,True,1,22,0.2111111111111111,0
24,918,41.14049930555555,-8.61439255319149,2.9155408290138958,1,1.0,1.9155408290138958,5971.987979398363,0.5448241248436743,2,True,False,0,True,True,1,13,0.1,0
25,919,41.14049930555555,-8.613313829787234,3.0936079905643448,1,1.0,2.0936079905643448,5903.847532869875,0.538607675769361,2,True,False,0,False,True,0.55,13,0.011111111111111112,0
26,920,41.14049930555555,-8.612235106382979,3.117534680081638,1,1.0,2.117534680081638,5836.312100043817,0.5324464220608258,2,True,False,0,False,True,0.55,12,0.011111111111111112,0
27,921,41.14049930555555,-8.611156382978724,2.8739158952945285,1,1.0,1.8739158952945285,5769.402927464424,0.5263423020390948,2,True,False,0,False,True,0.55,12,0.13333333333333333,0
28,922,41.14049930555555,-8.610077659574468,2.916508518222427,1,1.0,1.9165085182224268,5703.142057010526,0.5202973265835243,2,True,False,0,True,True,1,11,0.12222222222222222,0
29,923,41.14049930555555,-8.608998936170213,2.7730961801198655,1,1.0,1.7730961801198653,5637.5523481612445,0.5143135811630989,2,True,False,0,True,True,1,11,0.2,0
30,924,41.14049930555555,-8.607920212765958,3.1755309012262405,1,1.0,2.1755309012262405,5572.657499523494,0.5083932278003838,2,True,True,1,True,True,1,-7,0.2,0
31,933,41.14049930555555,-8.59821170212766,3.2974922036088983,1,1.0,2.2974922036088983,5024.221986012105,0.4583594869903201,2,True,False,0,False,True,0.55,-3,0.1,0
32,934,41.14049930555555,-8.597132978723405,3.074137603551444,1,1.0,2.074137603551444,4967.7763061971755,0.45320995082037735,2,True,False,0,True,True,1,6,0.1,0
33,935,41.14049930555555,-8.59605425531915,2.315201517307818,1,1.0,1.3152015173078178,4912.346106099827,0.44815305680750794,3,True,False,0,True,True,1,6,0.5555555555555556,0
34,936,41.14049930555555,-8.594975531914894,1.7451334723057919,1,1.0,0.745133472305792,4857.966146229317,0.4431919761510011,3,True,False,0,False,True,0.55,56,0.5555555555555556,0
35,937,41.14049930555555,-8.593896808510639,1.7245186088377276,1,0.6373400539386113,1.0871785548991162,4804.672087029997,0.43832996215117354,3,True,False,0,False,False,0.55,56,0.17777777777777778,0
36,938,41.14049930555555,-8.592818085106384,1.941297774901075,1,0.6373400539386113,1.3039577209624635,4752.500460191125,0.4335703475919656,3,True,False,0,False,False,0.55,40,0.17777777777777778,0
37,939,41.14049930555555,-8.591739361702128,2.219861556146294,1,1.0,1.219861556146294,4701.488632197588,0.4289165414156755,3,True,False,0,True,True,1,40,0.24444444444444444,0
38,940,41.14049930555555,-8.590660638297873,2.566333242932102,1,1.0,1.566333242932102,4651.674759444894,0.42437202462810236,3,True,False,0,True,True,1,18,0.24444444444444444,0
39,941,41.14049930555555,-8.589581914893618,2.583833991966383,1,1.0,1.583833991966383,4603.097734255751,0.4199403453736424,3,True,False,0,True,True,1,18,0.23333333333333334,0
40,942,41.14049930555555,-8.588503191489362,3.010703877307695,1,1.0,2.010703877307695,4555.797121153663,0.4156251131215322,2,True,False,0,True,True,1,-3,0.23333333333333334,0
41,943,41.14049930555555,-8.587424468085107,3.3208167982296612,1,1.0,2.3208167982296612,4509.813082792817,0.4114299919084366,2,True,False,0,False,True,0.55,1,0.044444444444444446,0
42,954,41.14049930555555,-8.575558510638297,3.3994811470498654,1,1.0,2.3994811470498654,4102.654426297397,0.3742849307557865,2,True,False,0,False,True,0.10000000000000003,1,0.011111111111111112,0
43,1053,41.14131458333333,-8.620864893617021,3.054329454010964,1,1.0,2.054329454010964,6337.417250730266,0.5781622165532497,2,True,False,0,False,True,0.55,0,0.17777777777777778,0
44,1054,41.14131458333333,-8.619786170212766,3.0538107494425777,1,1.0,2.0538107494425777,6265.425454379416,0.5715944090529529,2,True,False,0,True,True,1,1,0.16666666666666666,0
45,1055,41.14131458333333,-8.61870744680851,2.27369126411092,1,1.0,1.2736912641109204,6193.916580590798,0.5650706585506342,3,True,False,0,True,True,1,1,0.6444444444444445,0
46,1056,41.14131458333333,-8.617628723404255,2.2730481481114033,1,1.0,1.2730481481114033,6122.907549423658,0.55859250866234,3,True,False,0,True,True,1,3,0.6222222222222222,0
47,1057,41.14131458333333,-8.61655,1.910391770836158,1,0.6373436227247546,1.2730481481114033,6052.415953892468,0.5521615643977831,3,True,False,0,True,False,1,3,0.6222222222222222,0
48,1058,41.14131458333333,-8.615471276595745,1.9032733126412475,1,0.6363185940609087,1.266954718580339,5982.460084938341,0.5457794944384845,3,True,False,0,True,False,1,22,0.4111111111111111,0
49,1059,41.14131458333333,-8.61439255319149,2.0098886033961074,1,0.6373436227251779,1.3725449806709296,5913.0589567296865,0.5394480334459503,3,True,False,0,True,False,1,13,0.43333333333333335,0
50,1060,41.14131458333333,-8.613313829787234,2.0396549600145173,1,1.0,1.0396549600145173,5844.2323321975655,0.5331689843912609,3,True,False,0,True,True,1,13,0.7111111111111111,0
51,1061,41.14131458333333,-8.612235106382979,1.6772611550222596,1,0.6373436227247546,1.039917532297505,5776.0007486866725,0.526944220895209,3,True,False,0,True,False,1,12,0.7222222222222222,0
52,1062,41.14131458333333,-8.611156382978724,1.653381726145612,1,0.6363185940609087,1.0170631320847032,5708.38554358954,0.5207756895669055,3,True,False,0,True,False,1,12,0.7444444444444445,0
53,1063,41.14131458333333,-8.610077659574468,1.6536385927011565,1,0.6363185940609087,1.017319998640248,5641.408879802941,0.5146654123261667,3,True,False,0,True,False,1,11,0.7555555555555555,0
54,1064,41.14131458333333,-8.608998936170213,1.6546636213650026,1,0.6373436227247546,1.017319998640248,5575.093770827556,0.5086154886933555,3,True,False,0,True,False,1,11,0.7555555555555555,0
55,1065,41.14131458333333,-8.607920212765958,2.0219547058979694,1,1.0,1.0219547058979697,5509.46410529884,0.5026280980273301,3,True,False,0,True,True,1,-7,0.9555555555555556,0
56,1066,41.14131458333333,-8.606841489361702,2.0219547058979694,1,1.0,1.0219547058979697,5444.54467071413,0.4967055016900675,3,True,False,0,True,True,1,-7,0.9555555555555556,0
57,1067,41.14131458333333,-8.605762765957447,2.022470974998333,1,1.0,1.0224709749983332,5380.361176083183,0.4908500451130706,3,True,False,0,True,True,1,-9,0.9777777777777777,0
58,1068,41.14131458333333,-8.604684042553192,2.1175190687418635,1,1.0,1.1175190687418637,5316.940273201289,0.485064159738113,3,True,False,0,True,True,1,-9,0.8888888888888888,0
59,1069,41.14131458333333,-8.603605319148937,2.113856460682376,1,1.0,1.1138564606823762,5254.309576201572,0.4793503648009943,3,True,False,0,False,True,0.55,4,0.7444444444444445,0
60,1070,41.14131458333333,-8.602526595744681,2.2039478844461478,1,1.0,1.2039478844461478,5192.497679010368,0.47371126892399334,3,True,True,1,True,True,1,4,0.6666666666666666,0
61,1071,41.14131458333333,-8.601447872340426,2.0648977528925467,1,1.0,1.064897752892547,5131.53417028286,0.46814957147844516,3,True,False,0,False,True,0.55,6,0.7666666666666667,0
62,1072,41.14131458333333,-8.60036914893617,2.0673207273953818,1,1.0,1.0673207273953815,5071.44964535976,0.46266806367554875,3,True,False,0,False,True,0.55,-3,0.8666666666666667,0
63,1073,41.14131458333333,-8.599290425531915,2.0673207273953818,1,1.0,1.0673207273953815,5012.275714736522,0.45726962933901244,3,True,False,0,True,True,1,-3,0.8666666666666667,0
64,1074,41.14131458333333,-8.59821170212766,1.9550805505242996,1,1.0,0.9550805505242996,4954.045008498366,0.45195724530966136,3,True,False,0,True,True,1,-3,0.9777777777777777,0
65,1075,41.14131458333333,-8.597132978723405,1.9529123776755244,1,1.0,0.9529123776755244,4896.79117612516,0.44673398142763643,3,True,False,0,True,True,1,6,0.8777777777777778,0
66,1076,41.14131458333333,-8.59605425531915,1.5902560004007023,1,0.6373436227251779,0.9529123776755244,4840.548881033507,0.44160300003446956,3,True,False,0,True,False,1,6,0.8777777777777778,0
67,1077,41.14131458333333,-8.594975531914894,1.3814520663667007,1,0.6363185940609087,0.745133472305792,4785.353789178243,0.43656755493319854,3,True,False,0,True,False,1,56,0.5555555555555556,0
68,1078,41.14131458333333,-8.593896808510639,1.4692153701767705,1,0.5282590752823695,0.940956294894401,4731.242551005377,0.4316309897419356,3,True,False,0,False,False,0.55,56,0.32222222222222224,0
69,1079,41.14131458333333,-8.592818085106384,1.4730249046392125,1,0.5282590752823695,0.9447658293568432,4678.252776013302,0.4267967355730869,3,True,False,0,False,False,0.10000000000000003,40,0.5,0
70,1080,41.14131458333333,-8.591739361702128,1.5716701574588003,1,0.6373436227247546,0.9343265347340456,4626.422999162258,0.42206830796889105,3,True,False,0,False,False,0.55,40,0.5111111111111111,0
71,1081,41.14131458333333,-8.590660638297873,1.9395316830624265,1,1.0,0.9395316830624265,4575.792638354638,0.417449303022349,3,True,False,0,True,True,1,18,0.7555555555555555,0
72,1082,41.14131458333333,-8.589581914893618,1.5768753057876044,1,0.6373436227251779,0.9395316830624265,4526.401942213933,0.4129433926131002,3,True,True,1,True,False,1,18,0.7555555555555555,0
73,1083,41.14131458333333,-8.588503191489362,1.9445272822480595,1,1.0,0.9445272822480596,4478.2919274002115,0.4085543186887179,3,True,False,0,True,True,1,-3,0.9888888888888889,0
74,1084,41.14131458333333,-8.587424468085107,2.5385002538957853,1,1.0,1.5385002538957855,4431.504304737589,0.40428588652532177,3,True,False,0,True,True,1,1,0.45555555555555555,0
75,1085,41.14131458333333,-8.586345744680852,3.3994811470498654,1,1.0,2.3994811470498654,4386.081393477612,0.4001419569058315,2,True,False,0,False,True,0.55,1,0.011111111111111112,0
76,1094,41.14131458333333,-8.576637234042552,3.2951726760890976,1,1.0,2.2951726760890976,4045.8220424112,0.369100115595342,2,True,False,0,False,True,0,1,0.05555555555555555,0
77,1095,41.14131458333333,-8.575558510638297,2.4149229766419866,1,0.6373436227251779,1.7775793539168088,4016.420458974138,0.3664178108049815,3,True,False,0,False,False,0.55,1,0.3111111111111111,0
78,1193,41.14212986111111,-8.621943617021277,3.2686658313013632,1,1.0,2.2686658313013632,6356.29841584534,0.579884744176436,2,True,False,0,False,True,0.55,3,0.044444444444444446,0
79,1194,41.14212986111111,-8.620864893617021,3.0527737331811298,1,1.0,2.0527737331811298,6283.223056853656,0.5732180833178365,2,True,False,0,True,True,1,3,0.14444444444444443,0
80,1195,41.14212986111111,-8.619786170212766,2.712803176969434,1,1.0,1.7128031769694336,6210.603994626648,0.5665930503872136,3,True,True,1,True,True,1,16,0.17777777777777778,0
81,1196,41.14212986111111,-8.61870744680851,2.2688758019404895,1,1.0,1.2688758019404893,6138.457423416721,0.5600111227852964,3,True,False,0,True,True,1,16,0.4777777777777778,0
82,1197,41.14212986111111,-8.617628723404255,0.822852870235563,1,0.16394510578426888,0.6589077644512941,6066.80019989112,0.553473838344882,3,True,False,0,True,False,1,59,0.6444444444444445,56
83,1198,41.14212986111111,-8.61655,0.8376591701367556,1,0.16394510578426888,0.6737140643524867,5995.649869455476,0.5469827977323314,3,True,True,1,True,False,1,59,0.6222222222222222,56
84,1199,41.14212986111111,-8.615471276595745,0.9524424327365679,1,0.16394510578426888,0.788497326952299,5925.024693141935,0.5405396669005725,3,True,False,0,True,False,1,52,0.5444444444444444,30
85,1200,41.14212986111111,-8.61439255319149,1.1389209507840912,1,0.196299878347005,0.9426210724370863,5854.943674984964,0.5341461795865924,3,True,False,0,True,False,1,49,0.4,36
86,1201,41.14212986111111,-8.613313829787234,1.1717505441809746,1,0.23954506763766353,0.9322054765433111,5785.426589798274,0.5278041398455249,3,True,False,0,True,False,1,49,0.4111111111111111,36
87,1202,41.14212986111111,-8.612235106382979,0.7544824275659614,1,0.25764625977190825,0.49683616779405315,5716.494011241411,0.5215154246111643,3,True,False,0,True,False,1,77,0.7222222222222222,64
88,1203,41.14212986111111,-8.611156382978724,0.7489925813271376,1,0.25764625977190825,0.4913463215552294,5648.167340050449,0.5152819862714496,3,True,False,0,True,False,1,77,0.7333333333333333,65
89,1204,41.14212986111111,-8.610077659574468,0.7286472924094343,1,0.25889772216800766,0.46974957024142655,5580.468832277695,0.509105855244771,3,True,False,0,False,False,0.55,79,0.7555555555555555,68
90,1205,41.14212986111111,-8.608998936170213,0.7908098620360469,1,0.4062114426342254,0.38459841940182143,5513.421627366125,0.5029891425411999,3,True,False,0,True,False,1,79,0.9555555555555556,86
91,1206,41.14212986111111,-8.607920212765958,1.0219456109916771,1,0.6373471915898558,0.38459841940182143,5447.049775849475,0.49693404228956534,3,True,False,0,True,False,1,79,0.9555555555555556,86
92,1207,41.14212986111111,-8.606841489361702,1.3761460508964065,1,1.0,0.3761460508964066,5381.378266444061,0.4909428342090407,3,True,False,0,True,True,1,79,0.9777777777777777,0
93,1208,41.14212986111111,-8.605762765957447,1.4502376169203468,1,1.0,0.45023761692034675,5316.433052257842,0.48501788600019374,3,True,False,0,True,True,1,71,0.8888888888888888,0
94,1209,41.14212986111111,-8.604684042553192,1.4502376169203468,1,1.0,0.45023761692034675,5252.241075811349,0.4791616556276454,3,True,False,0,True,True,1,71,0.8888888888888888,0
95,1210,41.14212986111111,-8.603605319148937,1.526946335573789,1,1.0,0.5269463355737888,5188.830292518696,0.47337669346224065,3,True,False,0,True,True,1,64,0.8111111111111111,0
96,1211,41.14212986111111,-8.602526595744681,1.6088324810907273,1,1.0,0.6088324810907274,5126.229692239934,0.4676656442472686,3,True,False,0,True,True,1,64,0.6666666666666666,0
97,1212,41.14212986111111,-8.601447872340426,1.6445896190967098,1,1.0,0.6445896190967099,5064.4693184641965,0.4620312488485401,3,True,False,0,True,True,1,58,0.6777777777777778,0
98,1213,41.14212986111111,-8.60036914893617,1.4398981213738202,1,1.0,0.43989812137382023,5003.580284640867,0.4564763457442786,3,True,False,0,True,True,1,75,0.8666666666666667,0
99,1214,41.14212986111111,-8.599290425531915,1.4398981213738202,1,1.0,0.43989812137382023,4943.594787119933,0.45100387220566845,3,True,False,0,True,True,1,75,0.8666666666666667,0
100,1215,41.14212986111111,-8.59821170212766,1.4398981213738202,1,1.0,0.43989812137382023,4884.546114117089,0.44561686511474063,3,True,False,0,True,True,1,75,0.8666666666666667,0
101,1216,41.14212986111111,-8.597132978723405,0.9887016907900255,1,0.6373471915894326,0.3513544992005928,4826.468650061361,0.44031846136100605,3,True,True,1,True,False,1,85,0.9777777777777777,79
102,1217,41.14212986111111,-8.59605425531915,0.7945182170857539,1,0.4062114426342254,0.3883067744515285,4769.397874637212,0.4351118977540672,3,True,False,0,True,False,1,85,0.8777777777777778,79
103,1218,41.14212986111111,-8.594975531914894,0.7932081276020364,1,0.4049013531505079,0.3883067744515285,4713.370355777838,0.4300005103843967,3,True,False,0,True,False,1,85,0.8777777777777778,29
104,1219,41.14212986111111,-8.593896808510639,0.9714559552399734,1,0.4049013531505079,0.5665546020894655,4658.423735825488,0.4249877333607442,3,True,False,0,False,False,0.55,85,0.5,-5
105,1220,41.14212986111111,-8.592818085106384,0.9714559552399734,1,0.4049013531505079,0.5665546020894655,4604.596710028198,0.4200770968483946,3,True,False,0,False,False,0.10000000000000003,85,0.5,-7
106,1221,41.14212986111111,-8.591739361702128,0.9719545360206259,1,0.5282632511032972,0.4436912849173286,4551.92899651389,0.41527222432990685,3,True,False,0,False,False,0.10000000000000003,85,0.7444444444444445,67
107,1222,41.14212986111111,-8.590660638297873,1.070149252006538,1,0.6363185940653975,0.4338306579411406,4500.461296853828,0.4105768290073203,3,True,False,0,False,False,0.55,86,0.7555555555555555,68
108,1223,41.14212986111111,-8.589581914893618,0.979864565646008,1,0.6363185940653975,0.3435459715806105,4450.235246321401,0.4059947092642661,3,True,False,0,True,False,1,86,0.9888888888888889,0
109,1224,41.14212986111111,-8.588503191489362,1.5598546341690094,1,0.6363185940653975,0.923536040103612,4401.293352951814,0.40152974310638645,3,True,False,0,True,False,1,42,0.5,45
110,1225,41.14212986111111,-8.587424468085107,2.5385002538957853,1,1.0,1.5385002538957855,4353.67892453688,0.39718588150107365,3,True,False,0,True,True,1,1,0.45555555555555555,0
111,1226,41.14212986111111,-8.586345744680852,3.036828338639721,1,0.6373471915898558,2.3994811470498654,4307.435982730379,0.39296714054130666,2,True,False,0,True,False,1,1,0.011111111111111112,0
112,1227,41.14212986111111,-8.585267021276596,3.4269034919524497,1,1.0,2.4269034919524497,4262.609163516161,0.388877592365362,2,True,False,0,False,True,0.55,0,0.011111111111111112,0
113,1233,41.14212986111111,-8.578794680851065,3.3994811470498654,1,1.0,2.3994811470498654,4025.932020016757,0.3672855499797453,2,True,False,0,False,True,0.10000000000000003,1,0.011111111111111112,0
114,1234,41.14212986111111,-8.57771595744681,3.2951726760890976,1,1.0,2.2951726760890976,3992.2917909802895,0.3642165537916148,2,True,False,0,False,True,0.10000000000000003,1,0.05555555555555555,0
115,1235,41.14212986111111,-8.576637234042552,2.7817879246564483,1,0.6373471915898558,2.1444407330665927,3960.4300811236403,0.3613098118074455,2,True,False,0,False,False,0.55,6,0.06666666666666667,5
116,1236,41.14212986111111,-8.575558510638297,2.775336351875281,1,1.0,1.775336351875281,3930.390143390066,0.3585692699907987,2,True,True,1,True,True,1,6,0.25555555555555554,0
117,1237,41.14212986111111,-8.574479787234042,2.2788479018755754,1,1.0,1.2788479018755754,3902.214050988267,0.35599876667811936,3,True,False,0,True,True,1,29,0.32222222222222224,0
118,1238,41.14212986111111,-8.573401063829786,2.2788479018755754,1,1.0,1.2788479018755754,3875.9424517039683,0.3536020101645951,3,True,False,0,True,True,1,29,0.32222222222222224,0
119,1296,41.142945138888884,-8.66293510638298,3.4540194515572997,1,1.0,2.4540194515572997,9324.49519610517,0.8506731681899401,2,True,False,0,False,True,0,0,0,0
120,1297,41.142945138888884,-8.661856382978725,3.4540194515572997,1,1.0,2.4540194515572997,9241.28697532693,0.8430820869249253,2,True,False,0,False,True,0,0,0,0
121,1298,41.142945138888884,-8.66077765957447,3.4540194515572997,1,1.0,2.4540194515572997,9158.2152526065,0.8355034583699874,2,True,False,0,False,True,0,0,0,0
122,1333,41.142945138888884,-8.623022340425532,2.2112172965635453,1,0.6373507605326455,1.5738665360308997,6377.695469043871,0.5818367961268649,3,True,True,1,True,False,1,-1,0.45555555555555555,-1
123,1334,41.142945138888884,-8.621943617021277,2.572277574494019,1,1.0,1.5722775744940194,6303.572483119121,0.5750745603225457,3,True,False,0,True,True,1,3,0.4111111111111111,0
124,1335,41.142945138888884,-8.620864893617021,2.470876653347725,1,1.0,1.4708766533477247,6229.879610842531,0.5683515637619675,3,True,False,0,True,True,1,3,0.4777777777777778,0
125,1336,41.142945138888884,-8.619786170212766,2.1034066955268766,1,0.6373507605326455,1.466055934994231,6156.63229720373,0.5616692154906585,3,True,False,0,True,False,1,16,0.3333333333333333,0
126,1337,41.142945138888884,-8.61870744680851,1.6300253486962228,1,0.6363185940653975,0.9937067546308255,6083.846635329898,0.5550289836836996,3,True,False,0,True,False,1,16,0.7222222222222222,0
127,1338,41.142945138888884,-8.617628723404255,1.0360538084244686,1,0.25764625977190825,0.7784075486525605,6011.539393820811,0.5484323981394973,3,True,False,0,True,False,1,59,0.4777777777777778,43
128,1339,41.142945138888884,-8.61655,1.157016398914903,1,0.25764625977190825,0.8993701391429947,5939.728044855037,0.5418810528439124,3,True,False,0,True,False,1,59,0.3333333333333333,56
129,1340,41.142945138888884,-8.615471276595745,1.158607600566171,1,0.25764625977190825,0.9009613407942627,5868.430793021515,0.5353766086005616,3,True,False,0,True,False,1,52,0.4111111111111111,49
130,1341,41.142945138888884,-8.61439255319149,1.1807095173414313,1,0.2790653714712399,0.9016441458701913,5797.666604809497,0.5289207957211843,3,True,False,0,True,False,1,49,0.4444444444444444,36
131,1342,41.142945138888884,-8.613313829787234,1.3944284146699346,1,0.3641820323234171,1.0302463823465176,5727.4552386803625,0.5225154167690924,3,True,False,0,True,False,1,49,0.3111111111111111,36
132,1343,41.142945138888884,-8.612235106382979,1.154375213336556,1,0.4049013531505079,0.7494738601860479,5657.817275619329,0.5161623493464005,3,True,True,1,True,False,1,77,0.3111111111111111,11
133,1344,41.142945138888884,-8.611156382978724,1.3101958752020257,1,0.4049013531505079,0.9052945220515178,5588.774150050755,0.5098635489144278,3,True,False,0,True,False,1,77,0.12222222222222222,11
134,1345,41.142945138888884,-8.610077659574468,1.270404347717685,1,0.4049013531505079,0.8655029945671769,5520.348180970211,0.503621051633875,3,True,False,0,True,False,1,79,0.14444444444444443,7
135,1346,41.142945138888884,-8.608998936170213,1.2236321062284898,1,0.4049013531505079,0.8187307530779818,5452.562603126369,0.4974369772095467,3,True,False,0,True,False,1,79,0.2,7
136,1347,41.142945138888884,-8.607920212765958,1.3469940041815267,1,0.5282632511035448,0.8187307530779818,5385.441598049394,0.49131353172106884,3,True,False,0,True,False,1,79,0.2,0
137,1348,41.142945138888884,-8.606841489361702,1.456081513610204,1,0.6373507605322223,0.8187307530779818,5319.010324695826,0.4852530104186206,3,True,False,0,True,False,1,79,0.2,0
138,1349,41.142945138888884,-8.605762765957447,1.8203864264335838,1,1.0,0.8203864264335838,5253.2949494369,0.47925780045876654,3,True,False,0,True,True,1,71,0.28888888888888886,0
139,1350,41.142945138888884,-8.604684042553192,1.4855442780151908,1,0.6373507605326455,0.8481935174825455,5188.322675083428,0.473330383552395,3,True,False,0,True,False,1,71,0.25555555555555554,0
140,1351,41.142945138888884,-8.603605319148937,1.4860127694716083,1,0.6363185940653975,0.8496941754062108,5124.1217685901875,0.46747333849218803,3,True,False,0,True,False,1,64,0.3333333333333333,0
141,1352,41.142945138888884,-8.602526595744681,1.4965386273906036,1,0.6373507605322223,0.8591878668583813,5060.721587041492,0.4616893435232836,3,True,False,0,True,False,1,64,0.32222222222222224,0
142,1353,41.142945138888884,-8.601447872340426,1.8604906533668955,1,1.0,0.8604906533668955,4998.152601462452,0.45598117851557524,3,True,False,0,True,True,1,58,0.3888888888888889,0
143,1354,41.142945138888884,-8.60036914893617,1.4941553061284365,1,0.6373507605326455,0.8568045455957911,4936.446417952158,0.45035172689169134,3,True,False,0,True,False,1,75,0.2,0
144,1355,41.142945138888884,-8.599290425531915,1.4931231396611886,1,0.6363185940653975,0.8568045455957911,4875.635795571744,0.4448039772589223,3,True,False,0,True,False,1,75,0.2,0
145,1356,41.142945138888884,-8.59821170212766,1.474293036906856,1,0.6363185940653975,0.8379744428414585,4815.75466036661,0.4393410246884669,3,True,False,0,True,False,1,75,0.2222222222222222,0
146,1357,41.142945138888884,-8.597132978723405,1.4721796094166253,1,0.6363185940609087,0.8358610153557167,4756.838114834969,0.43396607157924744,3,True,False,0,True,False,1,85,0.1111111111111111,-10
147,1358,41.142945138888884,-8.59605425531915,1.4721796094166253,1,0.6363185940609087,0.8358610153557167,4698.922442098904,0.4286824280384347,3,True,False,0,True,False,1,85,0.1111111111111111,-10
148,1359,41.142945138888884,-8.594975531914894,1.4721796094166253,1,0.6363185940609087,0.8358610153557167,4642.045103967352,0.42349351170473465,3,True,False,0,True,False,1,85,0.1111111111111111,-5
149,1360,41.142945138888884,-8.593896808510639,1.5005112134136787,1,0.6363185940609087,0.86419261935277,4586.24473202744,0.418402846935651,3,True,False,0,False,False,0.55,85,0.07777777777777778,-5
150,1361,41.142945138888884,-8.592818085106384,1.5005112134136787,1,0.6363185940609087,0.86419261935277,4531.561110840812,0.4134140632744875,3,True,False,0,False,False,0.10000000000000003,85,0.07777777777777778,-7
151,1362,41.142945138888884,-8.591739361702128,1.454841951768315,1,0.6373507605322223,0.8174911912360928,4478.03515227956,0.4085308931090159,3,True,False,0,False,False,0.10000000000000003,85,0.13333333333333333,-1
152,1363,41.142945138888884,-8.590660638297873,1.817284780129694,1,1.0,0.8172847801296942,4425.70885999315,0.4037571684297962,3,True,False,0,False,True,0.55,86,0.12222222222222222,0
153,1364,41.142945138888884,-8.589581914893618,1.5664115508082943,1,1.0,0.5664115508082943,4374.625282977854,0.399096816594318,3,True,False,0,True,True,1,86,0.4888888888888889,0
154,1365,41.142945138888884,-8.588503191489362,1.8264163591797646,1,1.0,0.8264163591797645,4324.82845720622,0.3945538550018607,3,True,False,0,True,True,1,42,0.6111111111111112,0
155,1366,41.142945138888884,-8.587424468085107,2.008622822783744,1,1.0,1.008622822783744,4276.363334290557,0.39013238458546723,3,True,False,0,True,True,1,1,0.8777777777777778,0
156,1367,41.142945138888884,-8.586345744680852,2.4233742753338827,1,1.0,1.423374275333883,4229.275696185293,0.38583658203024496,3,True,False,0,True,True,1,1,0.5333333333333333,0
157,1368,41.142945138888884,-8.585267021276596,2.4237337586695995,1,1.0,1.4237337586695993,4183.61205500226,0.3816706906335198,3,True,False,0,True,True,1,0,0.5444444444444444,0
158,1369,41.142945138888884,-8.584188297872341,2.7780282942740433,1,1.0,1.778028294274043,4139.4195371057085,0.3776390097308311,2,True,False,0,False,True,0.55,0,0.32222222222222224,0
159,1370,41.142945138888884,-8.583109574468086,2.7780282942740433,1,1.0,1.778028294274043,4096.745750792665,0.3737458826244178,2,True,False,0,False,True,0.55,0,0.32222222222222224,0
160,1371,41.142945138888884,-8.58203085106383,2.7780282942740433,1,1.0,1.778028294274043,4055.6386370347527,0.3699956829664038,2,True,False,0,False,True,0.55,0,0.32222222222222224,0
161,1372,41.142945138888884,-8.580952127659575,2.7780282942740433,1,1.0,1.778028294274043,4016.1463029798806,0.3663927995691657,2,True,True,1,True,True,1,0,0.32222222222222224,0
162,1373,41.142945138888884,-8.57987340425532,2.691680214543186,1,0.6373507605322223,2.054329454010964,3978.316838171051,0.3629416196389858,3,True,False,0,False,False,0.55,0,0.17777777777777778,0
163,1374,41.142945138888884,-8.578794680851065,3.0538107494425777,1,1.0,2.0538107494425777,3942.1981137513962,0.35964651045753854,2,True,False,0,False,True,0.55,1,0.16666666666666666,0
164,1375,41.142945138888884,-8.57771595744681,3.147150070335062,1,1.0,2.147150070335062,3907.8375652721984,0.3565117995674785,2,True,False,0,False,True,0.55,1,0.12222222222222222,0
165,1376,41.142945138888884,-8.576637234042552,3.1444407330665927,1,1.0,2.1444407330665927,3875.281960113097,0.35354175355419926,2,True,False,0,False,True,0.55,6,0.06666666666666667,0
166,1377,41.142945138888884,-8.575558510638297,2.775336351875281,1,1.0,1.775336351875281,3844.5771509467527,0.3507405555544285,2,True,False,0,True,True,1,6,0.25555555555555554,0
167,1378,41.142945138888884,-8.574479787234042,2.004361293149842,1,0.6373507605322223,1.3670105326176196,3815.7678171240173,0.3481122816628119,3,True,False,0,True,False,1,29,0.25555555555555554,0
168,1379,41.142945138888884,-8.573401063829786,1.9151664959409729,1,0.6363185940653975,1.2788479018755754,3788.897196317835,0.3456608764498012,3,True,False,0,True,False,1,29,0.32222222222222224,0
169,1433,41.143760416666666,-8.667250000000001,3.4540194515572997,1,1.0,2.4540194515572997,9624.826803652353,0.8780724037224389,2,True,False,0,False,True,0,0,0,0
170,1435,41.143760416666666,-8.66509255319149,3.4540194515572997,1,1.0,2.4540194515572997,9456.915351202597,0.8627538514333594,2,True,False,0,False,True,0,0,0,0
171,1436,41.143760416666666,-8.664013829787235,3.4540194515572997,1,1.0,2.4540194515572997,9373.13966423804,0.8551110002603333,2,True,False,0,False,True,0,0,0,0
172,1437,41.143760416666666,-8.66293510638298,3.4540194515572997,1,1.0,2.4540194515572997,9289.488334759493,0.8474794942137068,2,True,False,0,False,True,0,0,0,0
173,1438,41.143760416666666,-8.661856382978725,3.4540194515572997,1,1.0,2.4540194515572997,9205.964752757673,0.8398596425621409,2,True,False,0,False,True,0,0,0,0
174,1439,41.143760416666666,-8.66077765957447,3.4540194515572997,1,1.0,2.4540194515572997,9122.572427100633,0.8322517654194691,2,True,False,0,False,True,0,0,0,0
175,1440,41.143760416666666,-8.659698936170214,3.4540194515572997,1,1.0,2.4540194515572997,9039.314990524017,0.8246561941999583,2,True,False,0,False,True,0,0,0,0
176,1441,41.143760416666666,-8.658620212765959,3.4540194515572997,1,1.0,2.4540194515572997,8956.196204856771,0.8170732720950501,2,True,False,0,False,True,0,0,0,0
177,1442,41.143760416666666,-8.657541489361703,3.091373781110847,1,0.6373543295535474,2.4540194515572997,8873.219966498444,0.8095033545730542,2,True,False,0,False,False,0,0,0,0
178,1443,41.143760416666666,-8.656462765957448,3.4540194515572997,1,1.0,2.4540194515572997,8790.39031215693,0.8019468099026034,2,True,False,0,False,True,0,0,0,0
179,1470,41.143760416666666,-8.627337234042553,2.9600692377081437,1,1.0,1.960069237708144,6629.274193197983,0.6047883088709278,2,True,False,0,False,True,0.55,10,0.1111111111111111,0
180,1471,41.143760416666666,-8.626258510638298,2.9384112356745105,1,1.0,1.9384112356745107,6553.008922552631,0.5978306325529815,2,True,False,0,False,True,0.55,10,0.12222222222222222,0
181,1472,41.143760416666666,-8.625179787234043,2.1681039688807986,1,0.6373543295535474,1.5307496393272513,6477.107588053824,0.5909061581090552,3,True,False,0,False,False,0.55,21,0.23333333333333334,21
182,1473,41.143760416666666,-8.624101063829787,2.513835451724217,1,1.0,1.513835451724217,6401.583134917926,0.5840160665305039,3,True,False,0,False,True,0.55,21,0.24444444444444444,0
183,1474,41.143760416666666,-8.623022340425532,2.513835451724217,1,1.0,1.513835451724217,6326.4490606757045,0.5771615891962942,3,True,False,0,True,True,1,21,0.24444444444444444,0
184,1475,41.143760416666666,-8.621943617021277,1.6250568320865955,1,0.6373543295535474,0.9877025025330481,6251.719440246076,0.5703440101604815,3,True,False,0,True,False,1,40,0.45555555555555555,37
185,1476,41.143760416666666,-8.620864893617021,1.438811055581865,1,0.40622054140740144,1.0325905141744636,6177.408951986729,0.5635646685288054,3,True,False,0,True,False,1,40,0.4111111111111111,37
186,1477,41.143760416666666,-8.619786170212766,1.3072288215720445,1,0.4049013531533642,0.9023274684186803,6103.532904726103,0.5568249609248166,3,True,False,0,True,False,1,46,0.4777777777777778,43
187,1478,41.143760416666666,-8.61870744680851,1.3911084698972802,1,0.4049013531533642,0.986207116743916,6030.107265766737,0.5501263440446209,3,True,False,0,True,False,1,46,0.3888888888888889,30
188,1479,41.143760416666666,-8.617628723404255,0.8796596301785483,1,0.4049013531533642,0.47475827702518414,5957.148689848258,0.5434703372991702,3,True,False,0,True,False,1,81,0.7222222222222222,0
189,1480,41.143760416666666,-8.61655,1.11315747622915,1,0.4049013531533642,0.7082561230757859,5884.674549040926,0.5368585255414495,3,True,False,0,True,False,1,81,0.32222222222222224,0
190,1481,41.143760416666666,-8.615471276595745,0.9772077294614786,1,0.4049013531533642,0.5723063763081144,5812.7029635355275,0.5302925618754375,3,True,False,0,True,False,1,89,0.4444444444444444,0
191,1482,41.143760416666666,-8.61439255319149,1.3026831008907478,1,0.4049013531533642,0.8977817477373837,5741.252833274429,0.5237741705418046,3,True,False,0,True,False,1,66,0.25555555555555554,0
192,1483,41.143760416666666,-8.613313829787234,1.4879414456213667,1,0.5282674270387678,0.9596740185825988,5670.343870359194,0.5173051498744594,3,True,False,0,True,False,1,66,0.18888888888888888,0
193,1484,41.143760416666666,-8.612235106382979,1.5959926126479962,1,0.6363185940653975,0.9596740185825988,5599.996632144686,0.5108873753197207,3,True,False,0,True,False,1,66,0.18888888888888888,0
194,1485,41.143760416666666,-8.611156382978724,1.6396068167303213,1,0.6363185940653975,1.0032882226649238,5530.232554914935,0.5045228025085652,3,True,False,0,True,False,1,66,0.14444444444444443,0
195,1486,41.143760416666666,-8.610077659574468,1.6380878340946299,1,0.6363185940653975,1.0017692400292324,5461.073988004965,0.4982134703695607,3,True,False,0,True,False,1,72,0.07777777777777778,0
196,1487,41.143760416666666,-8.608998936170213,1.4564978783648883,1,0.6363185940653975,0.8201792842994908,5392.5442282118765,0.49196150426818586,3,True,False,0,True,False,1,72,0.2777777777777778,0
197,1488,41.143760416666666,-8.607920212765958,1.253666076915514,1,0.6363185940653975,0.6173474828501163,5324.667554300767,0.4857691191548043,3,True,False,0,True,False,1,97,0.2777777777777778,0
198,1489,41.143760416666666,-8.606841489361702,1.2468446275596432,1,0.6363185940653975,0.6105260334942456,5257.4692613827565,0.47963862270096985,3,True,False,0,True,False,1,97,0.28888888888888886,0
199,1490,41.143760416666666,-8.605762765957447,1.289428339084623,1,0.6363185940653975,0.6531097450192255,5190.975694897061,0.4735724183996086,3,True,False,0,True,False,1,94,0.25555555555555554,23
200,1491,41.143760416666666,-8.604684042553192,1.2405561349278427,1,0.6363185940653975,0.6042375408624452,5125.214283892376,0.4675730086012785,3,True,False,0,True,False,1,94,0.3333333333333333,0
201,1492,41.143760416666666,-8.603605319148937,1.312418691066393,1,0.6363185940653975,0.6761000970009957,5060.21357324906,0.4616429974537963,3,True,False,0,True,False,1,89,0.2777777777777778,0
202,1493,41.143760416666666,-8.602526595744681,1.2698506928781101,1,0.6373543295531242,0.6324963633249859,4996.003254437923,0.45578509370836123,3,True,False,0,True,False,1,89,0.34444444444444444,-4
203,1494,41.143760416666666,-8.601447872340426,1.578116543674644,1,1.0,0.5781165436746439,4932.6141943489365,0.4500021133495956,3,True,False,0,False,True,0.55,93,0.3888888888888889,0
204,1495,41.143760416666666,-8.60036914893617,1.578116543674644,1,1.0,0.5781165436746439,4870.078461668494,0.44429698200194134,3,True,False,0,True,True,1,93,0.3888888888888889,0
205,1496,41.143760416666666,-8.599290425531915,1.698310865659935,1,1.0,0.6983108656599349,4808.429350213115,0.43867273705839227,3,True,False,0,True,True,1,93,0.2,0
206,1497,41.143760416666666,-8.59821170212766,1.698310865659935,1,1.0,0.6983108656599349,4747.701398565061,0.4331325294718504,3,True,False,0,True,True,1,93,0.2,0
207,1498,41.143760416666666,-8.597132978723405,1.6676171462938303,1,1.0,0.6676171462938304,4687.93040527821,0.42767962514235663,3,True,False,0,True,True,1,95,0.2222222222222222,0
208,1499,41.143760416666666,-8.59605425531915,1.7460748916023818,1,1.0,0.7460748916023817,4629.15343885521,0.42231740582730654,3,True,False,0,True,True,1,95,0.1111111111111111,0
209,1500,41.143760416666666,-8.594975531914894,1.8348063012807894,1,1.0,0.8348063012807894,4571.4088416174745,0.41704936949450916,3,True,False,0,False,True,0.55,90,0.05555555555555555,0
210,1501,41.143760416666666,-8.593896808510639,1.8348063012807894,1,1.0,0.8348063012807894,4514.736226522569,0.41187913003183785,3,True,False,0,False,True,0.10000000000000003,90,0.05555555555555555,0
211,1502,41.143760416666666,-8.592818085106384,1.7981130295638255,1,1.0,0.7981130295638253,4459.176465908594,0.4068104162203806,3,True,False,0,False,True,0.10000000000000003,92,0.07777777777777778,0
212,1503,41.143760416666666,-8.591739361702128,1.7981130295638255,1,1.0,0.7981130295638253,4404.771671086924,0.40184706987268715,3,True,False,0,False,True,0.55,92,0.07777777777777778,0
213,1504,41.143760416666666,-8.590660638297873,1.3506360706045704,1,0.6373543295531242,0.713281741051446,4351.565161644527,0.396993043032221,3,True,False,0,False,False,0.55,97,0.13333333333333333,11
214,1505,41.143760416666666,-8.589581914893618,1.0786673950269325,1,0.6363185940609087,0.44234880096602375,4299.601423279994,0.3922523941267431,3,True,True,1,True,False,1,97,0.6111111111111112,11
215,1506,41.143760416666666,-8.588503191489362,0.9392738264329943,1,0.5282653390537763,0.4110084873792181,4248.926052966397,0.38762928296552207,3,True,False,0,True,False,1,80,0.8777777777777778,38
216,1507,41.143760416666666,-8.587424468085107,1.8249568125645874,1,1.0,0.8249568125645874,4199.585690234441,0.3831279644703004,3,True,False,0,True,True,1,49,0.5333333333333333,0
217,1508,41.143760416666666,-8.586345744680852,1.4531956904899697,1,0.6373543295535474,0.8158413609364221,4151.627933385889,0.3787527810314499,3,True,False,0,True,False,1,49,0.5444444444444444,48
218,1509,41.143760416666666,-8.585267021276596,2.307915100997742,1,1.0,1.307915100997742,4105.101239504767,0.37450815338599946,3,True,True,1,True,True,1,28,0.3111111111111111,0
219,1510,41.143760416666666,-8.584188297872341,2.307915100997742,1,1.0,1.307915100997742,4060.0548072188035,0.370398569921968,3,True,False,0,True,True,1,28,0.3111111111111111,0
220,1511,41.143760416666666,-8.583109574468086,2.2788479018755754,1,1.0,1.2788479018755754,4016.538441299716,0.36642857432585624,3,True,False,0,True,True,1,29,0.32222222222222224,0
221,1512,41.143760416666666,-8.58203085106383,2.2788479018755754,1,1.0,1.2788479018755754,3974.6023983651526,0.36260275150604343,3,True,False,0,True,True,1,29,0.32222222222222224,0
222,1513,41.143760416666666,-8.580952127659575,2.712803176969434,1,1.0,1.7128031769694336,3934.297213178991,0.35892571174617355,3,True,False,0,True,True,1,16,0.17777777777777778,0
223,1514,41.143760416666666,-8.57987340425532,2.712803176969434,1,1.0,1.7128031769694336,3895.6735053261596,0.35540207306811034,3,True,False,0,True,True,1,16,0.17777777777777778,0
224,1515,41.143760416666666,-8.578794680851065,3.004620057819072,1,1.0,2.004620057819072,3858.7817663808923,0.3520364418153091,2,True,False,0,True,True,1,9,0.1,0
225,1516,41.143760416666666,-8.57771595744681,3.027017815575465,1,1.0,2.027017815575465,3823.6721280769593,0.34883339150299997,2,True,False,0,True,True,1,9,0.08888888888888889,0
226,1517,41.143760416666666,-8.576637234042552,2.894853286454988,1,1.0,1.8948532864549883,3790.3941124343924,0.34579744002226337,2,True,False,0,True,True,1,12,0.12222222222222222,0
227,1518,41.143760416666666,-8.575558510638297,2.7726484850887583,1,1.0,1.7726484850887583,3758.996365285313,0.3429330253296063,2,True,False,0,True,True,1,12,0.18888888888888888,0
228,1519,41.143760416666666,-8.574479787234042,2.4108983177726726,1,0.6373543295531242,1.7735439882195485,3729.5263751608672,0.34024447980103334,3,True,False,0,True,False,1,10,0.2111111111111111,-2
229,1520,41.143760416666666,-8.573401063829786,2.409862582284946,1,0.6363185940653975,1.7735439882195485,3702.0301800483685,0.3377360034795175,3,True,False,0,True,False,1,10,0.2111111111111111,0
230,1573,41.14457569444444,-8.668328723404256,3.0642613906045884,1,0.6373578986521385,2.4269034919524497,9676.186770291968,0.8827579705676769,2,True,False,0,False,False,0.10000000000000003,0,0.011111111111111112,0
231,1574,41.14457569444444,-8.667250000000001,3.4540194515572997,1,1.0,2.4540194515572997,9591.77086850372,0.8750567126325755,2,True,False,0,False,True,0.10000000000000003,0,0,0
232,1575,41.14457569444444,-8.666171276595746,3.4540194515572997,1,1.0,2.4540194515572997,9507.465136459623,0.8673655054769881,2,True,False,0,False,True,0,0,0,0
233,1576,41.14457569444444,-8.66509255319149,3.4540194515572997,1,1.0,2.4540194515572997,9423.27253108874,0.8596846188613856,2,True,False,0,False,True,0,0,0,0
234,1577,41.14457569444444,-8.664013829787235,3.4540194515572997,1,1.0,2.4540194515572997,9339.196111906802,0.8520143319052146,2,True,False,0,False,True,0,0,0,0
235,1578,41.14457569444444,-8.66293510638298,3.4540194515572997,1,1.0,2.4540194515572997,9255.239045302045,0.8443549334778944,2,True,False,0,False,True,0,0,0,0
236,1579,41.14457569444444,-8.661856382978725,3.4540194515572997,1,1.0,2.4540194515572997,9171.404609028052,0.8367067226086986,2,True,False,0,False,True,0,0,0,0
237,1580,41.14457569444444,-8.66077765957447,3.4540194515572997,1,1.0,2.4540194515572997,9087.696196910425,0.8290700089161446,2,True,False,0,False,True,0,0,0,0
238,1581,41.14457569444444,-8.659698936170214,3.4540194515572997,1,1.0,2.4540194515572997,9004.117323782515,0.8214451130582796,2,True,False,0,False,True,0,0,0,0
239,1582,41.14457569444444,-8.658620212765959,3.4540194515572997,1,1.0,2.4540194515572997,8920.671630658153,0.8138323672045891,2,True,False,0,False,True,0,0,0,0
240,1583,41.14457569444444,-8.657541489361703,3.4540194515572997,1,1.0,2.4540194515572997,8837.362890157943,0.8062321155310369,2,True,False,0,False,True,0.10000000000000003,0,0,0
241,1584,41.14457569444444,-8.656462765957448,3.4540194515572997,1,1.0,2.4540194515572997,8754.195012198314,0.7986447147390773,2,True,False,0,False,True,0,0,0,0
242,1585,41.14457569444444,-8.655384042553193,3.4540194515572997,1,1.0,2.4540194515572997,8671.172049961266,0.7910705346002743,2,True,False,0,False,True,0,0,0,0
243,1586,41.14457569444444,-8.654305319148937,3.4540194515572997,1,1.0,2.4540194515572997,8588.298206155476,0.7835099585275024,2,True,False,0,False,True,0,0,0,0
244,1587,41.14457569444444,-8.65322659574468,3.0913773502094384,1,0.6373578986521385,2.4540194515572997,8505.57783958806,0.7759633841744877,2,True,False,0,False,False,0,0,0,0
245,1608,41.14457569444444,-8.630573404255319,3.2458653625674914,1,1.0,2.2458653625674914,6813.718116026415,0.6216151174955257,2,True,False,0,False,True,0.55,-1,0.1,0
246,1609,41.14457569444444,-8.629494680851064,3.027529753397109,1,1.0,2.027529753397109,6735.902004490672,0.6145159580510571,2,True,True,1,True,True,1,8,0.1,0
247,1610,41.14457569444444,-8.628415957446808,3.0501834827576113,1,1.0,2.0501834827576113,6658.404014289813,0.6074458207979375,2,True,False,0,True,True,1,8,0.08888888888888889,0
248,1611,41.14457569444444,-8.627337234042553,2.9600692377081437,1,1.0,1.960069237708144,6581.235383653333,0.6004057309992067,2,True,False,0,True,True,1,10,0.1111111111111111,0
249,1612,41.14457569444444,-8.626258510638298,2.9384112356745105,1,1.0,1.9384112356745107,6504.407835220756,0.5933967581106041,2,True,False,0,True,True,1,10,0.12222222222222222,0
250,1613,41.14457569444444,-8.625179787234043,2.710641911417934,1,1.0,1.7106419114179339,6427.933599000044,0.5864200178750627,3,True,False,0,True,True,1,21,0.12222222222222222,0
251,1614,41.14457569444444,-8.624101063829787,2.9330342315385947,1,1.0,1.9330342315385944,6351.825436362597,0.5794766745117722,2,True,False,0,True,True,1,21,0,0
252,1615,41.14457569444444,-8.623022340425532,2.565147076201282,1,1.0,1.5651470762012818,6276.096665096498,0.5725679430017842,3,True,False,0,True,True,1,21,0.2111111111111111,0
253,1616,41.14457569444444,-8.621943617021277,1.8985668007152792,1,0.6373578986525618,1.2612089020627175,6200.7611855433315,0.5656950914724735,3,True,False,0,False,False,0.55,40,0.2111111111111111,19
254,1617,41.14457569444444,-8.620864893617021,2.0935162120741326,1,0.6363185940653975,1.4571976180087354,6125.833507832266,0.5588594436821019,3,True,False,0,False,False,0.55,40,0.06666666666666667,0
255,1618,41.14457569444444,-8.619786170212766,1.9974732256017593,1,0.6363185940653975,1.3611546315363618,6051.328780226651,0.5520623816058761,3,True,True,1,True,False,1,46,0.06666666666666667,0
256,1619,41.14457569444444,-8.61870744680851,1.6225257108093136,1,0.6363185940653975,0.986207116743916,5977.26281858459,0.5453053481236341,3,True,False,0,True,False,1,46,0.3888888888888889,0
257,1620,41.14457569444444,-8.617628723404255,1.2988971443942083,1,0.6363185940653975,0.6625785503288109,5903.652136933821,0.5385898498091906,3,True,False,0,True,False,1,81,0.3888888888888889,0
258,1621,41.14457569444444,-8.61655,1.5307060859376826,1,0.6363185940653975,0.8943874918722853,5830.513979144505,0.531917459819843,3,True,False,0,True,False,1,81,0.08888888888888889,0
259,1622,41.14457569444444,-8.615471276595745,1.3276113194424732,1,0.6363185940653975,0.6912927253770758,5757.866351678959,0.5252898208841275,3,True,False,0,True,False,1,89,0.25555555555555554,0
260,1623,41.14457569444444,-8.61439255319149,1.5341003418027812,1,0.6363185940653975,0.8977817477373837,5685.728057376811,0.5187086483840376,3,True,False,0,True,False,1,66,0.25555555555555554,0
261,1624,41.14457569444444,-8.613313829787234,1.7965546073436558,1,0.6373578986521385,1.1591967086915174,5614.118730225079,0.5121757335270963,3,True,False,0,True,False,1,66,0,0
262,1625,41.14457569444444,-8.612235106382979,2.1591967086915176,1,1.0,1.1591967086915174,5543.058871037283,0.5056929466013588,3,True,False,0,True,True,1,66,0,0
263,1626,41.14457569444444,-8.611156382978724,2.084436618006576,1,1.0,1.0844366180065759,5472.569883951154,0.49926224030509686,3,True,False,0,True,True,1,66,0.06666666666666667,0
264,1627,41.14457569444444,-8.610077659574468,2.012962076636081,1,1.0,1.012962076636081,5402.674113623096,0.4928856531400478,3,True,False,0,True,True,1,72,0.06666666666666667,0
265,1628,41.14457569444444,-8.608998936170213,1.8201792842994908,1,1.0,0.8201792842994908,5333.394882976125,0.48656531285515636,3,True,False,0,True,True,1,72,0.2777777777777778,0
266,1629,41.14457569444444,-8.607920212765958,1.6173474828501164,1,1.0,0.6173474828501163,5264.756531319336,0.4803034399242116,3,True,False,0,True,True,1,97,0.2777777777777778,0
267,1630,41.14457569444444,-8.606841489361702,1.7882982366044229,1,1.0,0.788298236604423,5196.784452627223,0.474102351038067,3,True,True,1,True,True,1,97,0.03333333333333333,0
268,1631,41.14457569444444,-8.605762765957447,1.8156353664012368,1,1.0,0.8156353664012367,5129.505133719847,0.46796446258781565,3,True,False,0,True,True,1,94,0.03333333333333333,0
269,1632,41.14457569444444,-8.604684042553192,1.7977100439477671,1,1.0,0.7977100439477671,5062.946192045601,0.4618922941117086,3,True,False,0,True,True,1,94,0.05555555555555555,0
270,1633,41.14457569444444,-8.603605319148937,1.844346841471621,1,1.0,0.8443468414716211,4997.136412711037,0.45588847167338536,3,True,False,0,False,True,0.55,89,0.05555555555555555,0
271,1634,41.14457569444444,-8.602526595744681,1.8537807867940237,1,1.0,0.8537807867940238,4932.105784352392,0.44995573113442966,3,True,False,0,True,True,1,89,0.044444444444444446,0
272,1635,41.14457569444444,-8.601447872340426,1.4531992595885606,1,0.6373578986521385,0.8158413609364221,4867.885533375419,0.4440969212780683,3,True,False,0,True,False,1,93,0.044444444444444446,0
273,1636,41.14457569444444,-8.60036914893617,1.489237411435658,1,0.6363185940653975,0.8529188173702604,4804.508156029199,0.4383150067352631,3,True,False,0,True,False,1,93,0,0
274,1637,41.14457569444444,-8.599290425531915,1.489237411435658,1,0.6363185940653975,0.8529188173702604,4742.007447700908,0.4326130706572703,3,True,False,0,True,False,1,93,0,0
275,1638,41.14457569444444,-8.59821170212766,1.470492705826028,1,0.6363185940653975,0.8341741117606305,4680.418528747019,0.42699431707222013,3,True,True,1,True,False,1,93,0.022222222222222223,0
276,1639,41.14457569444444,-8.597132978723405,1.4517480179437035,1,0.6363185940653975,0.815429423878306,4619.777866088485,0.42146207285524423,3,True,False,0,True,False,1,95,0.022222222222222223,0
277,1640,41.14457569444444,-8.59605425531915,1.4250150616472612,1,0.6363185940653975,0.7886964675818637,4560.123289717851,0.41601978923441796,3,True,False,0,True,False,1,95,0.05555555555555555,0
278,1641,41.14457569444444,-8.594975531914894,1.4711248953461868,1,0.6363185940653975,0.8348063012807894,4501.494003172623,0.41067104274624594,3,True,False,0,False,False,0.55,90,0.05555555555555555,0
279,1642,41.14457569444444,-8.593896808510639,1.499420749689946,1,0.6363185940653975,0.8631021556245486,4443.930586946655,0.40541953554688204,3,True,False,0,False,False,0.55,90,0.022222222222222223,0
280,1643,41.14457569444444,-8.592818085106384,1.4800260210719638,1,0.6363185940653975,0.8437074270065664,4387.474993718775,0.40026909497683777,3,True,False,0,False,False,0.55,92,0.022222222222222223,0
281,1644,41.14457569444444,-8.591739361702128,1.4523660015623954,1,0.6363185940653975,0.8160474074969979,4332.1705342010355,0.39522367226991856,3,True,False,0,True,False,1,92,0.05555555555555555,0
282,1645,41.14457569444444,-8.590660638297873,1.299241132777171,1,0.5282674270387678,0.7709737057384031,4278.061852328576,0.39028734028979667,3,True,False,0,False,False,0.55,97,0.05555555555555555,5
283,1646,41.14457569444444,-8.589581914893618,1.079636970096427,1,0.4049013531505079,0.674735616945919,4225.194888455261,0.3854642901723511,3,True,False,0,True,False,1,97,0.18888888888888888,11
284,1647,41.14457569444444,-8.588503191489362,1.0647890995989777,1,0.3641820323234171,0.7006070672755605,4173.616829166969,0.38075882674713674,3,True,False,0,True,False,1,80,0.34444444444444444,31
285,1648,41.14457569444444,-8.587424468085107,1.6327894825342901,1,0.6363185940653975,0.9964708884688925,4123.376042304248,0.37617536260950507,3,True,False,0,True,False,1,49,0.34444444444444444,0
286,1649,41.14457569444444,-8.586345744680852,1.6418426463491493,1,0.5282674270390153,1.113575219310134,4074.521995783055,0.37171841071462497,3,True,False,0,True,False,1,49,0.23333333333333334,0
287,1650,41.14457569444444,-8.585267021276596,2.0510603589464607,1,0.6373578986521385,1.4137024602943222,4027.1051588432974,0.3673925753683922,3,True,False,0,True,False,1,28,0.23333333333333334,0
288,1651,41.14457569444444,-8.584188297872341,2.7655007186434597,1,1.0,1.76550071864346,3981.1768844267135,0.3632025414967707,2,True,False,0,False,True,0.55,28,0.011111111111111112,0
289,1652,41.14457569444444,-8.583109574468086,2.3829096700910997,1,0.6373578986525618,1.7455517714385378,3936.789271514462,0.35915306208685843,3,True,False,0,False,False,0.55,29,0.011111111111111112,0
290,1653,41.14457569444444,-8.58203085106383,2.1639789314365587,1,0.6363185940653975,1.5276603373711612,3893.995006428304,0.35524894370880317,3,True,False,0,True,False,1,29,0.14444444444444443,0
291,1654,41.14457569444444,-8.580952127659575,2.408216733731362,1,0.6373578986521385,1.7708588350792231,3852.847182341602,0.35149503004980126,3,True,False,0,True,False,1,16,0.14444444444444443,0
292,1655,41.14457569444444,-8.57987340425532,2.8929402595741953,1,1.0,1.8929402595741953,3813.3990965445178,0.347896183418613,2,True,False,0,True,True,1,16,0.07777777777777778,0
293,1656,41.14457569444444,-8.578794680851065,3.0496658250194817,1,1.0,2.0496658250194817,3775.7040253815244,0.3444572642131248,2,True,False,0,True,True,1,9,0.07777777777777778,0
294,1657,41.14457569444444,-8.57771595744681,3.142816771968112,1,1.0,2.142816771968112,3739.8149772133183,0.34118310838307814,2,True,False,0,True,True,1,9,0.03333333333333333,0
295,1658,41.14457569444444,-8.576637234042552,2.7083552490517655,1,0.6373578986525618,2.0709973503992036,3705.7844242598912,0.3380785029661287,3,True,True,1,True,False,1,12,0.03333333333333333,0
296,1659,41.14457569444444,-8.575558510638297,3.0941367462101175,1,1.0,2.0941367462101175,3673.6640147429275,0.335148159826613,2,True,False,0,True,True,1,12,0.022222222222222223,0
297,1660,41.14457569444444,-8.574479787234042,3.1422757249385493,1,1.0,2.1422757249385493,3643.504267352256,0.3323966877817406,2,True,False,0,True,True,1,10,0.022222222222222223,0
298,1661,41.14457569444444,-8.573401063829786,2.9600692377081437,1,1.0,1.960069237708144,3615.3542507080383,0.3298285633589473,2,True,False,0,True,True,1,10,0.1111111111111111,0
299,1662,41.14457569444444,-8.572322340425531,3.0501834827576113,1,1.0,2.0501834827576113,3589.261251141192,0.32744810048752243,2,True,False,0,True,True,1,8,0.08888888888888889,0
300,1663,41.14457569444444,-8.571243617021276,2.485434126646008,1,1.0,1.4854341266460078,3565.2704327633246,0.3252594194868078,3,True,True,1,True,True,1,8,0.4111111111111111,0
301,1713,41.145390972222216,-8.669407446808512,3.3994811470498654,1,1.0,2.3994811470498654,9728.960351538888,0.8875725013934097,2,True,False,0,False,True,0,1,0.011111111111111112,0
302,1714,41.145390972222216,-8.668328723404256,3.4269034919524497,1,1.0,2.4269034919524497,9644.15994189542,0.879836164828472,2,True,False,0,False,True,0.55,0,0.011111111111111112,0
303,1715,41.145390972222216,-8.667250000000001,3.4269034919524497,1,1.0,2.4269034919524497,9559.462285672183,0.8721092024522378,2,True,False,0,False,True,0.55,0,0.011111111111111112,0
304,1716,41.145390972222216,-8.666171276595746,3.4269034919524497,1,1.0,2.4269034919524497,9474.870138479793,0.8643918656589068,2,True,False,0,False,True,0,0,0.011111111111111112,0
305,1717,41.145390972222216,-8.66509255319149,3.4269034919524497,1,1.0,2.4269034919524497,9390.386351727198,0.856684414582356,2,True,False,0,False,True,0,0,0.011111111111111112,0
306,1718,41.145390972222216,-8.664013829787235,3.0642649597821388,1,0.6373614678296888,2.4269034919524497,9306.01387664898,0.848987118463549,2,True,False,0,False,False,0,0,0.011111111111111112,0
307,1719,41.145390972222216,-8.66293510638298,3.036405747210552,1,0.6363185940653975,2.4000871531451544,9221.755768525341,0.8413002560355255,2,True,False,0,False,False,0,0,0.022222222222222223,0
308,1720,41.145390972222216,-8.661856382978725,3.036405747210552,1,0.6363185940653975,2.4000871531451544,9137.615191109217,0.8336241159272865,2,True,False,0,False,False,0.10000000000000003,0,0.022222222222222223,0
309,1721,41.145390972222216,-8.66077765957447,2.9836587257978087,1,0.6363185940653975,2.347340131732411,9053.595421267424,0.8259589970872058,2,True,False,0,False,False,0.10000000000000003,0,0.044444444444444446,0
310,1722,41.145390972222216,-8.659698936170214,2.9836587257978087,1,0.6363185940653975,2.347340131732411,8969.699853851482,0.8183052092273951,2,True,False,0,False,False,0.10000000000000003,0,0.044444444444444446,0
311,1723,41.145390972222216,-8.658620212765959,2.9847015995621,1,0.6373614678296888,2.347340131732411,8885.932006806272,0.8106630732897667,2,True,False,0,False,False,0.10000000000000003,0,0.044444444444444446,0
312,1724,41.145390972222216,-8.657541489361703,3.347340131732411,1,1.0,2.347340131732411,8802.295526533464,0.8030329219353382,2,True,False,0,False,True,0.55,0,0.044444444444444446,0
313,1725,41.145390972222216,-8.656462765957448,3.010928592271508,1,0.6373614678292656,2.3735671244422423,8718.794193519356,0.7954151000576599,2,True,False,0,False,False,0.10000000000000003,0,0.03333333333333333,0
314,1726,41.145390972222216,-8.655384042553193,3.063222086017847,1,0.6363185940653975,2.4269034919524497,8635.431928245422,0.787809965322035,2,True,False,0,False,False,0,0,0.011111111111111112,0
315,1727,41.145390972222216,-8.654305319148937,3.064264959781715,1,0.6373614678292656,2.4269034919524497,8552.212797392835,0.7802178887315561,2,True,False,0,False,False,0,0,0.011111111111111112,0
316,1728,41.145390972222216,-8.65322659574468,3.4269034919524497,1,1.0,2.4269034919524497,8469.14102036072,0.7726392552217661,2,True,False,0,False,True,0,0,0.011111111111111112,0
317,1729,41.145390972222216,-8.652147872340425,3.4269034919524497,1,1.0,2.4269034919524497,8386.22097611183,0.7650744642851891,2,True,False,0,False,True,0,0,0.011111111111111112,0
318,1730,41.145390972222216,-8.65106914893617,3.4269034919524497,1,1.0,2.4269034919524497,8303.457210365495,0.7575239306275415,2,True,False,0,False,True,0.10000000000000003,0,0.011111111111111112,0
319,1747,41.145390972222216,-8.63273085106383,3.3208167982296612,1,1.0,2.3208167982296612,6925.773864855148,0.6318379571093903,2,True,False,0,False,True,0.55,1,0.044444444444444446,0
320,1748,41.145390972222216,-8.631652127659574,2.623840292033564,1,0.6373614678296888,1.9864788242038753,6846.844856354188,0.6246372681378685,3,True,False,0,True,False,1,1,0.2,1
321,1749,41.145390972222216,-8.630573404255319,2.218937768567478,1,1.0,1.218937768567478,6768.203018322398,0.6174627777119711,3,True,False,0,True,True,1,-1,0.7111111111111111,0
322,1750,41.145390972222216,-8.629494680851064,2.2161706011566205,1,1.0,1.2161706011566202,6689.858478174691,0.6103154097551865,3,True,False,0,True,True,1,8,0.6111111111111112,0
323,1751,41.145390972222216,-8.628415957446808,1.9419072359907616,1,1.0,0.9419072359907616,6611.821804123343,0.6031961284049216,3,True,False,0,True,True,1,8,0.8666666666666667,0
324,1752,41.145390972222216,-8.627337234042553,1.9414316453742637,1,1.0,0.9414316453742637,6534.104026705572,0.5961059399764617,3,True,False,0,True,True,1,10,0.8444444444444444,0
325,1753,41.145390972222216,-8.626258510638298,1.5787931132039525,1,0.6373614678296888,0.9414316453742637,6456.71666136536,0.5890458950231082,3,True,False,0,True,False,1,10,0.8444444444444444,0
326,1754,41.145390972222216,-8.625179787234043,1.5751387802416863,1,0.6363185940653975,0.9388201861762889,6379.671732123952,0.582017090495638,3,True,False,0,True,False,1,21,0.7222222222222222,0
327,1755,41.145390972222216,-8.624101063829787,1.6188481161621255,1,0.6373614678292656,0.9814866483328599,6302.981796379388,0.5750206720047624,3,True,True,1,True,False,1,21,0.6777777777777778,0
328,1756,41.145390972222216,-8.623022340425532,1.98148664833286,1,1.0,0.9814866483328599,6226.659970866006,0.5680578361894115,3,True,False,0,True,True,1,21,0.6777777777777778,0
329,1757,41.145390972222216,-8.621943617021277,1.9767887743866392,1,1.0,0.9767887743866394,6150.719958809408,0.5611298331940803,3,True,False,0,True,True,1,40,0.4666666666666667,0
330,1758,41.145390972222216,-8.620864893617021,1.9987381705145342,1,1.0,0.9987381705145342,6075.1760783014,0.5542379692574725,3,True,False,0,True,True,1,40,0.4444444444444444,0
331,1759,41.145390972222216,-8.619786170212766,1.997226076677148,1,1.0,0.9972260766771479,6000.043291921909,0.5473836094149068,3,True,False,0,True,True,1,46,0.37777777777777777,0
332,1760,41.145390972222216,-8.61870744680851,1.9226036464018255,1,1.0,0.9226036464018256,5925.337237621805,0.5405681803157547,3,True,False,0,True,True,1,46,0.45555555555555555,0
333,1761,41.145390972222216,-8.617628723404255,1.6625785503288109,1,1.0,0.6625785503288109,5851.07426088035,0.5337931731571628,3,True,False,0,True,True,1,81,0.3888888888888889,0
334,1762,41.145390972222216,-8.61655,1.836705745971432,1,1.0,0.8367057459714321,5777.271448134973,0.5270601467338489,3,True,True,1,True,True,1,81,0.15555555555555556,0
335,1763,41.145390972222216,-8.615471276595745,1.6912927253770758,1,1.0,0.6912927253770758,5703.946661477386,0.5203707306034278,3,True,False,0,True,True,1,89,0.25555555555555554,0
336,1764,41.145390972222216,-8.61439255319149,1.8398810960422163,1,1.0,0.8398810960422163,5631.118574590104,0.5137266283648965,3,True,False,0,True,True,1,66,0.32222222222222224,0
337,1765,41.145390972222216,-8.613313829787234,1.9596740185825987,1,1.0,0.9596740185825988,5558.806709889163,0.5071296210471635,3,True,False,0,True,True,1,66,0.18888888888888888,0
338,1766,41.145390972222216,-8.612235106382979,1.5970354864118645,1,0.6373614678292656,0.9596740185825988,5487.031476813863,0.5005815706022193,3,True,False,0,True,False,1,66,0.18888888888888888,0
339,1767,41.145390972222216,-8.611156382978724,1.628520872443881,1,0.6363185940653975,0.9922022783784837,5415.814211190207,0.4940844234962606,3,True,False,0,True,False,1,66,0.15555555555555556,0
340,1768,41.145390972222216,-8.610077659574468,1.6270186739749835,1,0.6363185940653975,0.990700079909586,5345.177215563276,0.4876402143892111,3,True,False,0,True,False,1,72,0.08888888888888889,0
341,1769,41.145390972222216,-8.608998936170213,1.4564978783648883,1,0.6363185940653975,0.8201792842994908,5275.143800372267,0.4812510698911173,3,True,False,0,True,False,1,72,0.2777777777777778,0
342,1770,41.145390972222216,-8.607920212765958,1.253666076915514,1,0.6363185940653975,0.6173474828501163,5205.738325802539,0.4749192123803088,3,True,False,0,True,False,1,97,0.2777777777777778,0
343,1771,41.145390972222216,-8.606841489361702,1.3903485123617678,1,0.6363185940653975,0.7540299182963703,5136.986244118332,0.4686469638654093,3,True,False,0,True,False,1,97,0.07777777777777778,0
344,1772,41.145390972222216,-8.605762765957447,1.4078765920878864,1,0.6363185940653975,0.7715579980224889,5068.91414223083,0.4624367498688192,3,True,False,0,True,False,1,94,0.08888888888888889,0
345,1773,41.145390972222216,-8.604684042553192,1.3909199635798197,1,0.6363185940653975,0.7546013695144224,5001.549784214725,0.45629110330549877,3,True,False,0,True,False,1,94,0.1111111111111111,0
346,1774,41.145390972222216,-8.603605319148937,1.391873344842234,1,0.6363185940653975,0.7555547507768365,4934.922153426038,0.45021266832537493,3,True,False,0,True,False,1,89,0.16666666666666666,0
347,1775,41.145390972222216,-8.602526595744681,1.391873344842234,1,0.6363185940653975,0.7555547507768365,4869.061493820087,0.4442042040827771,3,True,False,0,True,False,1,89,0.16666666666666666,0
348,1776,41.145390972222216,-8.601447872340426,1.2830614645282803,1,0.5282695150503512,0.7547919494779289,4803.999349995256,0.4382685883896276,3,True,True,1,True,False,1,93,0.12222222222222222,4
349,1777,41.145390972222216,-8.60036914893617,1.1596933026312932,1,0.4049013531533642,0.7547919494779289,4739.7686054209025,0.43240882120297214,3,True,False,0,True,False,1,93,0.12222222222222222,0
350,1778,41.145390972222216,-8.599290425531915,1.2028128644681495,1,0.4049013531533642,0.7979115113147853,4676.40351822104,0.4266280278895224,3,True,False,0,True,False,1,93,0.06666666666666667,0
351,1779,41.145390972222216,-8.59821170212766,1.2028128644681495,1,0.4049013531533642,0.7979115113147853,4613.939753804524,0.4209294622025067,3,True,False,0,True,False,1,93,0.06666666666666667,0
352,1780,41.145390972222216,-8.597132978723405,1.2024099806032877,1,0.4049013531533642,0.7975086274499237,4552.414413533097,0.41531650889705374,3,True,False,0,True,False,1,95,0.044444444444444446,0
353,1781,41.145390972222216,-8.59605425531915,1.1935978207352278,1,0.4049013531533642,0.7886964675818637,4491.866058525879,0.409792685901875,3,True,False,0,True,False,1,95,0.05555555555555555,0
354,1782,41.145390972222216,-8.594975531914894,1.1945942785529609,1,0.4049013531533642,0.7896929253995967,4432.3347275898495,0.4043616459550617,3,True,False,0,True,False,1,90,0.1111111111111111,0
355,1783,41.145390972222216,-8.593896808510639,1.1945942785529609,1,0.4049013531533642,0.7896929253995967,4373.861948165893,0.39902717760269174,3,True,True,1,True,False,1,90,0.1111111111111111,0
356,1784,41.145390972222216,-8.592818085106384,1.1941955444410608,1,0.4049013531533642,0.7892941912876967,4316.4907390677945,0.3937932054487083,3,True,False,0,True,False,1,92,0.08888888888888889,0
357,1785,41.145390972222216,-8.591739361702128,1.2209487606503622,1,0.4049013531533642,0.8160474074969979,4260.265603693096,0.3886637895355464,3,True,False,0,True,False,1,92,0.05555555555555555,0
358,1786,41.145390972222216,-8.590660638297873,1.1351566474646368,1,0.3641829417262339,0.7709737057384031,4205.232512280807,0.38364312372550524,3,True,False,0,True,False,1,97,0.05555555555555555,5
359,1787,41.145390972222216,-8.589581914893618,0.9538031944601255,1,0.2790675775142065,0.674735616945919,4151.43887170823,0.3787355329453138,3,True,False,0,True,False,1,97,0.18888888888888888,5
360,1788,41.145390972222216,-8.588503191489362,0.9401525577290646,1,0.23954549045350407,0.7006070672755605,4098.933481240927,0.37394546914920324,3,True,False,0,True,False,1,80,0.34444444444444444,31
361,1789,41.145390972222216,-8.587424468085107,1.267349891122206,1,0.4049013531533642,0.8624485379688419,4047.7664726037005,0.36927750585158553,3,True,False,0,True,False,1,49,0.4888888888888889,0
362,1790,41.145390972222216,-8.586345744680852,1.4183800522217278,1,0.36498302917537834,1.0533970230463494,3997.989232712255,0.3647363310778676,3,True,False,0,True,False,1,49,0.28888888888888886,0
363,1791,41.145390972222216,-8.585267021276596,1.5872675725326295,1,0.5282695150503512,1.0589980574822784,3949.654307423132,0.3603267385835633,3,True,False,0,True,False,1,28,0.5222222222222223,0
364,1792,41.145390972222216,-8.584188297872341,1.8735532683803602,1,0.6363185940653975,1.2372346743149627,3902.8152847119704,0.3560536171966524,3,True,False,0,True,False,1,28,0.36666666666666664,0
365,1793,41.145390972222216,-8.583109574468086,1.765191795812288,1,0.5282695150505989,1.236922280761689,3857.526655805053,0.3519219381486201,3,True,False,0,True,False,1,29,0.35555555555555557,1
366,1794,41.145390972222216,-8.58203085106383,2.114939142202849,1,0.6373614678296888,1.4775776743731603,3813.84365295622,0.3479367402748533,3,True,False,0,True,False,1,29,0.17777777777777778,13
367,1795,41.145390972222216,-8.580952127659575,2.5671245201281767,1,1.0,1.5671245201281765,3771.822062806995,0.344103112987496,3,True,False,0,True,True,1,16,0.26666666666666666,0
368,1796,41.145390972222216,-8.57987340425532,2.8929402595741953,1,1.0,1.8929402595741953,3731.518014581201,0.3404261769524561,2,True,False,0,True,True,1,16,0.07777777777777778,0
369,1797,41.145390972222216,-8.578794680851065,3.0496658250194817,1,1.0,2.0496658250194817,3692.987742768801,0.3369110624390651,2,True,False,0,True,True,1,9,0.07777777777777778,0
370,1798,41.145390972222216,-8.57771595744681,2.353195004742013,1,0.6373614678296888,1.715833536912324,3656.287324433305,0.3335628853546484,3,True,False,0,True,False,1,9,0.25555555555555554,0
371,1799,41.145390972222216,-8.576637234042552,2.714534155272884,1,1.0,1.714534155272884,3621.4723918452614,0.33038672102809474,3,True,False,0,True,True,1,12,0.2222222222222222,0
372,1800,41.145390972222216,-8.575558510638297,2.6039586783330675,1,1.0,1.6039586783330673,3588.597821787551,0.3273875758651956,3,True,False,0,True,True,1,12,0.28888888888888886,0
373,1801,41.145390972222216,-8.574479787234042,2.6047689630737745,1,1.0,1.6047689630737745,3557.7174035847356,0.32457035706298193,3,True,False,0,True,True,1,10,0.3111111111111111,0
374,1802,41.145390972222216,-8.573401063829786,2.2421304309034635,1,0.6373614678296888,1.6047689630737745,3528.8834886725936,0.32193984063997205,3,True,False,0,True,False,1,10,0.3111111111111111,0
375,1803,41.145390972222216,-8.572322340425531,2.2429411249822477,1,0.6373614678296888,1.605579657152559,3502.1466253054205,0.31950063811054025,3,True,False,0,True,False,1,8,0.3333333333333333,0
376,1804,41.145390972222216,-8.571243617021276,2.485434126646008,1,1.0,1.4854341266460078,3477.5551827879617,0.31725716220361655,3,True,False,0,True,True,1,8,0.4111111111111111,0
377,1805,41.145390972222216,-8.57016489361702,1.8925824723203237,1,1.0,0.8925824723203237,3455.1549703658306,0.31521359209408173,3,True,False,0,True,True,1,45,0.5,0
378,1853,41.14620625,-8.670486170212767,3.3994811470498654,1,1.0,2.3994811470498654,9783.124639617188,0.8925139063245385,2,True,False,0,False,True,0.10000000000000003,1,0.011111111111111112,0
379,1854,41.14620625,-8.669407446808512,3.0368461841347947,1,0.6373650370849294,2.3994811470498654,9697.956128334223,0.884743987867895,2,True,False,0,False,False,0.55,1,0.011111111111111112,0
380,1855,41.14620625,-8.668328723404256,3.4269034919524497,1,1.0,2.4269034919524497,9612.883280247583,0.8769827967592297,2,True,True,1,True,True,1,0,0.011111111111111112,0
381,1856,41.14620625,-8.667250000000001,3.4269034919524497,1,1.0,2.4269034919524497,9527.908657844957,0.8692305667741492,2,True,False,0,True,True,1,0,0.011111111111111112,0
382,1857,41.14620625,-8.666171276595746,3.45463923169078,1,1.0,2.45463923169078,9443.034912837613,0.8614875398281222,2,True,False,0,False,True,0.55,-1,0.011111111111111112,0
383,1858,41.14620625,-8.66509255319149,3.45463923169078,1,1.0,2.45463923169078,9358.264789927964,0.8537539663201941,2,True,False,0,False,True,0.10000000000000003,-1,0.011111111111111112,0
384,1859,41.14620625,-8.664013829787235,3.0920042687757094,1,0.6373650370849294,2.45463923169078,9273.601130763202,0.8460301054936772,2,True,False,0,False,False,0.10000000000000003,-1,0.011111111111111112,0
385,1860,41.14620625,-8.66293510638298,3.0920042687757094,1,0.6373650370849294,2.45463923169078,9189.046878080928,0.8383162258143562,2,True,False,0,False,False,0.10000000000000003,-1,0.011111111111111112,1
386,1861,41.14620625,-8.661856382978725,3.4552591683541576,1,1.0,2.4552591683541576,9104.605080061341,0.8306126053675376,2,True,False,0,False,True,0.55,-2,0.022222222222222223,0
387,1862,41.14620625,-8.66077765957447,2.9858909935614606,1,0.6373650370845062,2.3485259564769545,9020.278894893154,0.8229195322745988,2,True,False,0,False,False,0.55,-2,0.06666666666666667,0
388,1863,41.14620625,-8.659698936170214,2.8311011120242116,1,0.6373650370845062,2.1937360749397055,8936.071595569072,0.8152373051304789,2,True,False,0,False,False,0.55,4,0.06666666666666667,0
389,1864,41.14620625,-8.658620212765959,3.2430314634326174,1,1.0,2.2430314634326174,8851.986574919272,0.8075662334628824,2,True,False,0,False,True,0.55,4,0.044444444444444446,0
390,1865,41.14620625,-8.657541489361703,3.2940137906423352,1,1.0,2.2940137906423352,8768.02735090014,0.799906638214771,2,True,True,1,True,True,1,3,0.03333333333333333,0
391,1866,41.14620625,-8.656462765957448,3.3729678144783914,1,1.0,2.3729678144783914,8684.197572148203,0.7922588522510485,2,True,False,0,False,True,0.55,1,0.022222222222222223,0
392,1867,41.14620625,-8.655384042553193,3.0103328515633208,1,0.6373650370849294,2.3729678144783914,8600.501023818068,0.7846232208911548,2,True,False,0,False,False,0.10000000000000003,1,0.022222222222222223,0
393,1868,41.14620625,-8.654305319148937,3.4275164237567313,1,1.0,2.4275164237567313,8516.941633715904,0.7770001024686243,2,True,False,0,False,True,0.10000000000000003,-1,0.022222222222222223,0
394,1869,41.14620625,-8.65322659574468,3.45463923169078,1,1.0,2.45463923169078,8433.52347874894,0.7693898689194723,2,True,False,0,False,True,0,-1,0.011111111111111112,0
395,1870,41.14620625,-8.652147872340425,3.0920042687752862,1,0.6373650370845062,2.45463923169078,8350.250791705104,0.7617929064007014,2,True,False,0,False,False,0.10000000000000003,-1,0.011111111111111112,-1
396,1871,41.14620625,-8.65106914893617,3.090957825753933,1,0.6363185940631532,2.45463923169078,8267.127968383349,0.7542096159408012,2,True,False,0,False,False,0.55,-1,0.011111111111111112,-1
397,1872,41.14620625,-8.649990425531914,3.0920042687757094,1,0.6373650370849294,2.45463923169078,8184.159575092673,0.7466404141238825,2,True,False,0,False,False,0.10000000000000003,-1,0.011111111111111112,-1
398,1873,41.14620625,-8.64891170212766,3.45463923169078,1,1.0,2.45463923169078,8101.350356542418,0.7390857338095098,2,True,False,0,False,True,0.55,-1,0.011111111111111112,0
399,1887,41.14620625,-8.633809574468085,3.3208167982296612,1,1.0,2.3208167982296612,6961.896286627526,0.6351334036001169,2,True,False,0,True,True,1,1,0.044444444444444446,0
400,1888,41.14620625,-8.63273085106383,3.1931821711237016,1,1.0,2.1931821711237016,6882.194979565112,0.6278622578746107,2,True,False,0,True,True,1,5,0.05555555555555555,0
401,1889,41.14620625,-8.631652127659574,2.98447329300207,1,1.0,1.9844732930020703,6802.761359526499,0.6206155332211124,2,True,False,0,True,True,1,5,0.15555555555555556,0
402,1890,41.14620625,-8.630573404255319,2.212797037161505,1,1.0,1.2127970371615049,6723.604914008188,0.6133940951833897,3,True,False,0,True,True,1,19,0.4888888888888889,0
403,1891,41.14620625,-8.629494680851064,1.5890213021813642,1,1.0,0.5890213021813642,6644.735548683415,0.6061988474554506,3,True,False,0,True,True,1,63,0.7111111111111111,0
404,1892,41.14620625,-8.628415957446808,1.6509692132978917,1,1.0,0.6509692132978917,6566.163608349858,0.599030733792601,3,True,False,0,True,True,1,63,0.6111111111111112,0
405,1893,41.14620625,-8.627337234042553,1.3882087295651788,1,1.0,0.3882087295651788,6487.899898956069,0.5918907400209145,3,True,False,0,False,True,0.55,86,0.8666666666666667,0
406,1894,41.14620625,-8.626258510638298,1.3969321582213727,1,1.0,0.3969321582213727,6409.955710756933,0.5847798961497044,3,True,False,0,True,True,1,86,0.8444444444444444,0
407,1895,41.14620625,-8.625179787234043,1.434269092121066,1,1.0,0.43426909212106585,6332.342842640719,0.5776992785908788,3,True,False,0,False,True,0.55,82,0.8,0
408,1896,41.14620625,-8.624101063829787,1.4907263262791157,1,1.0,0.49072632627911583,6255.073627677146,0.5706500124896888,3,True,False,0,True,True,1,82,0.6777777777777778,0
409,1897,41.14620625,-8.623022340425532,1.128091363363622,1,0.6373650370845062,0.49072632627911583,6178.160959927226,0.56363327417059,3,True,False,0,False,False,0.55,82,0.6777777777777778,61
410,1898,41.14620625,-8.621943617021277,0.9195216751186521,1,0.4062341905050235,0.5132874846136286,6101.618322561078,0.5566502937024277,3,True,False,0,False,False,0.55,80,0.6555555555555556,40
411,1899,41.14620625,-8.620864893617021,0.9989258262688936,1,0.36499033645752965,0.6339354898113639,6025.459817319854,0.5497023575862482,3,True,False,0,True,False,1,80,0.4444444444444444,40
412,1900,41.14620625,-8.619786170212766,1.1622091809712534,1,0.5282736911598895,0.6339354898113639,5949.700195361346,0.5427908115693404,3,True,False,0,True,False,1,80,0.4444444444444444,34
413,1901,41.14620625,-8.61870744680851,1.3139570296435552,1,0.6363185940631532,0.677638435580402,5874.354889516774,0.5359170635880219,3,True,False,0,True,False,1,80,0.37777777777777777,34
414,1902,41.14620625,-8.617628723404255,1.215311735816634,1,0.6363185940631532,0.578993141753481,5799.4400479870465,0.5290825868417461,3,True,False,0,True,False,1,87,0.45555555555555555,6
415,1903,41.14620625,-8.61655,1.4717575639770153,1,0.6363185940631532,0.8354389699138621,5724.972569491808,0.5222889229997485,3,True,False,0,True,False,1,87,0.08888888888888889,6
416,1904,41.14620625,-8.615471276595745,1.2404035689521982,1,0.6363185940631532,0.604084974889045,5650.9701398819,0.5155376855411986,3,True,False,0,True,False,1,95,0.32222222222222224,6
417,1905,41.14620625,-8.61439255319149,1.4274086757971687,1,0.6363185940631532,0.7910900817340154,5577.45127020689,0.5088305632280993,3,True,False,0,True,False,1,83,0.18888888888888888,17
418,1906,41.14620625,-8.613313829787234,1.4274086757971687,1,0.6363185940631532,0.7910900817340154,5504.43533622202,0.5021693237095031,3,True,False,0,True,False,1,83,0.18888888888888888,17
419,1907,41.14620625,-8.612235106382979,1.4862507266598555,1,0.5282716030898456,0.9579791235700099,5431.942619294704,0.49555581725340936,3,True,False,0,True,False,1,73,0.1111111111111111,7
420,1908,41.14620625,-8.611156382978724,1.3953512878589858,1,0.40490135315193615,0.9904499347070496,5359.99434865731,0.4889919806014838,3,True,False,0,True,False,1,73,0.07777777777777778,7
421,1909,41.14620625,-8.610077659574468,1.2511693470185903,1,0.40490135315193615,0.8462679938666542,5288.612744921946,0.48247984093890933,3,True,False,0,True,False,1,80,0.15555555555555556,8
422,1910,41.14620625,-8.608998936170213,1.2234253821423715,1,0.40490135315193615,0.8185240289904353,5217.821064751722,0.47602151996974335,3,True,False,0,True,False,1,80,0.18888888888888888,8
423,1911,41.14620625,-8.607920212765958,1.1274287067940083,1,0.40490135315193615,0.7225273536420722,5147.643646543353,0.46961923808453854,3,True,False,0,True,False,1,90,0.2,-7
424,1912,41.14620625,-8.606841489361702,1.1772390964320172,1,0.40490135315193615,0.772337743280081,5078.10595694485,0.46327531860414933,3,True,False,0,True,False,1,90,0.13333333333333333,-7
425,1913,41.14620625,-8.605762765957447,1.0787855688014987,1,0.40490135315193615,0.6738842156495625,5009.234637981708,0.4569921920790515,3,True,False,0,True,False,1,102,0.13333333333333333,8
426,1914,41.14620625,-8.604684042553192,1.0713394105576006,1,0.40490135315193615,0.6664380574056644,4941.0575545218835,0.4507724006195692,3,True,False,0,True,False,1,102,0.14444444444444443,8
427,1915,41.14620625,-8.603605319148937,1.0420466360715985,1,0.40490135315193615,0.6371452829196623,4873.603841746584,0.44461860222663246,3,True,False,0,True,False,1,104,0.16666666666666666,15
428,1916,41.14620625,-8.602526595744681,1.0420466360715985,1,0.40490135315193615,0.6371452829196623,4806.903952236534,0.4385335750874546,3,True,False,0,True,False,1,104,0.16666666666666666,15
429,1917,41.14620625,-8.601447872340426,1.0013291340532868,1,0.36418385113362456,0.6371452829196623,4740.989702205168,0.4325202217933839,3,True,False,0,True,False,1,104,0.16666666666666666,15
430,1918,41.14620625,-8.60036914893617,1.0243914446789455,1,0.27906978359468493,0.7453216610842606,4675.894316336745,0.4265815734304818,3,True,False,0,True,False,1,99,0.06666666666666667,10
431,1919,41.14620625,-8.599290425531915,1.0029679208570776,1,0.25764625977281697,0.7453216610842606,4611.6524705927295,0.4207207934847473,3,True,False,0,True,False,1,99,0.06666666666666667,6
432,1920,41.14620625,-8.59821170212766,1.0029679208570776,1,0.25764625977281697,0.7453216610842606,4548.3003322592995,0.4149411814956482,3,True,False,0,True,False,1,99,0.06666666666666667,6
433,1921,41.14620625,-8.597132978723405,1.0549535215812278,1,0.25764625977281697,0.7973072618084107,4485.875596397626,0.40924617638147853,3,True,False,0,True,False,1,96,0.03333333333333333,1
434,1922,41.14620625,-8.59605425531915,1.0288146804251337,1,0.25764625977281697,0.7711684206523167,4424.417517751847,0.40363935935032075,3,True,False,0,True,False,1,96,0.06666666666666667,1
435,1923,41.14620625,-8.594975531914894,0.962512323499858,1,0.25764625977281697,0.7048660637270411,4363.966937044033,0.3981244562989344,3,True,False,0,True,False,1,100,0.1111111111111111,10
436,1924,41.14620625,-8.593896808510639,0.962512323499858,1,0.25764625977281697,0.7048660637270411,4304.566300466415,0.3927053395910306,3,True,False,0,True,False,1,100,0.1111111111111111,10
437,1925,41.14620625,-8.592818085106384,1.0288146804251337,1,0.25764625977281697,0.7711684206523167,4246.259671046962,0.38738602909415343,3,True,False,0,True,False,1,96,0.06666666666666667,4
438,1926,41.14620625,-8.591739361702128,1.0461435867251159,1,0.25764625977281697,0.788497326952299,4189.092730441489,0.38217069234317347,3,True,False,0,True,False,1,96,0.044444444444444446,4
439,1927,41.14620625,-8.590660638297873,1.0105196190114476,1,0.2395459132730445,0.7709737057384031,4133.112769574205,0.3770636436864256,3,True,False,0,True,False,1,97,0.05555555555555555,5
440,1928,41.14620625,-8.589581914893618,0.871037928229781,1,0.19630231128386197,0.674735616945919,4078.3686664365773,0.3720693422603007,3,True,False,0,True,False,1,97,0.18888888888888888,5
441,1929,41.14620625,-8.588503191489362,0.6782334493858063,1,0.1551319686833684,0.5231014807024379,4024.9108492447804,0.36719238862810194,3,True,False,0,True,False,1,93,0.4888888888888889,44
442,1930,41.14620625,-8.587424468085107,1.0415772043289797,1,0.25764625977281697,0.7839309445561627,3972.7912430777405,0.36243751991183654,3,True,False,0,True,False,1,75,0.28888888888888886,26
443,1931,41.14620625,-8.586345744680852,0.8603326489956077,1,0.2395459132730445,0.6207867357225632,3922.063198057238,0.3578096032400903,3,True,False,0,True,False,1,75,0.5222222222222223,47
444,1932,41.14620625,-8.585267021276596,1.0466404382889758,1,0.19630231128386197,0.8503381270051139,3872.78139711892,0.3533136273339827,3,True,True,1,True,False,1,61,0.36666666666666664,33
445,1933,41.14620625,-8.584188297872341,0.9977616035733646,1,0.14742347656825072,0.8503381270051139,3825.0017414478716,0.3489546920554603,3,True,False,0,True,False,1,61,0.36666666666666664,33
446,1934,41.14620625,-8.583109574468086,1.598477835971226,1,0.3649866827726974,1.2334911531985284,3778.781211745285,0.34473799575066305,3,True,False,0,True,False,1,40,0.23333333333333334,27
447,1935,41.14620625,-8.58203085106383,1.6822111928820218,1,0.5282716030900931,1.1539395897919287,3734.177703645483,0.34066882023502837,3,True,False,0,True,False,1,40,0.3,27
448,1936,41.14620625,-8.580952127659575,2.5683121854901687,1,1.0,1.5683121854901687,3691.249835844674,0.33675251328888867,3,True,True,1,True,True,1,13,0.3,0
449,1937,41.14620625,-8.57987340425532,3.0249713565716134,1,1.0,2.0249713565716134,3650.056729825996,0.3329944685617994,2,True,False,0,True,True,1,13,0.044444444444444446,0
450,1938,41.14620625,-8.578794680851065,3.0486309016256605,1,1.0,2.0486309016256605,3610.657760495182,0.3294001028230448,2,True,False,0,True,True,1,11,0.05555555555555555,0
451,1939,41.14620625,-8.57771595744681,2.3523322102000055,1,0.6373650370849294,1.7149671731150762,3573.112277566404,0.32597483054368476,3,True,False,0,True,False,1,11,0.23333333333333334,0
452,1940,41.14620625,-8.576637234042552,1.9575119074880045,1,0.6363185940631532,1.3211933134248512,3537.479298173117,0.322724035853459,3,True,False,0,True,False,1,32,0.25555555555555554,20
453,1941,41.14620625,-8.575558510638297,1.9733201342538793,1,0.6373650370845062,1.335955097169373,3503.8171719122656,0.31965304198278927,3,True,False,0,True,False,1,32,0.24444444444444444,20
454,1942,41.14620625,-8.574479787234042,2.1674220944336504,1,1.0,1.1674220944336506,3472.1832203503873,0.31676707837494156,3,True,False,0,True,True,1,38,0.3111111111111111,0
455,1943,41.14620625,-8.573401063829786,1.7791305472849168,1,0.6373650370849294,1.1417655101999875,3442.6333539202874,0.3140712457355315,3,True,False,0,True,False,1,38,0.3333333333333333,0
456,1944,41.14620625,-8.572322340425531,2.4952190640912564,1,1.0,1.4952190640912566,3415.2216700740005,0.31157047937204174,3,True,False,0,False,True,0.55,26,0.2,0
457,1945,41.14620625,-8.571243617021276,2.4786974755127424,1,1.0,1.4786974755127422,3390.0000375174022,0.3092695112635691,3,True,False,0,False,True,0.55,26,0.2111111111111111,0
458,1946,41.14620625,-8.57016489361702,2.399141152475492,1,1.0,1.3991411524754922,3367.017672276927,0.30717283138541557,3,True,False,0,True,True,1,25,0.2777777777777778,0
459,1993,41.147021527777774,-8.671564893617022,3.1959530894807084,1,1.0,2.1959530894807084,9838.65663493843,0.8975800871099135,2,True,False,0,False,True,0.55,0,0.1111111111111111,0
460,1994,41.147021527777774,-8.670486170212767,3.19539862588323,1,1.0,2.19539862588323,9753.136112545424,0.8897780546996544,2,True,False,0,False,True,0.55,1,0.1,0
461,1995,41.147021527777774,-8.669407446808512,2.921354302036552,1,1.0,1.9213543020365524,9667.704485330241,0.8819841321914293,2,True,False,0,False,True,0.55,1,0.23333333333333334,0
462,1996,41.147021527777774,-8.668328723404256,2.921839553783446,1,1.0,1.9218395537834463,9582.364130943259,0.8741985364981472,2,True,False,0,False,True,0.55,0,0.24444444444444444,0
463,1997,41.147021527777774,-8.667250000000001,2.921839553783446,1,1.0,1.9218395537834463,9497.117509909287,0.866421492093347,2,True,False,0,True,True,1,0,0.24444444444444444,0
464,1998,41.147021527777774,-8.666171276595746,2.922324928084133,1,1.0,1.922324928084133,9411.96716914386,0.8586532313319886,2,True,False,0,False,True,0.55,-1,0.25555555555555554,0
465,1999,41.147021527777774,-8.66509255319149,2.701164695219485,1,1.0,1.7011646952194848,9326.915745640645,0.8508939947868547,3,True,False,0,False,True,0.55,-1,0.37777777777777777,0
466,2000,41.147021527777774,-8.664013829787235,2.338533301637768,1,0.6373686064182834,1.7011646952194848,9241.965970343506,0.8431440316017994,3,True,False,0,False,False,0.55,-1,0.37777777777777777,0
467,2001,41.147021527777774,-8.66293510638298,2.701164695219485,1,1.0,1.7011646952194848,9157.120672209341,0.8354035998623999,3,True,False,0,False,True,0.55,-1,0.37777777777777777,0
468,2002,41.147021527777774,-8.661856382978725,2.701594336509086,1,1.0,1.701594336509086,9072.3827824763,0.8276729669853465,3,True,False,0,True,True,1,-2,0.3888888888888889,0
469,2003,41.147021527777774,-8.66077765957447,2.5742640272615263,1,1.0,1.5742640272615263,8987.755339144824,0.8199524101272475,3,True,False,0,True,True,1,-2,0.4666666666666667,0
470,2004,41.147021527777774,-8.659698936170214,2.5718805848295476,1,1.0,1.5718805848295476,8903.241491687424,0.8122422166143014,3,True,False,0,True,True,1,4,0.4,0
471,2005,41.147021527777774,-8.658620212765959,2.5718805848295476,1,1.0,1.5718805848295476,8818.84450599594,0.8045426843936355,3,True,False,0,True,True,1,4,0.4,0
472,2006,41.147021527777774,-8.657541489361703,2.572277574494019,1,1.0,1.5722775744940194,8734.567769583746,0.7968541225079031,3,True,False,0,True,True,1,3,0.4111111111111111,0
473,2007,41.147021527777774,-8.656462765957448,2.9001240849706016,1,1.0,1.9001240849706016,8650.414797053176,0.7891768515940758,2,True,False,0,True,True,1,1,0.24444444444444444,0
474,2008,41.147021527777774,-8.655384042553193,3.099961879444609,1,1.0,2.099961879444609,8566.38923584726,0.7815112044081745,2,True,False,0,False,True,0.55,1,0.14444444444444443,0
475,2009,41.147021527777774,-8.654305319148937,3.101022734122455,1,1.0,2.101022734122455,8482.494872297822,0.7738575263770368,2,True,False,0,False,True,0.55,-1,0.16666666666666666,0
476,2010,41.147021527777774,-8.65322659574468,2.922324928084133,1,1.0,1.922324928084133,8398.735637990723,0.7662161761790179,2,True,False,0,False,True,0.10000000000000003,-1,0.25555555555555554,0
477,2011,41.147021527777774,-8.652147872340425,2.922324928084133,1,1.0,1.922324928084133,8315.11561646299,0.7585875263549696,2,True,False,0,False,True,0.55,-1,0.25555555555555554,0
478,2012,41.147021527777774,-8.65106914893617,2.922324928084133,1,1.0,1.922324928084133,8231.639050252952,0.7509719639514228,2,True,False,0,True,True,1,-1,0.25555555555555554,0
479,2013,41.147021527777774,-8.649990425531914,2.559693534501993,1,0.6373686064178601,1.922324928084133,8148.310348321992,0.7433698911976749,3,True,False,0,False,False,0.55,-1,0.25555555555555554,0
480,2014,41.147021527777774,-8.64891170212766,2.692216895999753,1,0.6373686064178601,2.054848289581893,8065.1340938713565,0.7357817262189156,3,True,True,1,True,False,1,-1,0.18888888888888888,0
481,2015,41.147021527777774,-8.647832978723404,3.054848289581893,1,1.0,2.054848289581893,7982.115052573291,0.7282079037871537,2,True,False,0,False,True,0.55,-1,0.18888888888888888,0
482,2016,41.147021527777774,-8.646754255319149,2.691179355860861,1,0.6373686064182834,2.0538107494425777,7899.258181244151,0.7206488761124645,3,True,False,0,False,False,0.10000000000000003,1,0.16666666666666666,1
483,2017,41.147021527777774,-8.645675531914893,2.590647894642246,1,1.0,1.590647894642246,7816.568636980739,0.7131051136764969,3,True,False,0,False,True,0.10000000000000003,1,0.4222222222222222,0
484,2018,41.147021527777774,-8.644596808510638,2.590647894642246,1,1.0,1.590647894642246,7734.051786790373,0.7055771061110242,3,True,False,0,False,True,0.55,1,0.4222222222222222,0
485,2019,41.147021527777774,-8.643518085106383,2.3920925973827307,1,1.0,1.392092597382731,7651.713217738832,0.6980653631237409,3,True,False,0,False,True,0.55,1,0.5555555555555556,0
486,2026,41.147021527777774,-8.635967021276596,2.555690023029592,1,1.0,1.5556900230295916,7080.85585426304,0.6459860782123873,3,True,False,0,False,True,0.55,1,0.4444444444444444,0
487,2027,41.147021527777774,-8.63488829787234,2.555690023029592,1,1.0,1.5556900230295916,7000.17489028232,0.6386255584417552,3,True,False,0,False,True,0.55,1,0.4444444444444444,0
488,2028,41.147021527777774,-8.633809574468085,2.555690023029592,1,1.0,1.5556900230295916,6919.734366543783,0.631286974020788,3,True,True,1,True,True,1,1,0.4444444444444444,0
489,2029,41.147021527777774,-8.63273085106383,2.5541194123371906,1,1.0,1.5541194123371906,6839.542766588298,0.6239710989024388,3,True,False,0,True,True,1,5,0.4,0
490,2030,41.147021527777774,-8.631652127659574,2.7757847257463357,1,1.0,1.7757847257463357,6759.608949643091,0.6166787413135051,2,True,False,0,True,True,1,5,0.26666666666666666,0
491,2031,41.147021527777774,-8.630573404255319,1.823511848443791,1,0.6373686064182834,1.1861432420255078,6679.942169810394,0.6094107455052089,3,True,False,0,True,False,1,19,0.5111111111111111,0
492,2032,41.147021527777774,-8.629494680851064,1.371917181110248,1,0.6363185940631532,0.7355985870470949,6600.55209629469,0.602167993598527,3,True,False,0,False,False,0.55,63,0.4888888888888889,0
493,2033,41.147021527777774,-8.628415957446808,1.5652342135098336,1,0.6363185940631532,0.9289156194466806,6521.448834724313,0.5949514075293597,3,True,False,0,False,False,0.55,63,0.25555555555555554,0
494,2034,41.147021527777774,-8.627337234042553,1.3526344400476735,1,0.6373686064182834,0.71526583362939,6442.64294961688,0.5877619510980503,3,True,False,0,False,False,0.55,86,0.25555555555555554,0
495,2035,41.147021527777774,-8.626258510638298,1.8833887639565128,1,1.0,0.8833887639565127,6364.145488046543,0.5806006321285473,3,True,False,0,False,True,0.55,86,0.044444444444444446,0
496,2036,41.147021527777774,-8.625179787234043,1.5516229557953825,1,0.6373686064178601,0.9142543493775224,6285.968004564105,0.5734685047418658,3,True,False,0,True,False,1,82,0.05555555555555555,0
497,2037,41.147021527777774,-8.624101063829787,1.5505729434406756,1,0.6363185940631532,0.9142543493775224,6208.122587428857,0.5663666717492155,3,True,False,0,False,False,0.55,82,0.05555555555555555,0
498,2038,41.147021527777774,-8.623022340425532,1.393121249942751,1,0.5282736911598895,0.8648475587828615,6130.621886203046,0.5592962871694432,3,True,False,0,True,False,1,82,0.1111111111111111,0
499,2039,41.147021527777774,-8.621943617021277,1.2302747972562509,1,0.36499033645752965,0.8652844607987213,6053.479140766537,0.5522585588760386,3,True,False,0,False,False,0.55,80,0.13333333333333333,40
500,2040,41.147021527777774,-8.620864893617021,1.2715232012530564,1,0.406238740454335,0.8652844607987213,5976.708211799977,0.5452547513781113,3,True,False,0,True,False,1,80,0.13333333333333333,40
501,2041,41.147021527777774,-8.619786170212766,1.5026530672165814,1,0.6373686064178601,0.8652844607987213,5900.32361278951,0.5382861887401795,3,True,False,0,True,False,1,80,0.13333333333333333,0
502,2042,41.147021527777774,-8.61870744680851,1.9147162106202296,1,1.0,0.9147162106202297,5824.340543595019,0.531354257644599,3,True,False,0,True,True,1,80,0.07777777777777778,0
503,2043,41.147021527777774,-8.617628723404255,1.4821419933930717,1,0.6373686064182834,0.8447733869747884,5748.774925626027,0.5244604106006578,3,True,False,0,True,False,1,87,0.07777777777777778,7
504,2044,41.147021527777774,-8.61655,1.241677710368197,1,0.406238740454335,0.8354389699138621,5673.643438655496,0.517606169303098,3,True,False,0,True,False,1,87,0.08888888888888889,6
505,2045,41.147021527777774,-8.615471276595745,1.1345796617241062,1,0.4049013531505079,0.7296783085735984,5598.963559300518,0.510793128142706,3,True,False,0,True,False,1,95,0.13333333333333333,6
506,2046,41.147021527777774,-8.61439255319149,1.2411846271561786,1,0.4049013531505079,0.8362832740056708,5524.753601181054,0.504022957869993,3,True,False,0,True,False,1,83,0.13333333333333333,17
507,2047,41.147021527777774,-8.613313829787234,1.2411846271561786,1,0.4049013531505079,0.8362832740056708,5451.032756761919,0.4972974094124359,3,True,False,0,True,False,1,83,0.13333333333333333,17
508,2048,41.147021527777774,-8.612235106382979,1.202582529697657,1,0.36418476054903776,0.8383977691486194,5377.82114086014,0.49061831784365206,3,True,False,0,True,False,1,73,0.24444444444444444,7
509,2049,41.147021527777774,-8.611156382978724,1.1752681513289776,1,0.27907198971476604,0.8961961616142115,5305.1398357875105,0.4839876065017513,3,True,True,1,True,False,1,73,0.17777777777777778,7
510,2050,41.147021527777774,-8.610077659574468,1.152259635590934,1,0.25764625977190825,0.8946133758190258,5233.010938068083,0.47740729125137055,3,True,False,0,True,False,1,80,0.1,8
511,2051,41.147021527777774,-8.608998936170213,1.1423745060556838,1,0.25764625977190825,0.8847282462837757,5161.457606649814,0.4708794848820189,3,True,False,0,True,False,1,80,0.1111111111111111,8
512,2052,41.147021527777774,-8.607920212765958,1.0473391851715048,1,0.25764625977190825,0.7896929253995967,5090.504112490298,0.46440640163178215,3,True,False,0,True,False,1,90,0.1111111111111111,-7
513,2053,41.147021527777774,-8.606841489361702,1.0299840030519891,1,0.25764625977190825,0.772337743280081,5020.175889365457,0.4579903618225958,3,True,False,0,True,False,1,90,0.13333333333333333,-7
514,2054,41.147021527777774,-8.605762765957447,0.9022358788686181,1,0.25764625977190825,0.6445896190967099,4950.499585699124,0.45163379658865566,3,True,False,0,True,False,1,102,0.17777777777777778,8
515,2055,41.147021527777774,-8.604684042553192,0.977987450625536,1,0.25764625977190825,0.7203411908536278,4881.503117167104,0.44533925267548313,3,True,False,0,True,False,1,102,0.06666666666666667,8
516,2056,41.147021527777774,-8.603605319148937,0.9463254051853409,1,0.25764625977190825,0.6886791454134327,4813.215719764006,0.43910939728120896,3,True,False,0,True,False,1,104,0.08888888888888889,15
517,2057,41.147021527777774,-8.602526595744681,0.9776237337987016,1,0.25764625977190825,0.7199774740267934,4745.6680029606305,0.43294702290611936,3,True,False,0,True,False,1,104,0.044444444444444446,15
518,2058,41.147021527777774,-8.601447872340426,0.9515683393155311,1,0.23954633609387888,0.7120220032216522,4678.892002497213,0.4268550521689801,3,True,False,0,True,False,1,104,0.05555555555555555,15
519,2059,41.147021527777774,-8.60036914893617,0.9499527190333055,1,0.19630352777670929,0.7536491912565961,4612.92123227852,0.42083654254142333,3,True,False,0,True,False,1,99,0.05555555555555555,10
520,2060,41.147021527777774,-8.599290425531915,0.9606485756777305,1,0.16394510578426888,0.7967034698934616,4547.790734734554,0.4148946909423517,3,True,False,0,True,False,1,99,0,6
521,2061,41.147021527777774,-8.59821170212766,0.9092667668685295,1,0.16394510578426888,0.7453216610842606,4483.53712891063,0.40903283812519375,3,True,False,0,True,False,1,99,0.06666666666666667,6
522,2062,41.147021527777774,-8.597132978723405,0.9098316184224698,1,0.16394510578426888,0.7458865126382009,4420.198655427326,0.40325447277959714,3,True,False,0,True,False,1,96,0.1,1
523,2063,41.147021527777774,-8.59605425531915,0.86172714839818,1,0.16394510578426888,0.6977820426139111,4357.815217329645,0.3975632352580955,3,True,False,0,True,False,1,96,0.16666666666666666,1
524,2064,41.147021527777774,-8.594975531914894,0.8610226739072009,1,0.16394510578426888,0.697077568122932,4296.42841570152,0.39196292082521805,3,True,False,0,True,False,1,100,0.12222222222222222,10
525,2065,41.147021527777774,-8.593896808510639,0.8610226739072009,1,0.16394510578426888,0.697077568122932,4236.08157878217,0.38645748231377264,3,True,False,0,False,False,0.55,100,0.12222222222222222,10
526,2066,41.147021527777774,-8.592818085106384,0.86172714839818,1,0.16394510578426888,0.6977820426139111,4176.819783162531,0.38105103205859525,3,True,False,0,True,False,1,96,0.16666666666666666,4
527,2067,41.147021527777774,-8.591739361702128,0.86172714839818,1,0.16394510578426888,0.6977820426139111,4118.689865489539,0.375747842964331,3,True,False,0,True,False,1,96,0.16666666666666666,4
528,2068,41.147021527777774,-8.590660638297873,0.8527380359386081,1,0.1551321786646558,0.6976058572739523,4061.7404229437548,0.3705523485490077,3,True,False,0,True,False,1,97,0.15555555555555556,5
529,2069,41.147021527777774,-8.589581914893618,0.8783280586837856,1,0.13262987744532587,0.7456981812384598,4006.0218006094296,0.3654691417918079,3,True,False,0,True,False,1,97,0.08888888888888889,5
530,2070,41.147021527777774,-8.588503191489362,0.7725833281357753,1,0.10462891630413283,0.6679544118316425,3951.5860637093633,0.36050297260005626,3,True,True,1,True,False,1,93,0.24444444444444444,44
531,2071,41.147021527777774,-8.587424468085107,1.02074965138006,1,0.16394510578426888,0.8568045455957911,3898.486952559317,0.3556587436997135,3,True,False,0,True,False,1,75,0.2,26
532,2072,41.147021527777774,-8.586345744680852,1.0508758302346515,1,0.1551321786646558,0.8957436515699956,3846.779817995867,0.350941504744463,3,True,False,0,True,False,1,75,0.15555555555555556,47
533,2073,41.147021527777774,-8.585267021276596,1.1828396199525597,1,0.13262987744532587,1.0502097425072339,3796.52153497909,0.3463564444336886,3,True,False,0,True,False,1,61,0.15555555555555556,33
534,2074,41.147021527777774,-8.584188297872341,1.065515409796406,1,0.10462891630413283,0.9608864934922732,3747.770392058736,0.34190888042848,3,True,False,0,True,False,1,61,0.24444444444444444,33
535,2075,41.147021527777774,-8.583109574468086,1.4202609962611628,1,0.27907198971476604,1.1411890065463968,3700.585954452916,0.33760424686030904,3,True,False,0,True,False,1,40,0.3111111111111111,27
536,2076,41.147021527777774,-8.58203085106383,1.518933580021804,1,0.3649939902298754,1.1539395897919287,3655.028898616158,0.33344807923868286,3,True,False,0,True,False,1,40,0.3,27
537,2077,41.147021527777774,-8.580952127659575,2.205680791908029,1,0.6373686064178601,1.5683121854901687,3611.160816402347,0.32944599658494017,3,True,False,0,True,False,1,13,0.3,0
538,2078,41.147021527777774,-8.57987340425532,2.894374848561695,1,1.0,1.8943748485616951,3569.043987252534,0.3256036806489578,2,True,False,0,True,True,1,13,0.1111111111111111,0
539,2079,41.147021527777774,-8.578794680851065,2.895331845181187,1,1.0,1.895331845181187,3528.741117287803,0.3219268521066078,2,True,False,0,True,True,1,11,0.13333333333333333,0
540,2080,41.147021527777774,-8.57771595744681,2.714967173115076,1,1.0,1.7149671731150762,3490.3150447554567,0.3184212436876297,3,True,False,0,True,True,1,11,0.23333333333333334,0
541,2081,41.147021527777774,-8.576637234042552,1.9439632480614708,1,0.6373686064174369,1.306594641644034,3453.8284119813875,0.31509257024786375,3,True,False,0,True,False,1,32,0.26666666666666666,21
542,2082,41.147021527777774,-8.575558510638297,1.8348704209047635,1,0.5282757792607295,1.306594641644034,3419.34330481289,0.31194649587563944,3,True,True,1,True,False,1,32,0.26666666666666666,-6
543,2083,41.147021527777774,-8.574479787234042,1.7780841042631406,1,0.6363185940631532,1.1417655101999875,3386.920861484393,0.30898859820861807,3,True,False,0,True,False,1,38,0.3333333333333333,0
544,2084,41.147021527777774,-8.573401063829786,1.922829234490555,1,0.528273691160137,1.3945555433304182,3356.620853896483,0.30622433023390205,3,True,False,0,True,False,1,38,0.13333333333333333,0
545,2085,41.147021527777774,-8.572322340425531,2.2346167233290952,1,0.6363185940631532,1.598298129265942,3328.5012454201083,0.30365897994653746,3,True,True,1,True,False,1,26,0.13333333333333333,0
546,2086,41.147021527777774,-8.571243617021276,2.27158205298642,1,0.6373686064178601,1.6342134465685598,3302.617730503939,0.3012976283479194,3,True,False,0,False,False,0.55,26,0.1111111111111111,0
547,2087,41.147021527777774,-8.57016489361702,2.399141152475492,1,1.0,1.3991411524754922,3279.0232625075914,0.2991451063700441,3,True,False,0,True,True,1,25,0.2777777777777778,0
548,2089,41.147021527777774,-8.56800744680851,1.8533496932476212,1,1.0,0.8533496932476212,3238.8967208089766,0.29548436424541685,3,True,False,0,True,True,1,47,0.5222222222222223,0
549,2090,41.147021527777774,-8.566928723404255,1.8533496932476212,1,1.0,0.8533496932476212,3222.4525904784887,0.2939841671674874,3,True,True,1,True,True,1,47,0.5222222222222223,0
550,2091,41.147021527777774,-8.56585,2.1688970431882195,1,1.0,1.1688970431882195,3208.472499013743,0.2927087642156077,3,True,False,0,True,True,1,33,0.36666666666666664,0
551,2092,41.147021527777774,-8.564771276595744,2.1688970431882195,1,1.0,1.1688970431882195,3196.988771519086,0.29166110440721504,3,True,False,0,True,True,1,33,0.36666666666666664,0
552,2093,41.147021527777774,-8.563692553191489,2.4809396244019206,1,1.0,1.4809396244019204,3188.0283848748068,0.29084364884156905,3,True,True,1,True,True,1,20,0.2777777777777778,0
553,2131,41.14783680555555,-8.674801063829788,3.1931821711237016,1,1.0,2.1931821711237016,10067.48571386592,0.9184561510094953,2,True,False,0,True,True,1,5,0.05555555555555555,0
554,2132,41.14783680555555,-8.673722340425533,2.830554346953453,1,0.6373721758297511,2.1931821711237016,9981.470367024604,0.9106089757928655,2,True,False,0,True,False,1,5,0.05555555555555555,5
555,2133,41.14783680555555,-8.672643617021278,3.1931821711237016,1,1.0,2.1931821711237016,9895.533280669895,0.9027689402759929,2,True,False,0,True,True,1,5,0.05555555555555555,0
556,2134,41.14783680555555,-8.671564893617022,2.9600692377081437,1,1.0,1.960069237708144,9809.676511604108,0.8949362321008358,2,True,False,0,True,True,1,10,0.1111111111111111,0
557,2135,41.14783680555555,-8.670486170212767,2.9600692377081437,1,1.0,1.960069237708144,9723.902187315058,0.8871110453579872,2,True,False,0,True,True,1,10,0.1111111111111111,0
558,2136,41.14783680555555,-8.669407446808512,2.91699254613202,1,1.0,1.9169925461320203,9638.212508943638,0.8792935808574059,2,True,False,0,True,True,1,10,0.13333333333333333,0
559,2137,41.14783680555555,-8.668328723404256,2.1341023252538984,1,0.6373721758297511,1.4967301494241474,9552.609754398954,0.8714840464126107,3,True,False,0,True,False,1,22,0.24444444444444444,22
560,2138,41.14783680555555,-8.667250000000001,2.1175640397707123,1,0.6373721758297511,1.480191863940961,9467.096281625076,0.8636826571387051,3,True,False,0,True,False,1,22,0.25555555555555554,22
561,2139,41.14783680555555,-8.666171276595746,2.771753434118085,1,1.0,1.7717534341180852,9381.674532031904,0.855889635765376,2,True,False,0,True,True,1,14,0.16666666666666666,0
562,2140,41.14783680555555,-8.66509255319149,2.694733078338434,1,1.0,1.6947330783384338,9296.347034095199,0.8481052129653239,3,True,False,0,True,True,1,14,0.2111111111111111,0
563,2141,41.14783680555555,-8.664013829787235,2.1559811859055045,1,1.0,1.1559811859055045,9211.11640713939,0.840329627699368,3,True,False,0,True,True,1,33,0.37777777777777777,0
564,2142,41.14783680555555,-8.66293510638298,2.1432080438176984,1,1.0,1.1432080438176986,9125.985365309285,0.832563127578785,3,True,True,1,True,True,1,33,0.3888888888888889,0
565,2143,41.14783680555555,-8.661856382978725,1.8603180831949642,1,0.6373721758297511,1.2229459073652131,9040.956721745508,0.8248059692462348,3,True,False,0,True,False,1,30,0.35555555555555557,32
566,2144,41.14783680555555,-8.66077765957447,1.7512216866259427,1,0.5282757792607295,1.2229459073652131,8956.033392971083,0.8170584187759475,3,True,False,0,True,False,1,30,0.35555555555555557,32
567,2145,41.14783680555555,-8.659698936170214,1.3830320649153411,1,0.40624329052870184,0.9767887743866394,8871.218403505352,0.8093207520946514,3,True,False,0,False,False,0.55,40,0.4666666666666667,36
568,2146,41.14783680555555,-8.658620212765959,1.6699626900042146,1,0.6373721758297511,1.0325905141744636,8786.51489071405,0.8015932554240444,3,True,False,0,True,False,1,40,0.4111111111111111,36
569,2147,41.14783680555555,-8.657541489361703,2.479818125307941,1,1.0,1.4798181253079412,8701.92610991327,0.793876225746429,3,True,False,0,True,True,1,23,0.24444444444444444,0
570,2148,41.14783680555555,-8.656462765957448,2.4489386370686916,1,0.6373721758293279,1.8115664612393636,8617.455439737794,0.7861699712944654,3,True,False,0,True,False,1,14,0.14444444444444443,13
571,2149,41.14783680555555,-8.655384042553193,2.409125609947413,1,0.6373721758293279,1.7717534341180852,8533.106387793214,0.7784748120668125,3,True,False,0,True,False,1,14,0.16666666666666666,13
572,2150,41.14783680555555,-8.654305319148937,2.895331845181187,1,1.0,1.895331845181187,8448.882596604164,0.7707910803707864,2,True,False,0,True,True,1,11,0.13333333333333333,0
573,2151,41.14783680555555,-8.65322659574468,2.895331845181187,1,1.0,1.895331845181187,8364.787849879898,0.7631191213939676,2,True,False,0,False,True,0.55,11,0.13333333333333333,0
574,2152,41.14783680555555,-8.652147872340425,2.480191863940961,1,1.0,1.480191863940961,8280.826079112361,0.7554592938061437,3,True,False,0,True,True,1,22,0.25555555555555554,0
575,2153,41.14783680555555,-8.65106914893617,2.480191863940961,1,1.0,1.480191863940961,8197.001370528404,0.7478119703935585,3,True,False,0,True,True,1,22,0.25555555555555554,0
576,2154,41.14783680555555,-8.649990425531914,2.6938773686477884,1,1.0,1.6938773686477884,8113.317972415336,0.7401775387272225,3,True,False,0,True,True,1,16,0.18888888888888888,0
577,2155,41.14783680555555,-8.64891170212766,2.6938773686477884,1,1.0,1.6938773686477884,8029.780302843943,0.7325564018674829,3,True,False,0,True,True,1,16,0.18888888888888888,0
578,2156,41.14783680555555,-8.647832978723404,2.6938773686477884,1,1.0,1.6938773686477884,7946.392957808985,0.7249489791066813,3,True,False,0,True,True,1,16,0.18888888888888888,0
579,2157,41.14783680555555,-8.646754255319149,3.0522554214219393,1,1.0,2.0522554214219393,7863.16071981574,0.7173557067525032,2,True,False,0,False,True,0.55,4,0.13333333333333333,0
580,2158,41.14783680555555,-8.645675531914893,2.58944331469632,1,1.0,1.5894433146963196,7780.088566934802,0.7097770389540464,3,True,False,0,False,True,0.55,4,0.3888888888888889,0
581,2159,41.14783680555555,-8.644596808510638,2.032851302281216,1,1.0,1.032851302281216,7697.181682356791,0.7022134485734977,3,True,False,0,True,True,1,39,0.4222222222222222,0
582,2160,41.14783680555555,-8.643518085106383,2.0214386974737435,1,1.0,1.0214386974737433,7614.445464472403,0.6946654281057341,3,True,True,1,True,True,1,39,0.43333333333333335,0
583,2161,41.14783680555555,-8.642439361702127,1.7799816786498255,1,1.0,0.7799816786498256,7531.885537512776,0.6871334906490435,3,True,False,0,True,True,1,51,0.5666666666666667,0
584,2162,41.14783680555555,-8.641360638297872,2.2226371216308696,1,1.0,1.2226371216308698,7449.507762779139,0.6796181709296047,3,True,False,0,True,True,1,31,0.34444444444444444,0
585,2163,41.14783680555555,-8.640281914893617,2.2226371216308696,1,1.0,1.2226371216308698,7367.318250500195,0.6721200263832363,3,True,False,0,True,True,1,31,0.34444444444444444,0
586,2164,41.14783680555555,-8.639203191489361,1.8600092974606208,1,0.6373721758297511,1.2226371216308698,7285.3233723509275,0.6646396382974855,3,True,False,0,False,False,0.55,31,0.34444444444444444,31
587,2165,41.14783680555555,-8.638124468085106,1.8600092974606208,1,0.6373721758297511,1.2226371216308698,7203.529774672689,0.6571776130176974,3,True,False,0,False,False,0.55,31,0.34444444444444444,31
588,2166,41.14783680555555,-8.63704574468085,2.307915100997742,1,1.0,1.307915100997742,7121.944392436554,0.6497345832208897,3,True,False,0,True,True,1,28,0.3111111111111111,0
589,2167,41.14783680555555,-8.635967021276596,2.307915100997742,1,1.0,1.307915100997742,7040.574463989874,0.6423112092610813,3,True,False,0,True,True,1,28,0.3111111111111111,0
590,2168,41.14783680555555,-8.63488829787234,1.9874531141989276,1,1.0,0.9874531141989275,6959.4275466348345,0.634908180590522,3,True,False,0,True,True,1,41,0.4444444444444444,0
591,2169,41.14783680555555,-8.633809574468085,1.9874531141989276,1,1.0,0.9874531141989275,6878.511533082575,0.6275262172608018,3,True,False,0,True,True,1,41,0.4444444444444444,0
592,2170,41.14783680555555,-8.63273085106383,1.930508733254669,1,0.6373721758297511,1.293136557424918,6797.834668836263,0.6201660715087072,3,True,False,0,True,False,1,29,0.3111111111111111,24
593,2171,41.14783680555555,-8.631652127659574,1.9882241924664847,1,0.6363185940653975,1.3519055984010873,6717.4055705512255,0.6128285294312152,3,True,False,0,True,False,1,29,0.26666666666666666,24
594,2172,41.14783680555555,-8.630573404255319,1.712623195373626,1,0.5282757792607295,1.1843474161128964,6637.233245430006,0.6055144127549035,3,True,False,0,False,False,0.55,25,0.4444444444444444,20
595,2173,41.14783680555555,-8.629494680851064,1.1081672675925562,1,0.40490135315193615,0.7032659144406201,6557.32711170486,0.5982245807045667,3,True,False,0,True,False,1,65,0.5111111111111111,2
596,2174,41.14783680555555,-8.628415957446808,1.3346898791247355,1,0.40624329052870184,0.9284465885960336,6477.697020269813,0.5909599319767085,3,True,False,0,True,False,1,65,0.23333333333333334,2
597,2175,41.14783680555555,-8.627337234042553,1.3855223787289517,1,0.6373721758297511,0.7481502028992004,6398.353277518844,0.5837214068230672,3,True,False,0,True,False,1,84,0.23333333333333334,0
598,2176,41.14783680555555,-8.626258510638298,1.913792721339174,1,1.0,0.9137927213391741,6319.306669455964,0.5765099892501775,3,True,False,0,False,True,0.55,84,0.03333333333333333,0
599,2177,41.14783680555555,-8.625179787234043,1.5011284444620838,1,0.6373721758293279,0.8637562686327559,6240.568487136996,0.569326709340422,3,True,True,1,True,False,1,87,0.05555555555555555,3
600,2178,41.14783680555555,-8.624101063829787,1.2699995591614577,1,0.40624329052870184,0.8637562686327559,6162.150553511412,0.5621726457008109,3,True,False,0,True,False,1,87,0.05555555555555555,5
601,2179,41.14783680555555,-8.623022340425532,1.208959056949561,1,0.3641856699747726,0.8447733869747884,6084.065251725865,0.5550489280451115,3,True,False,0,True,False,1,87,0.07777777777777778,5
602,2180,41.14783680555555,-8.621943617021277,1.0340567734496093,1,0.2790741958758437,0.7549825775737657,6006.325554958567,0.5479567399156366,3,True,False,0,True,False,1,92,0.13333333333333333,10
603,2181,41.14783680555555,-8.620864893617021,1.1612258681024676,1,0.40624329052870184,0.7549825775737657,5928.945057845724,0.5408973215502767,3,True,False,0,True,False,1,92,0.13333333333333333,9
604,2182,41.14783680555555,-8.619786170212766,1.5020013663369243,1,0.6373721758293279,0.8646291905075963,5851.9380095672,0.5338719729009033,3,True,False,0,True,False,1,83,0.1,0
605,2183,41.14783680555555,-8.61870744680851,1.9140235062151643,1,1.0,0.9140235062151641,5775.319348648808,0.5268820568083791,3,True,False,0,True,True,1,83,0.044444444444444446,0
606,2184,41.14783680555555,-8.617628723404255,1.5513956820449153,1,0.6373721758297511,0.9140235062151641,5699.104739542214,0.519929002339742,3,True,False,0,True,False,1,83,0.044444444444444446,0
607,2185,41.14783680555555,-8.61655,1.2425265645343726,1,0.40624329052870184,0.8362832740056708,5623.31061103108,0.5130143082919941,3,True,False,0,True,False,1,83,0.13333333333333333,0
608,2186,41.14783680555555,-8.615471276595745,1.0051914881569552,1,0.25892817001394025,0.746263318143015,5547.954196512282,0.5061395468669557,3,True,False,0,True,False,1,94,0.12222222222222222,5
609,2187,41.14783680555555,-8.61439255319149,0.9692250674920107,1,0.23954675891841232,0.7296783085735984,5473.053576184852,0.4993063675201595,3,True,False,0,True,False,1,95,0.13333333333333333,29
610,2188,41.14783680555555,-8.613313829787234,0.8492495834252523,1,0.19630474428698846,0.6529448391382638,5398.627721174953,0.4925165009863699,3,True,False,0,True,False,1,95,0.24444444444444444,29
611,2189,41.14783680555555,-8.612235106382979,0.9867529238320372,1,0.23954675891841232,0.7472061649136249,5324.696539603609,0.48577176348233964,3,True,False,0,True,False,1,89,0.17777777777777778,23
612,2190,41.14783680555555,-8.611156382978724,0.9435109092006133,1,0.19630474428698846,0.7472061649136249,5251.280924593338,0.4790740610864515,3,True,False,0,True,False,1,89,0.17777777777777778,23
613,2191,41.14783680555555,-8.610077659574468,0.9632683140846575,1,0.16394510578426888,0.7993232083003886,5178.402804180959,0.47242539429226177,3,True,False,0,True,False,1,86,0.14444444444444443,14
614,2192,41.14783680555555,-8.608998936170213,1.027919522229638,1,0.16394510578426888,0.8639744164453692,5106.085193084785,0.46582786273121746,3,True,False,0,True,False,1,86,0.06666666666666667,14
615,2193,41.14783680555555,-8.607920212765958,1.027919522229638,1,0.16394510578426888,0.8639744164453692,5034.352246235982,0.45928367005631965,3,True,False,0,True,False,1,86,0.06666666666666667,-11
616,2194,41.14783680555555,-8.606841489361702,0.937063382341337,1,0.16394510578426888,0.7731182765570681,4963.229313953552,0.4527951289757338,3,True,False,0,True,False,1,86,0.17777777777777778,-11
617,2195,41.14783680555555,-8.605762765957447,0.9015898628269039,1,0.16394510578426888,0.737644757042635,4892.742998591535,0.4463646664207112,3,True,False,0,False,False,0.55,96,0.1111111111111111,2
618,2196,41.14783680555555,-8.604684042553192,0.8853785499403121,1,0.16394510578426888,0.7214334441560432,4822.921212442301,0.4399948288281026,3,True,False,0,True,False,1,96,0.13333333333333333,2
619,2197,41.14783680555555,-8.603605319148937,0.7934140329323175,1,0.16394510578426888,0.6294689271480486,4753.793236613083,0.43368828751166094,3,True,False,0,True,False,1,108,0.13333333333333333,19
620,2198,41.14783680555555,-8.602526595744681,0.8443270130725768,1,0.16394510578426888,0.6803819072883079,4685.389780530244,0.42744784409061276,3,True,True,1,True,False,1,108,0.05555555555555555,19
621,2199,41.14783680555555,-8.601447872340426,0.8752916981249477,1,0.15513238864665788,0.7201593094782898,4617.743041639499,0.4212764359361055,3,True,False,0,True,False,1,103,0.05555555555555555,14
622,2200,41.14783680555555,-8.60036914893617,0.8862797310924019,1,0.13263053983580578,0.7536491912565961,4550.886764786078,0.4151771415884566,3,True,False,0,True,False,1,99,0.05555555555555555,10
623,2201,41.14783680555555,-8.599290425531915,0.9013334384144482,1,0.10462996852098665,0.7967034698934616,4484.85630064942,0.4091531860881475,3,True,False,0,True,False,1,99,0,6
624,2202,41.14783680555555,-8.59821170212766,0.8496429803008093,1,0.10432131921654879,0.7453216610842606,4419.688662497903,0.4032079461535544,3,True,False,0,True,False,1,99,0.06666666666666667,6
625,2203,41.14783680555555,-8.597132978723405,0.7776952098502595,1,0.10432131921654879,0.6733738906337108,4355.422580393964,0.39734495512607787,3,True,False,0,True,False,1,105,0.1,10
626,2204,41.14783680555555,-8.59605425531915,0.7776952098502595,1,0.10432131921654879,0.6733738906337108,4292.09855184412,0.39156790759094195,3,True,False,0,True,False,1,105,0.1,10
627,2205,41.14783680555555,-8.594975531914894,0.6927479507748692,1,0.10432131921654879,0.5884266315583204,4229.758887726973,0.38588066356720313,3,True,False,0,False,False,0.55,111,0.16666666666666666,21
628,2206,41.14783680555555,-8.593896808510639,0.6927479507748692,1,0.10432131921654879,0.5884266315583204,4168.447752170765,0.3802872521457776,3,True,False,0,False,False,0.55,111,0.16666666666666666,21
629,2207,41.14783680555555,-8.592818085106384,0.6927479507748692,1,0.10432131921654879,0.5884266315583204,4108.211194867728,0.37479187443747736,3,True,True,1,True,False,1,111,0.16666666666666666,19
630,2208,41.14783680555555,-8.591739361702128,0.6927479507748692,1,0.10432131921654879,0.5884266315583204,4049.0971741315884,0.3693989056765451,3,True,False,0,True,False,1,111,0.16666666666666666,19
631,2209,41.14783680555555,-8.590660638297873,0.7966882230380771,1,0.09978666237996489,0.6969015606581122,3991.1555688073313,0.3641128963071816,3,True,False,0,True,False,1,101,0.1111111111111111,9
632,2210,41.14783680555555,-8.589581914893618,0.7693430716999695,1,0.0877574055061215,0.681585666193848,3934.4381769565957,0.358938571863614,3,True,False,0,True,False,1,101,0.13333333333333333,9
633,2211,41.14783680555555,-8.588503191489362,0.8026194128757741,1,0.0718346931287486,0.7307847197470255,3878.998699051521,0.3538808314368716,3,True,False,0,True,False,1,89,0.2,40
634,2212,41.14783680555555,-8.587424468085107,0.9619917611970888,1,0.10432131921654879,0.8576704419805401,3824.8927032452993,0.3489447445064204,3,True,False,0,True,False,1,71,0.24444444444444444,22
635,2213,41.14783680555555,-8.586345744680852,1.0797873357533854,1,0.09978666237996489,0.9800006733734206,3772.1775701368506,0.34413554590104717,3,True,False,0,True,False,1,71,0.1111111111111111,43
636,2214,41.14783680555555,-8.585267021276596,1.1361123564692677,1,0.0877574055061215,1.0483549509631462,3720.9124143440026,0.3394586286439855,3,True,False,0,True,False,1,68,0.07777777777777778,40
637,2215,41.14783680555555,-8.584188297872341,0.8928428599088137,1,0.0718346931287486,0.8210081667800652,3671.157980137095,0.33491953443157524,3,True,False,0,True,False,1,68,0.32222222222222224,55
638,2216,41.14783680555555,-8.583109574468086,1.4205514178536034,1,0.2790741958758437,1.1414772219777598,3622.976508399689,0.33052394149609565,3,True,False,0,True,False,1,39,0.32222222222222224,26
639,2217,41.14783680555555,-8.58203085106383,1.586411012518557,1,0.40624329052870184,1.1801677219898552,3576.431572272482,0.32627764961156897,3,True,False,0,True,False,1,39,0.28888888888888886,16
640,2218,41.14783680555555,-8.580952127659575,2.2017289732914325,1,0.6373721758293279,1.5643567974621047,3531.5878790384036,0.32218656201974893,3,True,False,0,True,False,1,23,0.18888888888888888,0
641,2219,41.14783680555555,-8.57987340425532,2.617380848687814,1,1.0,1.6173808486878138,3488.511036120521,0.31825666408212316,3,True,False,0,True,True,1,23,0.15555555555555556,0
642,2220,41.14783680555555,-8.578794680851065,2.8962893252543784,1,1.0,1.8962893252543787,3447.2672795252515,0.31449399850580245,2,True,False,0,True,True,1,9,0.15555555555555556,0
643,2221,41.14783680555555,-8.57771595744681,2.7158335369123243,1,1.0,1.715833536912324,3407.92316366839,0.3109046370463672,3,True,False,0,True,True,1,9,0.25555555555555554,0
644,2222,41.14783680555555,-8.576637234042552,2.7162668829226266,1,1.0,1.7162668829226269,3370.545212294494,0.3074946486612627,3,True,False,0,False,True,0.55,8,0.26666666666666666,0
645,2223,41.14783680555555,-8.575558510638297,2.24295183298231,1,0.6373721758297511,1.605579657152559,3335.199531135602,0.30427006417267555,3,True,False,0,True,False,1,8,0.3333333333333333,0
646,2224,41.14783680555555,-8.574479787234042,1.8348725090316964,1,0.5282778673876625,1.306594641644034,3301.9513840455456,0.30123683759829145,3,True,False,0,False,False,0.55,32,0.26666666666666666,24
647,2225,41.14783680555555,-8.573401063829786,2.0007796522518295,1,0.4049013531505079,1.5958782991013216,3270.8647355852736,0.2984008044213799,3,True,False,0,True,False,1,32,0.06666666666666667,0
648,2226,41.14783680555555,-8.572322340425531,1.9869481458251923,1,0.5282778673879099,1.4586702784372825,3242.0017643738283,0.29576763719383165,3,True,False,0,False,False,0.55,36,0.1111111111111111,0
649,2227,41.14783680555555,-8.571243617021276,2.0019684101654205,1,0.6373721758293279,1.3645962343360925,3215.4223529348023,0.29334279899487964,3,True,False,0,False,False,0.10000000000000003,36,0.17777777777777778,16
650,2228,41.14783680555555,-8.57016489361702,2.565542365270074,1,1.0,1.565542365270074,3191.183561183919,0.29113149539740096,3,True,False,0,False,True,0.55,20,0.2222222222222222,0
651,2229,41.14783680555555,-8.569086170212765,2.085765001263583,1,0.6373721758297511,1.4483928254338319,3169.3390920632655,0.2891386257177581,3,True,False,0,True,False,1,20,0.3,20
652,2230,41.14783680555555,-8.56800744680851,2.4483928254338316,1,1.0,1.4483928254338319,3149.9387590401634,0.28736873443575117,3,True,False,0,True,True,1,20,0.3,0
653,2231,41.14783680555555,-8.566928723404255,2.085765001263583,1,0.6373721758297511,1.4483928254338319,3133.0279661788704,0.2858259637615887,3,True,False,0,True,False,1,20,0.3,-27
654,2232,41.14783680555555,-8.56585,1.776355466427478,1,0.6363185940653975,1.1400368723620806,3118.647212167911,0.28451400838832913,3,True,False,0,True,False,1,44,0.26666666666666666,11
655,2233,41.14783680555555,-8.564771276595744,1.776355466427478,1,0.6363185940653975,1.1400368723620806,3106.8316299775356,0.28343607349485694,3,True,False,0,False,False,0.55,44,0.26666666666666666,11
656,2234,41.14783680555555,-8.563692553191489,1.5289010663857212,1,0.6363185940653975,0.8925824723203237,3097.6105736629565,0.2825948370499653,3,True,False,0,False,False,0.55,45,0.5,25
657,2271,41.14865208333333,-8.675879787234043,2.8222916580302453,1,0.5282778673879099,2.2940137906423352,10126.307794400642,0.9238224860824004,2,True,True,1,True,False,1,3,0.03333333333333333,-2
658,2272,41.14865208333333,-8.674801063829788,2.8295007651868547,1,0.6363185940631532,2.1931821711237016,10039.983423982689,0.9159471186623909,2,True,False,0,True,False,1,5,0.05555555555555555,0
659,2273,41.14865208333333,-8.673722340425533,2.9558494677276914,1,0.6373757453193335,2.318473722408358,9953.731495743648,0.9080783601382573,2,True,False,0,True,False,1,5,0,0
660,2274,41.14865208333333,-8.672643617021278,3.1931821711237016,1,1.0,2.1931821711237016,9867.553909340697,0.900216383815616,2,True,False,0,True,True,1,5,0.05555555555555555,0
661,2275,41.14865208333333,-8.671564893617022,3.072043572832326,1,1.0,2.072043572832326,9781.452629710056,0.8923613689554872,2,True,False,0,True,True,1,10,0.05555555555555555,0
662,2276,41.14865208333333,-8.670486170212767,2.827790494512513,1,0.6373757453193335,2.1904147491931796,9695.429689816467,0.884513501025129,2,True,False,0,True,False,1,10,0,0
663,2277,41.14865208333333,-8.669407446808512,2.5533111401951736,1,0.6363185940631532,1.9169925461320203,9609.487193536177,0.8766729719610523,3,True,False,0,True,False,1,10,0.13333333333333333,0
664,2278,41.14865208333333,-8.668328723404256,2.2009023501302534,1,0.5282778673879099,1.6726244827423435,9523.627318685083,0.8688399804452779,3,True,False,0,True,False,1,22,0.13333333333333333,12
665,2279,41.14865208333333,-8.667250000000001,2.386015816824997,1,0.6373757453193335,1.7486400715056636,9437.852320196012,0.8610147321951996,3,True,True,1,True,False,1,22,0.08888888888888889,8
666,2280,41.14865208333333,-8.666171276595746,2.9150571676532504,1,1.0,1.9150571676532504,9352.164533457671,0.8531974402681969,2,True,False,0,True,True,1,14,0.08888888888888889,0
667,2281,41.14865208333333,-8.66509255319149,2.694733078338434,1,1.0,1.6947330783384338,9266.566377820334,0.8453883253814581,3,True,False,0,True,True,1,14,0.2111111111111111,0
668,2282,41.14865208333333,-8.664013829787235,2.003006156365579,1,0.6373757453193335,1.3656304110462458,9181.060360281856,0.8375876162482554,3,True,False,0,True,False,1,33,0.2111111111111111,0
669,2283,41.14865208333333,-8.66293510638298,2.2676458311830237,1,0.6363185940631532,1.6313272371198704,9095.649079360237,0.8297955499312388,3,True,False,0,True,False,1,33,0.03333333333333333,0
670,2284,41.14865208333333,-8.661856382978725,2.2161773538817218,1,0.5282778673879099,1.6878994864938117,9010.335229167584,0.822012372214103,3,True,False,0,False,False,0.55,30,0.03333333333333333,-3
671,2285,41.14865208333333,-8.66077765957447,1.9265916070015137,1,0.36499764408800295,1.5615939629135107,8925.121603692942,0.81423833799231,3,True,False,0,True,False,1,30,0.1111111111111111,32
672,2286,41.14865208333333,-8.659698936170214,1.758849044265836,1,0.36499764408800295,1.393851400177833,8840.011101310343,0.8064737116843589,3,True,True,1,True,False,1,40,0.1111111111111111,36
673,2287,41.14865208333333,-8.658620212765959,1.817827363156554,1,0.5282778673879099,1.2895494957686442,8755.006729520946,0.7987187676644096,3,True,False,0,True,False,1,40,0.18888888888888888,17
674,2288,41.14865208333333,-8.657541489361703,2.200675391525258,1,0.6363185940631532,1.5643567974621047,8670.111609947207,0.7909737907179019,3,True,False,0,True,False,1,23,0.18888888888888888,0
675,2289,41.14865208333333,-8.656462765957448,2.531272276790132,1,0.6373757453193335,1.8938965314707985,8585.328983589727,0.7832390765211369,3,True,False,0,True,False,1,14,0.1,0
676,2290,41.14865208333333,-8.655384042553193,3.024460064728207,1,1.0,2.024460064728207,8500.662216366407,0.7755149321466139,2,True,False,0,True,True,1,14,0.03333333333333333,0
677,2291,41.14865208333333,-8.654305319148937,2.732041380715814,1,0.6373757453189103,2.094665635396904,8416.114804946528,0.7678016765952734,2,True,False,0,True,False,1,11,0.03333333333333333,0
678,2292,41.14865208333333,-8.65322659574468,2.916508518222427,1,1.0,1.9165085182224268,8331.690382901275,0.7600996413576084,2,True,False,0,True,True,1,11,0.12222222222222222,0
679,2293,41.14865208333333,-8.652147872340425,2.6913128311082843,1,1.0,1.6913128311082841,8247.39272718627,0.7524091710050663,3,True,False,0,True,True,1,22,0.12222222222222222,0
680,2294,41.14865208333333,-8.65106914893617,2.4253094641528845,1,0.6373757453193335,1.787933718833551,8163.22576497814,0.7447306238137482,3,True,False,0,True,False,1,22,0.06666666666666667,0
681,2295,41.14865208333333,-8.649990425531914,2.55040880532814,1,0.6363185940631532,1.914090211264987,8079.193580884886,0.7370643724222103,3,True,False,0,False,False,0.55,16,0.06666666666666667,0
682,2296,41.14865208333333,-8.64891170212766,2.683421624068063,1,0.6373757453189103,2.046045878749153,7995.300424554684,0.7294108045256151,3,True,False,0,True,False,1,16,0,0
683,2297,41.14865208333333,-8.647832978723404,2.7906447626190403,1,1.0,1.79064476261904,7911.550718703912,0.721770323608127,2,True,False,0,True,True,1,16,0.13333333333333333,0
684,2298,41.14865208333333,-8.646754255319149,3.0522554214219393,1,1.0,2.0522554214219393,7827.949067593651,0.7141433497162233,2,True,False,0,True,True,1,4,0.13333333333333333,0
685,2299,41.14865208333333,-8.645675531914893,2.58944331469632,1,1.0,1.5894433146963196,7744.500265977801,0.7065303202750305,3,True,False,0,True,True,1,4,0.3888888888888889,0
686,2300,41.14865208333333,-8.644596808510638,2.0678599144146808,1,1.0,1.0678599144146808,7661.209308555508,0.6989316909506688,3,True,False,0,True,True,1,39,0.3888888888888889,0
687,2301,41.14865208333333,-8.643518085106383,2.0161737675028033,1,0.6373757453189103,1.378798022183893,7578.081399954445,0.6913479365610254,3,True,False,0,True,False,1,39,0.13333333333333333,0
688,2302,41.14865208333333,-8.642439361702127,1.7370331838419104,1,0.6363185940631532,1.1007145897787571,7495.121965281312,0.6837795520382776,3,True,False,0,True,False,1,51,0.2222222222222222,0
689,2303,41.14865208333333,-8.641360638297872,2.018962033534712,1,0.6373757453189103,1.3815862882158017,7412.336661269949,0.6762270534459324,3,True,False,0,True,False,1,31,0.2222222222222222,0
690,2304,41.14865208333333,-8.640281914893617,2.725392473466536,1,1.0,1.725392473466536,7329.73138806732,0.668690979054063,2,True,False,0,True,True,1,31,0,0
691,2305,41.14865208333333,-8.639203191489361,2.725392473466536,1,1.0,1.725392473466536,7247.31230169291,0.6611718904759785,2,True,False,0,True,True,1,31,0,0
692,2306,41.14865208333333,-8.638124468085106,2.668827379987306,1,1.0,1.668827379987306,7165.085827213645,0.6536703738701698,3,True,False,0,True,True,1,31,0.03333333333333333,0
693,2307,41.14865208333333,-8.63704574468085,2.726700084221303,1,1.0,1.7267000842213032,7083.058672678782,0.6461870412115908,2,True,False,0,True,True,1,28,0.03333333333333333,0
694,2308,41.14865208333333,-8.635967021276596,2.182494869026816,1,0.6373757453189103,1.5451191237079056,7001.237843857482,0.6387225316361645,3,True,False,0,True,False,1,28,0.14444444444444443,0
695,2309,41.14865208333333,-8.63488829787234,1.9692408773329282,1,0.6363185940631532,1.332922283269775,6919.630659831091,0.6312775128632677,3,True,False,0,True,False,1,41,0.14444444444444443,0
696,2310,41.14865208333333,-8.633809574468085,1.9841337096640856,1,0.6363185940631532,1.3478151156009324,6838.2447694871225,0.6238526827004744,3,True,False,0,True,False,1,41,0.13333333333333333,0
697,2311,41.14865208333333,-8.63273085106383,2.0730068587601265,1,0.5282778673879099,1.5447289913722164,6757.088168972497,0.616448770635815,3,True,False,0,True,False,1,29,0.13333333333333333,-12
698,2312,41.14865208333333,-8.631652127659574,2.0932271307121764,1,0.40490135315193615,1.68832577756024,6676.1692201584365,0.609066539522327,3,True,False,0,True,False,1,29,0.044444444444444446,24
699,2313,41.14865208333333,-8.630573404255319,1.548533995520383,1,0.36418657940748655,1.1843474161128964,6595.496670180082,0.6017067873606537,3,True,False,0,False,False,0.55,25,0.4444444444444444,20
700,2314,41.14865208333333,-8.629494680851064,1.009394697456584,1,0.25764625977190825,0.7517484376846758,6515.079672108876,0.5943703491849838,3,True,False,0,True,False,1,65,0.4444444444444444,60
701,2315,41.14865208333333,-8.628415957446808,1.3143073327636656,1,0.36499764408800295,0.9493096886756627,6434.9278068262065,0.5870580990585831,3,True,True,1,True,False,1,65,0.2111111111111111,-19
702,2316,41.14865208333333,-8.627337234042553,1.2932397347914562,1,0.5282778673879099,0.7649618674035462,6355.051106161886,0.5797709521847171,3,True,False,0,True,False,1,84,0.2111111111111111,0
703,2317,41.14865208333333,-8.626258510638298,1.5501113154023272,1,0.6363185940631532,0.9137927213391741,6275.460077371141,0.5725098671396842,3,True,False,0,True,False,1,84,0.03333333333333333,0
704,2318,41.14865208333333,-8.625179787234043,1.4114435815375188,1,0.5282778673876625,0.8831657141498562,6196.165729018658,0.565275848234217,3,True,False,0,True,False,1,87,0.03333333333333333,3
705,2319,41.14865208333333,-8.624101063829787,1.2780983603702651,1,0.36499764408800295,0.9131007162822623,6117.17959834785,0.5580699480103778,3,True,False,0,True,False,1,87,0,3
706,2320,41.14865208333333,-8.623022340425532,1.104310250966089,1,0.24055398233333297,0.8637562686327559,6038.513780207759,0.5508932698805594,3,True,False,0,True,False,1,87,0.05555555555555555,5
707,2321,41.14865208333333,-8.621943617021277,1.0749799277787098,1,0.2589325202817119,0.8160474074969979,5960.180957618861,0.5437469709160008,3,True,False,0,False,False,0.55,92,0.05555555555555555,9
708,2322,41.14865208333333,-8.620864893617021,1.1868206384695261,1,0.4062478407281267,0.7805727977413993,5882.1944340522405,0.5366322647916149,3,True,True,1,True,False,1,92,0.1,9
709,2323,41.14865208333333,-8.619786170212766,1.5020049358265066,1,0.6373757453189103,0.8646291905075963,5804.568167504074,0.5295504248946017,3,True,False,0,True,False,1,83,0.1,0
710,2324,41.14865208333333,-8.61870744680851,1.9555630362682843,1,1.0,0.9555630362682843,5727.316806438983,0.5225027876035583,3,True,False,0,True,True,1,83,0,0
711,2325,41.14865208333333,-8.617628723404255,1.592938781587618,1,0.6373757453193335,0.9555630362682843,5650.455727681183,0.5154907557452862,3,True,False,0,True,False,1,83,0,0
712,2326,41.14865208333333,-8.61655,1.251874965262401,1,0.4062478407281267,0.8456271245342744,5574.001076321502,0.5085158022355066,3,True,False,0,True,False,1,83,0.12222222222222222,0
713,2327,41.14865208333333,-8.615471276595745,1.005195838424899,1,0.25893252028188385,0.746263318143015,5497.969807710595,0.5015794739098985,3,True,False,0,True,False,1,94,0.12222222222222222,11
714,2328,41.14865208333333,-8.61439255319149,0.9895775810244758,1,0.16503730811908204,0.8245402729053938,5422.379731594231,0.494683395550559,3,True,False,0,True,False,1,95,0.011111111111111112,29
715,2329,41.14865208333333,-8.613313829787234,0.9126128808831895,1,0.13263120223336392,0.7799816786498256,5347.249558444264,0.4878292741127747,3,True,False,0,True,False,1,95,0.06666666666666667,29
716,2330,41.14865208333333,-8.612235106382979,0.9901497362018281,1,0.15513259862937465,0.8350171375724534,5272.5989480193275,0.48101890315521134,3,True,False,0,True,False,1,89,0.06666666666666667,23
717,2331,41.14865208333333,-8.611156382978724,0.9959513404696154,1,0.13263120223336392,0.8633201382362515,5198.448560180664,0.474254167475839,3,True,False,0,True,False,1,89,0.03333333333333333,23
718,2332,41.14865208333333,-8.610077659574468,0.9978899481204765,1,0.10463102075686734,0.8932589273636091,5124.820107961743,0.4675370479534703,3,True,False,0,True,False,1,86,0.03333333333333333,14
719,2333,41.14865208333333,-8.608998936170213,1.0278573593197928,1,0.10432131921618089,0.923536040103612,5051.7364128730305,0.46086962659321146,3,True,False,0,True,False,1,86,0,14
720,2334,41.14865208333333,-8.607920212765958,1.0278573593197928,1,0.10432131921618089,0.923536040103612,4979.221462386586,0.4542540917707787,3,True,False,0,True,False,1,86,0,-11
721,2335,41.14865208333333,-8.606841489361702,0.9307376783959456,1,0.10432131921618089,0.8264163591797646,4907.300469516275,0.44769274366799794,3,True,False,0,True,False,1,86,0.1111111111111111,-11
722,2336,41.14865208333333,-8.605762765957447,0.8419660762588159,1,0.10432131921618089,0.737644757042635,4835.999934359463,0.4411879998872495,3,True,True,1,True,False,1,96,0.1111111111111111,2
723,2337,41.14865208333333,-8.604684042553192,0.8257547633722241,1,0.10432131921618089,0.7214334441560432,4765.347707421792,0.43474240122858454,3,True,False,0,True,False,1,96,0.13333333333333333,2
724,2338,41.14865208333333,-8.603605319148937,0.7337902463642295,1,0.10432131921618089,0.6294689271480486,4695.373054479596,0.42835861760711913,3,True,False,0,True,False,1,108,0.13333333333333333,19
725,2339,41.14865208333333,-8.602526595744681,0.7847032265044889,1,0.10432131921618089,0.6803819072883079,4626.106722670488,0.4220394540824748,3,True,False,0,True,False,1,108,0.05555555555555555,19
726,2340,41.14865208333333,-8.601447872340426,0.8199460810671295,1,0.09978677158883971,0.7201593094782898,4557.581007413854,0.41578785696393145,3,True,False,0,True,False,1,103,0.05555555555555555,14
727,2341,41.14865208333333,-8.60036914893617,0.8498275348967531,1,0.08775776940055215,0.762069765496201,4489.829819674544,0.40960691994689,3,True,False,0,True,False,1,99,0.044444444444444446,10
728,2342,41.14865208333333,-8.599290425531915,0.8685387822766835,1,0.07183531238322186,0.7967034698934616,4422.888752967588,0.4034998902257094,3,True,False,0,True,False,1,99,0,10
729,2343,41.14865208333333,-8.59821170212766,0.8117032562589483,1,0.06638159517468774,0.7453216610842606,4356.795149384255,0.3974701745172592,3,True,True,1,True,False,1,99,0.06666666666666667,6
730,2344,41.14865208333333,-8.597132978723405,0.7625795702685053,1,0.06638159517468774,0.6961979750938175,4291.588163773305,0.39152134491617235,3,True,False,0,True,False,1,105,0.06666666666666667,10
731,2345,41.14865208333333,-8.59605425531915,0.7625795702685053,1,0.06638159517468774,0.6961979750938175,4227.308825060962,0.3856571444890626,3,True,False,0,True,False,1,105,0.06666666666666667,10
732,2346,41.14865208333333,-8.594975531914894,0.7166935957941575,1,0.06638159517468774,0.6503120006194697,4164.000093513224,0.3798814924985617,3,True,False,0,True,False,1,111,0.06666666666666667,21
733,2347,41.14865208333333,-8.593896808510639,0.7615255235735665,1,0.06638159517468774,0.6951439283988787,4101.706912559919,0.3741984891312254,3,True,False,0,True,False,1,111,0,21
734,2348,41.14865208333333,-8.592818085106384,0.7615255235735665,1,0.06638159517468774,0.6951439283988787,4040.476253587799,0.3686124195840044,3,True,False,0,True,False,1,111,0,19
735,2349,41.14865208333333,-8.591739361702128,0.6884237131507975,1,0.06638159517468774,0.6220421179761098,3980.3571518962185,0.36312775734447944,3,True,False,0,True,False,1,111,0.1111111111111111,19
736,2350,41.14865208333333,-8.590660638297873,0.7608627322315747,1,0.06396117157346258,0.6969015606581122,3921.400731772754,0.35774916647850813,3,True,False,0,True,False,1,101,0.1111111111111111,9
737,2351,41.14865208333333,-8.589581914893618,0.7389682146285167,1,0.057382548434668765,0.681585666193848,3863.6602184158683,0.3524815027179292,3,True,False,0,True,False,1,101,0.13333333333333333,9
738,2352,41.14865208333333,-8.588503191489362,0.7790867411592767,1,0.04830202141225118,0.7307847197470255,3807.190934190649,0.3473298131189737,3,True,False,0,True,False,1,89,0.2,40
739,2353,41.14865208333333,-8.587424468085107,0.9630304954312633,1,0.06638159517468774,0.8966489002565755,3752.0502764832495,0.3422993340419269,3,True,False,0,True,False,1,71,0.2,43
740,2354,41.14865208333333,-8.586345744680852,1.123226686576098,1,0.06396117157346258,1.0592655150026355,3698.297674208474,0.3373954871833177,3,True,False,0,True,False,1,71,0.03333333333333333,43
741,2355,41.14865208333333,-8.585267021276596,1.1533819764771818,1,0.057382548434668765,1.095999428042513,3645.994519858675,0.33262387337674343,3,True,False,0,True,False,1,68,0.03333333333333333,55
742,2356,41.14865208333333,-8.584188297872341,0.8693101881923163,1,0.04830202141225118,0.8210081667800652,3595.2040738554642,0.32799026386688185,3,True,False,0,True,False,1,68,0.32222222222222224,45
743,2357,41.14865208333333,-8.583109574468086,1.3820312043110927,1,0.24055398233333297,1.1414772219777598,3545.9913379188743,0.323500588756967,3,True,False,0,True,False,1,39,0.32222222222222224,16
744,2358,41.14865208333333,-8.58203085106383,1.6838575777253124,1,0.36499764408800295,1.3188599336373095,3498.422894202284,0.3191609223330775,3,True,False,0,False,False,0.55,39,0.17777777777777778,16
745,2359,41.14865208333333,-8.580952127659575,2.110113330922899,1,0.5282778673876625,1.5818354635352367,3452.5667070989925,0.3149774649829615,3,True,False,0,True,False,1,23,0.17777777777777778,0
746,2360,41.14865208333333,-8.57987340425532,2.2547565940067242,1,0.6373757453189103,1.6173808486878138,3408.4918849122673,0.31095652145320873,3,True,False,0,True,False,1,23,0.15555555555555556,0
747,2361,41.14865208333333,-8.578794680851065,2.8962893252543784,1,1.0,1.8962893252543787,3366.268399037545,0.30710447523025863,2,True,False,0,True,True,1,9,0.15555555555555556,0
748,2362,41.14865208333333,-8.57771595744681,3.1909679540770166,1,1.0,2.1909679540770166,3325.9667589365263,0.30342775888830537,2,True,False,0,True,True,1,9,0.011111111111111112,0
749,2363,41.14865208333333,-8.576637234042552,3.2160073168497054,1,1.0,2.2160073168497054,3287.6576420194483,0.2999328203234787,2,True,False,0,False,True,0.55,8,0.011111111111111112,0
750,2364,41.14865208333333,-8.575558510638297,2.7162668829226266,1,1.0,1.7162668829226269,3251.41147859412,0.29662608488876757,3,True,False,0,False,True,0.55,8,0.26666666666666666,0
751,2365,41.14865208333333,-8.574479787234042,1.943970386962944,1,0.6373757453189103,1.306594641644034,3217.297993285707,0.2935139135577737,3,True,False,0,True,False,1,32,0.26666666666666666,24
752,2366,41.14865208333333,-8.573401063829786,2.268057834523963,1,0.6363185940631532,1.6317392404608098,3185.3857057761943,0.29060255737720053,3,True,False,0,True,False,1,32,0.044444444444444446,0
753,2367,41.14865208333333,-8.572322340425531,2.1966054483321686,1,0.6373757453193335,1.5592297030128353,3155.741395306907,0.2878981086134489,3,True,False,0,True,False,1,36,0.044444444444444446,0
754,2368,41.14865208333333,-8.571243617021276,2.3645962343360925,1,1.0,1.3645962343360925,3128.429535102318,0.28540644915513275,3,True,False,0,False,True,0.55,36,0.17777777777777778,0
755,2369,41.14865208333333,-8.57016489361702,2.6366914043148753,1,1.0,1.6366914043148753,3103.511704622669,0.28313319689291955,3,True,False,0,False,True,0.10000000000000003,20,0.17777777777777778,0
756,2370,41.14865208333333,-8.569086170212765,2.95512581224175,1,1.0,1.95512581224175,3081.0459892650247,0.2810836509542908,2,True,False,0,False,True,0.55,20,0,0
757,2371,41.14865208333333,-8.56800744680851,2.95512581224175,1,1.0,1.95512581224175,3061.086378694661,0.2792627368133493,2,True,False,0,False,True,0.55,20,0,0
758,2372,41.14865208333333,-8.566928723404255,2.1348620099834914,1,0.6373757453193335,1.4974862646641578,3043.682176302381,0.27767495241564333,3,True,False,0,True,False,1,20,0.26666666666666666,0
759,2373,41.14865208333333,-8.56585,1.5462847130902073,1,0.4062478407281267,1.1400368723620806,3028.8774332274497,0.2763243165441111,3,True,False,0,True,False,1,44,0.26666666666666666,11
760,2374,41.14865208333333,-8.564771276595744,2.000271331578203,1,0.5282799555453894,1.4719913760328132,3016.7104208666074,0.27521432069610774,3,True,False,0,True,False,1,44,0.011111111111111112,-1
761,2375,41.14865208333333,-8.563692553191489,1.5299582176396571,1,0.6373757453193335,0.8925824723203237,3007.213155714758,0.2743478857346486,3,True,False,0,False,False,0.55,45,0.5,0
762,2376,41.14865208333333,-8.562613829787233,1.8925824723203237,1,1.0,0.8925824723203237,3000.410989704519,0.2737273245151092,3,True,False,0,True,True,1,45,0.5,0
763,2412,41.14946736111111,-8.675879787234043,2.1018229393202716,1,0.36418748884696367,1.7376354504733078,10099.78018839587,0.9214023740902788,3,True,False,0,True,False,1,3,0.3111111111111111,-2
764,2413,41.14946736111111,-8.674801063829788,2.1416594315392175,1,0.4049013531505079,1.7367580783887098,10013.228206275842,0.913506241667591,3,True,False,0,True,False,1,5,0.28888888888888886,0
765,2414,41.14946736111111,-8.673722340425533,2.2650380339343466,1,0.528279955545637,1.7367580783887098,9926.744889102307,0.9056163735440794,3,True,False,0,True,False,1,5,0.28888888888888886,0
766,2415,41.14946736111111,-8.672643617021278,2.373076672451863,1,0.6363185940631532,1.7367580783887098,9840.332047307431,0.8977329348853682,3,True,False,0,True,False,1,5,0.28888888888888886,0
767,2416,41.14946736111111,-8.671564893617022,2.3708851798994304,1,0.6363185940631532,1.7345665858362773,9753.991553977066,0.8898560965729733,3,True,False,0,True,False,1,10,0.23333333333333334,0
768,2417,41.14946736111111,-8.670486170212767,2.4031425120452434,1,0.528279955545637,1.8748625564996066,9667.72534751347,0.8819860354472226,3,True,False,0,True,False,1,10,0.15555555555555556,0
769,2418,41.14946736111111,-8.669407446808512,2.1013471479459103,1,0.4049013531505079,1.6964457947954026,9581.53543442874,0.8741229345621016,3,True,False,0,False,False,0.55,10,0.25555555555555554,0
770,2419,41.14946736111111,-8.668328723404256,2.0376257807759885,1,0.36500129803364495,1.6726244827423435,9495.42389228058,0.8662669834530812,3,True,False,0,False,False,0.55,22,0.13333333333333333,12
771,2420,41.14946736111111,-8.667250000000001,2.0417331738539515,1,0.528279955545637,1.5134532183083143,9409.392872754323,0.8584183784182927,3,True,False,0,True,False,1,22,0.23333333333333334,8
772,2421,41.14946736111111,-8.666171276595746,2.1528323840662313,1,0.6363185940631532,1.516513790003078,9323.44460490376,0.8505773228141872,3,True,False,0,True,False,1,14,0.32222222222222224,0
773,2422,41.14946736111111,-8.66509255319149,2.008517016225466,1,0.6363185940631532,1.372198422162313,9237.581398555732,0.8427440273661363,3,True,False,0,True,False,1,14,0.4222222222222222,0
774,2423,41.14946736111111,-8.664013829787235,1.8939103665918828,1,0.528279955545637,1.3656304110462458,9151.805647892163,0.8349187104952212,3,True,False,0,True,False,1,33,0.2111111111111111,19
775,2424,41.14946736111111,-8.66293510638298,1.7705317641967537,1,0.4049013531505079,1.3656304110462458,9066.11983521565,0.8271015986617671,3,True,False,0,True,False,1,33,0.2111111111111111,0
776,2425,41.14946736111111,-8.661856382978725,1.7308546792737651,1,0.36418930775331854,1.3666653715204466,8980.526534913553,0.8192929267269872,3,True,False,0,True,False,1,30,0.24444444444444444,-3
777,2426,41.14946736111111,-8.66077765957447,1.7715667246723827,1,0.40490135315193615,1.3666653715204466,8895.02841762807,0.8114929383334173,3,True,False,0,True,False,1,30,0.24444444444444444,-22
778,2427,41.14946736111111,-8.659698936170214,1.768119903370543,1,0.40490135315193615,1.363218550218607,8809.628254648618,0.8037018863056344,3,True,False,0,False,False,0.55,40,0.13333333333333333,-3
779,2428,41.14946736111111,-8.658620212765959,1.6944508489205803,1,0.40490135315193615,1.2895494957686442,8724.3289225356,0.7959200330720807,3,True,False,0,False,False,0.55,40,0.18888888888888888,-3
780,2429,41.14946736111111,-8.657541489361703,1.917972434555752,1,0.40490135315193615,1.513071081403816,8639.133407993468,0.7881476511096341,3,True,False,0,False,False,0.55,23,0.2222222222222222,0
781,2430,41.14946736111111,-8.656462765957448,2.261095338516262,1,0.528279955545637,1.7328153829706252,8554.044813003902,0.7803850234119075,3,True,False,0,True,False,1,14,0.18888888888888888,0
782,2431,41.14946736111111,-8.655384042553193,2.4080720281812384,1,0.6363185940631532,1.7717534341180852,8469.066360238923,0.7726324439830867,3,True,False,0,True,False,1,14,0.16666666666666666,0
783,2432,41.14946736111111,-8.654305319148937,2.410475495006472,1,0.6373793148866072,1.7730961801198653,8384.201398766701,0.7648902183584709,3,True,True,1,True,False,1,11,0.2,0
784,2433,41.14946736111111,-8.65322659574468,2.6222894362724745,1,1.0,1.6222894362724747,8299.45341007187,0.757158664153706,3,True,False,0,True,True,1,11,0.28888888888888886,0
785,2434,41.14946736111111,-8.652147872340425,2.255168644655389,1,0.6373793148866072,1.6177893297687818,8214.826014406142,0.7494381116441504,3,True,False,0,True,False,1,22,0.16666666666666666,0
786,2435,41.14946736111111,-8.65106914893617,2.146069285314419,1,0.528279955545637,1.6177893297687818,8130.322977491674,0.7417289043764231,3,True,False,0,True,False,1,22,0.16666666666666666,0
787,2436,41.14946736111111,-8.649990425531914,2.026494774680437,1,0.4062523910526113,1.620242383627826,8045.9482175973035,0.7340313998139681,3,True,False,0,False,False,0.55,16,0.23333333333333334,0
788,2437,41.14946736111111,-8.64891170212766,2.294030124608174,1,0.6373793148866072,1.6566508097215669,7961.705813012803,0.7263459700189301,3,True,False,0,True,False,1,16,0.2111111111111111,0
789,2438,41.14946736111111,-8.647832978723404,2.656650809721567,1,1.0,1.6566508097215669,7877.600009942503,0.7186730023722894,3,True,False,0,True,True,1,16,0.2111111111111111,0
790,2439,41.14946736111111,-8.646754255319149,2.6616785776732614,1,1.0,1.6616785776732614,7793.635230848218,0.7110129003349868,3,True,False,0,True,True,1,4,0.34444444444444444,0
791,2440,41.14946736111111,-8.645675531914893,1.8960428920783725,1,0.6373793148866072,1.2586635771917654,7709.816083265368,0.7033660842522174,3,True,False,0,False,False,0.55,4,0.6222222222222222,0
792,2441,41.14946736111111,-8.644596808510638,1.7041785084778338,1,0.6363185940631532,1.0678599144146808,7626.147369125894,0.69573299220396,3,True,False,0,True,False,1,39,0.3888888888888889,0
793,2442,41.14946736111111,-8.643518085106383,1.7084476775352446,1,0.5282799555453894,1.1801677219898552,7542.634094615569,0.6881140809042589,3,True,False,0,True,False,1,39,0.28888888888888886,0
794,2443,41.14946736111111,-8.642439361702127,1.505615942929265,1,0.4049013531505079,1.1007145897787571,7459.281480603202,0.6805098266526796,3,True,False,0,True,False,1,51,0.2222222222222222,0
795,2444,41.14946736111111,-8.641360638297872,1.6977674998795222,1,0.5282799555453894,1.1694875443341328,7376.094973673547,0.6729207263408404,3,True,False,0,True,False,1,31,0.3888888888888889,0
796,2445,41.14946736111111,-8.640281914893617,1.8068668592211632,1,0.6373793148870304,1.1694875443341328,7293.0802578057055,0.6653472985178328,3,True,False,0,True,False,1,31,0.3888888888888889,0
797,2446,41.14946736111111,-8.639203191489361,2.1694875443341326,1,1.0,1.1694875443341328,7210.243266734363,0.6577900845179355,3,True,False,0,True,True,1,31,0.3888888888888889,0
798,2447,41.14946736111111,-8.638124468085106,1.7073987026094113,1,0.6373793148866072,1.0700193877228041,7127.59019703797,0.6502496496546495,3,True,True,1,True,False,1,31,0.4777777777777778,0
799,2448,41.14946736111111,-8.63704574468085,1.7071489096650994,1,0.6363185940631532,1.0708303156019463,7045.127522000681,0.6427265844853212,3,True,False,0,True,False,1,28,0.5111111111111111,0
800,2449,41.14946736111111,-8.635967021276596,1.5991102711473357,1,0.5282799555453894,1.0708303156019463,6962.862006293337,0.6352215061504879,3,True,False,0,True,False,1,28,0.5111111111111111,0
801,2450,41.14946736111111,-8.63488829787234,1.4722220805458897,1,0.4049013531505079,1.0673207273953818,6880.800721528536,0.6277350597929662,3,True,False,0,True,False,1,41,0.36666666666666664,0
802,2451,41.14946736111111,-8.633809574468085,1.496205817926394,1,0.4049013531505079,1.091304464775886,6798.951062740165,0.6202679200612784,3,True,False,0,True,False,1,41,0.34444444444444444,0
803,2452,41.14946736111111,-8.63273085106383,1.4588039524951188,1,0.36418748884696367,1.0946164636481552,6717.32076584872,0.6128207927030128,3,True,False,0,True,False,1,29,0.4777777777777778,-12
804,2453,41.14946736111111,-8.631652127659574,1.3736950719628658,1,0.2790786083147106,1.0946164636481552,6635.917926169244,0.6053944162533019,3,True,False,0,True,False,1,29,0.4777777777777778,-12
805,2454,41.14946736111111,-8.630573404255319,1.2760568636356824,1,0.23954760457621999,1.0365092590594625,6554.751018029698,0.5979895638246052,3,True,False,0,True,False,1,25,0.5777777777777777,20
806,2455,41.14946736111111,-8.629494680851064,0.9485086385382242,1,0.19676020085354845,0.7517484376846758,6473.828915563403,0.5906070450036027,3,True,False,0,True,False,1,65,0.4444444444444444,60
807,2456,41.14946736111111,-8.628415957446808,1.2283882969903732,1,0.2790786083147106,0.9493096886756627,6393.160914750209,0.5832477078620091,3,True,False,0,True,False,1,65,0.2111111111111111,-19
808,2457,41.14946736111111,-8.627337234042553,1.12914935625051,1,0.36418748884696367,0.7649618674035462,6312.756756776899,0.5759124410877424,3,True,False,0,True,False,1,84,0.2111111111111111,0
809,2458,41.14946736111111,-8.626258510638298,1.308597020652837,1,0.4049013531505079,0.903695667502329,6232.626652798381,0.568602176243886,3,True,False,0,True,False,1,84,0.044444444444444446,0
810,2459,41.14946736111111,-8.625179787234043,1.2089608758216441,1,0.36418748884685576,0.8447733869747884,6152.781310176897,0.5613178901624903,3,True,False,0,True,False,1,87,0.07777777777777778,3
811,2460,41.14946736111111,-8.624101063829787,1.1820899171466133,1,0.2790786083147106,0.9030113088319027,6073.23196028732,0.5540606074812486,3,True,False,0,True,False,1,87,0.011111111111111112,3
812,2461,41.14946736111111,-8.623022340425532,1.0605164694861957,1,0.1967602008534399,0.8637562686327559,5993.990387971851,0.5468314033306466,3,True,False,0,True,False,1,87,0.05555555555555555,3
813,2462,41.14946736111111,-8.621943617021277,1.074984278190582,1,0.2589368706935841,0.8160474074969979,5915.068962737668,0.539631406180123,3,True,False,0,True,False,1,92,0.05555555555555555,9
814,2463,41.14946736111111,-8.620864893617021,1.1868251887940107,1,0.4062523910526113,0.7805727977413993,5836.480671785658,0.5324618008512786,3,True,False,0,True,False,1,92,0.1,9
815,2464,41.14946736111111,-8.619786170212766,1.5020085053942034,1,0.6373793148866072,0.8646291905075963,5758.239154967321,0.5253238317069927,3,True,False,0,True,False,1,83,0.1,0
816,2465,41.14946736111111,-8.61870744680851,1.8646291905075962,1,1.0,0.8646291905075963,5680.358741760301,0.5182188060246984,3,True,False,0,False,True,0.55,83,0.1,0
817,2466,41.14946736111111,-8.617628723404255,1.5020085053946266,1,0.6373793148870304,0.8646291905075963,5602.854490360137,0.5111480975627211,3,True,False,0,True,False,1,83,0.1,0
818,2467,41.14946736111111,-8.61655,1.1381451996242569,1,0.4062523910526113,0.7318928085716456,5525.742228976907,0.5041131503277692,3,True,False,0,False,False,0.55,83,0.26666666666666666,0
819,2468,41.14946736111111,-8.615471276595745,0.9807347672008053,1,0.258936870693756,0.7217978965070494,5449.038599429883,0.4971154825520713,3,True,True,1,True,False,1,94,0.15555555555555556,11
820,2469,41.14946736111111,-8.61439255319149,0.8866566525819726,1,0.1650410052587815,0.7216156473231911,5372.761103120988,0.490156690887533,3,True,False,0,True,False,1,95,0.14444444444444443,12
821,2470,41.14946736111111,-8.613313829787234,0.8268093702014794,1,0.1051937228782883,0.7216156473231911,5296.928149468056,0.48323845482429967,3,True,False,0,True,False,1,95,0.14444444444444443,29
822,2471,41.14946736111111,-8.612235106382979,0.8224967138821775,1,0.09978688079830658,0.7227098330838709,5221.559106861699,0.476362541339549,3,True,False,0,True,False,1,89,0.2111111111111111,23
823,2472,41.14946736111111,-8.611156382978724,0.9227752708709667,1,0.08775813329851324,0.8350171375724534,5146.674356203596,0.4695308097817859,3,True,False,0,True,False,1,89,0.06666666666666667,23
824,2473,41.14946736111111,-8.610077659574468,0.9074858976379522,1,0.07183593164744566,0.8356499659905066,5072.29534705976,0.4627452169937019,3,True,False,0,True,False,1,86,0.1,20
825,2474,41.14946736111111,-8.608998936170213,0.8481379754000066,1,0.0663815951744536,0.7817563802255529,4998.444656447693,0.45600782267532386,3,True,False,0,True,False,1,86,0.16666666666666666,14
826,2475,41.14946736111111,-8.607920212765958,0.8481379754000066,1,0.0663815951744536,0.7817563802255529,4925.146050242054,0.4493207949860498,3,True,False,0,True,False,1,86,0.16666666666666666,-11
827,2476,41.14946736111111,-8.606841489361702,0.7977201494684915,1,0.0663815951744536,0.7313385542940378,4852.424547156935,0.44268641638174827,3,True,False,0,True,False,1,86,0.23333333333333334,-11
828,2477,41.14946736111111,-8.605762765957447,0.7958756648123884,1,0.0663815951744536,0.7294940696379347,4780.306485214774,0.43610708967871326,3,True,False,0,True,False,1,96,0.12222222222222222,2
829,2478,41.14946736111111,-8.604684042553192,0.7412876214178495,1,0.0663815951744536,0.6749060262433959,4708.819590569311,0.4295853443323789,3,True,False,0,True,False,1,96,0.2,2
830,2479,41.14946736111111,-8.603605319148937,0.6958505223225022,1,0.0663815951744536,0.6294689271480486,4637.99304848359,0.42312384291263827,3,True,False,0,True,False,1,108,0.13333333333333333,19
831,2480,41.14946736111111,-8.602526595744681,0.7392455472557672,1,0.0663815951744536,0.6728639520813136,4567.857576200066,0.41672538775177936,3,True,False,0,True,False,1,108,0.06666666666666667,19
832,2481,41.14946736111111,-8.601447872340426,0.7376752946032641,1,0.06396123025077742,0.6737140643524867,4498.445497349644,0.41039292773281744,3,True,False,0,False,False,0.55,103,0.12222222222222222,14
833,2482,41.14946736111111,-8.60036914893617,0.7546363710473578,1,0.05738275100766406,0.6972536200396937,4429.790817455315,0.4041295651776874,3,True,False,0,True,False,1,99,0.13333333333333333,10
834,2483,41.14946736111111,-8.599290425531915,0.7455560033051176,1,0.048302383265423854,0.6972536200396937,4361.929299965682,0.39793856278377804,3,True,False,0,True,False,1,99,0.13333333333333333,10
835,2484,41.14946736111111,-8.59821170212766,0.6873179728974368,1,0.04223984331322672,0.6450781295842101,4294.898542128984,0.39182335054591516,3,True,False,0,True,False,1,99,0.2111111111111111,6
836,2485,41.14946736111111,-8.597132978723405,0.6863413218659913,1,0.04223984331322672,0.6441014785527646,4228.738049861512,0.3857875325866024,3,True,False,0,True,False,1,105,0.14444444444444443,10
837,2486,41.14946736111111,-8.59605425531915,0.6792242512727742,1,0.04223984331322672,0.6369844079595475,4163.489310600183,0.37983489380235824,3,True,False,0,True,False,1,105,0.15555555555555556,10
838,2487,41.14946736111111,-8.594975531914894,0.6782598541702879,1,0.04223984331322672,0.6360200108570612,4099.195862930978,0.37396940621591374,3,True,False,0,True,False,1,111,0.08888888888888889,21
839,2488,41.14946736111111,-8.593896808510639,0.6782598541702879,1,0.04223984331322672,0.6360200108570612,4035.903361577815,0.3681952349051439,3,True,False,0,True,False,1,111,0.08888888888888889,21
840,2489,41.14946736111111,-8.592818085106384,0.6782598541702879,1,0.04223984331322672,0.6360200108570612,3973.6596360953563,0.3625167433576095,3,True,False,0,False,False,0.55,111,0.08888888888888889,19
841,2490,41.14946736111111,-8.591739361702128,0.5866345082868835,1,0.04223984331322672,0.5443946649736567,3912.514741360551,0.3569384980768973,3,True,False,0,True,False,1,111,0.24444444444444444,19
842,2491,41.14946736111111,-8.590660638297873,0.7149683020689743,1,0.04091389214941103,0.6740544099195633,3852.5209976790707,0.351465272241528,3,True,False,0,True,False,1,101,0.14444444444444443,9
843,2492,41.14946736111111,-8.589581914893618,0.6337551986337435,1,0.037249608938775026,0.5965055896949685,3793.7330180430413,0.3461020481916775,3,True,True,1,True,False,1,101,0.26666666666666666,9
844,2493,41.14946736111111,-8.588503191489362,0.7628233449569984,1,0.032038625209972964,0.7307847197470255,3736.2077197777407,0.3408540184917046,3,True,False,0,True,False,1,89,0.2,40
845,2494,41.14946736111111,-8.587424468085107,0.9388887435698022,1,0.04223984331322672,0.8966489002565755,3680.0043175295855,0.33572658529044536,3,True,False,0,True,False,1,71,0.2,43
846,2495,41.14946736111111,-8.586345744680852,1.0768997938561682,1,0.04091389214941103,1.0359859017067572,3625.184294264442,0.3307253576753907,3,True,False,0,True,False,1,71,0.05555555555555555,43
847,2496,41.14946736111111,-8.585267021276596,1.0740206458119892,1,0.037249608938775026,1.0367710368732141,3571.81134670142,0.3258561466946144,3,True,False,0,False,False,0.55,68,0.08888888888888889,45
848,2497,41.14946736111111,-8.584188297872341,0.8530467919900381,1,0.032038625209972964,0.8210081667800652,3519.951301399573,0.3211249577013675,3,True,True,1,True,False,1,68,0.32222222222222224,45
849,2498,41.14946736111111,-8.583109574468086,1.3382374228311997,1,0.1967602008534399,1.1414772219777598,3469.671997586768,0.31653797966456304,3,True,False,0,False,False,0.55,39,0.32222222222222224,16
850,2499,41.14946736111111,-8.58203085106383,1.4857658496792396,1,0.2790786083147106,1.206687241364529,3421.0431327765446,0.3121015710844104,3,True,False,0,True,False,1,39,0.26666666666666666,16
851,2500,41.14946736111111,-8.580952127659575,1.5765739061852462,1,0.36500129803342835,1.2115726081518179,3374.1360673091426,0.3078222421607047,3,True,False,0,True,False,1,23,0.4444444444444444,0
852,2501,41.14946736111111,-8.57987340425532,1.7809189547804503,1,0.5282799555453894,1.2526389992350608,3329.023584188358,0.30370663288275657,3,True,False,0,True,False,1,23,0.4111111111111111,14
853,2502,41.14946736111111,-8.578794680851065,1.894454673264813,1,0.6373793148870304,1.2570753583777827,3285.7796010174156,0.2997614867493183,3,True,False,0,True,False,1,9,0.5666666666666667,0
854,2503,41.14946736111111,-8.57771595744681,2.773991909416365,1,1.0,1.7739919094163648,3244.4788314766847,0.2959936198852149,2,True,False,0,True,True,1,9,0.2222222222222222,0
855,2504,41.14946736111111,-8.576637234042552,2.774439943738877,1,1.0,1.774439943738877,3205.196394674903,0.2924098854024784,2,True,False,0,True,True,1,8,0.23333333333333334,0
856,2505,41.14946736111111,-8.575558510638297,2.353646197809657,1,0.6373793148870304,1.7162668829226269,3168.007371852633,0.28901713295842946,3,True,False,0,False,False,0.55,8,0.26666666666666666,0
857,2506,41.14946736111111,-8.574479787234042,1.9439739565310643,1,0.6373793148870304,1.306594641644034,3132.9863113270244,0.28582216359181595,3,True,True,1,True,False,1,32,0.26666666666666666,0
858,2507,41.14946736111111,-8.573401063829786,2.365975310756762,1,1.0,1.3659753107567618,3100.2066842423887,0.2828316800709687,3,True,False,0,True,True,1,32,0.2222222222222222,0
859,2508,41.14946736111111,-8.572322340425531,1.885912857827851,1,0.6373793148866072,1.2485335429412439,3069.740295581928,0.28005223316043504,3,True,False,0,True,False,1,36,0.26666666666666666,4
860,2509,41.14946736111111,-8.571243617021276,1.9709249229502075,1,0.6363185940631532,1.3346063288870542,3041.656656969463,0.277490164401716,3,True,True,1,True,False,1,36,0.2,0
861,2510,41.14946736111111,-8.57016489361702,2.1172582184650737,1,0.6363185940631532,1.4809396244019204,3016.0223299486206,0.2751515462006636,3,True,False,0,False,False,0.55,20,0.2777777777777778,0
862,2511,41.14946736111111,-8.569086170212765,1.933458161276652,1,0.6373793148866072,1.2960788463900448,2992.9002505813496,0.27304212021064206,3,True,False,0,True,False,1,20,0.4111111111111111,0
863,2512,41.14946736111111,-8.56800744680851,2.296078846390045,1,1.0,1.2960788463900448,2972.3490482194666,0.27116723518409414,3,True,False,0,False,True,0.55,20,0.4111111111111111,0
864,2513,41.14946736111111,-8.566928723404255,1.9334581612770751,1,0.6373793148870304,1.2960788463900448,2954.422373042095,0.2695317856238202,3,True,True,1,True,False,1,20,0.4111111111111111,0
865,2514,41.14946736111111,-8.56585,1.5462892634146919,1,0.4062523910526113,1.1400368723620806,2939.1682482613096,0.2681401526847357,3,True,False,0,True,False,1,44,0.26666666666666666,24
866,2515,41.14946736111111,-8.564771276595744,1.856009309748217,1,0.6373793148866072,1.21862999486161,2926.628463647641,0.26699614884523726,3,True,False,0,False,False,0.55,44,0.2,-1
867,2516,41.14946736111111,-8.563692553191489,2.2183222988665623,1,1.0,1.218322298866562,2916.83802708996,0.2661029678730422,3,True,False,0,True,True,1,45,0.18888888888888888,0
868,2517,41.14946736111111,-8.562613829787233,1.8925824723203237,1,1.0,0.8925824723203237,2909.82469020608,0.2654631415466706,3,True,True,1,True,True,1,45,0.5,0
869,2552,41.15028263888888,-8.676958510638299,1.797434296213836,1,0.19630839391894972,1.6011259022948865,10160.837966288209,0.926972671706391,3,True,False,0,True,False,1,19,0.2111111111111111,14
870,2553,41.15028263888888,-8.675879787234043,1.84067392970433,1,0.23954802740944342,1.6011259022948865,10074.000375363083,0.9190504832086035,3,True,False,0,True,False,1,19,0.2111111111111111,14
871,2554,41.15028263888888,-8.674801063829788,1.5431593602490479,1,0.2790808145945902,1.2640785456544577,9987.226064840592,0.9111340677783615,3,True,False,0,True,False,1,31,0.3111111111111111,26
872,2555,41.15028263888888,-8.673722340425533,1.6566720213465485,1,0.3641883982967602,1.2924836230497883,9900.516698621006,0.9032235772131921,3,True,False,0,False,False,0.55,31,0.28888888888888886,26
873,2556,41.15028263888888,-8.672643617021278,1.6973849762017243,1,0.40490135315193615,1.2924836230497883,9813.873998142211,0.8953191685597762,3,True,False,0,True,False,1,31,0.28888888888888886,26
874,2557,41.15028263888888,-8.671564893617022,1.9519726169966782,1,0.40490135315193615,1.5470712638447421,9727.299744826603,0.8874210043371781,3,True,False,0,False,False,0.55,23,0.2,13
875,2558,41.15028263888888,-8.670486170212767,1.9632939527181876,1,0.3641883982967602,1.5991055544214274,9640.79578265269,0.8795292527714523,3,True,True,1,True,False,1,24,0.15555555555555556,14
876,2559,41.15028263888888,-8.669407446808512,1.8781863690160177,1,0.2790808145945902,1.5991055544214274,9554.364020854282,0.8716440880418912,3,True,False,0,False,False,0.55,24,0.15555555555555556,14
877,2560,41.15028263888888,-8.668328723404256,1.5853455497534072,1,0.2790808145945902,1.306264735158817,9468.0064367588,0.8637656905399634,3,True,False,0,False,False,0.55,33,0.25555555555555554,19
878,2561,41.15028263888888,-8.667250000000001,1.729818809343006,1,0.3641883982967602,1.3656304110462458,9381.725078768566,0.8558942471412966,3,True,False,0,True,False,1,33,0.2111111111111111,19
879,2562,41.15028263888888,-8.666171276595746,1.2870618339831044,1,0.19630839391894972,1.0907534400641545,9295.522069497569,0.8480299514918446,3,True,False,0,True,False,1,43,0.32222222222222224,29
880,2563,41.15028263888888,-8.66509255319149,1.330301467473598,1,0.23954802740944342,1.0907534400641545,9209.399609068576,0.8401730043086828,3,True,False,0,True,False,1,43,0.32222222222222224,29
881,2564,41.15028263888888,-8.664013829787235,1.1486523284891685,1,0.25764625977190825,0.8910060687172603,9123.359978584249,0.8323236136966777,3,True,False,0,True,False,1,52,0.4222222222222222,38
882,2565,41.15028263888888,-8.66293510638298,1.4293686677224378,1,0.3650086061857416,1.0643600615366962,9037.405543778308,0.8244819954815825,3,True,False,0,True,False,1,52,0.24444444444444444,0
883,2566,41.15028263888888,-8.661856382978725,1.5926441934852154,1,0.5282841319485192,1.0643600615366962,8951.538758861698,0.8166483735609227,3,True,False,0,True,False,1,52,0.24444444444444444,0
884,2567,41.15028263888888,-8.66077765957447,1.7006786555998494,1,0.6363185940631532,1.0643600615366962,8865.76217057114,0.808822980273345,3,True,False,0,True,False,1,52,0.24444444444444444,0
885,2568,41.15028263888888,-8.659698936170214,1.9392888423572168,1,0.6363185940631532,1.3029702482940637,8780.078422436522,0.8010060567879309,3,True,False,0,True,False,1,43,0.14444444444444443,0
886,2569,41.15028263888888,-8.658620212765959,1.8417875748130257,1,0.6363185940631532,1.2054689807498724,8694.490259276052,0.7931978535142903,3,True,False,0,True,False,1,43,0.2222222222222222,0
887,2570,41.15028263888888,-8.657541489361703,2.064733906346827,1,0.6363185940631532,1.4284153122836738,8609.000531937301,0.7853986305350854,3,True,False,0,True,False,1,31,0.18888888888888888,0
888,2571,41.15028263888888,-8.656462765957448,2.2602245765974347,1,0.5282841319485192,1.7319404446489155,8523.612202294866,0.7776086580619677,3,True,False,0,True,False,1,16,0.16666666666666666,-15
889,2572,41.15028263888888,-8.655384042553193,2.1757601882311595,1,0.40490135315193615,1.7708588350792231,8438.328348524647,0.7698282169167502,3,True,False,0,True,False,1,16,0.14444444444444443,2
890,2573,41.15028263888888,-8.654305319148937,1.9733868051432157,1,0.5282820437336619,1.4451047614095538,8353.152170667603,0.7620575990389881,3,True,False,0,True,False,1,29,0.2,18
891,2574,41.15028263888888,-8.65322659574468,2.0814233554749513,1,0.6363185940653975,1.4451047614095538,8268.086996504953,0.7542971080219735,3,True,False,0,True,False,1,29,0.2,18
892,2575,41.15028263888888,-8.652147872340425,1.7355788770232774,1,0.5282820437336619,1.2072968332896155,8183.136287760833,0.7465470596786029,3,True,False,0,True,False,1,37,0.28888888888888886,26
893,2576,41.15028263888888,-8.65106914893617,1.6412719306984278,1,0.3650049520668018,1.276266978631626,8098.303646655077,0.7388077826391878,3,True,False,0,True,False,1,37,0.23333333333333334,15
894,2577,41.15028263888888,-8.649990425531914,1.6999483453109197,1,0.3650049520668018,1.334943393244118,8013.592822826648,0.731079618983078,3,True,False,0,True,False,1,35,0.2111111111111111,19
895,2578,41.15028263888888,-8.64891170212766,1.8632254369777799,1,0.5282820437336619,1.334943393244118,7929.007720653146,0.723362924906421,3,True,False,0,True,False,1,35,0.2111111111111111,19
896,2579,41.15028263888888,-8.647832978723404,1.804625434265307,1,0.6363185940653975,1.1683068401999095,7844.552406988268,0.7156580714280486,3,True,False,0,True,False,1,35,0.34444444444444444,19
897,2580,41.15028263888888,-8.646754255319149,1.9732861618927857,1,0.6363185940653975,1.3369675678273882,7760.231119347665,0.7079654451362738,3,True,False,0,True,False,1,29,0.2777777777777778,25
898,2581,41.15028263888888,-8.645675531914893,1.7790245421969169,1,0.5282820437336619,1.250742498463255,7676.048274567769,0.7002854489788337,3,True,False,0,False,False,0.55,29,0.34444444444444444,25
899,2582,41.15028263888888,-8.644596808510638,1.0710029106619967,1,0.40490135315193615,0.6661015575100606,7592.008477971925,0.6926185030991161,3,True,False,0,True,False,1,60,0.6222222222222222,21
900,2583,41.15028263888888,-8.643518085106383,1.3876280349866628,1,0.4049013531505079,0.9827266818361549,7508.116533072287,0.6849650457212626,3,True,False,0,False,False,0.55,60,0.23333333333333334,0
901,2584,41.15028263888888,-8.642439361702127,1.1677635199425085,1,0.36419021721696143,0.803573302725547,7424.377451846088,0.6773255340876719,3,True,False,0,True,False,1,65,0.37777777777777777,5
902,2585,41.15028263888888,-8.641360638297872,1.0647998592145587,1,0.2790852272710545,0.7857146319435042,7340.79646561921,0.6697004454519079,3,True,False,0,True,False,1,66,0.3888888888888889,35
903,2586,41.15028263888888,-8.640281914893617,0.9824830754881768,1,0.1967684435446726,0.7857146319435042,7257.379036600296,0.6620902781309553,3,True,False,0,True,False,1,66,0.3888888888888889,35
904,2587,41.15028263888888,-8.639203191489361,0.9510055203128152,1,0.14743221758726824,0.803573302725547,7174.13087010428,0.6544955526203722,3,True,False,0,True,False,1,65,0.37777777777777777,34
905,2588,41.15028263888888,-8.638124468085106,0.9246612539009873,1,0.14743221758733732,0.7772290363136499,7091.057927511361,0.6469168127765362,3,True,False,0,True,False,1,65,0.4111111111111111,34
906,2589,41.15028263888888,-8.63704574468085,0.7070624106924954,1,0.0721656845377756,0.6348967261547198,7008.166440010293,0.6393546270704441,3,True,False,0,True,False,1,74,0.5111111111111111,46
907,2590,41.15028263888888,-8.635967021276596,0.6835243699983311,1,0.04862764384361124,0.6348967261547198,6925.462923173699,0.6318095899174172,3,True,False,0,True,False,1,74,0.5111111111111111,46
908,2591,41.15028263888888,-8.63488829787234,1.0890864111821439,1,0.25764625977190825,0.8314401514102358,6842.954192423278,0.6242823230879905,3,True,False,0,True,False,1,62,0.37777777777777777,34
909,2592,41.15028263888888,-8.633809574468085,1.098376149168945,1,0.25764625977190825,0.8407298893970367,6760.64737943836,0.616773477204865,3,True,False,0,True,False,1,62,0.36666666666666664,21
910,2593,41.15028263888888,-8.63273085106383,0.7433425540153367,1,0.07183655092185443,0.6715060030934823,6678.549949572829,0.6092837333318526,3,True,False,0,True,False,1,72,0.4777777777777778,31
911,2594,41.15028263888888,-8.631652127659574,0.7306502818495557,1,0.08833549141043225,0.6423147904391234,6596.6697203412305,0.6018138046603619,3,True,False,0,True,False,1,72,0.5222222222222223,31
912,2595,41.15028263888888,-8.630573404255319,0.82034835924052,1,0.1332326164362008,0.6871157428043192,6515.014881046684,0.5943644383000526,3,True,False,0,True,False,1,69,0.4888888888888889,64
913,2596,41.15028263888888,-8.629494680851064,0.77081171192482,1,0.19676844354478118,0.5740432683800388,6433.594013619388,0.58693641717993,3,True,False,0,True,False,1,77,0.5777777777777777,-3
914,2597,41.15028263888888,-8.628415957446808,1.1743765972795583,1,0.2790852272710545,0.8952913700085039,6352.4161147464365,0.5795305620672477,3,True,False,0,True,False,1,77,0.13333333333333333,-3
915,2598,41.15028263888888,-8.627337234042553,1.201107279198376,1,0.36419021721696143,0.8369170619814146,6271.490619370256,0.5721477337112687,3,True,False,0,True,False,1,80,0.16666666666666666,0
916,2599,41.15028263888888,-8.626258510638298,1.3095103057368451,1,0.4049013531505079,0.9046089525863373,6190.827425644799,0.5647888351200169,3,True,False,0,True,False,1,80,0.08888888888888889,0
917,2600,41.15028263888888,-8.625179787234043,1.1901892997787855,1,0.3641902172168536,0.8259990825619319,6110.436921435464,0.5574548139778636,3,True,False,0,True,False,1,88,0.08888888888888889,8
918,2601,41.15028263888888,-8.624101063829787,1.1718931276675437,1,0.2790852272710545,0.8928079003964892,6030.3300124604775,0.5501466652128646,3,True,False,0,True,False,1,88,0.011111111111111112,8
919,2602,41.15028263888888,-8.623022340425532,1.0603066194456918,1,0.1967684435446726,0.8635381759010192,5950.518152168087,0.5428654337224542,3,True,False,0,True,False,1,88,0.044444444444444446,8
920,2603,41.15028263888888,-8.621943617021277,1.0566090555034133,1,0.24056164800641536,0.8160474074969979,5871.013373455415,0.535612217267155,3,True,False,0,True,False,1,92,0.05555555555555555,9
921,2604,41.15028263888888,-8.620864893617021,1.1455777498082012,1,0.3650049520668018,0.7805727977413993,5791.828322330906,0.5283881695416004,3,True,False,0,True,False,1,92,0.1,9
922,2605,41.15028263888888,-8.619786170212766,1.392256460179031,1,0.5282820437336619,0.8639744164453692,5712.976293633011,0.5211945034331487,3,True,False,0,True,False,1,86,0.06666666666666667,3
923,2606,41.15028263888888,-8.61870744680851,1.5002930105107666,1,0.6363185940653975,0.8639744164453692,5634.471268912813,0.5140324944779127,3,True,False,0,True,False,1,86,0.06666666666666667,3
924,2607,41.15028263888888,-8.617628723404255,1.3088548414753087,1,0.5282820437339095,0.7805727977413993,5556.327956597545,0.5069034845248751,3,True,False,0,True,False,1,92,0.1,9
925,2608,41.15028263888888,-8.61655,1.095236256679553,1,0.3650049520668018,0.7302313046127512,5478.56183454517,0.4998088856181406,3,True,False,0,True,False,1,92,0.16666666666666666,9
926,2609,41.15028263888888,-8.615471276595745,0.7977519261928216,1,0.24056164800656685,0.5571902781862548,5401.189195107011,0.4927501841079967,3,True,False,0,True,False,1,107,0.26666666666666666,24
927,2610,41.15028263888888,-8.61439255319149,0.7717128043775446,1,0.15607779610841035,0.6156350082691343,5324.227192805694,0.48572894500057034,3,True,False,0,True,False,1,108,0.15555555555555556,25
928,2611,41.15028263888888,-8.613313829787234,0.682939657231661,1,0.10057389176897856,0.5823657654626824,5247.693894738601,0.4787468165561315,3,True,False,0,True,False,1,108,0.2111111111111111,25
929,2612,41.15028263888888,-8.612235106382979,0.7861940555271045,1,0.06457840820391351,0.7216156473231911,5171.6083338027565,0.4718055351447969,3,True,False,0,True,False,1,95,0.14444444444444443,29
930,2613,41.15028263888888,-8.611156382978724,0.7957908571911462,1,0.04138001952005288,0.7544108376710933,5095.99056483425,0.4649069303681262,3,True,False,0,True,False,1,95,0.1,29
931,2614,41.15028263888888,-8.610077659574468,0.8831090464045372,1,0.048302745123747826,0.8348063012807894,5020.861723734128,0.4580529304531737,3,True,False,0,True,False,1,90,0.05555555555555555,24
932,2615,41.15028263888888,-8.608998936170213,0.8232069693098144,1,0.04223984331322672,0.7809671259965877,4946.2440896414855,0.45124556792453635,3,True,False,0,True,False,1,90,0.12222222222222222,18
933,2616,41.15028263888888,-8.607920212765958,0.7014804735136706,1,0.04223984331322672,0.6592406302004439,4872.161150183394,0.4444869855571003,3,True,False,0,True,False,1,101,0.16666666666666666,4
934,2617,41.15028263888888,-8.606841489361702,0.7014804735136706,1,0.04223984331322672,0.6592406302004439,4798.63766980811,0.4377794426100764,3,True,False,0,True,False,1,101,0.16666666666666666,4
935,2618,41.15028263888888,-8.605762765957447,0.6183161492272645,1,0.04223984331322672,0.5760763059140378,4725.699761162949,0.43112532133879894,3,True,False,0,True,False,1,107,0.23333333333333334,13
936,2619,41.15028263888888,-8.604684042553192,0.6860161002225353,1,0.04223984331322672,0.6437762569093086,4653.374959438311,0.4245271337771274,3,True,False,0,True,False,1,107,0.12222222222222222,13
937,2620,41.15028263888888,-8.603605319148937,0.5923001970400052,1,0.04223984331322672,0.5500603537267785,4581.692299535123,0.41798752877742756,3,True,False,0,True,False,1,114,0.2,25
938,2621,41.15028263888888,-8.602526595744681,0.6367904183319751,1,0.04223984331322672,0.5945505750187484,4510.682395850432,0.41150929928940655,3,True,False,0,True,False,1,114,0.12222222222222222,25
939,2622,41.15028263888888,-8.601447872340426,0.6631131435909289,1,0.04091392443672324,0.6221992191542056,4440.377524385893,0.4050953898508659,3,True,False,0,False,False,0.55,110,0.12222222222222222,21
940,2623,41.15028263888888,-8.60036914893617,0.6456211421976299,1,0.03724972316823023,0.6083714190293996,4370.811706791673,0.39874890425502185,3,True,False,0,True,False,1,111,0.13333333333333333,22
941,2624,41.15028263888888,-8.599290425531915,0.6404102556192317,1,0.032038836589832066,0.6083714190293996,4302.020795834736,0.39247311334777224,3,True,False,0,True,False,1,111,0.13333333333333333,22
942,2625,41.15028263888888,-8.59821170212766,0.6352494167400148,1,0.026877997710615113,0.6083714190293996,4234.042561650389,0.3862714628964201,3,True,False,0,True,False,1,111,0.13333333333333333,18
943,2626,41.15028263888888,-8.597132978723405,0.5466874724420141,1,0.026877997710615113,0.5198094747313989,4166.916777970479,0.3801475814562674,3,True,False,0,True,False,1,118,0.2111111111111111,23
944,2627,41.15028263888888,-8.59605425531915,0.5825226727889427,1,0.026877997710615113,0.5556446750783275,4100.685307345282,0.37410528814540284,3,True,False,0,True,False,1,118,0.14444444444444443,23
945,2628,41.15028263888888,-8.594975531914894,0.5694334124798947,1,0.026137424559741888,0.5432959879201528,4035.39218416082,0.3681486002183671,3,True,False,0,True,False,1,119,0.15555555555555556,29
946,2629,41.15028263888888,-8.593896808510639,0.6048164506481888,1,0.02406612316475396,0.5807503274834348,3971.083694023751,0.36228174030843197,3,True,False,0,True,False,1,119,0.08888888888888889,29
947,2630,41.15028263888888,-8.592818085106384,0.662416357692667,1,0.026877997710615113,0.6355383599820519,3907.808447815767,0.3565091431835788,3,True,True,1,True,False,1,114,0.05555555555555555,22
948,2631,41.15028263888888,-8.591739361702128,0.5357773335366509,1,0.026877997710615113,0.5088993358260357,3845.6174484341445,0.35083546183523495,3,True,False,0,True,False,1,114,0.2777777777777778,22
949,2632,41.15028263888888,-8.590660638297873,0.7022375215607376,1,0.026137424559741888,0.6761000970009957,3784.5641479114247,0.34526557268929936,3,True,False,0,True,False,1,89,0.2777777777777778,-3
950,2633,41.15028263888888,-8.589581914893618,0.8052304879848914,1,0.02406612316475396,0.7811643648201374,3724.704492273093,0.3398045796985058,3,True,False,0,True,False,1,89,0.13333333333333333,-3
951,2634,41.15028263888888,-8.588503191489362,0.8045897797576563,1,0.02105465995680631,0.78353511980085,3666.0969511289964,0.33445781704204636,3,True,False,0,True,False,1,77,0.26666666666666666,28
952,2635,41.15028263888888,-8.587424468085107,0.913108518062015,1,0.017591035825893837,0.8955174822361212,3608.8025286344264,0.3292308501255502,3,True,False,0,False,False,0.55,76,0.14444444444444443,48
953,2636,41.15028263888888,-8.586345744680852,0.9607941126345386,1,0.014117736244902937,0.9466763763896356,3552.884752088765,0.32412947454093904,3,True,False,0,True,False,1,76,0.08888888888888889,53
954,2637,41.15028263888888,-8.585267021276596,1.060837160037968,1,0.02406612316475396,1.0367710368732141,3498.40963410231,0.3191597126149085,3,True,False,0,True,False,1,68,0.08888888888888889,45
955,2638,41.15028263888888,-8.584188297872341,0.8422923906504013,1,0.02128422387033618,0.8210081667800652,3445.445603953301,0.31432780714663344,3,True,False,0,True,False,1,68,0.32222222222222224,45
956,2639,41.15028263888888,-8.583109574468086,0.9509752495627758,1,0.032323786089775944,0.9186514634729999,3394.0634035247776,0.3096402119140937,3,True,False,0,True,False,1,63,0.26666666666666666,40
957,2640,41.15028263888888,-8.58203085106383,0.8176612839713728,1,0.048632025386950634,0.7690292585844222,3344.3359430637365,0.30510357851498987,3,True,False,0,True,False,1,63,0.4444444444444444,40
958,2641,41.15028263888888,-8.580952127659575,0.8948393237859344,1,0.07217087816406567,0.8226684456218688,3296.338111999286,0.3007247391076945,3,True,False,0,True,False,1,60,0.4111111111111111,51
959,2642,41.15028263888888,-8.57987340425532,0.8090375788254234,1,0.1048831415535321,0.7041544372718913,3250.1465402112585,0.296510684631801,3,True,False,0,True,False,1,60,0.5666666666666667,31
960,2643,41.15028263888888,-8.578794680851065,1.8881253829960971,1,0.6373828845328423,1.250742498463255,3205.839305517281,0.2924685381221857,3,True,True,1,True,False,1,29,0.34444444444444444,0
961,2644,41.15028263888888,-8.57771595744681,2.3977285921185283,1,1.0,1.3977285921185283,3163.4955837680986,0.2886055227872241,3,True,False,0,True,True,1,29,0.23333333333333334,0
962,2645,41.15028263888888,-8.576637234042552,2.769964687743981,1,1.0,1.7699646877439812,3123.1952388619075,0.2849289246058216,2,True,False,0,True,True,1,18,0.12222222222222222,0
963,2646,41.15028263888888,-8.575558510638297,2.7119383432705844,1,1.0,1.7119383432705841,3085.0183512303774,0.2814460493112201,3,True,False,0,True,True,1,18,0.15555555555555556,0
964,2647,41.15028263888888,-8.574479787234042,2.714534155272884,1,1.0,1.714534155272884,3049.044684928561,0.27816417377364067,3,True,False,0,True,True,1,12,0.2222222222222222,0
965,2648,41.15028263888888,-8.573401063829786,2.6400011936922487,1,1.0,1.640001193692249,3015.3530953891545,0.2750904919697385,3,True,False,0,True,True,1,12,0.26666666666666666,0
966,2649,41.15028263888888,-8.572322340425531,2.6375182249107407,1,1.0,1.637518224910741,2984.020882132783,0.2722320559303984,3,True,False,0,True,True,1,18,0.2,0
967,2650,41.15028263888888,-8.571243617021276,2.1190706471479053,1,0.6373828845328423,1.4816877626150629,2955.1230932255935,0.269595712286441,3,True,False,0,True,False,1,18,0.3,0
968,2651,41.15028263888888,-8.57016489361702,1.495104046729403,1,0.40490135315193615,1.090202693577467,2928.7317909345797,0.26718803527439944,3,True,False,0,True,False,1,45,0.3,25
969,2652,41.15028263888888,-8.569086170212765,1.6429826547816235,1,0.5282820437336619,1.1147006110479616,2904.9152907401312,0.2650152573116771,3,True,False,0,True,False,1,45,0.2777777777777778,25
970,2653,41.15028263888888,-8.56800744680851,1.0479604366989776,1,0.1967629483450325,0.8511974883539452,2883.737388454606,0.26308319848661915,3,True,False,0,True,False,1,57,0.4111111111111111,37
971,2654,41.15028263888888,-8.566928723404255,1.0917591363603605,1,0.24056164800641536,0.8511974883539452,2865.2565924949117,0.2613971965187838,3,True,False,0,True,False,1,57,0.4111111111111111,37
972,2655,41.15028263888888,-8.56585,1.2355494846235684,1,0.3650049520668018,0.8705445325567667,2849.525380161672,0.2599620389093321,3,True,False,0,True,False,1,56,0.4,36
973,2656,41.15028263888888,-8.564771276595744,1.6648694879526424,1,0.5282820437336619,1.1365874442189805,2836.5894979067657,0.258781899104476,3,True,False,0,False,False,0.55,56,0.13333333333333333,11
974,2657,41.15028263888888,-8.563692553191489,1.6295236033119695,1,0.6363185940653975,0.9932050092465722,2826.487325850754,0.25786027852043875,3,True,False,0,True,False,1,62,0.2,17
975,2658,41.15028263888888,-8.562613829787233,1.2465229344375675,1,0.6373828845324191,0.6091400499051483,2819.2493261282225,0.2571999562160318,3,True,False,0,True,False,1,62,0.6888888888888889,17
976,2659,41.15028263888888,-8.561535106382978,1.6664380574056645,1,1.0,0.6664380574056644,2814.8975929293747,0.256802947842975,3,True,False,0,True,True,1,58,0.6444444444444445,0
977,2660,41.15028263888888,-8.560456382978723,2.0214386974737435,1,1.0,1.0214386974737433,2813.4455193968547,0.2566704752569127,3,True,False,0,True,True,1,39,0.43333333333333335,0
978,2693,41.151097916666664,-8.676958510638299,1.7337590917671588,1,0.13263318947227232,1.6011259022948865,10136.02503124803,0.9247089890491746,3,True,False,0,True,False,1,19,0.2111111111111111,14
979,2694,41.151097916666664,-8.675879787234043,1.8857620940141375,1,0.15513322858661385,1.7306288654275237,10048.974110506833,0.9167673384843595,3,True,False,0,True,False,1,19,0.13333333333333333,14
980,2695,41.151097916666664,-8.674801063829788,1.7063270681520715,1,0.19630961049664264,1.5100174576554288,9961.982896575288,0.9088311349684043,3,True,True,1,True,False,1,31,0.13333333333333333,26
981,2696,41.151097916666664,-8.673722340425533,1.964940923712099,1,0.23954845024556287,1.725392473466536,9875.05296737262,0.9009005224547908,3,True,False,0,False,False,0.55,31,0,26
982,2697,41.151097916666664,-8.672643617021278,1.8362893218417689,1,0.25764625977190825,1.5786430620698606,9788.185955741505,0.8929756499076636,3,True,False,0,False,False,0.55,31,0.08888888888888889,26
983,2698,41.151097916666664,-8.671564893617022,1.9865278978209822,1,0.25764625977190825,1.728881638049074,9701.383551803165,0.8850566715166861,3,True,False,0,False,False,0.55,23,0.08888888888888889,13
984,2699,41.151097916666664,-8.670486170212767,2.0871510171449557,1,0.23954845024556287,1.847602566899393,9614.647505433832,0.8771437469229677,3,True,False,0,True,False,1,24,0.011111111111111112,14
985,2700,41.151097916666664,-8.669407446808512,1.8867684588757336,1,0.19630961049664264,1.690458848379091,9527.97962886527,0.8692370414563095,3,True,False,0,True,False,1,24,0.1,14
986,2701,41.151097916666664,-8.668328723404256,1.7224276356946115,1,0.19630961049664264,1.526118025197969,9441.381799420908,0.8613367263848214,3,True,False,0,True,False,1,33,0.1,19
987,2702,41.151097916666664,-8.667250000000001,1.7488034653735662,1,0.23954845024556287,1.5092550151280033,9354.855962391235,0.8534429791772447,3,True,False,0,True,False,1,33,0.1111111111111111,19
988,2703,41.151097916666664,-8.666171276595746,1.4797677622370733,1,0.13263318947227232,1.347134572764801,9268.404134060916,0.8455559837791149,3,True,False,0,True,False,1,43,0.1111111111111111,29
989,2704,41.151097916666664,-8.66509255319149,1.5272345999510752,1,0.16504839996726198,1.3621861999838132,9182.028404892397,0.8376759309032024,3,True,False,0,True,False,1,43,0.1,29
990,2705,41.151097916666664,-8.664013829787235,1.4887045308640716,1,0.25894557194913004,1.2297589589149416,9095.730942879538,0.8298030183354643,3,True,False,0,True,False,1,52,0.1,0
991,2706,41.151097916666664,-8.66293510638298,1.7653553297125475,1,0.40626149207676865,1.3590938376357788,9009.513997077282,0.8219374512570555,3,True,False,0,True,False,1,52,0,0
992,2707,41.151097916666664,-8.661856382978725,1.9964802918921254,1,0.6373864542563465,1.3590938376357788,8923.379901322183,0.8140794425837526,3,True,False,0,False,False,0.55,52,0,0
993,2708,41.151097916666664,-8.66077765957447,2.2297589589149416,1,1.0,1.2297589589149416,8837.331078151177,0.806229213323463,3,True,False,0,False,True,0.55,52,0.1,0
994,2709,41.151097916666664,-8.659698936170214,2.362186199983813,1,1.0,1.3621861999838132,8751.370042934903,0.7983869929533072,3,True,True,1,True,True,1,43,0.1,0
995,2710,41.151097916666664,-8.658620212765959,2.3175284244787457,1,1.0,1.3175284244787457,8665.49940823458,0.7905530198170975,3,True,False,0,True,True,1,43,0.13333333333333333,0
996,2711,41.151097916666664,-8.657541489361703,2.4605131970532366,1,1.0,1.4605131970532366,8579.721888400403,0.7827275415448481,3,True,False,0,True,True,1,31,0.16666666666666666,0
997,2712,41.151097916666664,-8.656462765957448,2.3693268989052623,1,0.6373864542563465,1.7319404446489155,8494.040304422308,0.774910815495311,3,True,False,0,True,False,1,16,0.16666666666666666,-15
998,2713,41.151097916666664,-8.655384042553193,2.1771203271559916,1,0.40626149207676865,1.7708588350792231,8408.457589053041,0.7671031092233531,3,True,False,0,True,False,1,16,0.14444444444444443,-15
999,2714,41.151097916666664,-8.654305319148937,1.8918496451244797,1,0.36418930775331854,1.5276603373711612,8322.976792216481,0.7593047009733568,3,True,False,0,True,False,1,29,0.14444444444444443,18
1000,2715,41.151097916666664,-8.65322659574468,2.019833480356774,1,0.40490135315193615,1.6149321272048378,8237.60108672323,0.7515158802006536,3,True,False,0,True,False,1,29,0.08888888888888889,18
1001,2716,41.151097916666664,-8.652147872340425,1.8387849898512933,1,0.36418930775331854,1.4745956820979749,8152.333774309635,0.7437369481224633,3,True,False,0,True,False,1,37,0.08888888888888889,26
1002,2717,41.151097916666664,-8.65106914893617,1.8553360106739316,1,0.2790830209133717,1.57625298976056,8067.178292023075,0.7359682183004234,3,True,False,0,True,False,1,37,0.022222222222222223,26
1003,2718,41.151097916666664,-8.649990425531914,1.8915701340099718,1,0.2790830209133717,1.6124871130966,7982.138218974164,0.7282100172565923,3,True,False,0,True,False,1,35,0.022222222222222223,19
1004,2719,41.151097916666664,-8.64891170212766,2.0129105784534467,1,0.36418930775331854,1.6487212707001282,7897.217283481713,0.7204626851252838,3,True,True,1,True,False,1,35,0,19
1005,2720,41.151097916666664,-8.647832978723404,1.9472916182621107,1,0.40490135315193615,1.5423902651101746,7812.419370632517,0.712726576342746,3,True,False,0,True,False,1,35,0.06666666666666667,19
1006,2721,41.151097916666664,-8.646754255319149,2.056122579811199,1,0.40490135315193615,1.6512212266592625,7727.748530286959,0.7050020603775122,3,True,False,0,True,False,1,29,0.06666666666666667,25
1007,2722,41.151097916666664,-8.645675531914893,1.6157547588554522,1,0.36501226039219725,1.250742498463255,7643.208985555392,0.6972895225037005,3,True,False,0,True,False,1,29,0.34444444444444444,25
1008,2723,41.151097916666664,-8.644596808510638,1.4076686927834374,1,0.52828622019392,0.8793824725895175,7558.805141780335,0.689589364620459,3,True,False,0,False,False,0.55,60,0.34444444444444444,0
1009,2724,41.151097916666664,-8.643518085106383,1.8102444159812063,1,0.6363185940631532,1.173925821918053,7474.541596053633,0.6819020061202162,3,True,False,0,True,False,1,60,0.05555555555555555,0
1010,2725,41.151097916666664,-8.642439361702127,1.6373712229419908,1,0.5282862201941676,1.1090850027478232,7390.423147308036,0.6742278848093352,3,True,False,0,True,False,1,65,0.05555555555555555,5
1011,2726,41.151097916666664,-8.641360638297872,1.5114002967209068,1,0.36501226039219725,1.1463880363287096,7306.454807017181,0.6665674578842713,3,True,False,0,True,False,1,66,0.011111111111111112,6
1012,2727,41.151097916666664,-8.640281914893617,1.3869573504824075,1,0.24056931415369806,1.1463880363287096,7222.641810548373,0.6589212029672872,3,True,False,0,True,False,1,66,0.011111111111111112,35
1013,2728,41.151097916666664,-8.639203191489361,1.3155740510826195,1,0.1560845789859928,1.1594894720966267,7138.989629208479,0.6512896192053983,3,True,False,0,True,False,1,65,0.011111111111111112,34
1014,2729,41.151097916666664,-8.638124468085106,1.1655058568178238,1,0.1046341775813686,1.0608716792364552,7055.5039830305295,0.6436732284368938,3,True,False,0,True,False,1,65,0.1,34
1015,2730,41.151097916666664,-8.63704574468085,1.0223199291736305,1,0.0645826889815982,0.9577372401920323,6972.1908543518275,0.6360725764300665,3,True,False,0,True,False,1,74,0.1,43
1016,2731,41.151097916666664,-8.635967021276596,0.9677221100708613,1,0.04138323132592551,0.9263388787449358,6889.056502233457,0.6284882341987045,3,True,False,0,True,False,1,74,0.13333333333333333,46
1017,2732,41.151097916666664,-8.63488829787234,1.2256207801914067,1,0.1639451057836906,1.0616756744077163,6806.107477781512,0.6209207993998455,3,True,False,0,True,False,1,62,0.13333333333333333,34
1018,2733,41.151097916666664,-8.633809574468085,1.2494776677273611,1,0.1639451057836906,1.0855325619436706,6723.3506404265,0.6133708978189456,3,True,False,0,True,False,1,62,0.1111111111111111,21
1019,2734,41.151097916666664,-8.63273085106383,1.0335100269054949,1,0.0645826889815982,0.9689273379238966,6640.793175229174,0.6058391849486902,3,True,True,1,True,False,1,72,0.1111111111111111,31
1020,2735,41.151097916666664,-8.631652127659574,1.1478759556760376,1,0.10057941446743095,1.0472965412086066,6558.442611277495,0.5983263476673472,3,True,False,0,True,False,1,72,0.03333333333333333,31
1021,2736,41.151097916666664,-8.630573404255319,1.181140814239603,1,0.1560845789859928,1.0250562352536101,6476.306841251702,0.5908331060236873,3,True,False,0,True,False,1,69,0.08888888888888889,-11
1022,2737,41.151097916666664,-8.629494680851064,1.1765488967935203,1,0.2405693141538496,0.9359795826396707,6394.394142231249,0.5833602151352,3,True,True,1,True,False,1,77,0.08888888888888889,-3
1023,2738,41.151097916666664,-8.628415957446808,1.3544622457297,1,0.36501226039219725,0.9894499853375026,6312.713197830112,0.5759084672074961,3,True,False,0,True,False,1,77,0.03333333333333333,-3
1024,2739,41.151097916666664,-8.627337234042553,1.4845734421316823,1,0.5282862201941676,0.9562872219375147,6231.2731217441815,0.5684786936825351,3,True,False,0,True,False,1,80,0.03333333333333333,0
1025,2740,41.151097916666664,-8.626258510638298,1.5409275466494905,1,0.6363185940631532,0.9046089525863373,6150.083482807382,0.5610717675244935,3,True,False,0,True,False,1,80,0.08888888888888889,0
1026,2741,41.151097916666664,-8.625179787234043,1.354285302755852,1,0.52828622019392,0.8259990825619319,6069.154331650827,0.553688605651878,3,True,False,0,False,False,0.55,88,0.08888888888888889,8
1027,2742,41.151097916666664,-8.624101063829787,1.267795564854946,1,0.36501226039219725,0.9027833044627488,5988.496229072345,0.5463301715256761,3,True,False,0,False,False,0.55,88,0,8
1028,2743,41.151097916666664,-8.623022340425532,1.1041074900547172,1,0.24056931415369806,0.8635381759010192,5908.120276221517,0.5389974779031347,3,True,False,0,False,False,0.55,88,0.044444444444444446,8
1029,2744,41.151097916666664,-8.621943617021277,1.0219308572063301,1,0.1967656959087766,0.8251651612975536,5828.038146718323,0.5316915897679427,3,True,False,0,True,False,1,92,0.044444444444444446,9
1030,2745,41.151097916666664,-8.620864893617021,1.0861134222398239,1,0.2790830209133717,0.8070304013264521,5748.262120821188,0.5244136274473803,3,True,False,0,True,False,1,92,0.06666666666666667,9
1031,2746,41.151097916666664,-8.619786170212766,1.2281637241986878,1,0.36418930775331854,0.8639744164453692,5668.805121772627,0.5171647699281295,3,True,False,0,True,False,1,86,0.06666666666666667,3
1032,2747,41.151097916666664,-8.61870744680851,1.2688757695973054,1,0.40490135315193615,0.8639744164453692,5589.6807544478115,0.5099462583821812,3,True,False,0,True,False,1,86,0.06666666666666667,3
1033,2748,41.151097916666664,-8.617628723404255,1.1712197090798786,1,0.3641893077534264,0.8070304013264521,5510.903346442681,0.5027593999153006,3,True,False,0,True,False,1,92,0.06666666666666667,9
1034,2749,41.151097916666664,-8.61655,1.009314325526123,1,0.2790830209133717,0.7302313046127512,5432.487991733986,0.4956055715501311,3,True,False,0,False,False,0.55,92,0.16666666666666666,9
1035,2750,41.151097916666664,-8.615471276595745,0.8125561871948139,1,0.1967656959088852,0.6157904912859288,5354.450597052979,0.4884862244568633,3,True,False,0,True,False,1,107,0.16666666666666666,24
1036,2751,41.151097916666664,-8.61439255319149,0.8445331010287123,1,0.1332299488345333,0.711303152194179,5276.807931107695,0.4814028884437807,3,True,False,0,True,False,1,108,0.011111111111111112,25
1037,2752,41.151097916666664,-8.613313829787234,0.7108467364442225,1,0.08833319589273214,0.6225135405514903,5199.577676794854,0.47435717672054856,3,True,False,0,True,False,1,108,0.14444444444444443,25
1038,2753,41.151097916666664,-8.612235106382979,0.7794864759254905,1,0.05787082860229937,0.7216156473231911,5122.778486531479,0.4673507909461148,3,True,False,0,True,False,1,95,0.14444444444444443,12
1039,2754,41.151097916666664,-8.611156382978724,0.8263333757019974,1,0.0376369081201336,0.7886964675818637,5046.430040837216,0.4603855265731711,3,True,False,0,True,False,1,95,0.05555555555555555,29
1040,2755,41.151097916666664,-8.610077659574468,0.8668453492529904,1,0.03203904797220106,0.8348063012807894,4970.553110280985,0.45346327849954254,3,True,True,1,True,False,1,90,0.05555555555555555,24
1041,2756,41.151097916666664,-8.608998936170213,0.8078451237071079,1,0.026877997710520293,0.7809671259965877,4895.169620898513,0.4465860470362259,3,True,False,0,True,False,1,90,0.12222222222222222,18
1042,2757,41.151097916666664,-8.607920212765958,0.7160790674229024,1,0.026877997710520293,0.6892010697123822,4820.302723160393,0.43975594419934083,3,True,False,0,True,False,1,101,0.12222222222222222,4
1043,2758,41.151097916666664,-8.606841489361702,0.7554515702219131,1,0.026877997710520293,0.7285735725113929,4745.976864551411,0.4329752003315388,3,True,False,0,True,False,1,101,0.06666666666666667,4
1044,2759,41.151097916666664,-8.605762765957447,0.7074317403072441,1,0.026877997710520293,0.6805537425967239,4672.217865781091,0.4262461710546858,3,True,False,0,True,False,1,107,0.06666666666666667,13
1045,2760,41.151097916666664,-8.604684042553192,0.6999118863869862,1,0.026877997710520293,0.673033888676466,4599.053000609641,0.4195713445523799,3,True,False,0,True,False,1,107,0.07777777777777778,13
1046,2761,41.151097916666664,-8.603605319148937,0.6484490501143189,1,0.026877997710520293,0.6215710524037986,4526.5110792128835,0.41295334917532817,3,True,False,0,True,False,1,114,0.07777777777777778,25
1047,2762,41.151097916666664,-8.602526595744681,0.6695172714922972,1,0.026877997710520293,0.642639273781777,4454.622534950516,0.40639496135721065,3,True,False,0,True,False,1,114,0.044444444444444446,25
1048,2763,41.151097916666664,-8.601447872340426,0.698661650253717,1,0.026137442649950514,0.6725242076037664,4383.419514314108,0.3998991138206312,3,True,False,0,True,False,1,110,0.044444444444444446,21
1049,2764,41.151097916666664,-8.60036914893617,0.7115290469209735,1,0.024066188315595965,0.6874628586053776,4312.935969740076,0.39346890404443946,3,True,False,0,True,False,1,111,0.011111111111111112,22
1050,2765,41.151097916666664,-8.599290425531915,0.7161987121614402,1,0.021054783762561455,0.6951439283988787,4243.207754848377,0.3871076029523517,3,True,False,0,False,False,0.55,111,0,22
1051,2766,41.151097916666664,-8.59821170212766,0.6607175177126804,1,0.01759121153754625,0.6431263061751341,4174.272721534378,0.38081866377063683,3,True,False,0,True,False,1,111,0.07777777777777778,22
1052,2767,41.151097916666664,-8.597132978723405,0.6110532918058978,1,0.017102969714451254,0.5939503220914466,4106.1708181695285,0.37460573098695754,3,True,False,0,True,False,1,118,0.07777777777777778,23
1053,2768,41.151097916666664,-8.59605425531915,0.6519996958691711,1,0.017102969714451254,0.6348967261547198,4038.9441879799037,0.36847264932543994,3,True,False,0,True,False,1,118,0.011111111111111112,23
1054,2769,41.151097916666664,-8.594975531914894,0.6444059413423644,1,0.01668311273234239,0.627722828610022,3972.637266441196,0.36242347263201263,3,True,False,0,True,False,1,119,0.011111111111111112,29
1055,2770,41.151097916666664,-8.593896808510639,0.6159330818394796,1,0.015498156082948354,0.6004349257565312,3907.2968762780724,0.3564624725411929,3,True,False,0,True,False,1,119,0.05555555555555555,29
1056,2771,41.151097916666664,-8.592818085106384,0.6526413296965031,1,0.017102969714451254,0.6355383599820519,3842.972318357132,0.35059414676824596,3,True,False,0,True,False,1,114,0.05555555555555555,22
1057,2772,41.151097916666664,-8.591739361702128,0.526002305540487,1,0.017102969714451254,0.5088993358260357,3779.715456440582,0.34482322684125816,3,True,False,0,True,False,1,114,0.2777777777777778,22
1058,2773,41.151097916666664,-8.590660638297873,0.6927832097333381,1,0.01668311273234239,0.6761000970009957,3717.5807933970914,0.33915468505384877,3,True,False,0,True,False,1,89,0.2777777777777778,-3
1059,2774,41.151097916666664,-8.589581914893618,0.7966625209030858,1,0.015498156082948354,0.7811643648201374,3656.6255360741325,0.3335937403834699,3,True,False,0,True,False,1,89,0.13333333333333333,-3
1060,2775,41.151097916666664,-8.588503191489362,0.9090372705653347,1,0.013745900556830833,0.8952913700085039,3596.9096456023185,0.32814586308066857,3,True,False,0,False,False,0.55,77,0.13333333333333333,49
1061,2776,41.151097916666664,-8.587424468085107,1.0349296285244658,1,0.011683760819744995,1.0232458677047207,3538.4958694585803,0.32281677759420835,3,True,False,0,False,False,0.55,76,0.011111111111111112,53
1062,2777,41.151097916666664,-8.586345744680852,0.9562361078710234,1,0.009559731481387815,0.9466763763896356,3481.4497511493,0.3176124634544613,3,True,False,0,True,False,1,76,0.08888888888888889,53
1063,2778,41.151097916666664,-8.585267021276596,1.0524887028191163,1,0.015717665945902074,1.0367710368732141,3425.839612926435,0.3125391536966007,3,True,False,0,True,False,1,68,0.08888888888888889,45
1064,2779,41.151097916666664,-8.584188297872341,1.096275434064913,1,0.024362925209295273,1.0719125088556178,3371.736506518349,0.3076033303657775,3,True,False,0,True,False,1,68,0.05555555555555555,45
1065,2780,41.151097916666664,-8.583109574468086,1.172219844636796,1,0.03763974494655785,1.1345800996902382,3319.214126493336,0.3028117166132801,3,True,False,0,False,False,0.55,63,0.05555555555555555,40
1066,2781,41.151097916666664,-8.58203085106383,1.217949737853624,1,0.057874517109639916,1.160075220743984,3268.348680591157,0.298171264866887,3,True,False,0,True,False,1,63,0.03333333333333333,34
1067,2782,41.151097916666664,-8.580952127659575,1.2886428667334793,1,0.08833778702120784,1.2003050797122714,3219.218711219871,0.29368914054603323,3,True,False,0,True,False,1,60,0.03333333333333333,31
1068,2783,41.151097916666664,-8.57987340425532,1.0126177567176908,1,0.13323528412817343,0.8793824725895175,3171.9048623499775,0.2893727007955764,3,True,False,0,True,False,1,60,0.34444444444444444,31
1069,2784,41.151097916666664,-8.578794680851065,1.7790266304120217,1,0.5282841319487667,1.250742498463255,3126.48958631926,0.2852294677376187,3,True,False,0,True,False,1,29,0.34444444444444444,0
1070,2785,41.151097916666664,-8.57771595744681,2.199374808874097,1,0.6373864542559233,1.561988354618174,3083.0567856272937,0.28126709579244036,3,True,False,0,True,False,1,29,0.12222222222222222,0
1071,2786,41.151097916666664,-8.576637234042552,2.769964687743981,1,1.0,1.7699646877439812,3041.6913857192753,0.27749333270359283,2,True,False,0,True,True,1,18,0.12222222222222222,0
1072,2787,41.151097916666664,-8.575558510638297,2.50846523291682,1,0.6373864542567698,1.8710787786600507,3002.478836073989,0.27391597402218193,3,True,False,0,True,False,1,18,0.06666666666666667,0
1073,2788,41.151097916666664,-8.574479787234042,3.003101981361684,1,1.0,2.003101981361684,2965.5045386540764,0.2705428109644185,2,True,False,0,True,True,1,12,0.06666666666666667,0
1074,2789,41.151097916666664,-8.573401063829786,3.003101981361684,1,1.0,2.003101981361684,2930.8532049747078,0.2673815717570298,2,True,False,0,True,True,1,12,0.06666666666666667,0
1075,2790,41.151097916666664,-8.572322340425531,2.871078778660051,1,1.0,1.8710787786600507,2898.6081456624584,0.26443985682375587,2,True,False,0,True,True,1,18,0.06666666666666667,0
1076,2791,41.151097916666664,-8.571243617021276,2.119074216871833,1,0.6373864542567698,1.4816877626150629,2868.850499377419,0.2617250684399575,3,True,False,0,True,False,1,18,0.3,0
1077,2792,41.151097916666664,-8.57016489361702,1.3692857144908386,1,0.2790830209133717,1.090202693577467,2841.6584112395176,0.25924433578049616,3,True,False,0,False,False,0.55,45,0.3,27
1078,2793,41.151097916666664,-8.569086170212765,1.652111611945234,1,0.36418930775331854,1.2879223041919154,2817.106174302942,0.2570044365964941,3,True,False,0,True,False,1,45,0.13333333333333333,25
1079,2794,41.151097916666664,-8.56800744680851,1.278878854205108,1,0.15513406854699374,1.1237447856581142,2795.263350953066,0.25501171706042597,3,True,False,0,True,False,1,57,0.13333333333333333,37
1080,2795,41.151097916666664,-8.566928723404255,1.4666031316054096,1,0.1967656959087766,1.2698374356966329,2776.193894137136,0.2532720115960439,3,True,False,0,True,False,1,57,0.011111111111111112,37
1081,2796,41.151097916666664,-8.56585,1.5634327273876678,1,0.2790830209133717,1.2843497064742961,2759.955290815524,0.2517905647354841,3,True,False,0,True,False,1,56,0.011111111111111112,36
1082,2797,41.151097916666664,-8.564771276595744,1.5791320739803036,1,0.36418930775331854,1.2149427662269852,2746.5977516855846,0.25057195719781994,3,True,False,0,True,False,1,56,0.06666666666666667,11
1083,2798,41.151097916666664,-8.563692553191489,1.539767999146925,1,0.40490135315193615,1.134866645994989,2736.1634718427376,0.24962003843921493,3,True,False,0,True,False,1,62,0.06666666666666667,17
1084,2799,41.151097916666664,-8.562613829787233,1.6886523379721037,1,0.5282841319485192,1.1603682060235845,2728.6859864330563,0.24893786786914432,3,True,False,0,True,False,1,62,0.044444444444444446,4
1085,2800,41.151097916666664,-8.561535106382978,1.6642261661045854,1,0.6363185940631532,1.0279075720414323,2724.1896434168057,0.24852766675064297,3,True,False,0,True,False,1,58,0.2111111111111111,0
1086,2801,41.151097916666664,-8.560456382978723,1.6577572915368965,1,0.6363185940631532,1.0214386974737433,2722.689212319331,0.248390782506671,3,True,False,0,True,False,1,39,0.43333333333333335,0
1087,2802,41.151097916666664,-8.559377659574468,1.658825151730513,1,0.6373864542567698,1.0214386974737433,2724.18964341681,0.2485276667506434,3,True,False,0,True,False,1,39,0.43333333333333335,39
1088,2803,41.151097916666664,-8.558298936170212,1.8533496932476212,1,1.0,0.8533496932476212,2728.6859864330563,0.24893786786914432,3,True,False,0,False,True,0.55,47,0.5222222222222223,0
1089,2833,41.15191319444444,-8.678037234042554,1.8697321161737548,1,0.07183778949929326,1.7978943266744616,10199.279293847823,0.9304796718406421,3,True,False,0,True,False,1,0,0.3111111111111111,-5
1090,2834,41.15191319444444,-8.676958510638299,1.6888851273093262,1,0.08775922501443975,1.6011259022948865,10111.965787753415,0.9225140656289379,3,True,False,0,True,False,1,19,0.2111111111111111,14
1091,2835,41.15191319444444,-8.675879787234043,1.7972298440650227,1,0.10463522989483091,1.6925946141701917,10024.70703743411,0.9145534547834924,3,True,False,0,True,False,1,19,0.15555555555555556,14
1092,2836,41.15191319444444,-8.674801063829788,1.6426513095556619,1,0.1326338519002329,1.5100174576554288,9937.504485294286,0.9065979708947757,3,True,False,0,True,False,1,31,0.13333333333333333,26
1093,2837,41.15191319444444,-8.673722340425533,1.8426067416378933,1,0.155133438574842,1.6874733030630513,9850.359623868922,0.8986477501266688,3,True,False,0,True,False,1,31,0.022222222222222223,26
1094,2838,41.15191319444444,-8.672643617021278,1.742588167853551,1,0.1639451057836906,1.5786430620698606,9763.273997976294,0.8907029334128557,3,True,False,0,True,False,1,31,0.08888888888888889,26
1095,2839,41.15191319444444,-8.671564893617022,1.8548308916143275,1,0.1639451057836906,1.690885785830637,9676.249206977875,0.882763666662993,3,True,False,0,True,False,1,23,0.1111111111111111,13
1096,2840,41.15191319444444,-8.670486170212767,1.845592286953933,1,0.155133438574842,1.690458848379091,9589.28690715591,0.874830100979616,3,True,False,0,True,False,1,24,0.1,14
1097,2841,41.15191319444444,-8.669407446808512,1.595731047364918,1,0.1326338519002329,1.463097195464685,9502.388814211294,0.8669023928860198,3,True,False,0,True,False,1,24,0.24444444444444444,14
1098,2842,41.15191319444444,-8.668328723404256,1.592409602265251,1,0.1326338519002329,1.4597757503650182,9415.556705893068,0.8589807045661492,3,True,False,0,True,False,1,33,0.14444444444444443,19
1099,2843,41.15191319444444,-8.667250000000001,1.5514508964446714,1,0.155133438574842,1.3963174578698294,9328.792424763202,0.8510652041168276,3,True,False,0,True,False,1,33,0.18888888888888888,19
1100,2844,41.15191319444444,-8.666171276595746,1.4477139872321665,1,0.10057941446736547,1.347134572764801,9242.09788110884,0.8431560658134436,3,True,False,0,True,False,1,43,0.1111111111111111,29
1101,2845,41.15191319444444,-8.66509255319149,1.4883338391530445,1,0.1560845789859928,1.3322492601670517,9155.47505600677,0.8352534703895196,3,True,True,1,True,False,1,43,0.12222222222222222,29
1102,2846,41.15191319444444,-8.664013829787235,1.4703282730686396,1,0.24056931415369806,1.2297589589149416,9068.926004553437,0.8273576053313882,3,True,False,0,True,False,1,52,0.1,0
1103,2847,41.15191319444444,-8.66293510638298,1.6506599452365962,1,0.36501226039219725,1.285647684844399,8982.452859266474,0.819468665188512,3,True,False,0,True,False,1,52,0.05555555555555555,0
1104,2848,41.15191319444444,-8.661856382978725,1.813933905038319,1,0.52828622019392,1.285647684844399,8896.057833672343,0.8115868519007848,3,True,False,0,True,False,1,52,0.05555555555555555,0
1105,2849,41.15191319444444,-8.66077765957447,1.8660775529780946,1,0.6363185940631532,1.2297589589149416,8809.743226087467,0.8037123751434835,3,True,False,0,True,False,1,52,0.1,0
1106,2850,41.15191319444444,-8.659698936170214,1.9248915283519663,1,0.6363185940631532,1.288572934288813,8723.51142360899,0.7958454526913453,3,True,False,0,True,False,1,43,0.15555555555555556,0
1107,2851,41.15191319444444,-8.658620212765959,1.9538470185418988,1,0.6363185940631532,1.3175284244787457,8637.36490632406,0.78798631080258,3,True,False,0,True,False,1,43,0.13333333333333333,0
1108,2852,41.15191319444444,-8.657541489361703,2.0968317911163896,1,0.6363185940631532,1.4605131970532366,8551.306251755555,0.7801351846244537,3,True,False,0,True,False,1,31,0.16666666666666666,0
1109,2853,41.15191319444444,-8.656462765957448,2.2602266648428353,1,0.52828622019392,1.7319404446489155,8465.338139555035,0.7722923186214264,3,True,False,0,True,False,1,16,0.16666666666666666,-15
1110,2854,41.15191319444444,-8.655384042553193,2.1358710954714204,1,0.36501226039219725,1.7708588350792231,8379.463356462735,0.7644579670276518,3,True,False,0,True,False,1,16,0.14444444444444443,-15
1111,2855,41.15191319444444,-8.654305319148937,1.7682296515248592,1,0.24056931415369806,1.5276603373711612,8293.684801547586,0.756632394325024,3,True,False,0,True,False,1,29,0.14444444444444443,18
1112,2856,41.15191319444444,-8.65322659574468,1.7853065971430695,1,0.25764625977190825,1.5276603373711612,8208.005491749254,0.7488158757487778,3,True,False,0,True,False,1,29,0.14444444444444443,18
1113,2857,41.15191319444444,-8.652147872340425,1.515815851716154,1,0.2395488730845279,1.276266978631626,8122.428567738371,0.741008697822117,3,True,True,1,True,False,1,37,0.23333333333333334,26
1114,2858,41.15191319444444,-8.65106914893617,1.6068039755751344,1,0.19631082709118725,1.4104931484839471,8036.957300117842,0.7332111589219591,3,True,False,0,True,False,1,37,0.13333333333333333,26
1115,2859,41.15191319444444,-8.649990425531914,1.6075165257739192,1,0.19631082709118725,1.411205698682732,7951.5950959860365,0.7254235698776952,3,True,False,0,True,False,1,35,0.15555555555555556,19
1116,2860,41.15191319444444,-8.64891170212766,1.6507545717672598,1,0.2395488730845279,1.411205698682732,7866.345505887798,0.7176462546053303,3,True,False,0,True,False,1,35,0.15555555555555556,19
1117,2861,41.15191319444444,-8.647832978723404,1.6688519584546402,1,0.25764625977190825,1.411205698682732,7781.212231175582,0.7098795507790389,3,True,False,0,True,False,1,35,0.15555555555555556,19
1118,2862,41.15191319444444,-8.646754255319149,1.672295432587757,1,0.2589499227928116,1.4133455097949454,7696.199131811994,0.7021238105429909,3,True,False,0,True,False,1,29,0.2222222222222222,25
1119,2863,41.15191319444444,-8.645675531914893,1.6570085412397006,1,0.40626604277644573,1.250742498463255,7611.310234639038,0.6943794012657538,3,True,False,0,False,False,0.55,29,0.34444444444444444,-31
1120,2864,41.15191319444444,-8.644596808510638,1.5167724966479073,1,0.6373900240583897,0.8793824725895175,7526.549742149566,0.6866467063405126,3,True,False,0,True,False,1,60,0.34444444444444444,0
1121,2865,41.15191319444444,-8.643518085106383,2.074080177498547,1,1.0,1.0740801774985467,7441.922041790622,0.6789261260338122,3,True,True,1,True,True,1,60,0.14444444444444443,0
1122,2866,41.15191319444444,-8.642439361702127,1.6749467911232125,1,0.6373900240588127,1.0375567670643997,7357.431715838855,0.6712180783864917,3,True,False,0,True,False,1,65,0.12222222222222222,5
1123,2867,41.15191319444444,-8.641360638297872,1.443560833635429,1,0.40626604277644573,1.0372947908589834,7273.083551882734,0.6635230001699757,3,True,False,0,True,False,1,66,0.1111111111111111,6
1124,2868,41.15191319444444,-8.640281914893617,1.2186239413754105,1,0.2589499227928116,0.9596740185825988,7188.882553957017,0.6558413479020713,3,True,True,1,True,False,1,66,0.18888888888888888,6
1125,2869,41.15191319444444,-8.639203191489361,1.1249684886438402,1,0.1650520975360534,0.9599163911077868,7104.833954370881,0.6481735989260483,3,True,False,0,True,False,1,65,0.2,34
1126,2870,41.15191319444444,-8.638124468085106,1.0651189515453616,1,0.10520256043757477,0.9599163911077868,7020.943226278761,0.6405202525574758,3,True,False,0,True,False,1,65,0.2,34
1127,2871,41.15191319444444,-8.63704574468085,1.0247923027377703,1,0.06705506254573805,0.9577372401920323,6937.216097046259,0.6328818313035925,3,True,False,0,False,False,0.55,74,0.1,43
1128,2872,41.15191319444444,-8.635967021276596,0.9690791066897128,1,0.04274022794477694,0.9263388787449358,6853.6585624629515,0.6252588821599421,3,True,False,0,False,False,0.55,74,0.13333333333333333,46
1129,2873,41.15191319444444,-8.63488829787234,1.0865517997588843,1,0.10432131921581296,0.9822304805430713,6770.276901864651,0.6176519779899746,3,True,False,0,True,False,1,62,0.2111111111111111,34
1130,2874,41.15191319444444,-8.633809574468085,1.1198446133933841,1,0.10432131921581296,1.0155232941775711,6687.077694224115,0.6100617189930017,3,True,False,0,False,False,0.55,62,0.17777777777777778,21
1131,2875,41.15191319444444,-8.63273085106383,1.0359824004696347,1,0.06705506254573805,0.9689273379238966,6604.067835281522,0.6024887342670092,3,True,False,0,True,False,1,72,0.1111111111111111,31
1132,2876,41.15191319444444,-8.631652127659574,1.0741298983615413,1,0.10520256043764466,0.9689273379238966,6521.254555782886,0.5949336834725458,3,True,False,0,True,False,1,72,0.1111111111111111,-8
1133,2877,41.15191319444444,-8.630573404255319,1.134713749436127,1,0.1650520975360534,0.9696616519000737,6438.645440907353,0.5873972586050753,3,True,False,0,True,False,1,69,0.14444444444444443,-11
1134,2878,41.15191319444444,-8.629494680851064,1.1949295054326543,1,0.2589499227929836,0.9359795826396707,6356.248450961876,0.5798801858829498,3,True,False,0,True,False,1,77,0.08888888888888889,-3
1135,2879,41.15191319444444,-8.628415957446808,1.352703389656838,1,0.40626604277644573,0.9464373468803922,6274.071943435031,0.5723832277593781,3,True,False,0,True,False,1,77,0.07777777777777778,-3
1136,2880,41.15191319444444,-8.627337234042553,1.5221182703425884,1,0.6373900240588127,0.8847282462837757,6192.124696499865,0.5649071850665899,3,True,False,0,True,False,1,80,0.1111111111111111,0
1137,2881,41.15191319444444,-8.626258510638298,1.8847282462837756,1,1.0,0.8847282462837757,6110.415934069456,0.5574528993016523,3,True,False,0,True,True,1,80,0.1111111111111111,0
1138,2882,41.15191319444444,-8.625179787234043,1.376526478787405,1,0.6373900240583897,0.7391364547290153,6028.955352507522,0.5500212550632778,3,True,True,1,True,False,1,88,0.2,8
1139,2883,41.15191319444444,-8.624101063829787,1.145402497505461,1,0.40626604277644573,0.7391364547290153,5947.753149110669,0.5426131826502578,3,True,False,0,True,False,1,88,0.2,8
1140,2884,41.15191319444444,-8.623022340425532,0.9980863775218269,1,0.2589499227928116,0.7391364547290153,5866.8200524778995,0.5352296608320709,3,True,False,0,True,False,1,88,0.2,8
1141,2885,41.15191319444444,-8.621943617021277,0.840640191458914,1,0.1650520975360534,0.6755880939228606,5786.167354897491,0.5278717198035369,3,True,False,0,False,False,0.55,92,0.24444444444444444,12
1142,2886,41.15191319444444,-8.620864893617021,0.9597288769215717,1,0.19631082709118725,0.7634180498303845,5705.806946880643,0.5205404443353182,3,True,False,0,True,False,1,92,0.12222222222222222,9
1143,2887,41.15191319444444,-8.619786170212766,1.1035232895298972,1,0.2395488730845279,0.8639744164453692,5625.75135398564,0.5132369771333873,3,True,False,0,False,False,0.55,86,0.06666666666666667,3
1144,2888,41.15191319444444,-8.61870744680851,1.1120740952555457,1,0.25764625977190825,0.8544278354836374,5546.013776075354,0.5059625224204858,3,True,False,0,True,False,1,86,0.07777777777777778,3
1145,2889,41.15191319444444,-8.617628723404255,1.0465792744110303,1,0.2395488730845781,0.8070304013264521,5466.608129164729,0.4987183497538681,3,True,False,0,True,False,1,92,0.06666666666666667,9
1146,2890,41.15191319444444,-8.61655,0.9265421317039384,1,0.19631082709118725,0.7302313046127512,5387.549090012994,0.4915057980934468,3,True,False,0,True,False,1,92,0.16666666666666666,9
1147,2891,41.15191319444444,-8.615471276595745,0.7632262055490527,1,0.147435714263124,0.6157904912859288,5308.852143627823,0.4843262801355942,3,True,False,0,False,False,0.55,107,0.16666666666666666,24
1148,2892,41.15191319444444,-8.61439255319149,0.8005520164899852,1,0.10488126437368324,0.6956707521163019,5230.533633844865,0.47718128692751016,3,True,False,0,True,False,1,108,0.03333333333333333,25
1149,2893,41.15191319444444,-8.613313829787234,0.6946826874429605,1,0.07216914689147011,0.6225135405514903,5152.6108171558,0.47007239277795243,3,True,False,0,True,False,1,108,0.14444444444444443,25
1150,2894,41.15191319444444,-8.612235106382979,0.7312497193052505,1,0.04863056480859292,0.6826191544966576,5075.101919950905,0.4630012604794729,3,True,False,0,True,False,1,95,0.2,12
1151,2895,41.15191319444444,-8.611156382978724,0.7149417765092169,1,0.03232262201255929,0.6826191544966576,4998.026199347263,0.45596964685777147,3,True,False,0,True,False,1,95,0.2,12
1152,2896,41.15191319444444,-8.610077659574468,0.704764923100539,1,0.02128333137867362,0.6834815917218653,4921.4040077608715,0.44897940866260594,3,True,False,0,True,False,1,90,0.25555555555555554,24
1153,2897,41.15191319444444,-8.608998936170213,0.6935207734606331,1,0.017591387252064692,0.6759293862085685,4845.2568613787325,0.4420325088144968,3,True,False,0,True,False,1,90,0.26666666666666666,24
1154,2898,41.15191319444444,-8.607920212765958,0.6911573796339543,1,0.01710296971439092,0.6740544099195633,4769.6075126652095,0.43513102301947826,3,True,False,0,True,False,1,101,0.14444444444444443,4
1155,2899,41.15191319444444,-8.606841489361702,0.6618553845215873,1,0.01710296971439092,0.6447524148071964,4694.4800270235255,0.4282771467629223,3,True,False,0,True,False,1,101,0.18888888888888888,4
1156,2900,41.15191319444444,-8.605762765957447,0.6608792266236996,1,0.01710296971439092,0.6437762569093086,4619.899863697906,0.42147320269023636,3,True,False,0,True,False,1,107,0.12222222222222222,13
1157,2901,41.15191319444444,-8.604684042553192,0.5805187731947558,1,0.01710296971439092,0.5634158034803648,4545.893960971874,0.4147216483794994,3,True,False,0,True,False,1,107,0.25555555555555554,13
1158,2902,41.15191319444444,-8.603605319148937,0.5795237158973382,1,0.01710296971439092,0.5624207461829472,4472.490825662901,0.4080250845060534,3,True,False,0,True,False,1,114,0.17777777777777778,25
1159,2903,41.15191319444444,-8.602526595744681,0.5795237158973382,1,0.01710296971439092,0.5624207461829472,4399.720626859659,0.40138626339414774,3,True,True,1,True,False,1,114,0.17777777777777778,25
1160,2904,41.15191319444444,-8.601447872340426,0.5796722579760614,1,0.016683123012579827,0.5629891349634816,4327.615293764499,0.3948080979431031,3,True,False,0,True,False,1,110,0.2222222222222222,21
1161,2905,41.15191319444444,-8.60036914893617,0.6444904309437993,1,0.015498193607984002,0.6289922373358153,4256.208617416143,0.3882936709074667,3,True,False,0,True,False,1,111,0.1,22
1162,2906,41.15191319444444,-8.599290425531915,0.7012088319519217,1,0.013745973346544173,0.6874628586053776,4185.536355944816,0.38184624449943194,3,True,False,0,True,False,1,111,0.011111111111111112,22
1163,2907,41.15191319444444,-8.59821170212766,0.6548101729681669,1,0.011683866793032746,0.6431263061751341,4115.63634287857,0.3754692702696185,3,True,False,0,True,False,1,111,0.07777777777777778,22
1164,2908,41.15191319444444,-8.597132978723405,0.6048332597344509,1,0.010882937643004314,0.5939503220914466,4046.5485978443503,0.36916639920632416,3,True,False,0,True,False,1,118,0.07777777777777778,23
1165,2909,41.15191319444444,-8.59605425531915,0.5603879553708112,1,0.010882937643004314,0.5495050177278069,3978.315438813723,0.3629414919756961,3,True,False,0,True,False,1,118,0.15555555555555556,23
1166,2910,41.15191319444444,-8.594975531914894,0.56000833012003,1,0.010642058766369882,0.5493662713536601,3910.98159480047,0.35679862920312616,3,True,False,0,True,False,1,119,0.14444444444444443,29
1167,2911,41.15191319444444,-8.593896808510639,0.5593237038346229,1,0.009957432480962813,0.5493662713536601,3844.5943176481455,0.35074212167162355,3,True,False,0,True,False,1,119,0.14444444444444443,29
1168,2912,41.15191319444444,-8.592818085106384,0.5609432913697828,1,0.010882937643004314,0.5500603537267785,3779.2034912206473,0.34477652028326383,3,True,False,0,True,False,1,114,0.2,22
1169,2913,41.15191319444444,-8.591739361702128,0.51978227346904,1,0.010882937643004314,0.5088993358260357,3714.861735950858,0.33890662559715623,3,True,False,0,True,False,1,114,0.2777777777777778,22
1170,2914,41.15191319444444,-8.590660638297873,0.6361495835036048,1,0.010642058766369882,0.6255075247372349,3651.6245062844987,0.33313749671924053,3,True,False,0,True,False,1,89,0.35555555555555557,-3
1171,2915,41.15191319444444,-8.589581914893618,0.7911217973011002,1,0.009957432480962813,0.7811643648201374,3589.5501781037,0.32747445927793445,3,True,False,0,False,False,0.55,89,0.13333333333333333,-3
1172,2916,41.15191319444444,-8.588503191489362,0.8280757904424242,1,0.008931432547230602,0.8191443578951936,3528.700122705231,0.3219231121731635,3,True,False,0,True,False,1,77,0.2222222222222222,54
1173,2917,41.15191319444444,-8.587424468085107,0.8548247637992812,1,0.007701521906476252,0.847123241892805,3469.1387633722748,0.3164893327374007,3,True,False,0,False,False,0.55,76,0.2,53
1174,2918,41.15191319444444,-8.586345744680852,0.8535297250593619,1,0.006406483166556934,0.847123241892805,3410.933610002358,0.3111792798947707,3,True,False,0,True,False,1,76,0.2,53
1175,2919,41.15191319444444,-8.585267021276596,0.8657697392862261,1,0.016933407497579225,0.8488363317886469,3354.1552666770476,0.3059993948516326,3,True,False,0,True,False,1,68,0.28888888888888886,45
1176,2920,41.15191319444444,-8.584188297872341,1.0181852981564443,1,0.02648400551756845,0.991701292638876,3298.877406481023,0.30095639879932573,3,True,False,0,False,False,0.55,68,0.13333333333333333,39
1177,2921,41.15191319444444,-8.583109574468086,1.0910643048264446,1,0.041384837360962504,1.0496794674654821,3245.176707352316,0.29605728706179024,3,True,False,0,True,False,1,63,0.13333333333333333,34
1178,2922,41.15191319444444,-8.58203085106383,1.1742301176909304,1,0.06458482952801907,1.1096452881629113,3193.1327422898507,0.29130931907920754,3,True,False,0,True,False,1,63,0.07777777777777778,34
1179,2923,41.15191319444444,-8.580952127659575,1.2876243518486556,1,0.10058217599573237,1.1870421758529233,3142.827816929817,0.2867200035901017,3,True,False,0,True,False,1,60,0.044444444444444446,31
1180,2924,41.15191319444444,-8.57987340425532,1.0354704432038924,1,0.1560879706143749,0.8793824725895175,3094.3467473673736,0.2822970783620264,3,True,False,0,True,False,1,60,0.34444444444444444,31
1181,2925,41.15191319444444,-8.578794680851065,1.6570085412394309,1,0.406266042776176,1.250742498463255,3047.776571232878,0.2780484838330654,3,True,False,0,True,False,1,29,0.34444444444444444,11
1182,2926,41.15191319444444,-8.57771595744681,1.9305265814828845,1,0.6373900240579664,1.293136557424918,3003.2061854876247,0.27398233006795875,3,True,False,0,False,False,0.55,29,0.3111111111111111,11
1183,2927,41.15191319444444,-8.576637234042552,2.2967335969931435,1,1.0,1.2967335969931433,2960.7259052753566,0.2701068565121505,3,True,False,0,True,True,1,18,0.43333333333333335,0
1184,2928,41.15191319444444,-8.575558510638297,2.070502283947262,1,0.6373900240588127,1.4331122598884491,2920.4269395156584,0.26643038415020437,3,True,False,0,True,False,1,18,0.3333333333333333,0
1185,2929,41.15191319444444,-8.574479787234042,2.4352852879180413,1,1.0,1.4352852879180413,2882.4007808122524,0.26296125984717167,3,True,False,0,True,True,1,12,0.4,0
1186,2930,41.15191319444444,-8.573401063829786,2.937432487280427,1,1.0,1.9374324872804272,2846.7385097226584,0.2597077928771522,2,True,False,0,True,True,1,12,0.1,0
1187,2931,41.15191319444444,-8.572322340425531,2.871078778660051,1,1.0,1.8710787786600507,2813.5300164761466,0.2566781839206669,2,True,False,0,True,True,1,18,0.06666666666666667,0
1188,2932,41.15191319444444,-8.571243617021276,2.4816877626150626,1,1.0,1.4816877626150629,2782.863146811096,0.25388044713944863,3,True,True,1,True,True,1,18,0.3,0
1189,2933,41.15191319444444,-8.57016489361702,1.295034745422484,1,0.2405731474055074,1.0544615980169767,2754.8227826060065,0.2513223263024615,3,True,False,0,True,False,1,45,0.3333333333333333,27
1190,2934,41.15191319444444,-8.569086170212765,1.5274711772764433,1,0.2395488730845279,1.2879223041919154,2729.4898722460593,0.24901120632629703,3,True,False,0,True,False,1,45,0.13333333333333333,27
1191,2935,41.15191319444444,-8.56800744680851,1.3632949272771087,1,0.23955014161899457,1.1237447856581142,2706.940429947878,0.24695402198362906,3,True,False,0,True,False,1,57,0.13333333333333333,37
1192,2936,41.15191319444444,-8.566928723404255,1.3813910454300224,1,0.25764625977190825,1.1237447856581142,2687.24452727363,0.2451571658991022,3,True,True,1,True,False,1,57,0.13333333333333333,12
1193,2937,41.15191319444444,-8.56585,1.38883675551114,1,0.23955014161894442,1.1492866138921956,2670.4653034512207,0.2436263982608992,3,True,False,0,True,False,1,56,0.12222222222222222,11
1194,2938,41.15191319444444,-8.564771276595744,1.3388745487388198,1,0.2395488730845279,1.099325675654292,2656.658023537225,0.24236676089699877,3,True,False,0,True,False,1,56,0.16666666666666666,11
1195,2939,41.15191319444444,-8.563692553191489,1.3767465191774206,1,0.2790852272710545,1.0976612919063662,2645.8692145752098,0.24138249846694818,3,True,True,1,True,False,1,62,0.1,4
1196,2940,41.15191319444444,-8.562613829787233,1.4618515091232198,1,0.3641902172168536,1.0976612919063662,2638.135909459961,0.24067698947963959,3,True,False,0,True,False,1,62,0.1,4
1197,2941,41.15191319444444,-8.561535106382978,1.4328089251919403,1,0.4049013531505079,1.0279075720414323,2633.485026057064,0.24025268965042446,3,True,False,0,True,False,1,58,0.2111111111111111,0
1198,2942,41.15191319444444,-8.560456382978723,1.5212921846649385,1,0.4049013531505079,1.1163908315144306,2631.932905241808,0.24011108975642925,3,True,False,0,True,False,1,39,0.34444444444444444,0
1199,2943,41.15191319444444,-8.559377659574468,1.7898157378443917,1,0.5282883084687909,1.2615274293756007,2633.485026057068,0.24025268965042484,3,True,False,0,True,False,1,39,0.2222222222222222,-8
1200,2944,41.15191319444444,-8.558298936170212,1.4896682873107743,1,0.6363185940631532,0.8533496932476212,2638.135909459961,0.24067698947963959,3,True,True,1,True,False,1,47,0.5222222222222223,0
1201,2974,41.15272847222222,-8.678037234042554,1.6858220556393135,1,0.04830383072857251,1.637518224910741,10176.17797193716,0.9283721395522103,3,True,True,1,True,False,1,18,0.2,13
1202,2975,41.15272847222222,-8.676958510638299,1.3652986623154164,1,0.05738356131767426,1.307915100997742,10088.66562797037,0.9203883933726794,3,True,False,0,True,False,1,28,0.3111111111111111,23
1203,2976,41.15272847222222,-8.675879787234043,1.6871783986464446,1,0.07183840880273316,1.6153399898437115,10001.20468248944,0.9124093362741004,3,True,False,0,True,False,1,28,0.1,23
1204,2977,41.15272847222222,-8.674801063829788,1.515484205408021,1,0.07183840880270866,1.4436457966053124,9913.796495842942,0.9044350923609958,3,True,False,0,True,False,1,33,0.15555555555555556,28
1205,2978,41.15272847222222,-8.673722340425533,1.737313757447419,1,0.08775958892680788,1.649554168520611,9826.442475945723,0.8964657900773576,3,True,False,0,True,False,1,33,0.022222222222222223,28
1206,2979,41.15272847222222,-8.672643617021278,1.6090423327714758,1,0.09978731764347244,1.5092550151280033,9739.14408033715,0.8885015623944196,3,True,False,0,True,False,1,33,0.1111111111111111,28
1207,2980,41.15272847222222,-8.671564893617022,1.6135763343438163,1,0.10432131921581296,1.5092550151280033,9651.902818342742,0.8805425470078632,3,True,False,0,True,False,1,33,0.1111111111111111,23
1208,2981,41.15272847222222,-8.670486170212767,1.6090423327714887,1,0.09978731764348539,1.5092550151280033,9564.720253349507,0.8725888865453968,3,True,False,0,True,False,1,33,0.1111111111111111,23
1209,2982,41.15272847222222,-8.669407446808512,1.547535339291826,1,0.08775958892680788,1.4597757503650182,9477.598005197508,0.8646407287849371,3,True,True,1,True,False,1,33,0.14444444444444443,23
1210,2983,41.15272847222222,-8.668328723404256,1.1779989435711915,1,0.03853770203371857,1.139461241537473,9390.537752698761,0.8566982268844097,3,True,False,0,True,False,1,46,0.24444444444444444,32
1211,2984,41.15272847222222,-8.667250000000001,1.3171739435312626,1,0.057874517109676345,1.2592994264215862,9303.541236286987,0.8487615396234838,3,True,False,0,True,False,1,46,0.14444444444444443,32
1212,2985,41.15272847222222,-8.666171276595746,1.2393670641338657,1,0.08833778702126224,1.1510292771126034,9216.610260810286,0.8408308316583496,3,True,False,0,True,False,1,50,0.18888888888888888,36
1213,2986,41.15272847222222,-8.66509255319149,1.4195324499817497,1,0.13323528412825247,1.2862971658534972,9129.746698471236,0.832906273789942,3,True,False,0,True,False,1,50,0.07777777777777778,-2
1214,2987,41.15272847222222,-8.664013829787235,1.3724770368215353,1,0.19677119125349324,1.175705845568042,9042.95249192766,0.8249880432468241,3,True,False,0,True,False,1,54,0.12222222222222222,2
1215,2988,41.15272847222222,-8.66293510638298,1.5640859654422257,1,0.2790874336690323,1.2849985317731933,8956.229657559805,0.8170763239832516,3,True,False,0,True,False,1,54,0.03333333333333333,2
1216,2989,41.15272847222222,-8.661856382978725,1.5788271279222807,1,0.3641911266895565,1.2146360012327242,8869.580288918422,0.8091713069937407,3,True,False,0,True,False,1,57,0.05555555555555555,5
1217,2990,41.15272847222222,-8.66077765957447,1.5039494563594484,1,0.4049013531505079,1.0990481032089405,8783.006560360887,0.8012731906447919,3,True,False,0,True,False,1,57,0.15555555555555556,5
1218,2991,41.15272847222222,-8.659698936170214,1.692498465498629,1,0.4049013531505079,1.2875971123481211,8696.510730891425,0.7933821810252322,3,True,False,0,True,False,1,46,0.12222222222222222,3
1219,2992,41.15272847222222,-8.658620212765959,1.6365249954975576,1,0.4049013531505079,1.2316236423470497,8610.09514821409,0.7854984923159695,3,True,False,0,True,False,1,46,0.16666666666666666,3
1220,2993,41.15272847222222,-8.657541489361703,1.8654145502037445,1,0.4049013531505079,1.4605131970532366,8523.762253016375,0.7776223471807855,3,True,False,0,True,False,1,31,0.16666666666666666,0
1221,2994,41.15272847222222,-8.656462765957448,2.094383019801405,1,0.3641911266895565,1.7301918931118485,8437.514583493972,0.7697539771791293,3,True,False,0,False,False,0.55,20,0.12222222222222222,-11
1222,2995,41.15272847222222,-8.655384042553193,2.048158425553316,1,0.2790874336690323,1.7690709918842835,8351.3547801365,0.7618936232027191,3,True,False,0,True,False,1,20,0.1,-11
1223,2996,41.15272847222222,-8.654305319148937,1.9676300263327164,1,0.19677119125349324,1.7708588350792231,8265.285590786967,0.7540415359371168,3,True,False,0,True,False,1,16,0.14444444444444443,-15
1224,2997,41.15272847222222,-8.65322659574468,1.7841874894115164,1,0.1639451057836906,1.620242383627826,8179.309875996928,0.7461979763502786,3,True,False,0,True,False,1,16,0.23333333333333334,5
1225,2998,41.15272847222222,-8.652147872340425,1.52041924698491,1,0.15513364856428993,1.36528559842062,8093.4306146934105,0.7383632162095485,3,True,False,0,True,False,1,34,0.2,23
1226,2999,41.15272847222222,-8.65106914893617,1.5441966230932236,1,0.1326345143356886,1.411562108757535,8007.650910180483,0.7305375386291805,3,True,False,0,True,False,1,34,0.16666666666666666,23
1227,3000,41.15272847222222,-8.649990425531914,1.2574014150521589,1,0.06705731594049044,1.1903440991116685,7921.973996496216,0.7227212386502846,3,True,False,0,True,False,1,49,0.16666666666666666,33
1228,3001,41.15272847222222,-8.64891170212766,1.308849402138266,1,0.10520550655161812,1.2036438955866477,7836.403245151048,0.714914623855567,3,True,False,0,True,False,1,49,0.15555555555555556,33
1229,3002,41.15272847222222,-8.647832978723404,1.2910730670598618,1,0.1650557952478858,1.126017271811976,7750.942172269922,0.707118015020907,3,True,False,0,True,False,1,49,0.2222222222222222,33
1230,3003,41.15272847222222,-8.646754255319149,1.6690912820949644,1,0.25895427378043756,1.4101370083145268,7665.594446169603,0.6993317468066349,3,True,False,0,True,False,1,38,0.12222222222222222,-18
1231,3004,41.15272847222222,-8.645675531914893,1.654173723254675,1,0.4062705936011912,1.2479031296534837,7580.363895396693,0.6915561684908406,3,True,False,0,True,False,1,38,0.24444444444444444,-18
1232,3005,41.15272847222222,-8.644596808510638,1.5994940942100464,1,0.637393593938549,0.9621005002714974,7495.254517262112,0.6837916447479723,3,True,False,0,True,False,1,56,0.3,0
1233,3006,41.15272847222222,-8.643518085106383,2.075165655099485,1,1.0,1.0751656550994848,7410.270486902126,0.6760385564754751,3,True,False,0,True,True,1,56,0.18888888888888888,0
1234,3007,41.15272847222222,-8.642439361702127,1.5236871368510654,1,0.6373935939389721,0.8862935429120933,7325.416166906544,0.6682973016721699,3,True,False,0,True,False,1,73,0.18888888888888888,17
1235,3008,41.15272847222222,-8.641360638297872,1.3219112267912105,1,0.4062705936011912,0.9156406331900193,7240.696117549447,0.6605682963716029,3,True,False,0,True,False,1,76,0.12222222222222222,20
1236,3009,41.15272847222222,-8.640281914893617,1.1745949069704569,1,0.25895427378043756,0.9156406331900193,7156.115107668665,0.6528519756345785,3,True,False,0,True,False,1,76,0.12222222222222222,20
1237,3010,41.15272847222222,-8.639203191489361,0.9384368149118908,1,0.15608797061447544,0.7823488442974154,7071.678126236284,0.6451487946047377,3,True,False,0,True,False,1,83,0.2,52
1238,3011,41.15272847222222,-8.638124468085106,0.8829310202932131,1,0.1005821759957978,0.7823488442974154,6987.390394670361,0.6374592296317539,3,True,False,0,True,False,1,83,0.2,52
1239,3012,41.15272847222222,-8.63704574468085,0.885374673039841,1,0.06705731594049044,0.8183173570993505,6903.257379941584,0.6297837794670528,3,True,False,0,True,False,1,81,0.17777777777777778,50
1240,3013,41.15272847222222,-8.635967021276596,0.83423162671307,1,0.04274190362269504,0.791489723090375,6819.284808528212,0.6221229665369216,3,True,True,1,True,False,1,81,0.2111111111111111,50
1241,3014,41.15272847222222,-8.63488829787234,0.8739389254689167,1,0.027243415575046677,0.84669550989387,6735.478681283844,0.6144773382988938,3,True,False,0,True,False,1,78,0.17777777777777778,50
1242,3015,41.15272847222222,-8.633809574468085,0.8880803472548869,1,0.041384837361016905,0.84669550989387,6651.845289279173,0.6068474686869922,3,True,False,0,True,False,1,78,0.17777777777777778,50
1243,3016,41.15272847222222,-8.63273085106383,0.9305250572228791,1,0.06458482952806137,0.8659402276948178,6568.391230691731,0.5992339596525792,3,True,False,0,True,False,1,77,0.16666666666666666,36
1244,3017,41.15272847222222,-8.631652127659574,1.036561758635534,1,0.10058217599586329,0.9359795826396707,6485.123428814817,0.5916374428073098,3,True,False,0,True,False,1,77,0.08888888888888889,-3
1245,3018,41.15272847222222,-8.630573404255319,0.9925824539318171,1,0.15608797061447544,0.8364944833173417,6402.0491512702465,0.5840585811759104,3,True,False,0,True,False,1,82,0.14444444444444443,2
1246,3019,41.15272847222222,-8.629494680851064,1.2095004853295555,1,0.2405731474056589,0.9689273379238966,6319.176030507541,0.576498071066318,3,True,False,0,True,False,1,72,0.1111111111111111,-8
1247,3020,41.15272847222222,-8.628415957446808,1.3557159945951776,1,0.3650159146855915,0.990700079909586,6236.512085686251,0.5689566440660041,3,True,False,0,True,False,1,72,0.08888888888888889,-8
1248,3021,41.15272847222222,-8.627337234042553,1.5194888683272758,1,0.5282883084687909,0.9912005598584849,6154.065746036955,0.5614350691731963,3,True,False,0,True,False,1,70,0.1111111111111111,-10
1249,3022,41.15272847222222,-8.626258510638298,1.5432147994213294,1,0.6363185940631532,0.9068962053581762,6071.845875811161,0.5539341550730575,3,True,False,0,True,False,1,70,0.2,-10
1250,3023,41.15272847222222,-8.625179787234043,1.4351845138267196,1,0.5282883084685435,0.9068962053581762,5989.86180093005,0.5464547525688483,3,True,False,0,True,False,1,70,0.2,-10
1251,3024,41.15272847222222,-8.624101063829787,1.2719121200437677,1,0.3650159146855915,0.9068962053581762,5908.123337457341,0.5389977571795054,3,True,False,0,True,False,1,70,0.2,-10
1252,3025,41.15272847222222,-8.623022340425532,1.1080454312140855,1,0.2405731474055074,0.8674722838085782,5826.6408220219655,0.5315641119151001,3,True,False,0,True,False,1,70,0.24444444444444444,-10
1253,3026,41.15272847222222,-8.621943617021277,1.0211539528230689,1,0.15608797061447544,0.8650659822085935,5745.425144332209,0.5241548102431023,3,True,False,0,True,False,1,81,0.12222222222222222,1
1254,3027,41.15272847222222,-8.620864893617021,0.9977004965442822,1,0.1326345143356886,0.8650659822085935,5664.487781923942,0.5167708992584585,3,True,False,0,True,False,1,81,0.12222222222222222,-2
1255,3028,41.15272847222222,-8.619786170212766,1.0093457466837197,1,0.15513364856428993,0.8542120981194298,5583.84083730185,0.5094134830719856,3,True,True,1,True,False,1,87,0.06666666666666667,4
1256,3029,41.15272847222222,-8.61870744680851,1.0181572039031204,1,0.1639451057836906,0.8542120981194298,5503.497077633825,0.5020837264316864,3,True,False,0,True,False,1,87,0.06666666666666667,4
1257,3030,41.15272847222222,-8.617628723404255,0.9442285483011738,1,0.1551336485643148,0.789094899736859,5423.469977174921,0.49478285859308574,3,True,False,0,True,False,1,93,0.07777777777777778,10
1258,3031,41.15272847222222,-8.61655,0.8626814403849422,1,0.1326345143356886,0.7300469260492536,5343.773762598168,0.4875121774547578,3,True,False,0,True,False,1,93,0.15555555555555556,10
1259,3032,41.15272847222222,-8.615471276595745,0.7487377607803782,1,0.1046362822276137,0.6441014785527646,5264.423461425088,0.4802730539766391,3,True,False,0,True,False,1,105,0.14444444444444443,22
1260,3033,41.15272847222222,-8.61439255319149,0.6669951339123344,1,0.016683133292864732,0.6503120006194697,5185.434953748382,0.4730669368986867,3,True,False,0,True,False,1,111,0.06666666666666667,28
1261,3034,41.15272847222222,-8.613313829787234,0.5974229774837891,1,0.015498231133276766,0.5819247463505124,5106.825027452923,0.4658953577786858,3,True,False,0,True,False,1,111,0.17777777777777778,28
1262,3035,41.15272847222222,-8.612235106382979,0.5700927358725901,1,0.013746046137013053,0.5563466897355771,5028.611437138182,0.45875993636773993,3,True,False,0,True,False,1,113,0.2,30
1263,3036,41.15272847222222,-8.611156382978724,0.5379653919182092,1,0.011683972767905644,0.5262814191503036,4950.812966955197,0.45166238634288347,3,True,False,0,False,False,0.55,113,0.25555555555555554,30
1264,3037,41.15272847222222,-8.610077659574468,0.5482008329235954,1,0.009957454276542438,0.538243378647053,4873.449497563391,0.44460452141554857,3,True,False,0,True,False,1,112,0.24444444444444444,29
1265,3038,41.15272847222222,-8.608998936170213,0.5488854433221629,1,0.010642064675110011,0.538243378647053,4796.542077416117,0.43758826183494165,3,True,False,0,True,False,1,112,0.24444444444444444,46
1266,3039,41.15272847222222,-8.607920212765958,0.5254682407433297,1,0.01088293764296592,0.5145853031003638,4720.112998568054,0.43061564130394736,3,True,False,0,True,False,1,114,0.26666666666666666,17
1267,3040,41.15272847222222,-8.606841489361702,0.5923669988601732,1,0.01088293764296592,0.5814840612172073,4644.185877190755,0.42368881432455785,3,True,True,1,True,False,1,114,0.14444444444444443,17
1268,3041,41.15272847222222,-8.605762765957447,0.5423730380849509,1,0.01088293764296592,0.531490100441985,4568.785738954202,0.4168100639872271,3,True,False,0,True,False,1,118,0.18888888888888888,24
1269,3042,41.15272847222222,-8.604684042553192,0.5727358688855929,1,0.01088293764296592,0.561852931242627,4493.939109409422,0.4099818102164715,3,True,False,0,True,False,1,118,0.13333333333333333,24
1270,3043,41.15272847222222,-8.603605319148937,0.4338306579411406,1,0,0.4338306579411406,4419.674109459311,0.4032066184806685,3,True,False,0,True,False,1,130,0.25555555555555554,41
1271,3044,41.15272847222222,-8.602526595744681,0.44853539733772413,1,0,0.44853539733772413,4346.020555958192,0.39648720896974776,3,True,False,0,True,False,1,130,0.2222222222222222,41
1272,3045,41.15272847222222,-8.601447872340426,0.5705007143020581,1,0.008931475520578495,0.5615692387814796,4273.010067403935,0.38982646623747763,3,True,False,0,False,False,0.55,120,0.1111111111111111,31
1273,3046,41.15272847222222,-8.60036914893617,0.6387908752422041,1,0.009957454276542438,0.6288334209656616,4200.6761746052425,0.38322744929763547,3,True,False,0,True,False,1,112,0.08888888888888889,23
1274,3047,41.15272847222222,-8.599290425531915,0.6886264753384497,1,0.008931475520578495,0.6796949998178712,4129.054436088939,0.37669340215260777,3,True,False,0,True,False,1,112,0.011111111111111112,23
1275,3048,41.15272847222222,-8.59821170212766,0.6506655068240049,1,0.007701585777707572,0.6429639210462974,4058.1825578819876,0.3702277647210971,3,True,False,0,True,False,1,112,0.06666666666666667,23
1276,3049,41.15272847222222,-8.597132978723405,0.6423029063395996,1,0.006925015580273465,0.6353778907593262,3988.1005171283055,0.363834184115677,3,True,True,1,True,False,1,115,0.044444444444444446,20
1277,3050,41.15272847222222,-8.59605425531915,0.5568464827142469,1,0.006925015580273465,0.5499214671339734,3918.8506888038514,0.35751652620300206,3,True,False,0,True,False,1,115,0.18888888888888888,20
1278,3051,41.15272847222222,-8.594975531914894,0.4533179079129787,1,0,0.4533179079129787,3850.4779745426604,0.35127888735660023,3,True,False,0,True,False,1,132,0.18888888888888888,42
1279,3052,41.15272847222222,-8.593896808510639,0.4483089215044467,1,0,0.4483089215044467,3783.029932303126,0.34512560628631994,3,True,True,1,True,False,1,132,0.2,42
1280,3053,41.15272847222222,-8.592818085106384,0.5548713528704801,1,0.005782469176339711,0.5490888836941403,3716.5569052559513,0.33906127579677076,3,True,False,0,True,False,1,121,0.12222222222222222,29
1281,3054,41.15272847222222,-8.591739361702128,0.4398649809954546,1,0.005047223006554295,0.4348177579889003,3651.112147884408,0.3330907542914428,3,True,False,0,True,False,1,121,0.35555555555555557,29
1282,3055,41.15272847222222,-8.590660638297873,0.6310306240615977,1,0.006785475332871387,0.6242451487287263,3586.751946823785,0.32721917679688306,3,True,False,0,True,False,1,97,0.26666666666666666,5
1283,3056,41.15272847222222,-8.589581914893618,0.6590017930451827,1,0.006386640766430469,0.6526151522787522,3523.5357334535393,0.3214519652344705,3,True,False,0,True,False,1,97,0.2222222222222222,74
1284,3057,41.15272847222222,-8.588503191489362,0.7118956101585742,1,0.005782469176339711,0.7061131409822344,3461.5261846671133,0.3157948376136411,3,True,True,1,True,False,1,93,0.18888888888888888,70
1285,3058,41.15272847222222,-8.587424468085107,0.695467654839661,1,0.005047223006554295,0.6904204318331068,3400.789307609086,0.31025381576245326,3,True,False,0,True,False,1,94,0.2,71
1286,3059,41.15272847222222,-8.586345744680852,0.6359569715681483,1,0.004258710803855916,0.6316982607642925,3341.3945034705825,0.30483523114763933,3,True,False,0,False,False,0.55,94,0.28888888888888886,71
1287,3060,41.15272847222222,-8.585267021276596,0.8537238296821904,1,0.006386640766430469,0.8473371889157599,3283.4146047101867,0.29954572827026754,3,True,False,0,True,False,1,75,0.2111111111111111,46
1288,3061,41.15272847222222,-8.584188297872341,0.8538179233111413,1,0.006480734395381346,0.8473371889157599,3226.925879317392,0.2943922650546961,3,True,False,0,True,False,1,75,0.2111111111111111,46
1289,3062,41.15272847222222,-8.583109574468086,1.0942785060198519,1,0.042741903622666624,1.0515366023971853,3172.0079950141226,0.2893821095826804,3,True,False,0,True,False,1,56,0.2111111111111111,27
1290,3063,41.15272847222222,-8.58203085106383,1.2685754375704579,1,0.06705731594044592,1.201518121630012,3118.743935617774,0.28452283246317744,3,True,False,0,True,False,1,56,0.07777777777777778,27
1291,3064,41.15272847222222,-8.580952127659575,1.2922476824044715,1,0.10520550655154833,1.1870421758529233,3067.219861245385,0.2798222940787808,3,True,False,0,True,False,1,60,0.044444444444444446,42
1292,3065,41.15272847222222,-8.57987340425532,1.0444382678372937,1,0.16505579524777622,0.8793824725895175,3017.5249036715622,0.27528862591623554,3,True,True,1,True,False,1,60,0.34444444444444444,42
1293,3066,41.15272847222222,-8.578794680851065,1.1996729834482522,1,0.25895427378043756,0.9407187096678148,2969.7508880677683,0.2709302051807291,3,True,False,0,True,False,1,57,0.3111111111111111,39
1294,3067,41.15272847222222,-8.57771595744681,1.2387612062125242,1,0.40627059360092144,0.8324906126116026,2923.991972623412,0.26675562191854396,3,True,False,0,True,False,1,57,0.43333333333333335,39
1295,3068,41.15272847222222,-8.576637234042552,1.6565134758433528,1,0.6373935939389721,1.0191198819043807,2880.3441982997274,0.26277363794112957,3,True,False,0,True,False,1,48,0.3333333333333333,30
1296,3069,41.15272847222222,-8.575558510638297,1.9533937681061455,1,1.0,0.9533937681061456,2838.9049422898847,0.2589931369642991,3,True,False,0,True,True,1,48,0.4,0
1297,3070,41.15272847222222,-8.574479787234042,2.0694205738642455,1,0.6373935939389721,1.4320269799252734,2799.772270746064,0.25542306555755706,3,True,True,1,True,False,1,21,0.3,9
1298,3071,41.15272847222222,-8.573401063829786,2.749081703040507,1,1.0,1.749081703040507,2763.0441890703355,0.25207236474817907,2,True,False,0,True,True,1,21,0.1,0
1299,3072,41.15272847222222,-8.572322340425531,2.935965291222378,1,1.0,1.935965291222378,2728.817791560851,0.24894989244348179,2,True,False,0,True,True,1,15,0.06666666666666667,0
1300,3073,41.15272847222222,-8.571243617021276,2.1202042725765615,1,0.6373935939389721,1.4828106786375894,2697.188316454576,0.24606433722242504,3,True,False,0,False,False,0.55,15,0.3333333333333333,-3
1301,3074,41.15272847222222,-8.57016489361702,1.3134158717974143,1,0.25895427378043756,1.0544615980169767,2668.248117289935,0.24342412449308434,3,True,False,0,False,False,0.55,45,0.3333333333333333,27
1302,3075,41.15272847222222,-8.569086170212765,1.5670141507763913,1,0.2790918465844759,1.2879223041919154,2642.085566852442,0.24103731649967278,3,True,False,0,True,False,1,45,0.13333333333333333,27
1303,3076,41.15272847222222,-8.56800744680851,1.652115249852187,1,0.36419294566027155,1.2879223041919154,2618.783915462692,0.23891150816421935,3,True,False,0,True,False,1,45,0.13333333333333333,0
1304,3077,41.15272847222222,-8.566928723404255,1.6928236573438515,1,0.40490135315193615,1.2879223041919154,2598.42013065417,0.23705372123044094,3,True,False,0,True,False,1,45,0.13333333333333333,0
1305,3078,41.15272847222222,-8.56585,1.487937731318278,1,0.3641929456601637,1.1237447856581142,2581.0637499089717,0.23547029959888754,3,True,False,0,True,False,1,57,0.13333333333333333,12
1306,3079,41.15272847222222,-8.564771276595744,1.3781399497934164,1,0.2790918465844759,1.0990481032089405,2566.775781601536,0.23416680906010098,3,True,False,0,True,False,1,57,0.15555555555555556,12
1307,3080,41.15272847222222,-8.563692553191489,1.1238176034017322,1,0.19677668688913857,0.9270409165125936,2555.607691169742,0.2331479448030617,3,True,False,0,True,False,1,71,0.16666666666666666,13
1308,3081,41.15272847222222,-8.562613829787233,1.1874217256956165,1,0.23954929592563667,0.9478724297699799,2547.6005094112415,0.23241745006511372,3,True,False,0,True,False,1,71,0.14444444444444443,13
1309,3082,41.15272847222222,-8.561535106382978,1.0438756552797206,1,0.2589542737806095,0.7849213814991111,2542.7840974376413,0.2319780490737762,3,True,False,0,True,False,1,70,0.34444444444444444,12
1310,3083,41.15272847222222,-8.560456382978723,1.411333873950511,1,0.4062705936011912,1.0050632803493198,2541.1765981642843,0.23183139700618752,3,True,False,0,True,False,1,59,0.2222222222222222,15
1311,3084,41.15272847222222,-8.559377659574468,1.642456874288292,1,0.6373935939389721,1.0050632803493198,2542.784097437646,0.23197804907377662,3,True,False,0,False,False,0.55,59,0.2222222222222222,15
1312,3085,41.15272847222222,-8.558298936170212,1.9128701644046129,1,1.0,0.912870164404613,2547.6005094112415,0.23241745006511372,3,True,False,0,True,True,1,44,0.4888888888888889,0
1313,3086,41.15272847222222,-8.557220212765957,1.9128701644046129,1,1.0,0.912870164404613,2555.607691169756,0.23314794480306297,3,True,False,0,True,True,1,44,0.4888888888888889,0
1314,3114,41.15354375,-8.67911595744681,1.6637371505541334,1,0.02621892564339252,1.637518224910741,10241.58767644431,0.9343394631867064,3,True,False,0,True,False,1,18,0.2,18
1315,3115,41.15354375,-8.678037234042554,1.669557907046051,1,0.032039682135309874,1.637518224910741,10153.835310887001,0.9263338198510781,3,True,False,0,True,False,1,18,0.2,13
1316,3116,41.15354375,-8.676958510638299,1.6360292914964825,1,0.03853817969850347,1.597491111797979,10066.129823073798,0.9183324531693873,3,True,False,0,True,False,1,28,0.1111111111111111,23
1317,3117,41.15354375,-8.675879787234043,1.7370563688965628,1,0.04830419260704229,1.6887521762895206,9978.472449109799,0.9103354759114322,3,True,False,0,True,False,1,28,0.05555555555555555,23
1318,3118,41.15354375,-8.674801063829788,1.6437795430173707,1,0.04830419260702802,1.5954753504103427,9890.864468229927,0.9023430047817421,3,True,False,0,True,False,1,33,0.05555555555555555,28
1319,3119,41.15354375,-8.673722340425533,1.7440050228996131,1,0.057383763899779325,1.6866212589998337,9803.307204662511,0.8943551605895925,3,True,False,0,True,False,1,33,0,28
1320,3120,41.15354375,-8.672643617021278,1.7505827826427878,1,0.06396152364295402,1.6866212589998337,9715.802029590619,0.8863720684279369,3,True,False,0,True,False,1,33,0,28
1321,3121,41.15354375,-8.671564893617022,1.7530028541742873,1,0.0663815951744536,1.6866212589998337,9628.350363212709,0.8783938578614003,3,True,False,0,True,False,1,33,0,23
1322,3122,41.15354375,-8.670486170212767,1.7505827826427947,1,0.06396152364296091,1.6866212589998337,9540.953676912806,0.8704206631242638,3,True,False,0,True,False,1,33,0,23
1323,3123,41.15354375,-8.669407446808512,1.5171595142647976,1,0.057383763899779325,1.4597757503650182,9453.613495542471,0.8624526233286488,3,True,False,0,True,False,1,33,0.14444444444444443,23
1324,3124,41.15354375,-8.668328723404256,1.2916243766473454,1,0.0323249502257591,1.2592994264215862,9366.331399825556,0.8544898826839028,3,True,False,0,True,False,1,46,0.14444444444444443,32
1325,3125,41.15354375,-8.667250000000001,1.4403745892599957,1,0.04863348602951476,1.391741103230481,9279.109028889017,0.846532590727485,3,True,False,0,True,False,1,46,0.044444444444444446,32
1326,3126,41.15354375,-8.666171276595746,1.4020689638033277,1,0.0721726095010377,1.32989635430229,9191.948082931704,0.8385809025684402,3,True,False,0,True,False,1,50,0.044444444444444446,-2
1327,3127,41.15354375,-8.66509255319149,1.4347813730919459,1,0.10488501878965605,1.32989635430229,9104.85032603541,0.8306349791438503,3,True,False,0,True,False,1,50,0.044444444444444446,-2
1328,3128,41.15354375,-8.664013829787235,1.4182390093312185,1,0.1474392110920005,1.270799798239218,9017.817589131253,0.8226949874894576,3,True,False,0,False,False,0.55,54,0.044444444444444446,2
1329,3129,41.15354375,-8.66293510638298,1.4813117921040226,1,0.1963132603308293,1.2849985317731933,8930.851773126853,0.8147611010249562,3,True,False,0,True,False,1,54,0.03333333333333333,2
1330,3130,41.15354375,-8.661856382978725,1.4814797752197442,1,0.23954971877124412,1.2419300564485,8843.95485220869,0.8068334998552671,3,True,False,0,True,False,1,57,0.03333333333333333,5
1331,3131,41.15354375,-8.66077765957447,1.3939467231959946,1,0.25764625977190825,1.1363004634240863,8757.12887732648,0.7989123710884164,3,True,False,0,True,False,1,57,0.12222222222222222,5
1332,3132,41.15354375,-8.659698936170214,1.5452433721200294,1,0.25764625977190825,1.2875971123481211,8670.375979875462,0.790997909171471,3,True,False,0,True,False,1,46,0.12222222222222222,3
1333,3133,41.15354375,-8.658620212765959,1.489269902118958,1,0.25764625977190825,1.2316236423470497,8583.698375585056,0.7830903162453003,3,True,True,1,True,False,1,46,0.16666666666666666,3
1334,3134,41.15354375,-8.657541489361703,1.7181594568251448,1,0.25764625977190825,1.4605131970532366,8497.098368631483,0.7751898025197704,3,True,False,0,True,False,1,31,0.16666666666666666,0
1335,3135,41.15354375,-8.656462765957448,1.9697416118830926,1,0.23954971877124412,1.7301918931118485,8410.57835598475,0.7672965866703191,3,True,False,0,True,False,1,20,0.12222222222222222,-11
1336,3136,41.15354375,-8.655384042553193,2.066447288302216,1,0.1963132603308293,1.870134027971387,8324.140832009532,0.7594108962576943,3,True,True,1,True,False,1,20,0.044444444444444446,-11
1337,3137,41.15354375,-8.654305319148937,2.104540895638877,1,0.1474392110920005,1.9571016845468765,8237.788393332607,0.7515329681720098,3,True,False,0,True,False,1,16,0.044444444444444446,-15
1338,3138,41.15354375,-8.65322659574468,1.7800457019299956,1,0.10488501878960035,1.6751606831403951,8151.5237439985485,0.7436630491030987,3,True,False,0,True,False,1,16,0.2,5
1339,3139,41.15354375,-8.652147872340425,1.4650730252772082,1,0.09978742685658816,1.36528559842062,8065.349700929622,0.7358013960386196,3,True,False,0,True,False,1,34,0.2,23
1340,3140,41.15354375,-8.65106914893617,1.4993220616005278,1,0.08775995284299287,1.411562108757535,7979.269199712612,0.7279482767919887,3,True,False,0,True,False,1,34,0.16666666666666666,23
1341,3141,41.15354375,-8.649990425531914,1.2574036685593268,1,0.06705956944765824,1.1903440991116685,7893.285300733189,0.7201039705620169,3,True,False,0,True,False,1,49,0.16666666666666666,33
1342,3142,41.15354375,-8.64891170212766,1.5114338491748793,1,0.1052084527961333,1.406225396378746,7807.4011956837385,0.7122687685266198,3,True,False,0,True,False,1,49,0,-7
1343,3143,41.15354375,-8.647832978723404,1.4095010351602422,1,0.16505949310276438,1.2444415420574777,7721.620214466995,0.7044429744726352,3,True,False,0,True,False,1,49,0.12222222222222222,-7
1344,3144,41.15354375,-8.646754255319149,1.6690956332265385,1,0.2589586249120117,1.4101370083145268,7635.945832526801,0.6966269054646075,3,True,True,1,True,False,1,38,0.12222222222222222,-18
1345,3145,41.15354375,-8.645675531914893,1.7108915963511764,1,0.4062751445510073,1.304616451800169,7550.381678631644,0.6888208925548804,3,True,False,0,True,False,1,38,0.2,-18
1346,3146,41.15354375,-8.644596808510638,1.7006826570629152,1,0.6373971638968247,1.0632854931660904,7464.931543146768,0.6810252815382603,3,True,False,0,True,False,1,56,0.2,0
1347,3147,41.15354375,-8.643518085106383,2.075165655099485,1,1.0,1.0751656550994848,7379.599386825159,0.6732404337540174,3,True,False,0,True,True,1,56,0.18888888888888888,0
1348,3148,41.15354375,-8.642439361702127,1.523690706809341,1,0.6373971638972478,0.8862935429120933,7294.389350158294,0.6654667269389547,3,True,False,0,True,False,1,73,0.18888888888888888,17
1349,3149,41.15354375,-8.641360638297872,1.4070330073415758,1,0.4062751445510073,1.0007578627905684,7209.3057633223825,0.657704556134802,3,True,False,0,True,False,1,76,0.03333333333333333,20
1350,3150,41.15354375,-8.640281914893617,1.2162122815545167,1,0.2589586249120117,0.9572536566425048,7124.3531567668215,0.6499543346542014,3,True,False,0,True,False,1,76,0.07777777777777778,20
1351,3151,41.15354375,-8.639203191489361,1.0172962033410122,1,0.13323795191069052,0.8840582514303217,7039.536272487818,0.6422164951091976,3,True,False,0,True,False,1,83,0.07777777777777778,27
1352,3152,41.15354375,-8.638124468085106,1.0229025882965481,1,0.08834008272533432,0.9345625055712139,6954.860076038136,0.6344914905068882,3,True,False,0,False,False,0.55,83,0.022222222222222223,27
1353,3153,41.15354375,-8.63704574468085,1.0231053352011414,1,0.06705956944765824,0.9560457657534831,6870.329769327771,0.6267797954172271,3,True,False,0,False,False,0.55,81,0.022222222222222223,50
1354,3154,41.15354375,-8.635967021276596,0.9882254116183068,1,0.042743579393593495,0.9454818322247133,6785.950804270119,0.6190819072179642,3,True,False,0,False,False,0.55,81,0.03333333333333333,50
1355,3155,41.15354375,-8.63488829787234,1.0055145154373253,1,0.02724463629347811,0.9782698791438471,6701.728897339722,0.6113983474227481,3,True,False,0,False,False,0.55,78,0.03333333333333333,50
1356,3156,41.15354375,-8.633809574468085,1.0378937206124235,1,0.037641163472712416,1.000252557139711,6617.670045104579,0.6037296630981375,3,True,False,0,True,False,1,78,0.011111111111111112,50
1357,3157,41.15354375,-8.63273085106383,1.0695602527133252,1,0.05787636149320245,1.0116838912201227,6533.780540809282,0.5960764283764796,3,True,True,1,True,False,1,77,0.011111111111111112,-3
1358,3158,41.15354375,-8.631652127659574,1.056044799565019,1,0.08834008272538882,0.9677047168396302,6450.066992082737,0.5884392460713851,3,True,False,0,True,False,1,77,0.05555555555555555,-3
1359,3159,41.15354375,-8.630573404255319,0.998085510693552,1,0.13323795191069052,0.8648475587828615,6366.5363398582895,0.5808187494038096,3,True,False,0,True,False,1,82,0.1111111111111111,2
1360,3160,41.15354375,-8.629494680851064,1.165701276959244,1,0.1967739390353475,0.9689273379238966,6283.19587859253,0.5732156038466145,3,True,False,0,True,False,1,72,0.1111111111111111,-8
1361,3161,41.15354375,-8.628415957446808,1.3380876975895828,1,0.27908964010730447,1.0589980574822784,6200.053277883835,0.5656305090968248,3,True,False,0,True,False,1,72,0.022222222222222223,-8
1362,3162,41.15354375,-8.627337234042553,1.4475338166961835,1,0.3641920361715345,1.083341780524649,6117.116605591266,0.5580642011847654,3,True,False,0,True,False,1,70,0.022222222222222223,-10
1363,3163,41.15354375,-8.626258510638298,1.5125868797414042,1,0.40490135315193615,1.107685526589468,6034.394352570021,0.5505174547306747,3,True,False,0,True,False,1,70,0,-10
1364,3164,41.15354375,-8.625179787234043,1.4718775627608947,1,0.36419203617142665,1.107685526589468,5951.89545914032,0.5429910853594596,3,True,False,0,True,False,1,70,0,-10
1365,3165,41.15354375,-8.624101063829787,1.3867751666967725,1,0.27908964010730447,1.107685526589468,5869.629343423126,0.5354859522857618,3,True,False,0,True,False,1,70,0,-10
1366,3166,41.15354375,-8.623022340425532,1.1770221185756415,1,0.19677393903523901,0.9802481795404026,5787.60593167774,0.5280029610816546,3,True,False,0,True,False,1,70,0.12222222222222222,-10
1367,3167,41.15354375,-8.621943617021277,0.9983039341192841,1,0.13323795191069052,0.8650659822085935,5705.835690793899,0.5205430666408952,3,True,False,0,True,False,1,81,0.12222222222222222,1
1368,3168,41.15354375,-8.620864893617021,1.0028253335663035,1,0.08834008272533432,0.9144852508409692,5624.329663093529,0.5131072763538873,3,True,False,0,True,False,1,81,0.06666666666666667,-2
1369,3169,41.15354375,-8.619786170212766,0.9539995249760179,1,0.09978742685658816,0.8542120981194298,5543.099503615713,0.5056966535091857,3,True,False,0,False,False,0.55,87,0.06666666666666667,4
1370,3170,41.15354375,-8.61870744680851,0.9585334173356107,1,0.10432131921618089,0.8542120981194298,5462.157520061744,0.49831232093768163,3,True,False,0,True,False,1,87,0.06666666666666667,4
1371,3171,41.15354375,-8.617628723404255,0.8976989381713865,1,0.0997874268566011,0.7979115113147853,5381.516715596091,0.4909554649173325,3,True,False,0,False,False,0.55,93,0.06666666666666667,10
1372,3172,41.15354375,-8.61655,0.8342117451151092,1,0.08775995284299287,0.7464517922721163,5301.190834702678,0.4836273393566277,3,True,False,0,False,False,0.55,93,0.13333333333333333,10
1373,3173,41.15354375,-8.615471276595745,0.723137096781274,1,0.07183902811613951,0.6512980686651345,5221.19441231487,0.4763292702767141,3,True,False,0,False,False,0.55,105,0.13333333333333333,22
1374,3174,41.15354375,-8.61439255319149,0.6609540712033839,1,0.010642070583914216,0.6503120006194697,5141.542826440709,0.46906266061239393,3,True,True,1,True,False,1,111,0.06666666666666667,28
1375,3175,41.15354375,-8.613313829787234,0.6898241377151992,1,0.00995747607229848,0.6798666616429008,5062.252354522897,0.461828995353842,3,True,False,0,True,False,1,111,0.022222222222222223,28
1376,3176,41.15354375,-8.612235106382979,0.6735209278293631,1,0.008931518494372572,0.6645894093349906,4983.340233774526,0.45462984705103154,3,True,False,0,True,False,1,113,0.022222222222222223,30
1377,3177,41.15354375,-8.611156382978724,0.6797165621567189,1,0.00770164964984855,0.6720149125068704,4904.824725746883,0.44746688170425164,3,True,False,0,True,False,1,113,0.011111111111111112,30
1378,3178,41.15354375,-8.610077659574468,0.6861016429683366,1,0.0064066431504654735,0.6796949998178712,4826.725185383533,0.4403418650639064,3,True,False,0,True,False,1,112,0.011111111111111112,29
1379,3179,41.15354375,-8.608998936170213,0.6789701134318114,1,0.006785478760795252,0.6721846346710161,4749.062134824943,0.43325666936370727,3,True,False,0,True,False,1,112,0.022222222222222223,29
1380,3180,41.15354375,-8.607920212765958,0.6640050204161477,1,0.006925015580273465,0.6570800048358743,4671.857342219156,0.42621328051056645,3,True,False,0,True,False,1,114,0.022222222222222223,17
1381,3181,41.15354375,-8.606841489361702,0.6495642893620505,1,0.006925015580273465,0.642639273781777,4595.133905794969,0.4192138057545878,3,True,False,0,True,False,1,114,0.044444444444444446,17
1382,3182,41.15354375,-8.605762765957447,0.6210073512604335,1,0.006925015580273465,0.61408233568016,4518.916343433854,0.4122604818607082,3,True,False,0,True,False,1,118,0.044444444444444446,24
1383,3183,41.15354375,-8.604684042553192,0.5687779468229005,1,0.006925015580273465,0.561852931242627,4443.230687963093,0.40535568380228487,3,True,False,0,True,False,1,118,0.13333333333333333,24
1384,3184,41.15354375,-8.603605319148937,0.49023089338201736,1,0,0.49023089338201736,4368.104588353954,0.39850193399339934,3,True,False,0,True,False,1,130,0.13333333333333333,41
1385,3185,41.15354375,-8.602526595744681,0.5012468595306152,1,0,0.5012468595306152,4293.567416971911,0.391701912073289,3,True,False,0,True,False,1,130,0.1111111111111111,41
1386,3186,41.15354375,-8.601447872340426,0.5673517334327491,1,0.005782494651269548,0.5615692387814796,4219.6503829590165,0.3849584652502141,3,True,False,0,True,False,1,120,0.1111111111111111,31
1387,3187,41.15354375,-8.60036914893617,0.6352200744831583,1,0.006386653517496669,0.6288334209656616,4146.386651756847,0.37827461920552974,3,True,False,0,True,False,1,112,0.08888888888888889,23
1388,3188,41.15354375,-8.599290425531915,0.6930717734422418,1,0.005782494651269548,0.6872892787909722,4073.811470669538,0.37165358954879424,3,True,False,0,True,False,1,112,0,23
1389,3189,41.15354375,-8.59821170212766,0.6698045176557476,1,0.005047261520453156,0.6647572561352943,4001.9623002439184,0.36509879380357146,3,True,False,0,True,False,1,112,0.03333333333333333,23
1390,3190,41.15354375,-8.597132978723405,0.6468835278033114,1,0.0044065161779205855,0.6424770116253908,3930.878951074357,0.35861386388812894,3,True,False,0,True,False,1,115,0.03333333333333333,20
1391,3191,41.15354375,-8.59605425531915,0.5543279833118939,1,0.0044065161779205855,0.5499214671339734,3860.6037254456055,0.35220265903750675,3,True,False,0,True,False,1,115,0.18888888888888888,20
1392,3192,41.15354375,-8.594975531914894,0.4533179079129787,1,0,0.4533179079129787,3791.1815629736366,0.34586927909032267,3,True,False,0,True,False,1,132,0.18888888888888888,42
1393,3193,41.15354375,-8.593896808510639,0.484569239103712,1,0,0.484569239103712,3722.6601891124583,0.33961807803704064,3,True,False,0,True,False,1,132,0.12222222222222222,42
1394,3194,41.15354375,-8.592818085106384,0.5528223542441677,1,0.0037334705500273314,0.5490888836941403,3655.0902650299554,0.33345367769313505,3,True,False,0,True,False,1,121,0.12222222222222222,29
1395,3195,41.15354375,-8.591739361702128,0.4785308997373873,1,0.00329282661656048,0.47523807312082683,3588.525536937299,0.32738098132240456,3,True,False,0,True,False,1,121,0.26666666666666666,29
1396,3196,41.15354375,-8.590660638297873,0.6285701780603357,1,0.004325029331609367,0.6242451487287263,3523.022982451085,0.3214051869895815,3,True,False,0,True,False,1,97,0.26666666666666666,5
1397,3197,41.15354375,-8.589581914893618,0.7836789019591645,1,0.004091053989507853,0.7795878479696566,3458.6429509956506,0.3155318003692271,3,True,False,0,True,False,1,97,0.044444444444444446,74
1398,3198,41.15354375,-8.588503191489362,0.8195748314864495,1,0.0037334705500273314,0.8158413609364221,3395.4492945851707,0.30976664667697534,3,True,False,0,True,False,1,93,0.044444444444444446,70
1399,3199,41.15354375,-8.587424468085107,0.8372563149439557,1,0.00329282661656048,0.8339634883273952,3333.5094845863887,0.3041158813217896,3,True,False,0,True,False,1,94,0.011111111111111112,65
1400,3200,41.15354375,-8.586345744680852,0.6856044542135835,1,0.0028128993757544334,0.682791554837829,3272.8947092321987,0.2985859988021216,3,True,False,0,True,False,1,94,0.2111111111111111,65
1401,3201,41.15354375,-8.585267021276596,0.8524625256823598,1,0.00512533676659989,0.8473371889157599,3213.6799457692964,0.29318383928793734,3,True,False,0,True,False,1,75,0.2111111111111111,46
1402,3202,41.15354375,-8.584188297872341,0.8551423761203621,1,0.007805187204602261,0.8473371889157599,3155.9440001755634,0.2879165922441319,3,True,False,0,False,False,0.55,75,0.2111111111111111,46
1403,3203,41.15354375,-8.583109574468086,1.0942801817907504,1,0.04274357939356512,1.0515366023971853,3099.7695064296095,0.28279179636388985,3,True,True,1,True,False,1,56,0.2111111111111111,38
1404,3204,41.15354375,-8.58203085106383,1.3093032841988912,1,0.0670595694476137,1.2422437147512775,3045.2428763783123,0.27781733499510364,3,True,False,0,True,False,1,56,0.044444444444444446,38
1405,3205,41.15354375,-8.580952127659575,1.2922506286489868,1,0.1052084527960634,1.1870421758529233,2992.4541904133735,0.2730014261668021,3,True,False,0,True,False,1,60,0.044444444444444446,42
1406,3206,41.15354375,-8.57987340425532,1.3653645728149262,1,0.16505949310265475,1.2003050797122714,2941.497018493811,0.2683526062610425,3,True,False,0,True,False,1,60,0.03333333333333333,42
1407,3207,41.15354375,-8.578794680851065,1.5008886813605118,1,0.2589586249120117,1.2419300564485,2892.4681606607246,0.2638797063400873,3,True,False,0,True,False,1,57,0.03333333333333333,39
1408,3208,41.15354375,-8.57771595744681,1.5681093872790206,1,0.4062751445507375,1.161834242728283,2845.4672961837123,0.25959182013805177,3,True,False,0,True,False,1,57,0.1,9
1409,3209,41.15354375,-8.576637234042552,1.924344138863402,1,0.6373971638972478,1.2869469749661542,2800.5965310078614,0.25549826277451837,3,True,False,0,True,False,1,48,0.1,0
1410,3210,41.15354375,-8.575558510638297,2.05366306598547,1,1.0,1.0536630659854702,2757.9598343708894,0.25160851935715073,3,True,False,0,True,True,1,48,0.3,0
1411,3211,41.15354375,-8.574479787234042,2.069424143822098,1,0.6373971638968247,1.4320269799252734,2717.66235747119,0.24793218282381785,3,True,False,0,True,False,1,21,0.3,-27
1412,3212,41.15354375,-8.573401063829786,2.445764189806405,1,0.6373971638968247,1.8083670259095803,2679.8096300233883,0.24447888064440318,3,True,False,0,True,False,1,21,0.06666666666666667,0
1413,3213,41.15354375,-8.572322340425531,2.935965291222378,1,1.0,1.935965291222378,2644.506634494335,0.2412581903634066,2,True,False,0,True,True,1,15,0.06666666666666667,0
1414,3214,41.15354375,-8.571243617021276,2.4828106786375894,1,1.0,1.4828106786375894,2611.856762803174,0.23827954441975102,3,True,False,0,True,True,1,15,0.3333333333333333,0
1415,3215,41.15354375,-8.57016489361702,1.4593629511674846,1,0.4049013531505079,1.0544615980169767,2581.9606661876765,0.23555212522015287,3,True,False,0,False,False,0.55,45,0.3333333333333333,30
1416,3216,41.15354375,-8.569086170212765,1.8765210611191339,1,0.4049013531505079,1.471619707968626,2554.915015597928,0.2330847520499088,3,True,False,0,True,False,1,45,0,30
1417,3217,41.15354375,-8.56800744680851,1.9999121930743273,1,0.5282924851057015,1.471619707968626,2530.8111970243745,0.23088576204774708,3,True,False,0,True,False,1,45,0,0
1418,3218,41.15354375,-8.566928723404255,1.9242408982550687,1,0.6363185940631532,1.2879223041919154,2509.733973138999,0.22896288810742801,3,True,False,0,True,False,1,45,0.13333333333333333,0
1419,3219,41.15354375,-8.56585,1.652037270763568,1,0.5282924851054539,1.1237447856581142,2491.7601489260783,0.22732313714331354,3,True,False,0,True,False,1,57,0.13333333333333333,12
1420,3220,41.15354375,-8.564771276595744,1.464071326742138,1,0.3650232235331975,1.0990481032089405,2476.957283955894,0.2259726726111709,3,True,False,0,True,False,1,57,0.15555555555555556,12
1421,3221,41.15354375,-8.563692553191489,1.1779796226872032,1,0.24058081426520564,0.9373988084219976,2465.38249694389,0.2249167054481723,3,True,False,0,True,False,1,71,0.15555555555555556,26
1422,3222,41.15354375,-8.562613829787233,1.3407145036787644,1,0.25764625977190825,1.0830682439068562,2457.0814086778764,0.22415939763620368,3,True,False,0,True,False,1,71,0.011111111111111112,18
1423,3223,41.15354375,-8.561535106382978,1.2208251603168323,1,0.24057698077642986,0.9802481795404026,2452.087266890763,0.22370378236405386,3,True,False,0,True,False,1,70,0.12222222222222222,26
1424,3224,41.15354375,-8.560456382978723,1.4757862773342818,1,0.3650195690665022,1.1107667082677797,2450.4202910874687,0.22355170425601034,3,True,False,0,True,False,1,59,0.12222222222222222,15
1425,3225,41.15354375,-8.559377659574468,1.5907706756709579,1,0.528290396773956,1.0624802788970018,2452.087266890768,0.2237037823640543,3,True,False,0,False,False,0.55,59,0.16666666666666666,15
1426,3226,41.15354375,-8.558298936170212,1.896254190933888,1,0.6363185940653975,1.2599355968684904,2457.0814086778764,0.22415939763620368,3,True,False,0,True,False,1,44,0.16666666666666666,0
1427,3227,41.15354375,-8.557220212765957,1.5491887584700104,1,0.6363185940653975,0.912870164404613,2465.3824969439047,0.22491670544817363,3,True,False,0,True,False,1,44,0.4888888888888889,0
1428,3228,41.15354375,-8.556141489361702,1.5048325384704813,1,0.528290396773956,0.9765421416965253,2476.957283955894,0.2259726726111709,3,True,False,0,True,False,1,41,0.45555555555555555,41
1429,3229,41.15354375,-8.555062765957446,1.3415617107630275,1,0.3650195690665022,0.9765421416965253,2491.760148926103,0.22732313714331578,3,True,False,0,True,False,1,41,0.45555555555555555,41
1430,3254,41.15435902777777,-8.680194680851065,1.7738800799827172,1,0.015498306184793644,1.7583817737979235,10308.172075351587,0.9404139541247398,3,True,False,0,True,False,1,0,0.3333333333333333,0
1431,3255,41.15435902777777,-8.67911595744681,1.6551101393237229,1,0.017591914412981954,1.637518224910741,10220.192888510826,0.9323876178962793,3,True,False,0,True,False,1,18,0.2,13
1432,3256,41.15435902777777,-8.678037234042554,1.6953701350017523,1,0.021055278999727027,1.6743148560020253,10132.256329472504,0.9243651705998189,3,True,False,0,True,False,1,18,0.17777777777777778,13
1433,3257,41.15435902777777,-8.676958510638299,1.62371032804392,1,0.026219216245940962,1.597491111797979,10044.36351784638,0.9163467143772936,3,True,False,0,True,False,1,28,0.1111111111111111,23
1434,3258,41.15435902777777,-8.675879787234043,1.6118793504344293,1,0.032039893528236815,1.5798394569061924,9956.515612208797,0.9083323549255576,3,True,False,0,True,False,1,28,0.12222222222222222,23
1435,3259,41.15435902777777,-8.674801063829788,1.6098858624253942,1,0.03203989352822843,1.5778459688971658,9868.71381178689,0.9003222016500342,3,True,False,0,True,False,1,33,0.06666666666666667,28
1436,3260,41.15435902777777,-8.673722340425533,1.6150962632259929,1,0.03725029432882709,1.5778459688971658,9780.95935822723,0.8923163678260696,3,True,False,0,True,False,1,33,0.06666666666666667,28
1437,3261,41.15435902777777,-8.672643617021278,1.6187600547726733,1,0.04091408587550753,1.5778459688971658,9693.253537458202,0.8843149707688378,3,True,True,1,True,False,1,33,0.06666666666666667,28
1438,3262,41.15435902777777,-8.671564893617022,1.4078702543593236,1,0.04223984331307771,1.3656304110462458,9605.597681647407,0.8763181320119133,3,True,False,0,True,False,1,33,0.2111111111111111,23
1439,3263,41.15435902777777,-8.670486170212767,1.406544496921757,1,0.04091408587551136,1.3656304110462458,9517.993171264086,0.868325977495427,3,True,False,0,True,False,1,33,0.2111111111111111,23
1440,3264,41.15435902777777,-8.669407446808512,1.3290813126850618,1,0.03725029432882709,1.2918310183562347,9430.441437248717,0.8603386377639972,3,True,False,0,True,False,1,33,0.26666666666666666,23
1441,3265,41.15435902777777,-8.668328723404256,1.285700861069218,1,0.02640143464763175,1.2592994264215862,9342.943963300499,0.8523562481754179,3,True,False,0,True,False,1,46,0.14444444444444443,32
1442,3266,41.15435902777777,-8.667250000000001,1.2432760756355896,1,0.03871998312738164,1.204556092508208,9255.502288285816,0.844378949120382,3,True,False,0,True,False,1,46,0.18888888888888888,32
1443,3267,41.15435902777777,-8.666171276595746,1.259028323291345,1,0.05568833980902521,1.2033399834823197,9168.11800877936,0.8364068862543085,3,True,False,0,True,False,1,50,0.14444444444444443,-2
1444,3268,41.15435902777777,-8.66509255319149,1.2812310107379512,1,0.07789102725563142,1.2033399834823197,9080.792781741975,0.8284402107416409,3,True,False,0,True,False,1,50,0.14444444444444443,-2
1445,3269,41.15435902777777,-8.664013829787235,1.3067634891802935,1,0.104638386951098,1.2021251022291954,8993.52832734803,0.8204790795137894,3,True,False,0,True,False,1,54,0.1,2
1446,3270,41.15435902777777,-8.66293510638298,1.3347609414582782,1,0.13263583922908262,1.2021251022291954,8906.32643196762,0.8125236555411967,3,True,False,0,True,False,1,54,0.1,2
1447,3271,41.15435902777777,-8.661856382978725,1.3563488148164844,1,0.15513406854696885,1.2012147462695155,8819.18895131759,0.8045741081208051,3,True,False,0,True,False,1,57,0.06666666666666667,5
1448,3272,41.15435902777777,-8.66077765957447,1.3002455692077768,1,0.1639451057836906,1.1363004634240863,8732.117813788112,0.7966306131795411,3,True,False,0,True,False,1,57,0.12222222222222222,5
1449,3273,41.15435902777777,-8.659698936170214,1.3955687481307404,1,0.1639451057836906,1.2316236423470497,8645.115023960323,0.7886933535952277,3,True,False,0,True,False,1,46,0.16666666666666666,3
1450,3274,41.15435902777777,-8.658620212765959,1.3955687481307404,1,0.1639451057836906,1.2316236423470497,8558.182666323291,0.7807625195356849,3,True,False,0,True,False,1,46,0.16666666666666666,3
1451,3275,41.15435902777777,-8.657541489361703,1.500237607951187,1,0.1639451057836906,1.3362925021674963,8471.32290920761,0.7728383088175896,3,True,False,0,True,False,1,31,0.25555555555555554,0
1452,3276,41.15435902777777,-8.656462765957448,1.8189233757082501,1,0.1639451057836906,1.6549782699245597,8384.538008945692,0.7649209272860198,3,True,False,0,True,False,1,20,0.16666666666666666,-25
1453,3277,41.15435902777777,-8.655384042553193,1.913468551896238,1,0.1639451057836906,1.7495234461125475,8297.830314278142,0.7570105892164479,3,True,False,0,True,False,1,20,0.1111111111111111,-25
1454,3278,41.15435902777777,-8.654305319148937,1.9064264428634352,1,0.15513490852725595,1.7512915343361792,8211.20227101845,0.7491075177402999,3,True,False,0,True,False,1,16,0.15555555555555556,-29
1455,3279,41.15435902777777,-8.65322659574468,1.7709839523039863,1,0.1326384891057513,1.638345463198235,8124.656426997542,0.741211945296047,3,True,False,0,True,False,1,16,0.2222222222222222,-29
1456,3280,41.15435902777777,-8.652147872340425,1.4699281950505592,1,0.10464259662993913,1.36528559842062,8038.195437303839,0.7333241141072548,3,True,False,0,True,False,1,34,0.2,-11
1457,3281,41.15435902777777,-8.65106914893617,1.4280956779609237,1,0.07789595390546585,1.350199724055458,7951.822069841256,0.7254442766896411,3,True,False,0,True,False,1,34,0.2111111111111111,-11
1458,3282,41.15435902777777,-8.649990425531914,1.2574059221789158,1,0.06706182306724734,1.1903440991116685,7865.539211225588,0.7175726963890009,3,True,False,0,True,False,1,49,0.16666666666666666,-7
1459,3283,41.15435902777777,-8.64891170212766,1.4503064044639458,1,0.10521139917112601,1.3450950052928197,7779.349873044926,0.7097096479523454,3,True,False,0,True,False,1,49,0.044444444444444446,-7
1460,3284,41.15435902777777,-8.647832978723404,1.4095047331581718,1,0.1650631911006942,1.2444415420574777,7693.2571985062505,0.7018554181342688,3,True,False,0,True,False,1,49,0.12222222222222222,-7
1461,3285,41.15435902777777,-8.646754255319149,1.578155997317366,1,0.2589629761875379,1.3191930211298282,7607.264469499405,0.6940103063413958,3,True,False,0,True,False,1,38,0.18888888888888888,-18
1462,3286,41.15435902777777,-8.645675531914893,1.5229524796155332,1,0.40627969562589594,1.1166727839896373,7521.375114103928,0.6861746253172283,3,True,False,0,True,False,1,38,0.35555555555555557,-18
1463,3287,41.15435902777777,-8.644596808510638,1.700686227099308,1,0.6374007339332175,1.0632854931660904,7435.592714574478,0.6783487018706558,3,True,False,0,True,False,1,56,0.2,0
1464,3288,41.15435902777777,-8.643518085106383,2.051536602397185,1,1.0,1.0515366023971853,7349.921015835119,0.6705328776508882,3,True,False,0,True,True,1,56,0.2111111111111111,0
1465,3289,41.15435902777777,-8.642439361702127,1.5236942768457338,1,0.6374007339336405,0.8862935429120933,7264.3639345234715,0.6627275099725538,3,True,False,0,True,False,1,73,0.18888888888888888,17
1466,3290,41.15435902777777,-8.641360638297872,1.4070375584164645,1,0.40627969562589594,1.0007578627905684,7178.925568620496,0.6549329726942233,3,True,False,0,True,False,1,76,0.03333333333333333,20
1467,3291,41.15435902777777,-8.640281914893617,1.2162166328300428,1,0.2589629761875379,0.9572536566425048,7093.610207712958,0.6471496571546542,3,True,False,0,True,False,1,76,0.07777777777777778,20
1468,3292,41.15435902777777,-8.639203191489361,0.9695160865888176,1,0.10488689608122129,0.8646291905075963,7008.422343931847,0.6393779731707018,3,True,True,1,True,False,1,83,0.1,27
1469,3293,41.15435902777777,-8.638124468085106,0.9760982431971121,1,0.07217434090182977,0.9039239022952824,6923.366683618251,0.6316183501015972,3,True,False,0,True,False,1,83,0.05555555555555555,27
1470,3294,41.15435902777777,-8.63704574468085,1.0125436552919607,1,0.06706182306724734,0.9454818322247133,6838.44815977214,0.6238712379846475,3,True,False,0,True,False,1,81,0.03333333333333333,25
1471,3295,41.15435902777777,-8.635967021276596,0.9882270874821912,1,0.042745255257477924,0.9454818322247133,6753.671945339553,0.6161371087474271,3,True,False,0,True,False,1,81,0.03333333333333333,50
1472,3296,41.15435902777777,-8.63488829787234,1.00551573623033,1,0.027245857086482847,0.9782698791438471,6669.043467405374,0.6084164575025821,3,True,False,0,True,False,1,78,0.03333333333333333,47
1473,3297,41.15435902777777,-8.633809574468085,0.9577297697427165,1,0.03232611442031739,0.9254036553223991,6584.568422356117,0.6007098039311314,3,True,False,0,False,False,0.55,78,0.08888888888888889,50
1474,3298,41.15435902777777,-8.63273085106383,0.9742723193586358,1,0.04863494673597041,0.9256373726226653,6500.252792090697,0.5930176937613738,3,True,False,0,True,False,1,77,0.1,-3
1475,3299,41.15435902777777,-8.631652127659574,0.8733162587900817,1,0.07217434090187082,0.8011419178882109,6416.102861355105,0.5853407003503299,3,True,False,0,True,False,1,77,0.24444444444444444,-3
1476,3300,41.15435902777777,-8.630573404255319,0.9050179094753981,1,0.10488689608122129,0.8001310133941768,6332.125236291388,0.5776794263759641,3,True,False,0,True,False,1,82,0.18888888888888888,2
1477,3301,41.15435902777777,-8.629494680851064,0.9495950591469283,1,0.14744095956397626,0.802154099582952,6248.32686429027,0.5700345056483385,3,True,True,1,True,False,1,72,0.3,-8
1478,3302,41.15435902777777,-8.628415957446808,1.0537683628556136,1,0.19631447697592533,0.8574538858796882,6164.7150552522535,0.5624066050492614,3,True,False,0,True,False,1,72,0.23333333333333334,-8
1479,3303,41.15435902777777,-8.627337234042553,1.0974371943931758,1,0.23955014161899457,0.8578870527741812,6081.29750436217,0.5547964266100089,3,True,False,0,True,False,1,70,0.25555555555555554,-10
1480,3304,41.15435902777777,-8.626258510638298,1.1545216151100575,1,0.25764625977190825,0.8968753553381492,5998.082316498721,0.5472047097382056,3,True,False,0,True,False,1,70,0.2111111111111111,-10
1481,3305,41.15435902777777,-8.625179787234043,1.1364254969570937,1,0.23955014161894442,0.8968753553381492,5915.078032401984,0.5396322336050844,3,True,False,0,True,False,1,70,0.2111111111111111,-10
1482,3306,41.15435902777777,-8.624101063829787,1.1657312957370651,1,0.19631447697592533,0.9694168187611397,5832.293656739682,0.5320798197059714,3,True,False,0,True,False,1,70,0.13333333333333333,-10
1483,3307,41.15435902777777,-8.623022340425532,1.1168577783250468,1,0.14744095956390715,0.9694168187611397,5749.7386882157825,0.5245483346070913,3,True,False,0,True,False,1,70,0.13333333333333333,-10
1484,3308,41.15435902777777,-8.621943617021277,0.9699528782898148,1,0.10488689608122129,0.8650659822085935,5667.423151884148,0.5170386928935393,3,True,False,0,True,False,1,81,0.12222222222222222,1
1485,3309,41.15435902777777,-8.620864893617021,0.966561832774115,1,0.07217434090182977,0.8943874918722853,5585.357633834095,0.5095518603336441,3,True,False,0,True,False,1,81,0.08888888888888889,1
1486,3310,41.15435902777777,-8.619786170212766,0.9181736804417167,1,0.06396158232228683,0.8542120981194298,5503.553318435186,0.5020888572768066,3,True,False,0,True,False,1,87,0.06666666666666667,4
1487,3311,41.15435902777777,-8.61870744680851,0.8925892897020811,1,0.0663815951744536,0.8262076945276274,5422.022028334037,0.49465076230240757,3,True,False,0,True,False,1,87,0.1,4
1488,3312,41.15435902777777,-8.617628723404255,0.8618730936370791,1,0.0639615823222938,0.7979115113147853,5340.7762674175,0.4872387161393358,3,True,False,0,True,False,1,93,0.06666666666666667,10
1489,3313,41.15435902777777,-8.61655,0.7479787689260056,1,0.05738396648343706,0.6905948024425685,5259.829266963143,0.47985392587629366,3,True,False,0,False,False,0.55,93,0.2111111111111111,10
1490,3314,41.15435902777777,-8.615471276595745,0.692406033043122,1,0.0483045544903574,0.6441014785527646,5179.195035220238,0.47249766948506833,3,True,False,0,True,False,1,105,0.14444444444444443,22
1491,3315,41.15435902777777,-8.61439255319149,0.6499117883638447,1,0.006785482188710556,0.6431263061751341,5098.888410671543,0.4651713006796006,3,True,False,0,True,False,1,111,0.07777777777777778,28
1492,3316,41.15435902777777,-8.613313829787234,0.6495129724437544,1,0.006386666268620279,0.6431263061751341,5018.92511924845,0.45787625413572003,3,True,False,0,True,False,1,111,0.07777777777777778,28
1493,3317,41.15435902777777,-8.612235106382979,0.6485840970450409,1,0.005782520126411772,0.6428015769186292,4939.321835778604,0.4506140510970074,3,True,False,0,True,False,1,113,0.05555555555555555,30
1494,3318,41.15435902777777,-8.611156382978724,0.6478488769534622,1,0.005047300034832963,0.6428015769186292,4860.096249965981,0.44338630539415386,3,True,False,0,False,False,0.55,113,0.05555555555555555,30
1495,3319,41.15435902777777,-8.610077659574468,0.6472227302440978,1,0.00425880919780042,0.6429639210462974,4781.267137207691,0.4361947299055734,3,True,False,0,True,False,1,112,0.06666666666666667,29
1496,3320,41.15435902777777,-8.608998936170213,0.560812230399989,1,0.004325031335764534,0.5564871990642244,4702.854434568948,0.4290411434885953,3,True,False,0,True,False,1,112,0.2111111111111111,29
1497,3321,41.15435902777777,-8.607920212765958,0.560612732062509,1,0.004406516177905044,0.556206215884604,4624.87932223676,0.4219274784104799,3,True,False,0,True,False,1,114,0.18888888888888888,31
1498,3322,41.15435902777777,-8.606841489361702,0.560612732062509,1,0.004406516177905044,0.556206215884604,4547.364310782796,0.41485578830940434,3,True,False,0,False,False,0.55,114,0.18888888888888888,17
1499,3323,41.15435902777777,-8.605762765957447,0.5600511912562325,1,0.004406516177905044,0.5556446750783275,4470.333334555236,0.4078282567145966,3,True,False,0,True,False,1,118,0.14444444444444443,24
1500,3324,41.15435902777777,-8.604684042553192,0.490691910674745,1,0.004406516177905044,0.48628539449683994,4393.8118515163815,0.40084720615451425,3,True,False,0,True,False,1,118,0.2777777777777778,24
1501,3325,41.15435902777777,-8.603605319148937,0.4848140328540534,1,0,0.4848140328540534,4317.826949815552,0.3939151078794843,3,True,False,0,True,False,1,130,0.14444444444444443,41
1502,3326,41.15435902777777,-8.602526595744681,0.4848140328540534,1,0,0.4848140328540534,4242.4074613622815,0.38703459222297915,3,True,False,0,True,False,1,130,0.14444444444444443,41
1503,3327,41.15435902777777,-8.601447872340426,0.48977334353301566,1,0.003733485710835052,0.4860398578221806,4167.584082610657,0.38020845962076527,3,True,False,0,False,False,0.55,120,0.25555555555555554,31
1504,3328,41.15435902777777,-8.60036914893617,0.5483482704255032,1,0.0040910614958006965,0.5442572089297024,4093.3895027072613,0.3734396923018324,3,True,False,0,True,False,1,112,0.23333333333333334,23
1505,3329,41.15435902777777,-8.599290425531915,0.6119512949900021,1,0.003733485710835052,0.608217809279167,4019.858539059253,0.366731466656262,3,True,False,0,True,False,1,112,0.12222222222222222,23
1506,3330,41.15435902777777,-8.59821170212766,0.6115106591449363,1,0.0032928498657692215,0.608217809279167,3947.0282802690726,0.36008716627515247,3,True,False,0,True,False,1,112,0.12222222222222222,23
1507,3331,41.15435902777777,-8.597132978723405,0.6105701422777564,1,0.002812929575795949,0.6077572127019605,3874.938236223919,0.35351039564327325,3,True,False,0,True,False,1,115,0.08888888888888889,20
1508,3332,41.15435902777777,-8.59605425531915,0.5527254153130243,1,0.002803948179050969,0.5499214671339734,3803.630494942269,0.34700499444816435,3,True,False,0,True,False,1,115,0.18888888888888888,20
1509,3333,41.15435902777777,-8.594975531914894,0.4533179079129787,1,0,0.4533179079129787,3733.14988553101,0.340575052446706,3,True,False,0,True,False,1,132,0.18888888888888888,42
1510,3334,41.15435902777777,-8.593896808510639,0.484569239103712,1,0,0.484569239103712,3663.544146313726,0.33422492480345267,3,True,False,0,True,False,1,132,0.12222222222222222,42
1511,3335,41.15435902777777,-8.592818085106384,0.5514942373562666,1,0.002405353662126276,0.5490888836941403,3594.8640968165187,0.32795924778089014,3,True,False,0,True,False,1,121,0.12222222222222222,29
1512,3336,41.15435902777777,-8.591739361702128,0.47737866614235386,1,0.002140593021527006,0.47523807312082683,3527.1638118594446,0.32178295462178685,3,True,False,0,True,False,1,121,0.26666666666666666,29
1513,3337,41.15435902777777,-8.590660638297873,0.5675964080345276,1,0.00275603943735329,0.5648403685971743,3460.500795462039,0.31570129141458547,3,True,False,0,True,False,1,97,0.36666666666666664,74
1514,3338,41.15435902777777,-8.589581914893618,0.7080182090098409,1,0.002617953520766498,0.7054002554890744,3394.9361516471904,0.3097198326758305,3,True,False,0,True,False,1,97,0.14444444444444443,74
1515,3339,41.15435902777777,-8.588503191489362,0.7007162193220612,1,0.002405353662126276,0.6983108656599349,3330.5347484843087,0.3038444963158171,3,True,False,0,True,False,1,93,0.2,64
1516,3340,41.15435902777777,-8.587424468085107,0.6849321478593561,1,0.002140593021527006,0.682791554837829,3267.3653708702996,0.29808155757679117,3,True,False,0,True,False,1,94,0.2111111111111111,65
1517,3341,41.15435902777777,-8.586345744680852,0.6477415447472099,1,0.0018484081587925069,0.6458931365884174,3205.500856578692,0.2924376614447029,3,True,False,0,True,False,1,94,0.26666666666666666,65
1518,3342,41.15435902777777,-8.585267021276596,0.8532177025118454,1,0.005880513596085393,0.8473371889157599,3145.018209043802,0.2869198329385001,3,True,False,0,True,False,1,75,0.2111111111111111,57
1519,3343,41.15435902777777,-8.584188297872341,0.8564029624654874,1,0.009065773549727487,0.8473371889157599,3085.9986791784795,0.2815354845743564,3,True,False,0,True,False,1,75,0.2111111111111111,57
1520,3344,41.15435902777777,-8.583109574468086,1.092924652092509,1,0.041388049695323864,1.0515366023971853,3028.5278073029153,0.27629242019083405,3,True,False,0,True,False,1,56,0.2111111111111111,38
1521,3345,41.15435902777777,-8.58203085106383,1.093015959335368,1,0.06458911093617557,1.0284268483991925,2972.6954150092592,0.2711988342066934,3,True,False,0,True,False,1,56,0.23333333333333334,38
1522,3346,41.15435902777777,-8.580952127659575,1.127976257289207,1,0.10058769941096421,1.0273885578782427,2918.595535591385,0.26626330527400444,3,True,False,0,True,False,1,60,0.18888888888888888,42
1523,3347,41.15435902777777,-8.57987340425532,1.0652839955703963,1,0.1560947542506098,0.9091892413197866,2866.326270598952,0.2614947831915816,3,True,False,0,True,False,1,60,0.3111111111111111,12
1524,3348,41.15435902777777,-8.578794680851065,1.1504590962805739,1,0.24058081426520564,0.9098782820153681,2815.9895592702724,0.256902567870358,3,True,False,0,True,False,1,57,0.34444444444444444,9
1525,3349,41.15435902777777,-8.57771595744681,1.274901505548349,1,0.3650232235329809,0.9098782820153681,2767.690847186285,0.25249627910470546,3,True,False,0,True,False,1,57,0.34444444444444444,9
1526,3350,41.15435902777777,-8.576637234042552,1.4402410239809589,1,0.5282924851057015,0.9119485388752574,2721.538640659842,0.24828581591939491,3,True,False,0,True,False,1,48,0.4444444444444444,0
1527,3351,41.15435902777777,-8.575558510638297,1.6899816600486233,1,0.6363185940631532,1.0536630659854702,2677.6439343156208,0.2442813043477441,3,True,False,0,True,False,1,48,0.3,0
1528,3352,41.15435902777777,-8.574479787234042,2.1466775648121637,1,1.0,1.1466775648121634,2636.1195012274948,0.24049303267089,3,True,False,0,True,True,1,21,0.5222222222222223,0
1529,3353,41.15435902777777,-8.573401063829786,2.1681503732608918,1,0.6374007339336405,1.5307496393272513,2597.0790380662534,0.23693137342966394,3,True,False,0,True,False,1,21,0.23333333333333334,0
1530,3354,41.15435902777777,-8.572322340425531,2.170471448842791,1,0.6374007339336405,1.5330707149091505,2560.6361620975626,0.23360669192077238,3,True,False,0,True,False,1,15,0.3,0
1531,3355,41.15435902777777,-8.571243617021276,2.4828106786375894,1,1.0,1.4828106786375894,2526.9032626551243,0.23052924141675818,3,True,False,0,True,True,1,15,0.3333333333333333,0
1532,3356,41.15435902777777,-8.57016489361702,1.6907801920801298,1,0.6363185940631532,1.0544615980169767,2495.990216830811,0.22770904599848463,3,True,False,0,False,False,0.55,45,0.3333333333333333,30
1533,3357,41.15435902777777,-8.569086170212765,1.895936065545916,1,0.6363185940631532,1.2596174714827628,2468.0029873888025,0.22515577264292147,3,True,False,0,True,False,1,45,0.15555555555555556,9
1534,3358,41.15435902777777,-8.56800744680851,1.8970182054164033,1,0.6374007339336405,1.2596174714827628,2443.0421299218015,0.22287859503109103,3,True,False,0,True,False,1,45,0.15555555555555556,0
1535,3359,41.15435902777777,-8.566928723404255,2.2596174714827626,1,1.0,1.2596174714827628,2421.2012454508395,0.22088605237883632,3,True,True,1,True,True,1,45,0.15555555555555556,0
1536,3360,41.15435902777777,-8.56585,1.5992583102064422,1,0.6374007339332175,0.9618575762732245,2402.565423245658,0.2191859073754127,3,True,False,0,True,False,1,57,0.28888888888888886,12
1537,3361,41.15435902777777,-8.564771276595744,1.4344468730636102,1,0.40627969562589594,1.0281671774377144,2387.209725724911,0.217785007961019,3,True,False,0,True,False,1,57,0.2222222222222222,12
1538,3362,41.15435902777777,-8.563692553191489,1.1148050520149344,1,0.36419476466179346,0.750610287353141,2375.1977719431743,0.2166891580983981,3,True,False,0,False,False,0.55,71,0.37777777777777777,18
1539,3363,41.15435902777777,-8.562613829787233,1.3015502534085117,1,0.40490135315193615,0.8966489002565755,2366.580477551775,0.21590300281953442,3,True,True,1,True,False,1,71,0.2,18
1540,3364,41.15435902777777,-8.561535106382978,1.2812237836862597,1,0.36419476466168565,0.9170290190245739,2361.3950066132234,0.21542993259974416,3,True,False,0,True,False,1,70,0.18888888888888888,17
1541,3365,41.15435902777777,-8.560456382978723,1.3898629679253842,1,0.2790962596576046,1.1107667082677797,2359.6639840099456,0.21527201150576863,3,True,False,0,True,False,1,59,0.12222222222222222,15
1542,3366,41.15435902777777,-8.559377659574468,1.4266732245572733,1,0.36419294566027155,1.0624802788970018,2361.3950066132284,0.21542993259974463,3,True,True,1,True,False,1,59,0.16666666666666666,15
1543,3367,41.15435902777777,-8.558298936170212,1.557675935885079,1,0.40490135315193615,1.1527745827331428,2366.580477551775,0.21590300281953442,3,True,False,0,False,False,0.55,44,0.25555555555555554,0
1544,3368,41.15435902777777,-8.557220212765957,1.6100659609755756,1,0.40490135315193615,1.2051646078236395,2375.1977719431893,0.21668915809839948,3,True,False,0,True,False,1,44,0.2111111111111111,0
1545,3369,41.15435902777777,-8.556141489361702,1.5702709028966908,1,0.36419294566027155,1.2060779572364193,2387.209725724911,0.217785007961019,3,True,False,0,True,False,1,41,0.24444444444444444,41
1546,3370,41.15435902777777,-8.555062765957446,1.2556339882810013,1,0.2790918465844759,0.9765421416965253,2402.5654232456836,0.219185907375415,3,True,False,0,True,False,1,41,0.45555555555555555,41
1547,3395,41.155174305555555,-8.680194680851065,1.7621337680681606,1,0.009957519664236334,1.7521762484039243,10287.71534478583,0.9385476877547975,3,True,False,0,True,False,1,14,0.17777777777777778,14
1548,3396,41.155174305555555,-8.67911595744681,1.2621109849760785,1,0.011684290702147899,1.2504266942739306,10199.56080542903,0.9305053541262384,3,True,False,0,True,False,1,30,0.3333333333333333,25
1549,3397,41.155174305555555,-8.678037234042554,1.5413936033680726,1,0.014118990104790317,1.5272746132632824,10111.445917033949,0.9224666378526694,3,True,True,1,True,False,1,30,0.13333333333333333,25
1550,3398,41.155174305555555,-8.676958510638299,1.4100838870730996,1,0.01411899010478535,1.3959648969683143,10023.371725322628,0.9144316343352529,3,True,False,0,True,False,1,34,0.17777777777777778,29
1551,3399,41.155174305555555,-8.675879787234043,1.5776094817953812,1,0.01759209013901923,1.560017391656362,9935.33931260504,0.9064004423130665,3,True,False,0,True,False,1,34,0.06666666666666667,29
1552,3400,41.155174305555555,-8.674801063829788,1.4002702475958873,1,0.006066820295242958,1.3942034273006443,9847.349799370977,0.8983731640083304,3,True,False,0,True,False,1,39,0.12222222222222222,34
1553,3401,41.155174305555555,-8.673722340425533,1.4821000414338847,1,0.008248916594562509,1.4738511248393222,9759.404345962339,0.8903499052789704,3,True,False,0,True,False,1,39,0.06666666666666667,34
1554,3402,41.155174305555555,-8.672643617021278,1.4848000966539276,1,0.010948971814605395,1.4738511248393222,9671.504154334843,0.8823307757793383,3,True,False,0,True,False,1,39,0.06666666666666667,34
1555,3403,41.155174305555555,-8.671564893617022,1.3780262084321286,1,0.014118990104790317,1.3639072183273384,9583.650469910275,0.8743158891291931,3,True,False,0,True,False,1,38,0.15555555555555556,28
1556,3404,41.155174305555555,-8.670486170212767,1.1100856354187407,1,0.009648968776943654,1.100436666641797,9495.844583529119,0.8663053630918389,3,True,False,0,True,False,1,52,0.2111111111111111,42
1557,3405,41.155174305555555,-8.669407446808512,1.1146550051039272,1,0.014218338462130192,1.100436666641797,9408.08783350539,0.8582993197615876,3,True,False,0,True,False,1,52,0.2111111111111111,42
1558,3406,41.155174305555555,-8.668328723404256,1.004140725577409,1,0.02066927175579149,0.9834714538216176,9320.38160779426,0.8502978857615108,3,True,False,0,True,False,1,57,0.26666666666666666,43
1559,3407,41.155174305555555,-8.667250000000001,1.1658147121022377,1,0.029514248678151493,1.1363004634240863,9232.727346275256,0.8423011924517362,3,True,False,0,True,False,1,57,0.12222222222222222,5
1560,3408,41.155174305555555,-8.666171276595746,1.0341036386096918,1,0.04114940704370772,0.9929542315659841,9145.126543162483,0.8343093761493316,3,True,False,0,True,False,1,63,0.18888888888888888,11
1561,3409,41.155174305555555,-8.66509255319149,1.0936376783864101,1,0.0555567604025843,1.0380809179838257,9057.58074954566,0.8263225783601243,3,True,False,0,True,False,1,63,0.14444444444444443,11
1562,3410,41.155174305555555,-8.664013829787235,1.1102621851287846,1,0.07218126714495887,1.0380809179838257,8970.091576074557,0.8183409460236019,3,True,False,0,True,False,1,63,0.14444444444444443,11
1563,3411,41.155174305555555,-8.66293510638298,1.1901528779727866,1,0.1048944058046938,1.0852584721680927,8882.660695791745,0.8103646317713428,3,True,False,0,True,False,1,63,0.1,-1
1564,3412,41.155174305555555,-8.661856382978725,1.2826012185034767,1,0.14744795383442205,1.1351532646690548,8795.28984712748,0.8023937942002409,3,True,True,1,True,False,1,61,0.07777777777777778,-3
1565,3413,41.155174305555555,-8.66077765957447,1.2349246774175935,1,0.19631934372479432,1.0386053336927992,8707.980837063034,0.7944285981610952,3,True,False,0,True,False,1,61,0.16666666666666666,-3
1566,3414,41.155174305555555,-8.659698936170214,1.4551083617008298,1,0.2395518330386866,1.2155565286621433,8620.73554447778,0.7864692150639645,3,True,False,0,False,False,0.55,54,0.08888888888888889,-10
1567,3415,41.155174305555555,-8.658620212765959,1.2865926468558866,1,0.25764625977190825,1.0289463870839783,8533.555923687865,0.778515823201,3,True,False,0,True,False,1,54,0.25555555555555554,-10
1568,3416,41.155174305555555,-8.657541489361703,1.5925896530160262,1,0.25764625977190825,1.334943393244118,8446.444008193508,0.7705686080883114,3,True,False,0,True,False,1,35,0.2111111111111111,-14
1569,3417,41.155174305555555,-8.656462765957448,1.8547340156543948,1,0.25764625977190825,1.5970877558824865,8359.401914644654,0.7626277628277532,3,True,False,0,True,False,1,29,0.1,-16
1570,3418,41.155174305555555,-8.655384042553193,1.7853065971430695,1,0.25764625977190825,1.5276603373711612,8272.431847043967,0.7546934884903637,3,True,False,0,True,False,1,29,0.14444444444444443,-16
1571,3419,41.155174305555555,-8.654305319148937,1.7332613373752495,1,0.2395518330386866,1.493709504336563,8185.536101199095,0.7467659945225443,3,True,False,0,True,False,1,30,0.15555555555555556,-15
1572,3420,41.155174305555555,-8.65322659574468,1.690028848061285,1,0.19631934372472218,1.493709504336563,8098.717069445359,0.7388454991769107,3,True,False,0,True,False,1,30,0.15555555555555556,-15
1573,3421,41.155174305555555,-8.652147872340425,1.4527234692485973,1,0.14744795383435294,1.3052755154142444,8011.977245654178,0.7309322299692111,3,True,False,0,True,False,1,36,0.2222222222222222,-9
1574,3422,41.155174305555555,-8.65106914893617,1.4544123829803373,1,0.10489440580463813,1.349517977175699,7925.319230549286,0.7230264241633245,3,True,False,0,True,False,1,36,0.18888888888888888,-9
1575,3423,41.155174305555555,-8.649990425531914,1.160183754217496,1,0.07218126714491778,1.0880024870725782,7838.745737350826,0.7151283292861706,3,True,True,1,True,False,1,53,0.2111111111111111,8
1576,3424,41.155174305555555,-8.64891170212766,1.3859135286247497,1,0.10059046129783931,1.2853230673269105,7752.25959777265,0.7072382036748437,3,True,False,0,True,False,1,53,0.044444444444444446,-3
1577,3425,41.155174305555555,-8.647832978723404,1.2935469678096525,1,0.1560981462584709,1.1374488215511815,7665.863768394576,0.699356317057953,3,True,False,0,True,False,1,53,0.16666666666666666,-3
1578,3426,41.155174305555555,-8.646754255319149,1.328037777478396,1,0.24058464787309974,1.0874531296052963,7579.561337440568,0.6914829511739956,3,True,False,0,True,False,1,55,0.18888888888888888,-1
1579,3427,41.155174305555555,-8.645675531914893,1.4524800076927067,1,0.3650268780874104,1.0874531296052963,7493.355531987913,0.6836184004290494,3,True,False,0,True,False,1,55,0.18888888888888888,-1
1580,3428,41.155174305555555,-8.644596808510638,1.304542879266408,1,0.5282945734677389,0.7762483057986691,7407.249725642986,0.6757629725970329,3,True,False,0,True,False,1,70,0.35555555555555557,14
1581,3429,41.155174305555555,-8.643518085106383,1.5844304157828064,1,0.6363185940631532,0.9481118217196532,7321.2474467135535,0.6679169895652636,3,True,False,0,True,False,1,70,0.15555555555555556,14
1582,3430,41.155174305555555,-8.642439361702127,1.3756317623837464,1,0.5282945734679865,0.8473371889157599,7235.3523869184955,0.6600807881290457,3,True,False,0,True,False,1,75,0.2111111111111111,19
1583,3431,41.155174305555555,-8.641360638297872,1.4002282392018333,1,0.3650268780874104,1.0352013611144228,7149.568410670581,0.6522547208385371,3,True,False,0,True,False,1,74,0.022222222222222223,18
1584,3432,41.155174305555555,-8.640281914893617,1.198321888065132,1,0.24058464787309974,0.9577372401920323,7063.899564979363,0.6444391569021898,3,True,False,0,True,False,1,74,0.1,18
1585,3433,41.155174305555555,-8.639203191489361,1.1128684635238992,1,0.1560981462584709,0.9567703172654283,6978.35009001747,0.6366344831507124,3,True,False,0,True,False,1,78,0.05555555555555555,22
1586,3434,41.155174305555555,-8.638124468085106,1.0573607785632675,1,0.10059046129783931,0.9567703172654283,6892.924430402035,0.6288411050662738,3,True,False,0,True,False,1,78,0.05555555555555555,22
1587,3435,41.155174305555555,-8.63704574468085,1.0211199909009512,1,0.0645912517979218,0.9565287391030293,6807.627247247038,0.6210594478820386,3,True,False,0,True,False,1,79,0.044444444444444446,23
1588,3436,41.155174305555555,-8.635967021276596,1.019412528479259,1,0.04138965599465844,0.9780228724846005,6722.4634310425245,0.6132899577571361,3,True,False,0,True,False,1,79,0.022222222222222223,23
1589,3437,41.155174305555555,-8.63488829787234,0.971969370304167,1,0.02648753807945368,0.9454818322247133,6637.438115428636,0.6055331030332657,3,True,False,0,False,False,0.55,81,0.03333333333333333,50
1590,3438,41.155174305555555,-8.633809574468085,0.9511051899796866,1,0.026402332545269427,0.9247028574344172,6552.556691929785,0.5977893755788937,3,True,False,0,False,False,0.10000000000000003,81,0.05555555555555555,1
1591,3439,41.155174305555555,-8.63273085106383,0.8743710305375125,1,0.038721064547005926,0.8356499659905066,6467.824825728214,0.5900592922282749,3,True,False,0,False,False,0.55,86,0.1,6
1592,3440,41.155174305555555,-8.631652127659574,0.8550127641128458,1,0.05568955581245718,0.7993232083003886,6383.248472554411,0.5823433963223644,3,True,False,0,True,False,1,86,0.14444444444444443,6
1593,3441,41.155174305555555,-8.630573404255319,0.6681047058477656,1,0.07789225887034064,0.5902124469774249,6298.833896786766,0.5746422593600474,3,True,False,0,True,False,1,99,0.3,19
1594,3442,41.155174305555555,-8.629494680851064,0.7800569517496982,1,0.10463943934188202,0.6754175124078162,6214.58769085228,0.5669564827680657,3,True,False,0,True,False,1,93,0.23333333333333334,13
1595,3443,41.155174305555555,-8.628415957446808,0.7932102772985161,1,0.1326365016870203,0.6605737756114958,6130.516796036153,0.5592866997994745,3,True,False,0,True,False,1,93,0.25555555555555554,13
1596,3444,41.155174305555555,-8.627337234042553,0.8778441116240705,1,0.15513427854019962,0.7227098330838709,6046.628524808883,0.551633577570543,3,True,False,0,True,False,1,89,0.2111111111111111,9
1597,3445,41.155174305555555,-8.626258510638298,0.8866549388675615,1,0.1639451057836906,0.7227098330838709,5962.930584796854,0.5439978192475889,3,True,False,0,True,False,1,89,0.2111111111111111,9
1598,3446,41.155174305555555,-8.625179787234043,1.0009749722422834,1,0.15513427854017475,0.8458406937021087,5879.431104524715,0.5363801663954556,3,True,False,0,True,False,1,82,0.13333333333333333,2
1599,3447,41.155174305555555,-8.624101063829787,0.9784771953891289,1,0.1326365016870203,0.8458406937021087,5796.138661076709,0.5287814015010522,3,True,False,0,True,False,1,82,0.13333333333333333,2
1600,3448,41.155174305555555,-8.623022340425532,0.9504801330439491,1,0.10463943934184043,0.8458406937021087,5713.062309828102,0.5212023506857512,3,True,False,0,True,False,1,82,0.13333333333333333,2
1601,3449,41.155174305555555,-8.621943617021277,0.9429582410789342,1,0.07789225887034064,0.8650659822085935,5630.211616418453,0.5136438866223069,3,True,False,0,False,False,0.55,81,0.12222222222222222,1
1602,3450,41.155174305555555,-8.620864893617021,0.9500770476847137,1,0.05568955581242837,0.8943874918722853,5547.596691144224,0.5061069316724927,3,True,True,1,True,False,1,81,0.08888888888888889,1
1603,3451,41.155174305555555,-8.619786170212766,0.8575799776262457,1,0.04091411816376598,0.8166658594624797,5465.228225970629,0.49859246126368895,3,True,False,0,True,False,1,89,0.08888888888888889,6
1604,3452,41.155174305555555,-8.61870744680851,0.8680303665824524,1,0.04223984331307771,0.8257905232693746,5383.1175343703135,0.49110150752336384,3,True,False,0,True,False,1,89,0.07777777777777778,6
1605,3453,41.155174305555555,-8.617628723404255,0.7868006308019707,1,0.0409141181637698,0.7458865126382009,5301.276594220581,0.48363516319258476,3,True,False,0,True,False,1,96,0.1,13
1606,3454,41.155174305555555,-8.61655,0.7273222312489963,1,0.03725040856366054,0.6900718226853357,5219.718094000409,0.47619458584056973,3,True,False,0,True,False,1,96,0.17777777777777778,13
1607,3455,41.155174305555555,-8.615471276595745,0.5608937152421138,1,0.004406516177889498,0.5564871990642244,5138.455482554303,0.46878100240464043,3,True,False,0,True,False,1,112,0.2111111111111111,29
1608,3456,41.155174305555555,-8.61439255319149,0.557196587816679,1,0.0015519127383515333,0.5556446750783275,5057.503022700931,0.46139571408093566,3,True,False,0,True,False,1,118,0.14444444444444443,35
1609,3457,41.155174305555555,-8.613313829787234,0.5957987487712333,1,0.0018484266797867022,0.5939503220914466,4976.875848991466,0.45404010159370095,3,True,False,0,True,False,1,118,0.07777777777777778,35
1610,3458,41.155174305555555,-8.612235106382979,0.5960909291678467,1,0.002140607076400037,0.5939503220914466,4896.590029934164,0.4467156308720337,3,True,False,0,True,False,1,118,0.07777777777777778,35
1611,3459,41.155174305555555,-8.611156382978724,0.6029919326015791,1,0.0024053627176164214,0.6005865698839628,4816.662635028689,0.43942385916542065,3,True,False,0,True,False,1,118,0.06666666666666667,35
1612,3460,41.155174305555555,-8.610077659574468,0.645289971401724,1,0.002812959776333127,0.6424770116253908,4737.111806964667,0.432166441630408,3,True,False,0,True,False,1,115,0.03333333333333333,32
1613,3461,41.155174305555555,-8.608998936170213,0.5588218181191682,1,0.002756040616821411,0.5560657775023468,4657.956839363931,0.42494513842302195,3,True,True,1,True,False,1,115,0.17777777777777778,32
1614,3462,41.155174305555555,-8.607920212765958,0.4484221451233687,1,0,0.4484221451233687,4579.218260453748,0.41776182233227244,3,True,False,0,True,False,1,131,0.2111111111111111,48
1615,3463,41.155174305555555,-8.606841489361702,0.45849862793513485,1,0,0.45849862793513485,4500.917923078068,0.4106184869918743,3,True,False,0,True,False,1,131,0.18888888888888888,34
1616,3464,41.155174305555555,-8.605762765957447,0.5016267358743428,1,0,0.5016267358743428,4423.079101454251,0.40351725570735797,3,True,True,1,True,False,1,127,0.14444444444444443,33
1617,3465,41.155174305555555,-8.604684042553192,0.485181455369899,1,0,0.485181455369899,4345.726595091966,0.3964603909365849,3,True,False,0,True,False,1,127,0.17777777777777778,33
1618,3466,41.155174305555555,-8.603605319148937,0.3660261481680856,1,0,0.3660261481680856,4268.886840277262,0.3894503044604328,2,True,False,0,False,False,0.55,143,0.2777777777777778,54
1619,3467,41.155174305555555,-8.602526595744681,0.37425111259230687,1,0,0.37425111259230687,4192.588029515098,0.3824895682795309,3,True,False,0,True,False,1,143,0.25555555555555554,54
1620,3468,41.155174305555555,-8.601447872340426,0.42871209311529057,1,0,0.42871209311529057,4116.860239285463,0.37558092626944384,3,True,False,0,False,False,0.55,133,0.23333333333333334,44
1621,3469,41.155174305555555,-8.60036914893617,0.5383022455240045,1,0.0015519127383515333,0.536750332785653,4041.7355664268403,0.36872730662292713,3,True,False,0,True,False,1,123,0.12222222222222222,34
1622,3470,41.155174305555555,-8.599290425531915,0.5380200049398534,1,0.0012696721542004262,0.536750332785653,3967.2482733824477,0.3619318351007333,3,True,True,1,True,False,1,123,0.12222222222222222,34
1623,3471,41.155174305555555,-8.59821170212766,0.5377648441794963,1,0.0010145113938433605,0.536750332785653,3893.434942452731,0.3551978491040584,3,True,False,0,True,False,1,123,0.12222222222222222,34
1624,3472,41.155174305555555,-8.597132978723405,0.6092345464769526,1,0.00178420436311965,0.607450342113833,3820.3346390564743,0.3485289125688437,3,True,False,0,True,False,1,117,0.06666666666666667,28
1625,3473,41.155174305555555,-8.59605425531915,0.5514280035064607,1,0.00178420436311965,0.549643799143341,3747.989083833202,0.3419288316666682,3,True,True,1,True,False,1,117,0.16666666666666666,22
1626,3474,41.155174305555555,-8.594975531914894,0.4533179079129787,1,0,0.4533179079129787,3676.442833183816,0.33540167127546044,3,True,False,0,True,False,1,132,0.18888888888888888,42
1627,3475,41.155174305555555,-8.593896808510639,0.484569239103712,1,0,0.484569239103712,3605.743467561898,0.3289517721573036,3,True,False,0,True,False,1,132,0.12222222222222222,42
1628,3476,41.155174305555555,-8.592818085106384,0.5068473251610617,1,0,0.5068473251610617,3535.9417864552515,0.3225837687465906,3,True,True,1,True,False,1,130,0.1,38
1629,3477,41.155174305555555,-8.591739361702128,0.3882087295651788,1,0,0.3882087295651788,3467.092008550084,0.3163026074109907,3,True,False,0,True,False,1,130,0.36666666666666664,38
1630,3478,41.155174305555555,-8.590660638297873,0.5647450089268319,1,0.0017558739633502874,0.5629891349634816,3399.2519750075044,0.3101135649963533,3,True,False,0,True,False,1,110,0.2222222222222222,81
1631,3479,41.155174305555555,-8.589581914893618,0.5837456714187234,1,0.0016739558187457131,0.5820717155999776,3332.4833531159547,0.30402226740590726,3,True,True,1,True,False,1,110,0.18888888888888888,81
1632,3480,41.155174305555555,-8.588503191489362,0.6117648070027321,1,0.0015470421378829865,0.610217764864849,3266.8518367730094,0.29803470789020464,3,True,False,0,True,False,1,99,0.26666666666666666,70
1633,3481,41.155174305555555,-8.587424468085107,0.8042214078155139,1,0.0026747706038099906,0.8015466372117039,3202.427339309495,0.29215726463845365,3,True,False,0,True,False,1,75,0.26666666666666666,57
1634,3482,41.155174305555555,-8.586345744680852,0.8515096336203801,1,0.004172444704620172,0.8473371889157599,3139.28417306348,0.2863967171610441,3,True,True,1,True,False,1,75,0.2111111111111111,57
1635,3483,41.155174305555555,-8.585267021276596,0.8641277207908173,1,0.015719985979575066,0.8484077348112423,3077.5012088640624,0.2807602608392437,3,True,False,0,True,False,1,70,0.26666666666666666,52
1636,3484,41.155174305555555,-8.584188297872341,0.9724779235300238,1,0.02436610181037056,0.9481118217196532,3017.1620071771863,0.2752555188896241,3,True,False,0,True,False,1,70,0.15555555555555556,52
1637,3485,41.155174305555555,-8.583109574468086,1.0518858776922193,1,0.03764400075041894,1.0142418769418005,2958.354911143274,0.2698905508518783,3,True,False,0,True,False,1,67,0.12222222222222222,49
1638,3486,41.155174305555555,-8.58203085106383,1.072121927461325,1,0.05788005051952449,1.0142418769418005,2901.173090115253,0.26467385656079273,3,True,False,0,True,False,1,67,0.12222222222222222,19
1639,3487,41.155174305555555,-8.580952127659575,0.8477399699575139,1,0.037646838329142375,0.8100931316283715,2845.7145206741975,0.259614374414305,3,True,False,0,True,False,1,77,0.23333333333333334,29
1640,3488,41.155174305555555,-8.57987340425532,0.8770280977872335,1,0.057883739892039855,0.8191443578951936,2792.081890531655,0.2547214726065189,3,True,False,0,True,False,1,77,0.2222222222222222,29
1641,3489,41.155174305555555,-8.578794680851065,0.6429308082469165,1,0.0032059932851870184,0.6397248149617295,2740.382409378722,0.25000493187147604,3,True,False,0,True,False,1,88,0.34444444444444444,40
1642,3490,41.155174305555555,-8.57771595744681,0.5832112865042401,1,0.004364336680736843,0.5788469498235033,2690.7275097662377,0.245474918194473,3,True,False,0,True,False,1,88,0.4444444444444444,40
1643,3491,41.155174305555555,-8.576637234042552,1.3136385962537886,1,0.4062842468258597,0.9073543494279289,2643.232420733476,0.24114194391423113,3,True,False,0,False,False,0.55,68,0.2222222222222222,26
1644,3492,41.155174305555555,-8.575558510638297,1.3095889387187434,1,0.6374043040477272,0.6721846346710161,2598.0155973904252,0.2370168156837201,3,True,True,1,True,False,1,68,0.5222222222222223,26
1645,3493,41.155174305555555,-8.574479787234042,2.140612793982754,1,1.0,1.140612793982754,2555.197991281744,0.23311056790550314,3,True,False,0,True,True,1,42,0.28888888888888886,0
1646,3494,41.155174305555555,-8.573401063829786,2.1280094666428733,1,1.0,1.128009466642873,2514.902149418559,0.2294343805364588,3,True,False,0,True,True,1,42,0.3,0
1647,3495,41.155174305555555,-8.572322340425531,2.5307496393272513,1,1.0,1.5307496393272513,2477.251134587324,0.2259994805876196,3,True,False,0,True,True,1,21,0.23333333333333334,0
1648,3496,41.155174305555555,-8.571243617021276,2.4805656969643417,1,1.0,1.4805656969643415,2442.367266131769,0.22281702724578045,3,True,False,0,False,True,0.55,21,0.26666666666666666,0
1649,3497,41.155174305555555,-8.57016489361702,2.290852729104742,1,1.0,1.290852729104742,2410.370688867026,0.2198979813156155,3,True,True,1,True,True,1,36,0.23333333333333334,0
1650,3498,41.155174305555555,-8.569086170212765,2.4749681017656755,1,1.0,1.4749681017656755,2381.3777879770514,0.21725296061085997,3,True,False,0,True,True,1,36,0.1,0
1651,3499,41.155174305555555,-8.56800744680851,2.4768316114380564,1,1.0,1.4768316114380562,2355.4994792307684,0.21489208397082554,3,True,False,0,True,True,1,31,0.15555555555555556,0
1652,3500,41.155174305555555,-8.566928723404255,2.2924836230497885,1,1.0,1.2924836230497883,2332.83941593208,0.2128248076805518,3,True,False,0,True,True,1,31,0.28888888888888886,0
1653,3501,41.155174305555555,-8.56585,1.927931101395811,1,0.6374043040477272,1.2905267973480836,2313.492165687232,0.211059759137396,3,True,False,0,True,False,1,37,0.2222222222222222,6
1654,3502,41.155174305555555,-8.564771276595744,1.632909553733686,1,0.52829666186081,1.104612891872876,2297.541420122846,0.20960457352371092,3,True,False,0,True,False,1,37,0.37777777777777777,0
1655,3503,41.155174305555555,-8.563692553191489,1.6284554755393967,1,0.52829666186081,1.1001588136785867,2285.0583077875976,0.20846573989296036,3,True,False,0,True,False,1,53,0.2,0
1656,3504,41.155174305555555,-8.562613829787233,1.7364774077439842,1,0.6363185940653975,1.1001588136785867,2276.099883382143,0.2076484633422511,3,True,False,0,True,False,1,53,0.2,0
1657,3505,41.155174305555555,-8.561535106382978,1.6267898304167119,1,0.5282966618605626,1.0984931685561494,2270.707864216688,0.20715654973942843,3,True,False,0,True,False,1,59,0.13333333333333333,6
1658,3506,41.155174305555555,-8.560456382978723,1.413650253220104,1,0.365030532729141,1.048619720490963,2268.907676932422,0.20699231875552687,3,True,False,0,False,False,0.55,67,0.08888888888888889,14
1659,3507,41.155174305555555,-8.559377659574468,1.1282259113554671,1,0.240588481599963,0.8876374297555042,2270.7078642166935,0.20715654973942893,3,True,False,0,True,False,1,67,0.25555555555555554,23
1660,3508,41.155174305555555,-8.558298936170212,1.2287782095738113,1,0.25764625977190825,0.971131949801903,2276.099883382143,0.2076484633422511,3,True,False,0,True,False,1,63,0.2111111111111111,19
1661,3509,41.155174305555555,-8.557220212765957,1.196940717312792,1,0.25764625977190825,0.9392944575408837,2285.0583077876136,0.20846573989296183,3,True,False,0,True,False,1,63,0.24444444444444444,19
1662,3510,41.155174305555555,-8.556141489361702,1.4155533429431293,1,0.23955056446958936,1.1760027784735398,2297.541420122846,0.20960457352371092,3,True,False,0,True,False,1,53,0.13333333333333333,53
1663,3511,41.155174305555555,-8.555062765957446,0.9420138748763303,1,0.19631569363787052,0.7456981812384598,2313.492165687258,0.21105975913739838,3,True,True,1,True,False,1,53,0.5888888888888889,53
1664,3535,41.15598958333333,-8.68127340425532,1.797331928151933,1,0.005782571077451368,1.7915493570744818,10356.37986560119,0.9448119480965952,3,True,True,1,True,False,1,14,0.15555555555555556,14
1665,3536,41.15598958333333,-8.680194680851065,1.7585831315415676,1,0.0064068831376434664,1.7521762484039243,10268.020057274442,0.9367508877915433,3,True,False,0,True,False,1,14,0.17777777777777778,14
1666,3537,41.15598958333333,-8.67911595744681,1.4685839013603716,1,0.007701841271577547,1.4608820600887942,10179.696064722631,0.9286930949576088,3,True,False,0,True,False,1,30,0.17777777777777778,25
1667,3538,41.15598958333333,-8.678037234042554,1.6788093635949533,1,0.009560509337886606,1.6692488542570667,10091.408828380676,0.9206386553906158,3,True,False,0,True,False,1,30,0.044444444444444446,25
1668,3539,41.15598958333333,-8.676958510638299,1.5523403161217322,1,0.009560509337883523,1.5427798067838487,10003.159321486402,0.9125876578789962,3,True,False,0,True,False,1,34,0.07777777777777778,29
1669,3540,41.15598958333333,-8.675879787234043,1.5891319699334578,1,0.0116843966834363,1.5774475732500215,9914.948551503392,0.9045401943335954,3,True,False,0,True,False,1,34,0.05555555555555555,29
1670,3541,41.15598958333333,-8.674801063829788,1.4298958372681503,1,0.004363299610043198,1.4255325376581072,9826.777561619638,0.8964963599243948,3,True,False,0,True,False,1,39,0.1,34
1671,3542,41.15598958333333,-8.673722340425533,1.5812739523651556,1,0.005816848974837265,1.5754571033903182,9738.647432322334,0.88845625322418,3,True,False,0,True,False,1,39,0,34
1672,3543,41.15598958333333,-8.672643617021278,1.465131340055047,1,0.007565696383913835,1.457565643671133,9650.559283057682,0.8804199763599644,3,True,False,0,True,False,1,39,0.07777777777777778,34
1673,3544,41.15598958333333,-8.671564893617022,1.3287535304677147,1,0.009560509337886606,1.3191930211298282,9562.514273976565,0.8723876351722473,3,True,False,0,True,False,1,38,0.18888888888888888,28
1674,3545,41.15598958333333,-8.670486170212767,1.1709215344788666,1,0.007619402820351552,1.163302131658515,9474.513607775736,0.8643593393829853,3,True,False,0,True,False,1,52,0.15555555555555556,42
1675,3546,41.15598958333333,-8.669407446808512,1.2824432363332663,1,0.011001457911567763,1.2714417784216985,9386.558531636036,0.8563352027724158,3,True,False,0,True,False,1,52,0.06666666666666667,42
1676,3547,41.15598958333333,-8.668328723404256,1.2303583076976703,1,0.015722306464946132,1.2146360012327242,9298.650339268066,0.8483153433656838,3,True,False,0,True,False,1,57,0.05555555555555555,43
1677,3548,41.15598958333333,-8.667250000000001,1.225584025243321,1,0.024369278973805503,1.2012147462695155,9210.790373067759,0.840299883629494,3,True,True,1,True,False,1,57,0.06666666666666667,-7
1678,3549,41.15598958333333,-8.666171276595746,1.1596916885051176,1,0.03764825723131925,1.1220434312737984,9122.98002639305,0.8322889506798119,3,True,False,0,True,False,1,63,0.06666666666666667,-1
1679,3550,41.15598958333333,-8.66509255319149,1.2051424258730028,1,0.057885584708007004,1.1472568411649957,9035.220745965153,0.8242826765009317,3,True,False,0,True,False,1,63,0.044444444444444446,-1
1680,3551,41.15598958333333,-8.664013829787235,1.2356084038061863,1,0.08835156264119061,1.1472568411649957,8947.5140344067,0.8162811981770313,3,True,False,0,True,False,1,63,0.044444444444444446,-1
1681,3552,41.15598958333333,-8.66293510638298,1.2805081333393227,1,0.133251292174327,1.1472568411649957,8859.861452921341,0.8082846581366306,3,True,False,0,True,False,1,63,0.044444444444444446,-1
1682,3553,41.15598958333333,-8.661856382978725,1.3967896896665792,1,0.19678767902976152,1.2000020106368177,8772.264624128316,0.8002932044111916,3,True,False,0,True,False,1,61,0.022222222222222223,-3
1683,3554,41.15598958333333,-8.66077765957447,1.4142539375574676,1,0.2791006728884128,1.1351532646690548,8684.725235057958,0.7923069909083954,3,True,False,0,True,False,1,61,0.07777777777777778,-3
1684,3555,41.15598958333333,-8.659698936170214,1.5530386715236761,1,0.364196583694117,1.1888420878295591,8597.245040323027,0.7843261777014647,3,True,False,0,True,False,1,54,0.1111111111111111,-10
1685,3556,41.15598958333333,-8.658620212765959,1.4806101583546856,1,0.4049013531505079,1.0757088052041777,8509.825865473393,0.7763509313352109,3,True,False,0,True,False,1,54,0.2111111111111111,-10
1686,3557,41.15598958333333,-8.657541489361703,1.599461187146931,1,0.4049013531505079,1.1945598339964232,8422.469610550686,0.7683814251503243,3,True,False,0,False,False,0.55,35,0.32222222222222224,-14
1687,3558,41.15598958333333,-8.656462765957448,1.8182468629454533,1,0.4049013531505079,1.4133455097949454,8335.178253852242,0.7604178396267582,3,True,False,0,True,False,1,29,0.2222222222222222,-16
1688,3559,41.15598958333333,-8.655384042553193,1.8500061145600617,1,0.4049013531505079,1.4451047614095538,8247.953855922897,0.7524603627479016,3,True,False,0,True,False,1,29,0.2,-16
1689,3560,41.15598958333333,-8.654305319148937,1.8089364657314373,1,0.364196583694117,1.4447398820373203,8160.7985637861375,0.7445091903865855,3,True,False,0,True,False,1,30,0.18888888888888888,-15
1690,3561,41.15598958333333,-8.65322659574468,1.7078767416575453,1,0.279100672888282,1.4287760687692634,8073.714615435367,0.736564526714821,3,True,False,0,True,False,1,30,0.2,-15
1691,3562,41.15598958333333,-8.652147872340425,1.623400574754796,1,0.1967876790296529,1.426612895725143,7986.704344600017,0.7286265846386121,3,True,False,0,True,False,1,36,0.13333333333333333,-9
1692,3563,41.15598958333333,-8.65106914893617,1.482769269349947,1,0.13325129217424794,1.349517977175699,7899.770185808253,0.720695586259825,3,True,False,0,True,False,1,36,0.18888888888888888,-9
1693,3564,41.15598958333333,-8.649990425531914,1.2008025263988464,1,0.08835156264113614,1.1124509637577102,7812.914679765752,0.712771763366895,3,True,False,0,True,False,1,53,0.18888888888888888,8
1694,3565,41.15598958333333,-8.64891170212766,1.331532135435171,1,0.0883469703956658,1.2431851650395052,7726.140479075508,0.7048553579566426,3,True,False,0,True,False,1,53,0.07777777777777778,-3
1695,3566,41.15598958333333,-8.647832978723404,1.376431120837953,1,0.13324595579844783,1.2431851650395052,7639.45035431986,0.6969466227891375,3,True,False,0,True,False,1,53,0.07777777777777778,-3
1696,3567,41.15598958333333,-8.646754255319149,1.3853240958981239,1,0.19678218281455973,1.1885419130835642,7552.847200535294,0.6890458219783945,3,True,False,0,True,False,1,55,0.1,-1
1697,3568,41.15598958333333,-8.645675531914893,1.3909855213501208,1,0.2790962596576046,1.1118892616925162,7466.334044104599,0.6811532316211437,3,True,False,0,True,False,1,55,0.16666666666666666,-1
1698,3569,41.15598958333333,-8.644596808510638,1.2610701199998349,1,0.36419476466168565,0.8968753553381492,7379.9140501015145,0.673269140466883,3,True,True,1,True,False,1,70,0.2111111111111111,14
1699,3570,41.15598958333333,-8.643518085106383,1.4411489004948093,1,0.40490135315193615,1.0362475473428732,7293.590530117407,0.6653938506319049,3,True,False,0,True,False,1,70,0.06666666666666667,14
1700,3571,41.15598958333333,-8.642439361702127,1.2902997489808175,1,0.36419476466179346,0.9261049843190241,7207.366950610416,0.6575276783609892,3,True,False,0,True,False,1,75,0.12222222222222222,19
1701,3572,41.15598958333333,-8.641360638297872,1.269296112322123,1,0.2790962596576046,0.9901998526645184,7121.246941812442,0.6496709548399864,3,True,False,0,True,False,1,74,0.06666666666666667,18
1702,3573,41.15598958333333,-8.640281914893617,1.2092327916116559,1,0.19678218281455973,1.0124506087970961,7035.234307240587,0.6418240270635459,3,True,False,0,True,False,1,74,0.044444444444444446,18
1703,3574,41.15598958333333,-8.639203191489361,1.058649611120847,1,0.13324595579844783,0.9254036553223991,6949.333033856251,0.6339872587619303,3,True,False,0,True,False,1,78,0.08888888888888889,22
1704,3575,41.15598958333333,-8.638124468085106,1.0345453481201807,1,0.0883469703956658,0.9461983777245149,6863.547302923352,0.62616103139161,3,True,False,0,True,False,1,78,0.06666666666666667,22
1705,3576,41.15598958333333,-8.63704574468085,1.003841364069361,1,0.057881895162595655,0.9459594689067654,6777.881501621464,0.6183457451947286,3,True,False,0,True,False,1,79,0.05555555555555555,23
1706,3577,41.15598958333333,-8.635967021276596,0.95259264823224,1,0.037645419502208996,0.914947228730031,6692.340235469938,0.6105418203325558,3,True,False,0,True,False,1,79,0.08888888888888889,23
1707,3578,41.15598958333333,-8.63488829787234,0.9388524116433616,1,0.02436716080239243,0.9144852508409692,6606.928341631154,0.6027496980991408,3,True,False,0,True,False,1,81,0.06666666666666667,25
1708,3579,41.15598958333333,-8.633809574468085,0.9351551811911676,1,0.020669930350198384,0.9144852508409692,6521.650903158722,0.5949698422211768,3,True,False,0,False,False,0.55,81,0.06666666666666667,1
1709,3580,41.15598958333333,-8.63273085106383,0.9031426714779643,1,0.02951500946529443,0.87362766201267,6436.5132642705785,0.587202740251363,3,True,False,0,True,False,1,86,0.05555555555555555,6
1710,3581,41.15598958333333,-8.631652127659574,0.8404734286691188,1,0.04115022036873015,0.7993232083003886,6351.521046725383,0.5794489050624232,3,True,False,0,True,False,1,86,0.14444444444444443,6
1711,3582,41.15598958333333,-8.630573404255319,0.7451067751428903,1,0.055557536168038504,0.6895492389748518,6266.680167395995,0.5717088764503331,3,True,False,0,True,False,1,99,0.14444444444444443,19
1712,3583,41.15598958333333,-8.629494680851064,0.8697523974289819,1,0.07184088611419656,0.7979115113147853,6181.996857133525,0.5639832228552862,3,True,False,0,True,False,1,93,0.06666666666666667,13
1713,3584,41.15598958333333,-8.628415957446808,0.9036024055482802,1,0.08776104461185806,0.8158413609364221,6097.477681032047,0.5562725432104428,3,True,False,0,True,False,1,93,0.044444444444444446,13
1714,3585,41.15598958333333,-8.627337234042553,0.9535685412924849,1,0.09978775449846108,0.8537807867940238,6013.129560205415,0.5485774689286276,3,True,False,0,True,False,1,89,0.044444444444444446,9
1715,3586,41.15598958333333,-8.626258510638298,0.9301118424855556,1,0.10432131921618089,0.8257905232693746,5928.959795205675,0.5408986660387897,3,True,False,0,False,False,0.55,89,0.07777777777777778,9
1716,3587,41.15598958333333,-8.625179787234043,0.9646353132813096,1,0.09978775449844815,0.8648475587828615,5844.976091215668,0.5332368374843232,3,True,False,0,True,False,1,82,0.1111111111111111,2
1717,3588,41.15598958333333,-8.624101063829787,0.9720425712654986,1,0.08776104461185806,0.8842815266536406,5761.186585168319,0.5255927255971572,3,True,True,1,True,False,1,82,0.08888888888888889,2
1718,3589,41.15598958333333,-8.623022340425532,0.9463514461437141,1,0.07184088611417214,0.874510560029542,5677.59987495012,0.5179671147619894,3,True,False,0,True,False,1,82,0.1,2
1719,3590,41.15598958333333,-8.621943617021277,0.9302889600832682,1,0.055557536168038504,0.8747314239152297,5594.225050868359,0.5103608342870383,3,True,False,0,True,False,1,81,0.1111111111111111,1
1720,3591,41.15598958333333,-8.620864893617021,0.9158816442839406,1,0.04115022036871089,0.8747314239152297,5511.071729568888,0.5027747614983598,3,True,False,0,True,False,1,81,0.1111111111111111,1
1721,3592,41.15598958333333,-8.619786170212766,0.8461808689277741,1,0.02951500946529443,0.8166658594624797,5428.150090615506,0.49520982507698225,3,True,False,0,True,False,1,89,0.08888888888888889,9
1722,3593,41.15598958333333,-8.61870744680851,0.8526685209798949,1,0.026877997710520293,0.8257905232693746,5345.470915951828,0.4876670086590105,3,True,False,0,True,False,1,89,0.07777777777777778,6
1723,3594,41.15598958333333,-8.617628723404255,0.7887848610088384,1,0.026137551193550483,0.7626473098152879,5263.045632493231,0.4801473547212868,3,True,False,0,True,False,1,96,0.07777777777777778,13
1724,3595,41.15598958333333,-8.61655,0.7141384019164412,1,0.0240665792311055,0.6900718226853357,5180.886358108856,0.4726519687763258,3,True,False,0,True,False,1,96,0.17777777777777778,13
1725,3596,41.15598958333333,-8.615471276595745,0.5655088169859968,1,0.0028039481790410746,0.5627048688069557,5099.005951282888,0.46518202390291097,3,True,False,0,True,False,1,112,0.2,29
1726,3597,41.15598958333333,-8.61439255319149,0.5266438762010475,1,0.001026534463080655,0.5256173417379668,5017.418064759249,0.4577387656400963,3,True,True,1,True,False,1,118,0.2,35
1727,3598,41.15598958333333,-8.613313829787234,0.5821065724809937,1,0.0012095723559635216,0.5808970001250302,4936.137203505397,0.4503235172752409,3,True,False,0,True,False,1,118,0.1,35
1728,3599,41.15598958333333,-8.612235106382979,0.582284571789776,1,0.0013875716647458202,0.5808970001250302,4855.178787347903,0.4429376855582487,3,True,False,0,True,False,1,118,0.1,35
1729,3600,41.15598958333333,-8.611156382978724,0.5824440476899015,1,0.0015470475648713493,0.5808970001250302,4774.559218665684,0.43558276687721853,3,True,False,0,True,False,1,118,0.1,35
1730,3601,41.15598958333333,-8.610077659574468,0.5831856855476512,1,0.0018484452010733262,0.5813372403465779,4694.295955544797,0.4282603539323518,3,True,False,0,True,False,1,115,0.13333333333333333,32
1731,3602,41.15598958333333,-8.608998936170213,0.5395916475887182,1,0.001755874661403596,0.5378357729273147,4614.40759083204,0.42097214294800805,3,True,False,0,True,False,1,115,0.2111111111111111,32
1732,3603,41.15598958333333,-8.607920212765958,0.46362146463432574,1,0,0.46362146463432574,4534.9139375416835,0.413719941464356,3,True,False,0,True,False,1,131,0.17777777777777778,48
1733,3604,41.15598958333333,-8.606841489361702,0.4846916205247318,1,0,0.4846916205247318,4455.836121100337,0.40650567675286775,3,True,False,0,False,False,0.55,131,0.13333333333333333,48
1734,3605,41.15598958333333,-8.605762765957447,0.485181455369899,1,0,0.485181455369899,4377.196678927447,0.399331404901042,3,True,False,0,True,False,1,127,0.17777777777777778,33
1735,3606,41.15598958333333,-8.604684042553192,0.485181455369899,1,0,0.485181455369899,4299.0196678721395,0.3921993206138608,3,True,False,0,True,False,1,127,0.17777777777777778,33
1736,3607,41.15598958333333,-8.603605319148937,0.40452145421061625,1,0,0.40452145421061625,4221.330780028817,0.3851117677796401,3,True,False,0,False,False,0.55,143,0.17777777777777778,54
1737,3608,41.15598958333333,-8.602526595744681,0.4324088015194717,1,0,0.4324088015194717,4144.1574674617195,0.3780712508486446,3,True,True,1,True,False,1,143,0.1111111111111111,54
1738,3609,41.15598958333333,-8.601447872340426,0.45826712143768905,1,0,0.45826712143768905,4067.5290763495273,0.37108044707109167,3,True,False,0,False,False,0.55,133,0.16666666666666666,44
1739,3610,41.15598958333333,-8.60036914893617,0.46045235849900723,1,0.001026534463080655,0.4594258240359266,3991.4769910407235,0.3641422196393144,3,True,False,0,True,False,1,123,0.2777777777777778,34
1740,3611,41.15598958333333,-8.599290425531915,0.5435972295371718,1,0.0008497483729499627,0.5427474811642219,3916.0347884546513,0.35725963177376135,3,True,False,0,True,False,1,123,0.1111111111111111,34
1741,3612,41.15598958333333,-8.59821170212766,0.5256415267262005,1,0.0006874244481107818,0.5249541022780897,3841.238403195106,0.35043596178629977,3,True,False,0,True,False,1,123,0.14444444444444443,34
1742,3613,41.15598958333333,-8.597132978723405,0.5268854125622443,1,0.0011353224118656427,0.5257500901503787,3767.12630362673,0.34367471914365544,3,True,False,0,True,False,1,117,0.2111111111111111,28
1743,3614,41.15598958333333,-8.59605425531915,0.5268854125622443,1,0.0011353224118656427,0.5257500901503787,3693.7396790193293,0.3369796615405779,3,True,False,0,True,False,1,117,0.2111111111111111,22
1744,3615,41.15598958333333,-8.594975531914894,0.463504403287988,1,0,0.463504403287988,3621.1226376525374,0.330354812972918,3,True,False,0,True,False,1,132,0.16666666666666666,42
1745,3616,41.15598958333333,-8.593896808510639,0.5122515869138907,1,0,0.5122515869138907,3549.322415508778,0.32380448277667473,3,True,False,0,True,False,1,132,0.06666666666666667,42
1746,3617,41.15598958333333,-8.592818085106384,0.5240269727814473,1,0,0.5240269727814473,3478.3895948239588,0.3173332855663627,3,True,False,0,True,False,1,130,0.06666666666666667,38
1747,3618,41.15598958333333,-8.591739361702128,0.44853539733772413,1,0,0.44853539733772413,3408.3783313237454,0.3109461619657645,3,True,False,0,True,False,1,130,0.2222222222222222,101
1748,3619,41.15598958333333,-8.590660638297873,0.5641076205601463,1,0.001118485596664773,0.5629891349634816,3339.346588402986,0.30464839997210674,3,True,False,0,True,False,1,110,0.2222222222222222,81
1749,3620,41.15598958333333,-8.589581914893618,0.6232688871135448,1,0.0010696679593391256,0.6221992191542056,3271.3563758136734,0.2984456567315486,3,True,False,0,True,False,1,110,0.12222222222222222,92
1750,3621,41.15598958333333,-8.588503191489362,0.6112113946937088,1,0.000993629828859795,0.610217764864849,3204.4739895650996,0.29234398042525994,3,True,False,0,True,False,1,99,0.26666666666666666,81
1751,3622,41.15598958333333,-8.587424468085107,0.720073009904398,1,0.0028175646670213932,0.7172554452373766,3138.770248714287,0.2863498318717985,3,True,False,0,True,False,1,75,0.37777777777777777,57
1752,3623,41.15598958333333,-8.586345744680852,0.8423883852211875,1,0.004413942379729047,0.8379744428414585,3074.3207234905713,0.2804701053389031,3,True,False,0,True,False,1,75,0.2222222222222222,57
1753,3624,41.15598958333333,-8.585267021276596,0.8529584331158803,1,0.013925273494327504,0.8390331596215528,3011.2059477675853,0.27471214792730014,3,True,False,0,True,False,1,70,0.2777777777777778,52
1754,3625,41.15598958333333,-8.584188297872341,0.9281839997011829,1,0.021287794343006736,0.9068962053581762,2949.511607238336,0.2690837767379057,3,True,False,0,True,False,1,70,0.2,22
1755,3626,41.15598958333333,-8.583109574468086,0.9399119512323518,1,0.03232844298522722,0.9075835082471246,2889.3286927986455,0.2635932928649878,3,True,True,1,True,False,1,67,0.23333333333333334,19
1756,3627,41.15598958333333,-8.58203085106383,1.051672767380647,1,0.04863786834085506,1.003034899039792,2830.753606605737,0.2582494910718855,3,True,False,0,True,False,1,67,0.13333333333333333,19
1757,3628,41.15598958333333,-8.580952127659575,0.9568023088577129,1,0.04139286885752451,0.9154094400001884,2773.88820613443,0.25306166381025297,3,True,False,0,True,False,1,77,0.1111111111111111,29
1758,3629,41.15598958333333,-8.57987340425532,0.9698900558880826,1,0.06459553383656476,0.9052945220515178,2718.839769375614,0.24803959804511794,3,True,False,0,True,False,1,77,0.12222222222222222,29
1759,3630,41.15598958333333,-8.578794680851065,0.8032947028560673,1,0.0043750912188011285,0.7989196116372662,2665.7208622769513,0.24319356316150503,3,True,True,1,True,False,1,88,0.12222222222222222,46
1760,3631,41.15598958333333,-8.57771595744681,0.7289609059081354,1,0.0060685472959797915,0.7228923586121556,2614.6490877929273,0.23853428807028573,3,True,False,0,True,False,1,88,0.2222222222222222,46
1761,3632,41.15598958333333,-8.576637234042552,1.2723848821570698,1,0.365030532729141,0.9073543494279289,2565.7466947717485,0.23407292552695233,3,True,False,0,True,False,1,68,0.2222222222222222,26
1762,3633,41.15598958333333,-8.575558510638297,1.3771329936492096,1,0.5282966618605626,0.8488363317886469,2519.1400246763314,0.22982100165600516,3,True,False,0,True,False,1,68,0.28888888888888886,26
1763,3634,41.15598958333333,-8.574479787234042,1.669477009726915,1,0.6374078742407779,1.0320691354861369,2474.958775194861,0.22579034877018556,3,True,False,0,True,False,1,42,0.3888888888888889,0
1764,3635,41.15598958333333,-8.573401063829786,2.205773430547661,1,1.0,1.2057734305476608,2433.3350625694825,0.22199301982677547,3,True,False,0,True,True,1,42,0.23333333333333334,0
1765,3636,41.15598958333333,-8.572322340425531,2.3102291167492646,1,1.0,1.3102291167492646,2394.4022693367515,0.21844118330702425,3,True,False,0,True,True,1,21,0.3888888888888889,0
1766,3637,41.15598958333333,-8.571243617021276,2.618197914014563,1,1.0,1.6181979140145628,2358.2936714854536,0.21514699797183418,3,True,False,0,True,True,1,21,0.17777777777777778,0
1767,3638,41.15598958333333,-8.57016489361702,2.379842961900615,1,1.0,1.3798429619006154,2325.1408489478536,0.21212246785096725,3,True,False,0,True,True,1,36,0.16666666666666666,0
1768,3639,41.15598958333333,-8.569086170212765,2.1794086960339687,1,0.6374078742407779,1.5420008217931906,2295.0718957937033,0.20937927895914604,3,True,False,0,True,False,1,36,0.05555555555555555,0
1769,3640,41.15598958333333,-8.56800744680851,2.5439490221934506,1,1.0,1.5439490221934506,2268.20946105904,0.206928620560976,3,True,False,0,True,True,1,31,0.1111111111111111,0
1770,3641,41.15598958333333,-8.566928723404255,2.5439490221934506,1,1.0,1.5439490221934506,2244.6686669956543,0.2047809952529623,3,True,False,0,False,True,0.55,31,0.1111111111111111,0
1771,3642,41.15598958333333,-8.56585,2.5077312848030484,1,1.0,1.5077312848030484,2224.5549673903374,0.20294602357809646,3,True,False,0,False,True,0.55,37,0.06666666666666667,0
1772,3643,41.15598958333333,-8.564771276595744,1.9865851070735898,1,0.6374078742407779,1.349177232832812,2207.9620228388762,0.201432250187223,3,True,False,0,True,False,1,37,0.17777777777777778,0
1773,3644,41.15598958333333,-8.563692553191489,1.7622883291157323,1,0.6374078742407779,1.1248804548749542,2194.9696805824638,0.20024695953962987,3,True,False,0,False,False,0.55,53,0.17777777777777778,0
1774,3645,41.15598958333333,-8.562613829787233,2.1248804548749542,1,1.0,1.1248804548749542,2185.642151881821,0.19939600962499293,3,True,False,0,True,True,1,53,0.17777777777777778,0
1775,3646,41.15598958333333,-8.561535106382978,1.631365596606841,1,0.6374078742403547,0.9939577223664863,2180.0264783997104,0.19888369205153944,3,True,False,0,True,False,1,59,0.23333333333333334,6
1776,3647,41.15598958333333,-8.560456382978723,0.9506834631245569,1,0.4062887981509002,0.5443946649736567,2178.1513698556064,0.1987126260053497,3,True,False,0,True,False,1,67,0.7444444444444445,14
1777,3648,41.15598958333333,-8.559377659574468,0.8033663441441192,1,0.25897167917046254,0.5443946649736567,2180.026478399716,0.19888369205153994,3,True,False,0,True,False,1,67,0.7444444444444445,14
1778,3649,41.15598958333333,-8.558298936170212,0.7606730652212029,1,0.1650705875257283,0.5956024776954746,2185.642151881821,0.19939600962499293,3,True,False,0,True,False,1,63,0.7,19
1779,3650,41.15598958333333,-8.557220212765957,1.2020260237680946,1,0.16394510578426888,1.0380809179838257,2194.96968058248,0.20024695953963137,3,True,False,0,True,False,1,63,0.14444444444444443,19
1780,3651,41.15598958333333,-8.556141489361702,1.1958401356356736,1,0.15513448853518047,1.0407056471004932,2207.9620228388762,0.201432250187223,3,True,False,0,True,False,1,53,0.25555555555555554,53
1781,3652,41.15598958333333,-8.555062765957446,0.8783353453913296,1,0.1326371641528698,0.7456981812384598,2224.5549673903647,0.20294602357809896,3,True,False,0,False,False,0.55,53,0.5888888888888889,53
1782,3675,41.156804861111105,-8.682352127659575,1.8800691939891898,1,0.004259498052029648,1.8758096959371602,10426.163857492633,0.951178337721208,3,True,False,0,True,False,1,8,0.17777777777777778,-21
1783,3676,41.156804861111105,-8.68127340425532,1.4359903611211795,1,0.005047839288645365,1.4309425218325342,10337.611113504343,0.94309967590669,3,True,False,0,True,False,1,24,0.26666666666666666,-5
1784,3677,41.156804861111105,-8.680194680851065,1.677562812992913,1,0.005782876803054941,1.671779936189858,10249.090602526507,0.9350239547078886,3,True,False,0,True,False,1,24,0.1111111111111111,-5
1785,3678,41.156804861111105,-8.67911595744681,1.5691642816650118,1,0.0063868447930326075,1.5627774368719791,10160.603167027883,0.9269512509831808,3,True,False,0,True,False,1,27,0.14444444444444443,-2
1786,3679,41.156804861111105,-8.678037234042554,1.6772994460333919,1,0.006785530181484671,1.6705139158519071,10072.149678761736,0.9188816442625678,3,True,False,0,True,False,1,27,0.07777777777777778,-2
1787,3680,41.156804861111105,-8.676958510638299,1.6769507594043225,1,0.0077019051472557885,1.6692488542570667,9983.731040035409,0.910815216863497,3,True,False,0,True,False,1,30,0.044444444444444446,25
1788,3681,41.156804861111105,-8.675879787234043,1.5879734500399514,1,0.008931690393709994,1.5790417596462414,9895.348185043486,0.9027520540124875,3,True,False,0,True,False,1,30,0.1,25
1789,3682,41.156804861111105,-8.674801063829788,1.432318067839592,1,0.006785530181484671,1.4255325376581072,9807.002081272636,0.8946922439732934,3,True,False,0,True,False,1,39,0.1,34
1790,3683,41.156804861111105,-8.673722340425533,1.5818439481833508,1,0.0063868447930326075,1.5754571033903182,9718.693730978246,0.8866358781816167,3,True,False,0,True,False,1,39,0,34
1791,3684,41.156804861111105,-8.672643617021278,1.463348520474188,1,0.005782876803054941,1.457565643671133,9630.424172741488,0.8785830513871589,3,True,True,1,True,False,1,39,0.07777777777777778,34
1792,3685,41.156804861111105,-8.671564893617022,1.3215785141562666,1,0.005047839288645365,1.3165306748676213,9542.194483107445,0.8705338618030667,3,True,False,0,True,False,1,46,0.1,36
1793,3686,41.156804861111105,-8.670486170212767,1.0943665415854371,1,0.00691341198014074,1.0874531296052963,9454.005778313678,0.8624884112636299,3,True,False,0,True,False,1,55,0.18888888888888888,45
1794,3687,41.156804861111105,-8.669407446808512,1.2813027780010542,1,0.010823848286387919,1.2704789297146664,9365.85921611054,0.8544468053903472,3,True,False,0,True,False,1,55,0.03333333333333333,-9
1795,3688,41.156804861111105,-8.668328723404256,1.2045803418341972,1,0.01693849831236028,1.1876418435218368,9277.755997683316,0.8464091537672843,3,True,False,0,True,False,1,58,0.06666666666666667,-6
1796,3689,41.156804861111105,-8.667250000000001,1.2274025187923223,1,0.02649107128303582,1.2009114475092866,9189.69736967839,0.83837557012592,3,True,False,0,True,False,1,58,0.05555555555555555,-6
1797,3690,41.156804861111105,-8.666171276595746,1.2150238888514642,1,0.041394475421147756,1.1736294134303165,9101.684626344333,0.8303461725404783,3,True,False,0,True,False,1,61,0.044444444444444446,-3
1798,3691,41.156804861111105,-8.66509255319149,1.2645996856504167,1,0.06459767501359896,1.2000020106368177,9013.719111791086,0.8223210836340327,3,True,False,0,True,False,1,61,0.022222222222222223,-3
1799,3692,41.156804861111105,-8.664013829787235,1.3012069730050868,1,0.1005987476751029,1.200608225329984,8925.802222379149,0.8143004307964725,3,True,False,0,True,False,1,59,0.044444444444444446,-5
1800,3693,41.156804861111105,-8.66293510638298,1.3567165483703585,1,0.15610832304037447,1.200608225329984,8837.935409243073,0.8062843464147206,3,True,False,0,True,False,1,59,0.044444444444444446,-5
1801,3694,41.156804861111105,-8.661856382978725,1.4405981600458095,1,0.24059614940899196,1.2000020106368177,8750.12018096232,0.7982729681163958,3,True,False,0,True,False,1,61,0.022222222222222223,-3
1802,3695,41.156804861111105,-8.66077765957447,1.5001911069407474,1,0.3650378422716926,1.1351532646690548,8662.358106385109,0.7902664390274321,3,True,False,0,True,False,1,61,0.07777777777777778,-3
1803,3696,41.156804861111105,-8.659698936170214,1.5894404486832643,1,0.5283008387299009,1.0611396099533634,8574.650817619748,0.7822649080449781,3,True,False,0,True,False,1,64,0.1111111111111111,0
1804,3697,41.156804861111105,-8.658620212765959,1.4955064609215345,1,0.6363185940631532,0.8591878668583813,8487.000013200504,0.7742685301262185,3,True,True,1,True,False,1,64,0.32222222222222224,0
1805,3698,41.156804861111105,-8.657541489361703,1.7623358658751291,1,0.6363185940631532,1.126017271811976,8399.407461444223,0.766277466594599,3,True,False,0,False,False,0.55,49,0.2222222222222222,0
1806,3699,41.156804861111105,-8.656462765957448,1.868253291754514,1,0.6363185940631532,1.231934697691361,8311.875004006532,0.7582918854642581,3,True,False,0,False,False,0.55,45,0.17777777777777778,0
1807,3700,41.156804861111105,-8.655384042553193,1.868253291754514,1,0.6363185940631532,1.231934697691361,8224.404559655688,0.7503119617843151,3,True,False,0,True,False,1,45,0.17777777777777778,0
1808,3701,41.156804861111105,-8.654305319148937,1.706086790142524,1,0.5283008387299009,1.1777859514126232,8136.998128275126,0.7423378780040225,3,True,False,0,True,False,1,47,0.2,2
1809,3702,41.156804861111105,-8.65322659574468,1.5559832771112592,1,0.36503784227147607,1.1909454348397832,8049.657795114849,0.7343698243606197,3,True,False,0,True,False,1,47,0.18888888888888888,2
1810,3703,41.156804861111105,-8.652147872340425,1.4050739273864044,1,0.24059614940884055,1.1644777779775637,7962.385735305934,0.7264079992911916,3,True,False,0,True,False,1,48,0.2,3
1811,3704,41.156804861111105,-8.65106914893617,1.4008641576941514,1,0.15610832304027403,1.2447558346538774,7875.184218659276,0.7184526098704576,3,True,False,0,True,False,1,48,0.13333333333333333,3
1812,3705,41.156804861111105,-8.649990425531914,1.402582271102762,1,0.10059874767503746,1.3019835234277246,7788.0556147674815,0.7105038722762168,3,True,False,0,True,False,1,46,0.1111111111111111,1
1813,3706,41.156804861111105,-8.64891170212766,1.4182939382352895,1,0.07217953548817882,1.3461144027471106,7701.002398434288,0.7025620122846739,3,True,False,0,True,False,1,46,0.07777777777777778,-10
1814,3707,41.156804861111105,-8.647832978723404,1.4214232031578637,1,0.10489252829024232,1.3165306748676213,7614.027155452053,0.694627265797519,3,True,False,0,True,False,1,46,0.1,-10
1815,3708,41.156804861111105,-8.646754255319149,1.4477868474376332,1,0.1474462052093605,1.3003406422282726,7527.132588757269,0.6866998794034953,3,True,False,0,True,False,1,51,0.05555555555555555,-5
1816,3709,41.156804861111105,-8.645675531914893,1.3093310765947723,1,0.1963181270123057,1.1130129495824665,7440.321524988022,0.6787801109766349,3,True,False,0,True,False,1,51,0.2111111111111111,-5
1817,3710,41.156804861111105,-8.644596808510638,1.2659027257854993,1,0.23955141017941062,1.0263513156060888,7353.596921477939,0.6708682303143172,3,True,False,0,True,False,1,64,0.14444444444444443,8
1818,3711,41.156804861111105,-8.643518085106383,1.307060690130488,1,0.25764625977190825,1.0494144303585797,7266.961873715465,0.6629645198177776,3,True,False,0,True,False,1,64,0.12222222222222222,8
1819,3712,41.156804861111105,-8.642439361702127,1.287906361142607,1,0.23955141017946072,1.0483549509631462,7180.4196233083385,0.6550692752187061,3,True,False,0,True,False,1,68,0.07777777777777778,12
1820,3713,41.156804861111105,-8.641360638297872,1.2441437394605896,1,0.1963181270123057,1.0478256124482839,7093.973566487964,0.6471828063551013,3,True,False,0,True,False,1,70,0.05555555555555555,14
1821,3714,41.156804861111105,-8.640281914893617,1.1609200080667594,1,0.1474462052093605,1.0134738028573989,7007.627263199796,0.6393054380005854,3,True,False,0,True,False,1,70,0.08888888888888889,14
1822,3715,41.156804861111105,-8.639203191489361,1.072841645865242,1,0.10489252829024232,0.9679491175749998,6921.384446822296,0.6314375107510635,3,True,False,0,True,False,1,76,0.06666666666666667,20
1823,3716,41.156804861111105,-8.638124468085106,1.0188559118778144,1,0.07217953548817882,0.9466763763896356,6835.249034565489,0.6235793819733844,3,True,False,0,True,False,1,76,0.08888888888888889,20
1824,3717,41.156804861111105,-8.63704574468085,0.8861504873814319,1,0.021739610012558874,0.864410877368873,6749.2251386045145,0.6157314268210529,3,True,False,0,True,False,1,84,0.08888888888888889,28
1825,3718,41.156804861111105,-8.635967021276596,0.9093376379023996,1,0.015627455722740546,0.8937101821796591,6663.317078003843,0.6078940393220758,3,True,False,0,True,False,1,84,0.05555555555555555,28
1826,3719,41.156804861111105,-8.63488829787234,0.8464408216565845,1,0.011001851742722366,0.8354389699138621,6577.5293915001575,0.6000676335451435,3,True,True,1,True,False,1,87,0.08888888888888889,31
1827,3720,41.156804861111105,-8.633809574468085,0.8698395538421781,1,0.01562745572274842,0.8542120981194298,6491.866851209637,0.5922526448501444,3,True,False,0,False,False,0.55,87,0.06666666666666667,7
1828,3721,41.156804861111105,-8.63273085106383,0.8759517081319886,1,0.021739610012558874,0.8542120981194298,6406.334477339692,0.584449531230316,3,True,False,0,True,False,1,87,0.06666666666666667,7
1829,3722,41.156804861111105,-8.631652127659574,0.8285662245577706,1,0.029444840068530428,0.7991213844892402,6320.937553983955,0.5766587747532208,3,True,False,0,True,False,1,87,0.13333333333333333,7
1830,3723,41.156804861111105,-8.630573404255319,0.8372579801845512,1,0.03854009045295165,0.7987178897315995,6235.6816460949185,0.5688808831091595,3,True,False,0,True,False,1,89,0.1111111111111111,9
1831,3724,41.156804861111105,-8.629494680851064,0.8462171514850728,1,0.048305640170287496,0.7979115113147853,6150.572617728657,0.5611163912756352,3,True,False,0,True,False,1,93,0.06666666666666667,13
1832,3725,41.156804861111105,-8.628415957446808,0.8732259351812989,1,0.05738457424487678,0.8158413609364221,6065.6166516732,0.5533658633080494,3,True,False,0,True,False,1,93,0.044444444444444446,13
1833,3726,41.156804861111105,-8.627337234042553,0.8983465467504043,1,0.06396175836208677,0.8343847883883175,5980.820270573796,0.5456298942669584,3,True,False,0,True,False,1,92,0.03333333333333333,12
1834,3727,41.156804861111105,-8.626258510638298,0.8383293673730566,1,0.0663815951744536,0.771947772198603,5896.190359687095,0.5379091122939361,3,True,False,0,True,False,1,92,0.1111111111111111,12
1835,3728,41.156804861111105,-8.625179787234043,0.8713998537446914,1,0.0639617583620798,0.8074380953826116,5811.734191400056,0.5302041808484325,3,True,False,0,True,False,1,90,0.08888888888888889,10
1836,3729,41.156804861111105,-8.624101063829787,0.8648226696274883,1,0.05738457424487678,0.8074380953826116,5727.45945167013,0.5225158011199101,3,True,False,0,True,False,1,90,0.08888888888888889,10
1837,3730,41.156804861111105,-8.623022340425532,0.8468218589296501,1,0.04830564017027319,0.798516218759377,5643.374268549327,0.5148447146300932,3,True,False,0,True,False,1,90,0.1,10
1838,3731,41.156804861111105,-8.621943617021277,0.8193100274274847,1,0.03854009045295165,0.7807699369745331,5559.487242978038,0.5071917060422861,3,True,False,0,True,False,1,91,0.1111111111111111,11
1839,3732,41.156804861111105,-8.620864893617021,0.810214777043051,1,0.02944484006851791,0.7807699369745331,5475.807482043153,0.49955760619550954,3,True,False,0,True,False,1,91,0.1111111111111111,11
1840,3733,41.156804861111105,-8.619786170212766,0.8202558287719358,1,0.021739610012558874,0.798516218759377,5392.344634921054,0.4919432953835779,3,True,False,0,True,False,1,90,0.1,10
1841,3734,41.156804861111105,-8.61870744680851,0.842684986351047,1,0.01710296971439092,0.8255820166366561,5309.108931737838,0.48434970690031504,3,True,False,0,False,False,0.55,90,0.06666666666666667,7
1842,3735,41.156804861111105,-8.617628723404255,0.81439322864312,1,0.016683184695352935,0.7977100439477671,5226.111225608298,0.4767778308747684,3,True,True,1,True,False,1,94,0.05555555555555555,11
1843,3736,41.156804861111105,-8.61655,0.7059188505970233,1,0.015498418763916565,0.6904204318331068,5143.363038130334,0.4692287184216613,3,True,False,0,True,False,1,94,0.2,11
1844,3737,41.156804861111105,-8.615471276595745,0.6375188249267151,1,0.01374641010096833,0.6237724148257467,5060.876608644148,0.46170348613530665,3,True,False,0,True,False,1,100,0.23333333333333334,17
1845,3738,41.156804861111105,-8.61439255319149,0.49202222357371533,1,0.0006759020184859233,0.4913463215552294,4978.664947584289,0.4542033209569107,3,True,False,0,True,False,1,121,0.23333333333333334,38
1846,3739,41.156804861111105,-8.613313829787234,0.581245900122919,1,0.0007888068304167333,0.5804570932925023,4896.741894288836,0.44672948544850216,3,True,False,0,True,False,1,121,0.06666666666666667,38
1847,3740,41.156804861111105,-8.612235106382979,0.5244241133253726,1,0,0.5244241133253726,4815.122179652371,0.43928332350875854,3,True,False,0,True,False,1,127,0.1,44
1848,3741,41.156804861111105,-8.611156382978724,0.5072314458893005,1,0,0.5072314458893005,4733.821494048853,0.4318662665696068,3,True,False,0,True,False,1,127,0.13333333333333333,44
1849,3742,41.156804861111105,-8.610077659574468,0.5072314458893005,1,0,0.5072314458893005,4652.856560975902,0.4244798403147868,3,True,False,0,True,False,1,127,0.13333333333333333,44
1850,3743,41.156804861111105,-8.608998936170213,0.5072314458893005,1,0,0.5072314458893005,4572.245216913884,0.4171256719653914,3,True,False,0,True,False,1,127,0.13333333333333333,44
1851,3744,41.156804861111105,-8.607920212765958,0.43339266640043067,1,0,0.43339266640043067,4492.0064979201825,0.4098054981798566,3,True,False,0,True,False,1,134,0.2111111111111111,51
1852,3745,41.156804861111105,-8.606841489361702,0.4843245689553624,1,0,0.4843245689553624,4412.160733521174,0.40252117361972134,3,True,False,0,False,False,0.55,134,0.1,51
1853,3746,41.156804861111105,-8.605762765957447,0.40452145421061625,1,0,0.40452145421061625,4332.729648490181,0.3952746802348244,3,True,False,0,True,False,1,143,0.17777777777777778,49
1854,3747,41.156804861111105,-8.604684042553192,0.40452145421061625,1,0,0.40452145421061625,4253.736473138071,0.3880681373251095,3,True,False,0,True,False,1,143,0.17777777777777778,49
1855,3748,41.156804861111105,-8.603605319148937,0.4137159062181487,1,0,0.4137159062181487,4175.206062762183,0.3809038124379438,3,True,False,0,False,False,0.55,142,0.16666666666666666,53
1856,3749,41.156804861111105,-8.602526595744681,0.44223711082623934,1,0,0.44223711082623934,4097.165026926836,0.3737841331623719,3,True,False,0,True,False,1,142,0.1,53
1857,3750,41.156804861111105,-8.601447872340426,0.34580899744031224,1,0,0.34580899744031224,4019.6418692516904,0.3667116998819998,2,True,False,0,False,False,0.55,148,0.2777777777777778,59
1858,3751,41.156804861111105,-8.60036914893617,0.45826712143768905,1,0,0.45826712143768905,3942.667138388826,0.359689299548625,3,True,False,0,True,False,1,133,0.16666666666666666,44
1859,3752,41.156804861111105,-8.599290425531915,0.4844468885831895,1,0,0.4844468885831895,3866.2735908409845,0.3527199205361359,3,True,False,0,True,False,1,133,0.1111111111111111,44
1860,3753,41.156804861111105,-8.59821170212766,0.45320344814640773,1,0,0.45320344814640773,3790.4963662354967,0.34580676863074195,3,True,False,0,True,False,1,133,0.17777777777777778,44
1861,3754,41.156804861111105,-8.597132978723405,0.4236539198394542,1,0,0.4236539198394542,3715.3731755839453,0.3389532842058923,3,True,False,0,True,False,1,136,0.2111111111111111,47
1862,3755,41.156804861111105,-8.59605425531915,0.4236539198394542,1,0,0.4236539198394542,3640.94450294637,0.33216316062008955,3,True,False,0,True,False,1,136,0.2111111111111111,41
1863,3756,41.156804861111105,-8.594975531914894,0.4236539198394542,1,0,0.4236539198394542,3567.2538207403973,0.32544036385952957,3,True,False,0,True,False,1,136,0.2111111111111111,46
1864,3757,41.156804861111105,-8.593896808510639,0.4682099915353164,1,0,0.4682099915353164,3494.347818704742,0.3187891534264288,3,True,False,0,True,False,1,136,0.1111111111111111,46
1865,3758,41.156804861111105,-8.592818085106384,0.5245565603794295,1,0,0.5245565603794295,3422.27664619794,0.31221410444392367,3,True,False,0,True,False,1,126,0.1111111111111111,34
1866,3759,41.156804861111105,-8.591739361702128,0.49072632627911583,1,0,0.49072632627911583,3351.0941670953825,0.305720130910313,3,True,False,0,True,False,1,126,0.17777777777777778,108
1867,3760,41.156804861111105,-8.590660638297873,0.5496018247096713,1,0.0005129410155309635,0.5490888836941403,3280.858225989937,0.2993125099845252,3,True,False,0,True,False,1,121,0.12222222222222222,103
1868,3761,41.156804861111105,-8.589581914893618,0.48636045554249596,1,0.00044331956231499536,0.485917135980181,3211.6309237053006,0.29299690712118603,3,True,False,0,True,False,1,121,0.24444444444444444,103
1869,3762,41.156804861111105,-8.588503191489362,0.4880293081750349,1,0.0006374627454491526,0.48739184542958575,3143.478899240675,0.28677940179241523,3,True,False,0,False,False,0.55,109,0.37777777777777777,91
1870,3763,41.156804861111105,-8.587424468085107,0.6681963371230176,1,0.0005791908291871953,0.6676171462938304,3076.4736141769954,0.28066651343419086,3,True,False,0,False,False,0.55,95,0.2222222222222222,77
1871,3764,41.156804861111105,-8.586345744680852,0.6320517021566932,1,0.0005129410155309635,0.6315387611411621,3010.6916342313475,0.27466522713254254,3,True,False,0,False,False,0.55,95,0.2777777777777778,47
1872,3765,41.156804861111105,-8.585267021276596,0.7397125293236976,1,0.0005760745946821877,0.7391364547290153,2946.2149010457683,0.26878301841882857,3,True,False,0,True,False,1,88,0.2,40
1873,3766,41.156804861111105,-8.584188297872341,0.715768565679266,1,0.000863886212173098,0.7149046794670928,2883.1309853916855,0.2630278763695624,3,True,False,0,True,False,1,88,0.23333333333333334,40
1874,3767,41.156804861111105,-8.583109574468086,0.932613551423716,1,0.026404128467660826,0.9062094229560552,2821.5333107785036,0.2574083240062113,3,True,False,0,True,False,1,73,0.16666666666666666,25
1875,3768,41.156804861111105,-8.58203085106383,1.040239527454332,1,0.038723227517185585,1.0015162999371463,2761.5213339603724,0.2519334347628188,3,True,False,0,True,False,1,73,0.06666666666666667,25
1876,3769,41.156804861111105,-8.580952127659575,0.9179236024500199,1,0.042750283407072535,0.8751733190429474,2703.2006661057903,0.2466128435403006,3,True,False,0,False,False,0.55,79,0.13333333333333333,37
1877,3770,41.156804861111105,-8.57987340425532,0.9719060026365148,1,0.0670685846005553,0.9048374180359595,2646.683115491966,0.2414567506014486,3,True,False,0,True,False,1,79,0.1,37
1878,3771,41.156804861111105,-8.578794680851065,0.8414964818704547,1,0.005846515879948121,0.8356499659905066,2592.0866296772574,0.23647591629532608,3,True,False,0,True,False,1,86,0.1,44
1879,3772,41.156804861111105,-8.57771595744681,0.7643985251353514,1,0.008271167526663986,0.7561273576086874,2539.535112386347,0.23168164435171246,3,True,False,0,True,False,1,86,0.2,44
1880,3773,41.156804861111105,-8.576637234042552,1.1642705529295583,1,0.25897603087804055,0.9052945220515178,2489.158088138461,0.22708575128515474,3,True,False,0,True,False,1,77,0.12222222222222222,35
1881,3774,41.156804861111105,-8.575558510638297,1.0996840786065578,1,0.40629334960102,0.6933907290055378,2441.0901863507524,0.2227005193297484,3,True,False,0,True,False,1,77,0.3888888888888889,21
1882,3775,41.156804861111105,-8.574479787234042,1.6658382929107158,1,0.6374114445115233,1.0284268483991925,2395.4704167526165,0.21853863033522664,3,True,False,0,True,False,1,56,0.23333333333333334,0
1883,3776,41.156804861111105,-8.573401063829786,1.8802711864831827,1,1.0,0.8802711864831828,2352.4412100404675,0.21461307824594966,3,True,False,0,True,True,1,56,0.3888888888888889,0
1884,3777,41.156804861111105,-8.572322340425531,1.942357386511179,1,0.6374114445115233,1.3049459419996556,2312.147202365766,0.21093705820981673,3,True,False,0,True,False,1,37,0.2111111111111111,16
1885,3778,41.156804861111105,-8.571243617021276,2.3491772328328118,1,1.0,1.349177232832812,2274.733750068329,0.20752383107746986,3,True,False,0,True,True,1,37,0.17777777777777778,0
1886,3779,41.156804861111105,-8.57016489361702,2.476085925207279,1,1.0,1.476085925207279,2240.345172422936,0.20438656308816666,3,True,False,0,True,True,1,33,0.13333333333333333,0
1887,3780,41.156804861111105,-8.569086170212765,2.5431694468390535,1,1.0,1.5431694468390538,2209.122735188935,0.20153814190912492,3,True,False,0,True,True,1,33,0.08888888888888889,0
1888,3781,41.156804861111105,-8.56800744680851,2.3781018353659764,1,1.0,1.3781018353659764,2181.20240608489,0.19899097186760195,3,True,False,0,True,True,1,41,0.1111111111111111,0
1889,3782,41.156804861111105,-8.566928723404255,2.0155132798774997,1,0.6374114445115233,1.3781018353659764,2156.712434044825,0.19675675310657914,3,True,False,0,False,False,0.55,41,0.1111111111111111,10
1890,3783,41.156804861111105,-8.56585,2.4742233564637712,1,1.0,1.4742233564637712,2135.7708256514243,0.1948462513599057,3,True,False,0,False,True,0.55,38,0.07777777777777778,0
1891,3784,41.156804861111105,-8.564771276595744,2.3488365745256123,1,1.0,1.3488365745256123,2118.4828122845897,0.19326906688040507,3,True,False,0,False,True,0.55,38,0.16666666666666666,0
1892,3785,41.156804861111105,-8.563692553191489,2.3488365745256123,1,1.0,1.3488365745256123,2104.9384176025214,0.19203341252131198,3,True,False,0,False,True,0.55,38,0.16666666666666666,0
1893,3786,41.156804861111105,-8.562613829787233,1.766560890306175,1,0.6374114445115233,1.1291494457946516,2095.2102442413902,0.19114591181700885,3,True,False,0,True,False,1,38,0.34444444444444444,-15
1894,3787,41.156804861111105,-8.561535106382978,1.0487649646268138,1,0.5282987502799633,0.5204662143468505,2089.351598696724,0.1906114279160611,3,True,False,0,True,False,1,69,0.7666666666666667,16
1895,3788,41.156804861111105,-8.560456382978723,0.7998519454455578,1,0.3650341874566575,0.4348177579889003,2087.3950627780832,0.190432933255108,3,True,False,0,True,False,1,77,0.8555555555555555,24
1896,3790,41.156804861111105,-8.558298936170212,0.6008057516200411,1,0.15610493065329878,0.44470082096674235,2095.2102442413902,0.19114591181700885,3,True,False,0,True,False,1,76,0.8444444444444444,23
1897,3791,41.156804861111105,-8.557220212765957,0.5452968063966133,1,0.10059598542987092,0.44470082096674235,2104.9384176025387,0.19203341252131356,3,True,False,0,False,False,0.55,76,0.8444444444444444,32
1898,3792,41.156804861111105,-8.556141489361702,1.1378687816974227,1,0.09978786371359694,1.0380809179838257,2118.4828122845897,0.19326906688040507,3,True,False,0,False,False,0.55,63,0.14444444444444443,63
1899,3793,41.156804861111105,-8.555062765957446,0.6833638862373446,1,0.08776140854186994,0.5956024776954746,2135.7708256514525,0.19484625135990827,3,True,False,0,False,False,0.55,63,0.7,63
1900,3815,41.15762013888889,-8.68343085106383,2.055345441183974,1,0.005161958426362814,2.0501834827576113,10497.044964768362,0.95764481712014,3,True,False,0,True,False,1,8,0.08888888888888889,-21
1901,3816,41.15762013888889,-8.682352127659575,1.8822175391589087,1,0.006407843221748438,1.8758096959371602,10408.311242707741,0.9495496446863418,3,True,False,0,True,False,1,8,0.17777777777777778,-21
1902,3817,41.15762013888889,-8.68127340425532,1.5716644155794168,1,0.007702607838092503,1.5639618077413244,10319.606414402782,0.9414571082282349,3,True,False,0,True,False,1,24,0.17777777777777778,-5
1903,3818,41.15762013888889,-8.680194680851065,1.8159297328400807,1,0.008932163151215148,1.8069975696888656,10230.931231416123,0.9333672763108362,3,True,False,0,True,False,1,24,0.03333333333333333,-5
1904,3819,41.15762013888889,-8.67911595744681,1.7563913889296672,1,0.00995780302569627,1.7464335859039708,10142.286471339195,0.9252802198737675,3,True,False,0,False,False,0.55,27,0.03333333333333333,-2
1905,3820,41.15762013888889,-8.678037234042554,1.7570757451231926,1,0.010642159219221757,1.7464335859039708,10053.672938915795,0.9171960123337601,3,True,False,0,True,False,1,27,0.03333333333333333,-2
1906,3821,41.15762013888889,-8.676958510638299,1.6987824241368161,1,0.010882937643004314,1.6878994864938117,9965.091467225926,0.9091147296926555,3,True,False,0,True,False,1,30,0.03333333333333333,1
1907,3822,41.15762013888889,-8.675879787234043,1.5899246972892458,1,0.010882937643004314,1.5790417596462414,9876.54291892922,0.9010364506508429,3,True,True,1,True,False,1,30,0.1,1
1908,3823,41.15762013888889,-8.674801063829788,1.436174696877329,1,0.010642159219221757,1.4255325376581072,9788.028187575812,0.8929612567268504,3,True,False,0,False,False,0.55,39,0.1,10
1909,3824,41.15762013888889,-8.673722340425533,1.5854149064160146,1,0.00995780302569627,1.5754571033903182,9699.548198984541,0.8848892323830785,3,True,False,0,False,False,0.55,39,0,10
1910,3825,41.15762013888889,-8.672643617021278,1.4664978068223482,1,0.008932163151215148,1.457565643671133,9611.103912696904,0.8768204651584433,3,True,False,0,True,False,1,39,0.07777777777777778,10
1911,3826,41.15762013888889,-8.671564893617022,1.3242332827057137,1,0.007702607838092503,1.3165306748676213,9522.696323507138,0.8687550458079666,3,True,False,0,True,False,1,46,0.1,17
1912,3827,41.15762013888889,-8.670486170212767,1.195599320434624,1,0.0070574073510599675,1.1885419130835642,9434.326463077527,0.8606930684501403,3,True,False,0,True,False,1,55,0.1,-9
1913,3828,41.15762013888889,-8.669407446808512,1.2815508486055338,1,0.01107191889086736,1.2704789297146664,9345.995401639986,0.8526346307221613,3,True,False,0,True,False,1,55,0.03333333333333333,-9
1914,3829,41.15762013888889,-8.668328723404256,1.24526713011451,1,0.01737003149303016,1.2278970986214799,9257.704249793713,0.8445798339439313,3,True,False,0,True,False,1,58,0.03333333333333333,-6
1915,3830,41.15762013888889,-8.667250000000001,1.2551478396258118,1,0.02725074100433196,1.2278970986214799,9169.454160400757,0.83652878329099,3,True,False,0,True,False,1,58,0.03333333333333333,-6
1916,3831,41.15762013888889,-8.666171276595746,1.2294944152157536,1,0.04275195964298335,1.1867424555727704,9081.246330590142,0.82848158797735,3,True,False,0,True,False,1,61,0.03333333333333333,-3
1917,3832,41.15762013888889,-8.66509255319149,1.2670728493067493,1,0.0670708386699317,1.2000020106368177,8993.082003873285,0.8204383614484879,3,True,False,0,True,False,1,61,0.022222222222222223,-3
1918,3833,41.15762013888889,-8.664013829787235,1.332810248720155,1,0.10522318597598787,1.2275870627441672,8904.962472382353,0.8123992215855476,3,True,False,0,True,False,1,59,0.022222222222222223,-5
1919,3834,41.15762013888889,-8.66293510638298,1.3926650472671966,1,0.16507798452302955,1.2275870627441672,8816.889079235378,0.8043642909211111,3,True,False,0,True,False,1,59,0.022222222222222223,-5
1920,3835,41.15762013888889,-8.661856382978725,1.4589823933660604,1,0.2589803827292426,1.2000020106368177,8728.863221040863,0.7963336968676932,3,True,False,0,True,False,1,61,0.022222222222222223,-3
1921,3836,41.15762013888889,-8.66077765957447,1.5930403567489912,1,0.4062979011762209,1.1867424555727704,8640.88635054704,0.7883075719594326,3,True,False,0,True,False,1,61,0.03333333333333333,-3
1922,3837,41.15762013888889,-8.659698936170214,1.7843821812780671,1,0.637415014859964,1.1469671664181031,8552.959979449812,0.7802860541082607,3,True,False,0,True,False,1,64,0.03333333333333333,0
1923,3838,41.15762013888889,-8.658620212765959,2.0037950618674163,1,1.0,1.003795061867416,8465.08568136599,0.7722692868751503,3,True,False,0,True,True,1,64,0.16666666666666666,0
1924,3839,41.15762013888889,-8.657541489361703,2.1903440991116687,1,1.0,1.1903440991116685,8377.26509498753,0.7642574197578753,3,True,False,0,False,True,0.55,49,0.16666666666666666,0
1925,3840,41.15762013888889,-8.656462765957448,2.407646543702398,1,1.0,1.407646543702398,8289.499927425035,0.7562506084960395,3,True,False,0,False,True,0.10000000000000003,45,0.044444444444444446,0
1926,3841,41.15762013888889,-8.655384042553193,2.4392777339924248,1,1.0,1.4392777339924248,8201.791957758145,0.7482490153949776,3,True,False,0,False,True,0.55,45,0.022222222222222223,0
1927,3842,41.15762013888889,-8.654305319148937,2.044350805462747,1,0.637415014859964,1.4069357906027826,8114.143040803132,0.7402528096694728,3,True,True,1,True,False,1,47,0.022222222222222223,2
1928,3843,41.15762013888889,-8.65322659574468,1.8289534821169608,1,0.40629790117595116,1.4226555809410097,8026.555111117384,0.732262167809086,3,True,False,0,True,False,1,47,0.011111111111111112,2
1929,3844,41.15762013888889,-8.652147872340425,1.6655609313717152,1,0.2589803827290707,1.4065805486426446,7939.030187254321,0.7242772739663316,3,True,False,0,True,False,1,48,0.011111111111111112,3
1930,3845,41.15762013888889,-8.65106914893617,1.5561163656763222,1,0.1650779845229199,1.3910383811534022,7851.570376289252,0.71629832036957,3,True,False,0,True,False,1,48,0.022222222222222223,3
1931,3846,41.15762013888889,-8.649990425531914,1.5282380687412436,1,0.10522318597591811,1.4230148827653255,7764.17787863437,0.7083255077622813,3,True,False,0,True,False,1,46,0.022222222222222223,1
1932,3847,41.15762013888889,-8.64891170212766,1.5220622532880885,1,0.06707083866988721,1.4549914146182013,7676.854993166541,0.7003590458708715,3,True,False,0,True,False,1,46,0,1
1933,3848,41.15762013888889,-8.647832978723404,1.454258859741639,1,0.0778959539055023,1.3763629058361369,7589.604122687714,0.6923991539028262,3,True,False,0,True,False,1,46,0.05555555555555555,-10
1934,3849,41.15762013888889,-8.646754255319149,1.4049832388582533,1,0.10464259662998072,1.3003406422282726,7502.4277797470795,0.6844460610778659,3,True,False,0,True,False,1,51,0.05555555555555555,-5
1935,3850,41.15762013888889,-8.645675531914893,1.3223815561175774,1,0.13263848910579057,1.1897430670117868,7415.3285928481455,0.6765000071942162,3,True,False,0,True,False,1,51,0.14444444444444443,-5
1936,3851,41.15762013888889,-8.644596808510638,1.1814862241333448,1,0.15513490852725595,1.0263513156060888,7328.309313074434,0.6685612432330711,3,True,False,0,True,False,1,64,0.14444444444444443,8
1937,3852,41.15762013888889,-8.643518085106383,1.2982387315202204,1,0.1639451057836906,1.13429362573653,7241.372821161783,0.6606300320037979,3,True,False,0,True,False,1,64,0.044444444444444446,8
1938,3853,41.15762013888889,-8.642439361702127,1.2390239695558405,1,0.15513490852728096,1.0838890610285594,7154.522135056319,0.6527066488334504,3,True,False,0,True,False,1,68,0.044444444444444446,12
1939,3854,41.15762013888889,-8.641360638297872,1.2159802696304396,1,0.13263848910579057,1.083341780524649,7067.76041799187,0.6447913823036717,3,True,False,0,True,False,1,70,0.022222222222222223,14
1940,3855,41.15762013888889,-8.640281914893617,1.1408901439728538,1,0.10464259662998072,1.0362475473428732,6981.090987132117,0.6368845350391162,3,True,False,0,True,False,1,70,0.06666666666666667,14
1941,3856,41.15762013888889,-8.639203191489361,1.045845071480502,1,0.0778959539055023,0.9679491175749998,6894.517322819168,0.6289864245511971,3,True,False,0,True,False,1,76,0.06666666666666667,20
1942,3857,41.15762013888889,-8.638124468085106,1.002369580454807,1,0.05569320406517124,0.9466763763896356,6808.043078478758,0.6210973841417373,3,True,False,0,True,False,1,76,0.08888888888888889,20
1943,3858,41.15762013888889,-8.63704574468085,0.880001105832586,1,0.015590228463712977,0.864410877368873,6721.672091236643,0.613217763871502,3,True,False,0,True,False,1,84,0.08888888888888889,28
1944,3859,41.15762013888889,-8.635967021276596,0.9252777755557935,1,0.01148505421661939,0.9137927213391741,6635.408393301103,0.6053479315986239,3,True,False,0,True,False,1,84,0.03333333333333333,28
1945,3860,41.15762013888889,-8.63488829787234,0.8914352110260677,1,0.00826949687621143,0.8831657141498562,6549.256224178926,0.5974882740930668,3,True,False,0,True,False,1,87,0.03333333333333333,31
1946,3861,41.15762013888889,-8.633809574468085,0.924585770498887,1,0.011485054216624766,0.9131007162822623,6463.220043789913,0.5896391982330618,3,True,False,0,True,False,1,87,0,31
1947,3862,41.15762013888889,-8.63273085106383,0.9286909447459752,1,0.015590228463712977,0.9131007162822623,6377.304546559604,0.5818011322907843,3,True,False,0,True,False,1,87,0,7
1948,3863,41.15762013888889,-8.631652127659574,0.9136060542794575,1,0.020572668873333064,0.8930333854061244,6291.5146765686695,0.5739745273144341,3,True,False,0,False,False,0.55,87,0.022222222222222223,7
1949,3864,41.15762013888889,-8.630573404255319,0.8800011655023902,1,0.026220378708366375,0.8537807867940238,6205.855643853258,0.5661598586153133,3,True,False,0,True,False,1,89,0.044444444444444446,9
1950,3865,41.15762013888889,-8.629494680851064,0.8478821000624971,1,0.032040739126074955,0.8158413609364221,6120.332941950963,0.5583576273685453,3,True,False,0,True,False,1,93,0.044444444444444446,13
1951,3866,41.15762013888889,-8.628415957446808,0.8807451477479682,1,0.03725075127353718,0.843494396474431,6034.952366804427,0.550568362337649,3,True,False,0,True,False,1,93,0.011111111111111112,13
1952,3867,41.15762013888889,-8.627337234042553,0.8940484431366719,1,0.04091421502949074,0.8531342281071811,5949.720037136738,0.5427926217333847,3,True,False,0,True,False,1,92,0.011111111111111112,12
1953,3868,41.15762013888889,-8.626258510638298,0.8859472703196442,1,0.04223984331307771,0.8437074270065664,5864.642416432063,0.5350309952190466,3,True,False,0,True,False,1,92,0.022222222222222223,12
1954,3869,41.15762013888889,-8.625179787234043,0.9040163706540355,1,0.04091421502948691,0.8631021556245486,5779.726336659284,0.5272841060747686,3,True,False,0,True,False,1,90,0.022222222222222223,10
1955,3870,41.15762013888889,-8.624101063829787,0.9197476538581325,1,0.03725075127353718,0.8824969025845953,5694.97902389795,0.5195526135353784,3,True,False,0,True,False,1,90,0,10
1956,3871,41.15762013888889,-8.623022340425532,0.904786394487783,1,0.0320407391260666,0.8727456553617163,5610.408126032789,0.511837215316966,3,True,False,0,True,False,1,90,0.011111111111111112,10
1957,3872,41.15762013888889,-8.621943617021277,0.8891046067603766,1,0.026220378708366375,0.8628842280520103,5526.021742707305,0.5041386503495493,3,True,False,0,True,False,1,91,0.011111111111111112,11
1958,3873,41.15762013888889,-8.620864893617021,0.8834568969253354,1,0.020572668873325137,0.8628842280520103,5441.828457737033,0.49645770173413306,3,True,False,0,True,False,1,91,0.011111111111111112,11
1959,3874,41.15762013888889,-8.619786170212766,0.8883358838254293,1,0.015590228463712977,0.8727456553617163,5357.83737421056,0.4887951999449729,3,True,False,0,True,False,1,90,0.011111111111111112,10
1960,3875,41.15762013888889,-8.61870744680851,0.8556187037081913,1,0.01148505421661939,0.8441336494915719,5274.05815252005,0.48115202629909853,3,True,False,0,True,False,1,90,0.044444444444444446,10
1961,3876,41.15762013888889,-8.617628723404255,0.8172650132527309,1,0.01064210012833699,0.8066229131243939,5190.501051594453,0.47352911671801645,3,True,False,0,True,False,1,94,0.044444444444444446,11
1962,3877,41.15762013888889,-8.61655,0.7988532435590234,1,0.009957585053207327,0.7888956585058161,5107.1769736263295,0.46592746580813593,3,True,False,0,True,False,1,94,0.06666666666666667,11
1963,3878,41.15762013888889,-8.615471276595745,0.6327041481953304,1,0.008931733369583618,0.6237724148257467,5024.09751261907,0.4583481312897291,3,True,False,0,False,False,0.55,100,0.23333333333333334,17
1964,3879,41.15762013888889,-8.61439255319149,0.4917896463312947,1,0.00044332477606528586,0.4913463215552294,4941.275007103764,0.45079223880628805,3,True,False,0,True,False,1,121,0.23333333333333334,38
1965,3880,41.15762013888889,-8.613313829787234,0.5809700385779617,1,0.0005129452854594158,0.5804570932925023,4858.722597415678,0.443260987149854,3,True,False,0,False,False,0.55,121,0.06666666666666667,38
1966,3881,41.15762013888889,-8.612235106382979,0.5421995281757915,1,0,0.5421995281757915,4776.454287947842,0.4357556539404095,3,True,False,0,True,False,1,127,0.06666666666666667,44
1967,3882,41.15762013888889,-8.611156382978724,0.5795782787848095,1,0,0.5795782787848095,4694.4850148450905,0.42827760180160096,3,True,False,0,True,False,1,127,0,44
1968,3883,41.15762013888889,-8.610077659574468,0.5795782787848095,1,0,0.5795782787848095,4612.830719634531,0.4208282850780429,3,True,False,0,True,False,1,127,0,44
1969,3884,41.15762013888889,-8.608998936170213,0.5362084344644301,1,0,0.5362084344644301,4531.508429339072,0.41340925714406995,3,True,False,0,True,False,1,127,0.07777777777777778,44
1970,3885,41.15762013888889,-8.607920212765958,0.4952078142354369,1,0,0.4952078142354369,4450.536343657723,0.4060221783571913,3,True,False,0,True,False,1,134,0.07777777777777778,51
1971,3886,41.15762013888889,-8.606841489361702,0.4843245689553624,1,0,0.4843245689553624,4369.933929850588,0.3986688247144427,3,True,False,0,True,False,1,134,0.1,51
1972,3887,41.15762013888889,-8.605762765957447,0.4372401347940185,1,0,0.4372401347940185,4289.722026006076,0.3913510972734484,3,True,False,0,True,False,1,143,0.1,60
1973,3888,41.15762013888889,-8.604684042553192,0.4778856321592651,1,0,0.4778856321592651,4209.922953422513,0.38407103240498963,3,True,False,0,True,False,1,143,0.011111111111111112,49
1974,3889,41.15762013888889,-8.603605319148937,0.4833471231341673,1,0,0.4833471231341673,4130.5606388743145,0.3768308129473398,3,True,False,0,False,False,0.55,142,0.011111111111111112,53
1975,3890,41.15762013888889,-8.602526595744681,0.45722678789760984,1,0,0.45722678789760984,4051.6607475820883,0.3696327803371203,3,True,False,0,True,False,1,142,0.06666666666666667,53
1976,3891,41.15762013888889,-8.601447872340426,0.3864481487820553,1,0,0.3864481487820553,3973.2508277341303,0.36247944779398783,3,True,False,0,True,False,1,148,0.16666666666666666,59
1977,3892,41.15762013888889,-8.60036914893617,0.45826712143768905,1,0,0.45826712143768905,3895.3604674399276,0.3553735146394937,3,True,False,0,True,False,1,133,0.16666666666666666,44
1978,3893,41.15762013888889,-8.599290425531915,0.5413786357843794,1,0,0.5413786357843794,3818.0214650000785,0.3483178818307989,3,True,False,0,True,False,1,133,0,44
1979,3894,41.15762013888889,-8.59821170212766,0.5236301329876356,1,0,0.5236301329876356,3741.2680133754043,0.3413156687897812,3,True,False,0,True,False,1,133,0.03333333333333333,44
1980,3895,41.15762013888889,-8.597132978723405,0.5060799561553524,1,0,0.5060799561553524,3665.1368996935153,0.3343702316040071,3,True,True,1,True,False,1,136,0.03333333333333333,47
1981,3896,41.15762013888889,-8.59605425531915,0.5232335937161826,1,0,0.5232335937161826,3589.6677205636693,0.3274851826698947,3,True,False,0,True,False,1,136,0,41
1982,3897,41.15762013888889,-8.594975531914894,0.5232335937161826,1,0,0.5232335937161826,3514.9031138388073,0.32066441183635086,3,True,False,0,True,False,1,136,0,46
1983,3898,41.15762013888889,-8.593896808510639,0.4682099915353164,1,0,0.4682099915353164,3440.889007281267,0.3139121090905304,3,True,True,1,True,False,1,136,0.1111111111111111,46
1984,3899,41.15762013888889,-8.592818085106384,0.5245565603794295,1,0,0.5245565603794295,3367.6748843082055,0.3072327888017756,3,True,False,0,True,False,1,126,0.1111111111111111,108
1985,3900,41.15762013888889,-8.591739361702128,0.554523293673093,1,0,0.554523293673093,3295.314066620273,0.30063131550581423,3,True,False,0,True,False,1,126,0.05555555555555555,108
1986,3901,41.15762013888889,-8.590660638297873,0.5872753388635987,1,0.0003327585518307052,0.586942580311768,3223.8640129970054,0.2941129311638464,3,True,False,0,True,False,1,121,0.05555555555555555,103
1987,3902,41.15762013888889,-8.589581914893618,0.5433114951575981,1,0.00028982987131285105,0.5430216652862853,3153.386632870816,0.2876832837698819,3,True,False,0,True,False,1,121,0.13333333333333333,103
1988,3903,41.15762013888889,-8.588503191489362,0.6090873345634572,1,0.0004085796380763971,0.6086787549253808,3083.948612403702,0.28134845709869966,3,True,True,1,True,False,1,109,0.15555555555555556,61
1989,3904,41.15762013888889,-8.587424468085107,0.7140153164017071,1,0.00037324106085173024,0.7136420753408554,3015.6217496728705,0.2751150012848135,3,True,False,0,True,False,1,95,0.15555555555555556,47
1990,3905,41.15762013888889,-8.586345744680852,0.7716959432947028,1,0.0003327585518307052,0.7713631847428721,2948.4832941516174,0.2689899637932933,3,True,False,0,True,False,1,95,0.07777777777777778,47
1991,3906,41.15762013888889,-8.585267021276596,0.8359179144287651,1,0.0006898873164365528,0.8352280271123285,2882.6162839307485,0.26298092018445646,3,True,False,0,True,False,1,88,0.07777777777777778,40
1992,3907,41.15762013888889,-8.584188297872341,0.7652351864749021,1,0.0010456177108259686,0.7641895687640761,2818.109871994448,0.2570960038799965,3,True,False,0,True,False,1,88,0.16666666666666666,40
1993,3908,41.15762013888889,-8.583109574468086,0.9268806705816768,1,0.020671247625621503,0.9062094229560552,2755.0596303343896,0.25134393390729637,3,True,False,0,True,False,1,73,0.16666666666666666,31
1994,3909,41.15762013888889,-8.58203085106383,1.0310328310608181,1,0.029516531123671915,1.0015162999371463,2693.5678177155223,0.24573403932768592,3,True,False,0,True,False,1,73,0.06666666666666667,31
1995,3910,41.15762013888889,-8.580952127659575,0.9769014604527382,1,0.04139447542112055,0.9355069850316177,2633.7435935353496,0.24027627874681182,3,True,False,0,False,False,0.55,79,0.06666666666666667,37
1996,3911,41.15762013888889,-8.57987340425532,0.9897676720477586,1,0.06459767501355668,0.925169997034202,2575.7031564824165,0.2349812529644434,3,True,False,0,True,False,1,79,0.07777777777777778,37
1997,3912,41.15762013888889,-8.578794680851065,0.8620497924885941,1,0.007621957004956705,0.8544278354836374,2519.5697827515396,0.22986020846084596,3,True,False,0,True,False,1,86,0.07777777777777778,44
1998,3913,41.15762013888889,-8.57771595744681,0.8466545750760281,1,0.011004609085521585,0.8356499659905066,2465.473734610913,0.2249250290553631,3,True,False,0,True,False,1,86,0.1,30
1999,3914,41.15762013888889,-8.576637234042552,1.1662335220318087,1,0.24059614940914348,0.9256373726226653,2413.5520064955444,0.22018821274253508,3,True,False,0,True,False,1,77,0.1,21
2000,3915,41.15762013888889,-8.575558510638297,1.1751309739000642,1,0.3650378422716926,0.8100931316283715,2363.947872987516,0.2156628304543639,3,True,False,0,True,False,1,77,0.23333333333333334,21
2001,3916,41.15762013888889,-8.574479787234042,1.556727687129341,1,0.5283008387301483,1.0284268483991925,2316.8102016613693,0.21136246337123663,3,True,False,0,True,False,1,56,0.23333333333333334,0
2002,3917,41.15762013888889,-8.573401063829786,1.6889516172571493,1,0.637415014859964,1.0515366023971853,2272.292494608296,0.20730111548023145,3,True,False,0,True,False,1,56,0.2111111111111111,0
2003,3918,41.15762013888889,-8.572322340425531,2.3049459419996556,1,1.0,1.3049459419996556,2230.5516263529885,0.20349309843534383,3,True,False,0,True,True,1,37,0.2111111111111111,0
2004,3919,41.15762013888889,-8.571243617021276,2.1790264916684494,1,0.6374150148603872,1.5416114768080624,2191.7462537597567,0.1999528864933114,3,True,True,1,True,False,1,37,0.044444444444444446,0
2005,3920,41.15762013888889,-8.57016489361702,2.249620300278628,1,0.6363185940631532,1.6133017062154746,2156.03488613031,0.19669494044874417,3,True,False,0,True,False,1,33,0.044444444444444446,0
2006,3921,41.15762013888889,-8.569086170212765,2.1805844616990178,1,0.637415014859964,1.5431694468390538,2123.5736214865037,0.1937335011153277,3,True,False,0,True,False,1,33,0.08888888888888889,0
2007,3922,41.15762013888889,-8.56800744680851,2.409069127253642,1,1.0,1.4090691272536422,2094.5135778690833,0.19108235498335321,3,True,False,0,True,True,1,41,0.08888888888888889,0
2008,3923,41.15762013888889,-8.566928723404255,2.4895660687049173,1,1.0,1.4895660687049175,2068.9980754568282,0.18875457714460678,3,True,False,0,True,True,1,41,0.03333333333333333,0
2009,3924,41.15762013888889,-8.56585,2.541222230129962,1,1.0,1.541222230129962,2047.1596544939139,0.18676225923805162,3,True,True,1,True,True,1,38,0.03333333333333333,0
2010,3925,41.15762013888889,-8.564771276595744,2.5934621325698606,1,1.0,1.5934621325698608,2029.1170424898517,0.18511623276765046,3,True,False,0,True,True,1,38,0,0
2011,3926,41.15762013888889,-8.563692553191489,2.5934621325698606,1,1.0,1.5934621325698608,2014.9722081608236,0.18382580033360063,3,True,False,0,True,True,1,38,0,0
2012,3927,41.15762013888889,-8.562613829787233,1.6820702042773958,1,0.6374150148603872,1.0446551894170086,2004.8076550157675,0.18289848872634581,3,True,False,0,True,False,1,38,0.4222222222222222,0
2013,3928,41.15762013888889,-8.561535106382978,0.8846627980409675,1,0.364196583694117,0.5204662143468505,1998.6841106029901,0.18233983811667584,3,True,True,1,True,False,1,69,0.7666666666666667,31
2014,3932,41.15762013888889,-8.557220212765957,0.533052383607933,1,0.08835156264119061,0.44470082096674235,2014.972208160841,0.1838258003336022,3,True,False,0,True,False,1,76,0.8444444444444444,23
2015,3933,41.15762013888889,-8.556141489361702,0.6595642947380903,1,0.06396181704261573,0.5956024776954746,2029.1170424898517,0.18511623276765046,3,True,False,0,True,False,1,63,0.7,63
2016,3934,41.15762013888889,-8.555062765957446,0.6529872545309863,1,0.05738477683551172,0.5956024776954746,2047.1596544939432,0.18676225923805428,3,True,False,0,True,False,1,63,0.7,63
2017,3956,41.15843541666666,-8.68343085106383,1.9044709183867832,1,0.007702671724353793,1.8967682466624294,10480.09796990114,0.9560987437390288,3,True,False,0,True,False,1,8,0.16666666666666666,-11
2018,3957,41.15843541666666,-8.682352127659575,1.6151417224880524,1,0.00956206533549348,1.605579657152559,10391.22064376161,0.9479904703132518,3,True,False,0,True,False,1,8,0.3333333333333333,-21
2019,3958,41.15843541666666,-8.68127340425532,1.5756474763233745,1,0.011685668582050024,1.5639618077413244,10302.369774136248,0.9398846105137627,3,True,True,1,True,False,1,24,0.17777777777777778,-5
2020,3959,41.15843541666666,-8.680194680851065,1.612852765309445,1,0.013747210888017608,1.5991055544214274,10213.546051499401,0.931781227332497,3,True,False,0,True,False,1,24,0.15555555555555556,-5
2021,3960,41.15843541666666,-8.67911595744681,1.6133934011577014,1,0.015498831573812807,1.5978945695838886,10124.750190341056,0.9236803859523358,3,True,False,0,True,False,1,27,0.12222222222222222,-2
2022,3961,41.15843541666666,-8.678037234042554,1.6324312532760732,1,0.01668329778486602,1.615747955491207,10035.982930208933,0.9155821538421756,3,True,False,0,True,False,1,27,0.1111111111111111,-2
2023,3962,41.15843541666666,-8.676958510638299,1.6316273372629673,1,0.01710296971439092,1.6145243675485763,9947.245036806944,0.9074866008571408,3,True,False,0,True,False,1,30,0.07777777777777778,1
2024,3963,41.15843541666666,-8.675879787234043,1.5443775829776734,1,0.01710296971439092,1.5272746132632824,9858.53730314921,0.899393799343865,3,True,False,0,True,False,1,30,0.13333333333333333,1
2025,3964,41.15843541666666,-8.674801063829788,1.4422158354429733,1,0.01668329778486602,1.4255325376581072,9769.86055077719,0.8913038242515285,3,True,False,0,True,False,1,39,0.1,10
2026,3965,41.15843541666666,-8.673722340425533,1.5393063075916726,1,0.015498831573812807,1.52380747601786,9681.21563103964,0.8832167532486305,3,True,False,0,True,False,1,39,0.03333333333333333,10
2027,3966,41.15843541666666,-8.672643617021278,1.4713128545591507,1,0.013747210888017608,1.457565643671133,9592.603426443524,0.8751326668462309,3,True,False,0,True,False,1,39,0.07777777777777778,10
2028,3967,41.15843541666666,-8.671564893617022,1.3282163434496714,1,0.011685668582050024,1.3165306748676213,9504.024852076038,0.8670516485276831,3,True,False,0,True,False,1,46,0.1,17
2029,3968,41.15843541666666,-8.670486170212767,1.1981039784190577,1,0.00956206533549348,1.1885419130835642,9415.480857106548,0.8589737848856542,3,True,False,0,True,False,1,55,0.1,26
2030,3969,41.15843541666666,-8.669407446808512,1.2813033812683212,1,0.010824451553654912,1.2704789297146664,9326.972426369186,0.8508991657665066,3,True,False,0,True,False,1,55,0.03333333333333333,-9
2031,3970,41.15843541666666,-8.668328723404256,1.2045811905000174,1,0.016939346978180735,1.1876418435218368,9238.500582035611,0.8428278844229026,3,True,False,0,True,False,1,58,0.06666666666666667,-6
2032,3971,41.15843541666666,-8.667250000000001,1.2274036966694861,1,0.026492249160199495,1.2009114475092866,9150.066385379454,0.8347600376747752,3,True,True,1,True,False,1,58,0.05555555555555555,-6
2033,3972,41.15843541666666,-8.666171276595746,1.2281385376456413,1,0.04139608207287091,1.1867424555727704,9061.670938642701,0.8266957260795987,3,True,False,0,True,False,1,61,0.03333333333333333,-3
2034,3973,41.15843541666666,-8.66509255319149,1.2646018269325527,1,0.064599816295735,1.2000020106368177,8973.315387006458,0.8186350541121803,3,True,False,0,True,False,1,61,0.022222222222222223,-3
2035,3974,41.15843541666666,-8.664013829787235,1.3012097353698728,1,0.10060151003988893,1.200608225329984,8885.000920677274,0.810578130354996,3,True,False,0,True,False,1,59,0.044444444444444446,-5
2036,3975,41.15843541666666,-8.66293510638298,1.3303340208199002,1,0.1561117155540309,1.1742223052658693,8796.728777092461,0.8025250676993817,3,True,False,0,True,False,1,59,0.06666666666666667,-5
2037,3976,41.15843541666666,-8.661856382978725,1.414229396922287,1,0.2405999834919706,1.1736294134303165,8708.500243256769,0.7944759835587076,3,True,False,0,True,False,1,61,0.044444444444444446,-3
2038,3977,41.15843541666666,-8.66077765957447,1.5386709106045633,1,0.36504149717424683,1.1736294134303165,8620.316658214955,0.7864310000939512,3,True,False,0,True,False,1,61,0.044444444444444446,-3
2039,3978,41.15843541666666,-8.659698936170214,1.6500630499561297,1,0.5283029272103739,1.1217601227457559,8532.179415673994,0.7783902444529207,3,True,False,0,True,False,1,64,0.05555555555555555,0
2040,3979,41.15843541666666,-8.658620212765959,1.6401136559328136,1,0.6363185940653975,1.003795061867416,8444.089966780866,0.7703538490236729,3,True,False,0,False,False,0.55,64,0.16666666666666666,0
2041,3980,41.15843541666666,-8.657541489361703,1.7375892407102198,1,0.6363185940653975,1.1012706466448223,8356.049823071133,0.7623219517035112,3,True,False,0,False,False,0.10000000000000003,49,0.24444444444444444,0
2042,3981,41.15843541666666,-8.656462765957448,1.7387021973074523,1,0.6363185940653975,1.1023836032420549,8268.060559596022,0.7542946961842703,3,True,False,0,False,False,0.10000000000000003,45,0.28888888888888886,0
2043,3982,41.15843541666666,-8.655384042553193,1.7888021088584802,1,0.6363185940653975,1.1524835147930828,8180.123818244979,0.7462722322554307,3,True,False,0,False,False,0.55,45,0.24444444444444444,0
2044,3983,41.15843541666666,-8.654305319148937,1.680204526582956,1,0.5283029272103739,1.151901599372582,8092.241311273387,0.7382547161259543,3,True,False,0,True,False,1,47,0.2222222222222222,2
2045,3984,41.15843541666666,-8.65322659574468,1.5169430965466124,1,0.3650414971740302,1.151901599372582,8004.4148250544495,0.7302423107665671,3,True,False,0,True,False,1,47,0.2222222222222222,2
2046,3985,41.15843541666666,-8.652147872340425,1.3922107353468522,1,0.2405999834918192,1.1516107518550331,7916.646224068081,0.7222351862736659,3,True,False,0,True,False,1,48,0.2111111111111111,3
2047,3986,41.15843541666666,-8.65106914893617,1.3077224674089636,1,0.15611171555393039,1.1516107518550331,7828.937455146529,0.7142335202566464,3,True,False,0,True,False,1,48,0.2111111111111111,3
2048,3987,41.15843541666666,-8.649990425531914,1.2527940303855714,1,0.10060151003982343,1.152192520345748,7741.290551994148,0.7062374982502416,3,True,False,0,True,False,1,46,0.23333333333333334,1
2049,3988,41.15843541666666,-8.64891170212766,1.4409627221318295,1,0.06459981629569271,1.3763629058361369,7653.707640004154,0.6982473141539541,3,True,False,0,True,False,1,46,0.05555555555555555,1
2050,3989,41.15843541666666,-8.647832978723404,1.3289295290797183,1,0.05555986356931397,1.2733696655104043,7566.190941391294,0.6902631707003093,3,True,False,0,True,False,1,46,0.13333333333333333,-10
2051,3990,41.15843541666666,-8.646754255319149,1.3436056343205245,1,0.07184274419995887,1.2717628901205655,7478.742780668652,0.682285279954504,3,True,False,0,True,False,1,51,0.07777777777777778,-5
2052,3991,41.15843541666666,-8.645675531914893,1.2132108562184536,1,0.08776213641247742,1.1254487198059762,7391.365590490811,0.674313863847478,3,True,True,1,True,False,1,51,0.2,-5
2053,3992,41.15843541666666,-8.644596808510638,1.1261393977517176,1,0.09978808214562881,1.0263513156060888,7304.061917896055,0.6663491547453897,3,True,False,0,True,False,1,64,0.14444444444444443,8
2054,3993,41.15843541666666,-8.643518085106383,1.1654609291695444,1,0.10432131921618089,1.0611396099533634,7216.834430974578,0.658391396057956,3,True,False,0,True,False,1,64,0.1111111111111111,8
2055,3994,41.15843541666666,-8.642439361702127,1.05897753925478,1,0.09978808214564176,0.9591894571091382,7129.685926000677,0.6504408428891226,3,True,False,0,True,False,1,68,0.16666666666666666,12
2056,3995,41.15843541666666,-8.641360638297872,1.0464672767143823,1,0.08776213641247742,0.958705140301905,7042.619335061614,0.6424977627330444,3,True,False,0,True,False,1,70,0.14444444444444443,14
2057,3996,41.15843541666666,-8.640281914893617,1.0305478845018639,1,0.07184274419995887,0.958705140301905,6955.637734227266,0.6345624362194017,3,True,True,1,True,False,1,70,0.14444444444444443,14
2058,3997,41.15843541666666,-8.639203191489361,1.012813520211819,1,0.05555986356931397,0.9572536566425048,6868.744352301113,0.6266351579117531,3,True,False,0,True,False,1,76,0.07777777777777778,20
2059,3998,41.15843541666666,-8.638124468085106,0.9267750231657812,1,0.04115266048885606,0.8856223626769252,6781.942580201588,0.6187162371633947,3,True,False,0,True,False,1,76,0.15555555555555556,20
2060,3999,41.15843541666666,-8.63704574468085,0.8753607301642178,1,0.010949852795344812,0.864410877368873,6695.235981027141,0.6108059990355965,3,True,False,0,True,False,1,84,0.08888888888888889,28
2061,4000,41.15843541666666,-8.635967021276596,0.8920847992754292,1,0.008249766692912946,0.8838350325825162,6608.62830085879,0.6029047852831174,3,True,False,0,True,False,1,84,0.06666666666666667,28
2062,4001,41.15843541666666,-8.63488829787234,0.8892333019210543,1,0.0060675877711981055,0.8831657141498562,6522.123480366313,0.5950129554130377,3,True,False,0,True,False,1,87,0.03333333333333333,31
2063,4002,41.15843541666666,-8.633809574468085,0.901283152099041,1,0.008249766692916542,0.8930333854061244,6435.725667282059,0.5871308878227445,3,True,False,0,True,False,1,87,0.022222222222222223,31
2064,4003,41.15843541666666,-8.63273085106383,0.9039832382014692,1,0.010949852795344812,0.8930333854061244,6349.439229820974,0.5792589810242399,3,True,False,0,True,False,1,87,0.022222222222222223,7
2065,4004,41.15843541666666,-8.631652127659574,0.8875269029234903,1,0.0141198261039451,0.8734070768195452,6263.268771124318,0.5713976549618399,3,True,False,0,True,False,1,87,0.044444444444444446,7
2066,4005,41.15843541666666,-8.630573404255319,0.8526099306443327,1,0.01759279307187917,0.8350171375724534,6177.219144820583,0.5635473524317969,3,True,False,0,True,False,1,89,0.06666666666666667,9
2067,4006,41.15843541666666,-8.629494680851064,0.7842811899113983,1,0.021055898077674128,0.7632252918337241,6091.2954717975435,0.5557085406124121,3,True,True,1,True,False,1,93,0.1111111111111111,13
2068,4007,41.15843541666666,-8.628415957446808,0.7958196351988537,1,0.024066774695263055,0.7717528605035906,6005.5031582970705,0.5478817127148251,3,True,False,0,True,False,1,93,0.1,13
2069,4008,41.15843541666666,-8.627337234042553,0.7980853776651071,1,0.026137605466504073,0.771947772198603,5919.847915446714,0.5400673897648786,3,True,False,0,True,False,1,92,0.1111111111111111,12
2070,4009,41.15843541666666,-8.626258510638298,0.7571093023232714,1,0.026877997710520293,0.7302313046127512,5834.335780361744,0.5322661225282562,3,True,False,0,True,False,1,92,0.16666666666666666,12
2071,4010,41.15843541666666,-8.625179787234043,0.756737806916377,1,0.02613760546650192,0.7306002014498751,5748.973138956115,0.5244784935915262,3,True,False,0,True,False,1,90,0.18888888888888888,10
2072,4011,41.15843541666666,-8.624101063829787,0.7546669761451382,1,0.024066774695263055,0.7306002014498751,5663.766750622994,0.5167051196137441,3,True,False,0,True,False,1,90,0.18888888888888888,10
2073,4012,41.15843541666666,-8.623022340425532,0.7045374897995346,1,0.02105589807766925,0.6834815917218653,5578.723774953067,0.5089466537639623,3,True,False,0,True,False,1,90,0.25555555555555554,10
2074,4013,41.15843541666666,-8.621943617021277,0.7009018102228343,1,0.01759279307187917,0.683309017150955,5493.851800684177,0.501203788362304,3,True,False,0,True,False,1,91,0.24444444444444444,11
2075,4014,41.15843541666666,-8.620864893617021,0.6974288432548952,1,0.014119826103940147,0.683309017150955,5409.158877086773,0.493477257743256,3,True,True,1,True,False,1,91,0.24444444444444444,11
2076,4015,41.15843541666666,-8.619786170212766,0.6944314445172101,1,0.010949852795344812,0.6834815917218653,5324.653548018756,0.4857678413624904,3,True,False,0,True,False,1,90,0.25555555555555554,10
2077,4016,41.15843541666666,-8.61870744680851,0.7720534785761386,1,0.008249766692912946,0.7638037118832256,5240.34488889841,0.4780763671699028,3,True,False,0,True,False,1,90,0.14444444444444443,10
2078,4017,41.15843541666666,-8.617628723404255,0.7698180818358391,1,0.006785499328659445,0.7630325825071796,5156.242546877617,0.47040371527461244,3,True,False,0,False,False,0.55,94,0.1,11
2079,4018,41.15843541666666,-8.61655,0.5908150080633755,1,0.00638673002556451,0.5844282780378109,5072.356784517654,0.462750821929503,3,True,False,0,True,False,1,94,0.36666666666666664,11
2080,4019,41.15843541666666,-8.615471276595745,0.5893260986452482,1,0.005782647505722212,0.583543451139526,4988.698527308692,0.45511868386642346,3,True,False,0,False,False,0.55,100,0.3,17
2081,4020,41.15843541666666,-8.61439255319149,0.4916361546573211,1,0.00028983310209169233,0.4913463215552294,4905.279415399971,0.4475083630155292,3,True,False,0,False,False,0.55,121,0.23333333333333334,38
2082,4021,41.15843541666666,-8.613313829787234,0.4971689289662191,1,0.000332761172165846,0.49683616779405326,4822.111859952628,0.4399209916463471,3,True,False,0,False,False,0.55,121,0.2222222222222222,38
2083,4022,41.15843541666666,-8.612235106382979,0.4960839557231709,1,0,0.4960839557231709,4739.2091045596535,0.4323577779711152,3,True,True,1,True,False,1,127,0.15555555555555556,44
2084,4023,41.15843541666666,-8.611156382978724,0.4906024211348988,1,0,0.4906024211348988,4656.585292229352,0.4248200122556792,3,True,False,0,True,False,1,127,0.16666666666666666,44
2085,4024,41.15843541666666,-8.610077659574468,0.4906024211348988,1,0,0.4906024211348988,4574.255538468478,0.41730907348686375,3,True,False,0,True,False,1,127,0.16666666666666666,44
2086,4025,41.15843541666666,-8.608998936170213,0.4906024211348988,1,0,0.4906024211348988,4492.23601106048,0.4098264366506362,3,True,False,0,True,False,1,127,0.16666666666666666,44
2087,4026,41.15843541666666,-8.607920212765958,0.4897359606695277,1,0,0.4897359606695277,4410.544017181535,0.40237368067969825,3,True,False,0,True,False,1,134,0.08888888888888889,51
2088,4027,41.15843541666666,-8.606841489361702,0.46327036925949105,1,0,0.46327036925949105,4329.198098563422,0.39495249713518893,3,True,False,0,True,False,1,134,0.14444444444444443,51
2089,4028,41.15843541666666,-8.605762765957447,0.4372401347940185,1,0,0.4372401347940185,4248.218135466168,0.38756469969210383,3,True,False,0,True,False,1,143,0.1,60
2090,4029,41.15843541666666,-8.604684042553192,0.46221867761346264,1,0,0.46221867761346264,4167.625460295109,0.3802122345045724,3,True,False,0,True,False,1,143,0.044444444444444446,49
2091,4030,41.15843541666666,-8.603605319148937,0.46233541424060165,1,0,0.46233541424060165,4087.442981754789,0.37289719153241163,3,True,False,0,False,False,0.55,142,0.05555555555555555,53
2092,4031,41.15843541666666,-8.602526595744681,0.45722678789760984,1,0,0.45722678789760984,4007.6953205048694,0.36562181691700685,3,True,False,0,True,False,1,142,0.06666666666666667,53
2093,4032,41.15843541666666,-8.601447872340426,0.3864481487820553,1,0,0.3864481487820553,3928.408957338543,0.35838852649962005,3,True,False,0,True,False,1,148,0.16666666666666666,59
2094,4033,41.15843541666666,-8.60036914893617,0.45826712143768905,1,0,0.45826712143768905,3849.6123949689036,0.351199920581151,3,True,False,0,True,False,1,133,0.16666666666666666,44
2095,4034,41.15843541666666,-8.599290425531915,0.5008672708630146,1,0,0.5008672708630146,3771.3363345491343,0.3440588000260645,3,True,False,0,True,False,1,133,0.07777777777777778,44
2096,4035,41.15843541666666,-8.59821170212766,0.4898596469829679,1,0,0.4898596469829679,3693.6138680928616,0.33696818381688776,3,True,False,0,True,False,1,133,0.1,44
2097,4036,41.15843541666666,-8.597132978723405,0.48948868172468435,1,0,0.48948868172468435,3616.480687964181,0.3299313281659741,3,True,False,0,True,False,1,136,0.06666666666666667,47
2098,4037,41.15843541666666,-8.59605425531915,0.4787311265490763,1,0,0.4787311265490763,3539.975314593118,0.3229517472899712,3,True,False,0,True,False,1,136,0.08888888888888889,41
2099,4038,41.15843541666666,-8.594975531914894,0.4787311265490763,1,0,0.4787311265490763,3464.139343499725,0.31603323594581567,3,True,False,0,True,False,1,136,0.08888888888888889,46
2100,4039,41.15843541666666,-8.593896808510639,0.4682099915353164,1,0,0.4682099915353164,3389.0177125921305,0.30917989381631883,3,True,False,0,True,False,1,136,0.1111111111111111,118
2101,4040,41.15843541666666,-8.592818085106384,0.47994157123131626,1,0,0.47994157123131626,3314.6589904917328,0.3023961518140577,3,True,False,0,True,False,1,126,0.2,108
2102,4041,41.15843541666666,-8.591739361702128,0.43426909212106574,1,0,0.43426909212106574,3241.115686336138,0.2956868003446797,3,True,False,0,True,False,1,126,0.3,108
2103,4042,41.15843541666666,-8.590660638297873,0.4350331908522539,1,0.00021543286335355542,0.4348177579889003,3168.444581057923,0.2890570195294453,3,True,False,0,True,False,1,121,0.35555555555555557,73
2104,4043,41.15843541666666,-8.589581914893618,0.37236666333275836,1,0.00018895878854932417,0.37217770454420906,3096.707079525609,0.2825124113310289,3,True,False,0,True,False,1,121,0.5111111111111111,73
2105,4044,41.15843541666666,-8.588503191489362,0.37356889778953956,1,0.0002616714871772477,0.3733072263023623,3025.969582089021,0.2760590334495812,3,True,False,0,True,False,1,109,0.6444444444444445,61
2106,4045,41.15843541666666,-8.587424468085107,0.374869533085259,1,0.0002401980768273505,0.37462933500843165,2956.3038729695986,0.2697034347555552,3,True,False,0,False,False,0.55,95,0.8,47
2107,4046,41.15843541666666,-8.586345744680852,0.5780772918090207,1,0.00025265246731739286,0.5778246393417033,2887.7875214890614,0.26345269189377435,3,True,False,0,True,False,1,95,0.36666666666666664,47
2108,4047,41.15843541666666,-8.585267021276596,0.5796534078825151,1,0.0008064580590118212,0.5788469498235033,2820.5042902979876,0.2573144465261029,3,True,False,0,True,False,1,88,0.4444444444444444,46
2109,4048,41.15843541666666,-8.584188297872341,0.7654237559722912,1,0.0012341872082151603,0.7641895687640761,2754.544542452919,0.2512969424690671,3,True,False,0,True,False,1,88,0.16666666666666666,46
2110,4049,41.15843541666666,-8.583109574468086,0.7913835416571695,1,0.015723080060459596,0.7756604615967099,2690.0056363563463,0.24540906172420737,3,True,True,1,True,False,1,73,0.32222222222222224,31
2111,4050,41.15843541666666,-8.58203085106383,1.0148202728603168,1,0.02437033815326718,0.9904499347070496,2626.9922941374507,0.2396603580854329,3,True,False,0,True,False,1,73,0.07777777777777778,31
2112,4051,41.15843541666666,-8.580952127659575,0.9731566612403751,1,0.03764967620875746,0.9355069850316177,2565.61692500956,0.23406108663890376,3,True,False,0,True,False,1,79,0.06666666666666667,37
2113,4052,41.15843541666666,-8.57987340425532,0.9830574266447515,1,0.05788742961054949,0.925169997034202,2505.9998804849965,0.2286222270462671,3,True,True,1,True,False,1,79,0.07777777777777778,23
2114,4053,41.15843541666666,-8.578794680851065,0.8640806284280679,1,0.009652792944430432,0.8544278354836374,2448.2696131738394,0.2233554980318592,3,True,False,0,True,False,1,86,0.07777777777777778,30
2115,4054,41.15843541666666,-8.57771595744681,0.8135464049170757,1,0.014223196616687092,0.7993232083003886,2392.5627054141173,0.21827335999463637,3,True,False,0,True,False,1,86,0.14444444444444443,30
2116,4055,41.15843541666666,-8.576637234042552,1.1224277998695293,1,0.19679042724686407,0.9256373726226653,2339.0237285404987,0.21338900216926554,3,True,False,0,True,False,1,77,0.1,21
2117,4056,41.15843541666666,-8.575558510638297,1.0285767397503005,1,0.2791028795642526,0.7494738601860479,2287.8048887179407,0.20871631031554805,3,True,False,0,True,False,1,77,0.3111111111111111,21
2118,4057,41.15843541666666,-8.574479787234042,1.4347293012756976,1,0.4063024528765052,1.0284268483991925,2239.065411700264,0.20426981058997942,3,True,True,1,True,False,1,56,0.23333333333333334,19
2119,4058,41.15843541666666,-8.573401063829786,1.6889551876841318,1,0.6374185852869465,1.0515366023971853,2192.970617633152,0.20006458514007927,3,True,False,0,True,False,1,56,0.2111111111111111,19
2120,4059,41.15843541666666,-8.572322340425531,2.3049459419996556,1,1.0,1.3049459419996556,2149.6906392925584,0.19611615516935407,3,True,False,0,True,True,1,37,0.2111111111111111,0
2121,4060,41.15843541666666,-8.571243617021276,1.9716879349238758,1,0.6374185852873696,1.3342693496365061,2109.3987443063143,0.19244032787366933,3,True,False,0,True,False,1,37,0.18888888888888888,0
2122,4061,41.15843541666666,-8.57016489361702,1.8639227930825162,1,0.5283050157187412,1.335617777363775,2072.2692352310787,0.18905300486538887,3,True,False,0,True,False,1,33,0.23333333333333334,-8
2123,4062,41.15843541666666,-8.569086170212765,1.7503227112519233,1,0.5283029272103739,1.2220197840415494,2038.4749218714437,0.18596995157319002,3,True,False,0,True,False,1,33,0.32222222222222224,-8
2124,4063,41.15843541666666,-8.56800744680851,1.8569721344775556,1,0.6374185852873696,1.219553549190186,2008.1841882513538,0.18320652966203257,3,True,False,0,True,False,1,41,0.23333333333333334,0
2125,4064,41.15843541666666,-8.566928723404255,2.219553549190186,1,1.0,1.219553549190186,1981.5577114573944,0.18077739769341786,3,True,False,0,True,True,1,41,0.23333333333333334,0
2126,4065,41.15843541666666,-8.56585,2.220477803446223,1,1.0,1.2204778034462231,1958.7449289775693,0.17869618884090574,3,True,False,0,True,True,1,38,0.26666666666666666,0
2127,4066,41.15843541666666,-8.564771276595744,2.290200947887033,1,1.0,1.2902009478870329,1939.8803913731522,0.17697517814457434,3,True,False,0,True,True,1,38,0.2111111111111111,0
2128,4067,41.15843541666666,-8.563692553191489,2.044655189417009,1,1.0,1.0446551894170086,1925.0801728664383,0.17562495504914408,3,True,False,0,True,True,1,38,0.4222222222222222,0
2129,4068,41.15843541666666,-8.562613829787233,1.6820737747043784,1,0.6374185852873696,1.0446551894170086,1914.4385375855145,0.17465411926567706,3,True,False,0,True,False,1,38,0.4222222222222222,0
2130,4074,41.15843541666666,-8.556141489361702,0.6442447289237726,1,0.04864225122829798,0.5956024776954746,1939.8803913731522,0.17697517814457434,3,True,True,1,True,False,1,63,0.7,63
2131,4075,41.15843541666666,-8.555062765957446,0.6328533432075555,1,0.037250865512080865,0.5956024776954746,1958.7449289776,0.17869618884090854,3,True,False,0,True,False,1,63,0.7,63
2132,4076,41.15843541666666,-8.553984042553191,0.4561082307176124,1,0.021290472728712075,0.4348177579889003,1981.5577114573944,0.18077739769341786,3,True,False,0,False,False,0.55,77,0.8555555555555555,77
2133,4077,41.15843541666666,-8.552905319148936,0.4487450287389813,1,0.013927270750080994,0.4348177579889003,2008.1841882513957,0.1832065296620364,3,True,False,0,False,False,0.10000000000000003,77,0.8555555555555555,77
2134,4095,41.15925069444444,-8.685588297872341,2.281027339756777,1,0.010642171037636044,2.270385168719141,10642.010383660347,0.9708700040684197,3,True,False,0,False,False,0.55,0,0.07777777777777778,-16
2135,4096,41.15925069444444,-8.684509574468086,1.9081302266684284,1,0.010882937642927545,1.8972472890255008,10552.949091321207,0.9627449474166803,3,True,True,1,True,False,1,7,0.17777777777777778,-9
2136,4097,41.15925069444444,-8.68343085106383,1.475152485691353,1,0.01168577458386221,1.4634667111074908,10463.910708970154,0.9546219808418553,3,True,False,0,True,False,1,23,0.25555555555555554,4
2137,4098,41.15925069444444,-8.682352127659575,1.6136311273187083,1,0.014121707372359873,1.5995094199463484,10374.89582646814,0.9465011581569264,3,True,False,0,True,False,1,23,0.16666666666666666,-6
2138,4099,41.15925069444444,-8.68127340425532,1.1593598850382318,1,0.01759437483824444,1.1417655101999875,10285.90505393691,0.9383825350232651,3,True,False,0,True,False,1,38,0.3333333333333333,9
2139,4100,41.15925069444444,-8.680194680851065,1.384964230832843,1,0.021057012505504603,1.3639072183273384,10196.939022627997,0.9302661690299135,3,True,False,0,True,False,1,38,0.15555555555555556,9
2140,4101,41.15925069444444,-8.67911595744681,1.4831060371438347,1,0.024067361113248593,1.459038676030586,10107.998385838695,0.9221521197771466,3,True,False,0,True,False,1,35,0.12222222222222222,6
2141,4102,41.15925069444444,-8.678037234042554,1.5346307258652248,1,0.026137768289887318,1.5084929575753374,10019.083819873402,0.9140404489641761,3,True,False,0,True,False,1,35,0.08888888888888889,6
2142,4103,41.15925069444444,-8.676958510638299,1.4690663024692756,1,0.026877997710425493,1.4421883047588502,9930.196025057498,0.905931220481647,3,True,False,0,True,False,1,37,0.1111111111111111,8
2143,4104,41.15925069444444,-8.675879787234043,1.517949438767026,1,0.026877997710425493,1.4910714410566006,9841.335726802594,0.8978245005088192,3,True,False,0,True,False,1,37,0.07777777777777778,8
2144,4105,41.15925069444444,-8.674801063829788,1.3587234975194686,1,0.026137768289887318,1.3325857292295813,9752.503676730612,0.8897203576161182,3,True,False,0,True,False,1,42,0.13333333333333333,13
2145,4106,41.15925069444444,-8.673722340425533,1.4968023549004117,1,0.024067361113248593,1.472734993787163,9663.700653856102,0.8816188628729972,3,True,False,0,False,False,0.55,42,0.03333333333333333,13
2146,4107,41.15925069444444,-8.672643617021278,1.4775188579381013,1,0.021057012505504603,1.4564618454325968,9574.927465834684,0.8735200899618326,3,True,False,0,True,False,1,42,0.044444444444444446,13
2147,4108,41.15925069444444,-8.671564893617022,1.3341250497058657,1,0.01759437483824444,1.3165306748676213,9486.184950277478,0.8654241152978395,3,True,False,0,True,False,1,46,0.1,17
2148,4109,41.15925069444444,-8.670486170212767,1.2855634857940583,1,0.014121707372359873,1.2714417784216985,9397.47397614009,0.8573310181557885,3,True,False,0,False,False,0.55,52,0.06666666666666667,23
2149,4110,41.15925069444444,-8.669407446808512,1.2823936137897194,1,0.010951835368020968,1.2714417784216985,9308.795445186543,0.8492408808035601,3,True,False,0,True,False,1,52,0.06666666666666667,23
2150,4111,41.15925069444444,-8.668328723404256,1.2033656972280316,1,0.01572385370619486,1.1876418435218368,9220.15029353736,0.8411537886433769,3,True,False,0,True,False,1,58,0.06666666666666667,-6
2151,4112,41.15925069444444,-8.667250000000001,1.225282844904545,1,0.024371397395258364,1.2009114475092866,9131.53949330296,0.8330698303608172,3,True,False,0,True,False,1,58,0.05555555555555555,-6
2152,4113,41.15925069444444,-8.666171276595746,1.1722311949517221,1,0.0376510952614839,1.1345800996902382,9042.964054312286,0.8249890980825181,3,True,False,0,True,False,1,63,0.05555555555555555,-1
2153,4114,41.15925069444444,-8.66509255319149,1.2051461157646832,1,0.057889274599687526,1.1472568411649957,8954.425025938679,0.8169116875427502,3,True,False,0,True,False,1,63,0.044444444444444446,-1
2154,4115,41.15925069444444,-8.664013829787235,1.2616892350431894,1,0.08835615525943095,1.1733330797837584,8865.923499033783,0.8088376982598471,3,True,True,1,True,False,1,62,0.03333333333333333,-2
2155,4116,41.15925069444444,-8.66293510638298,1.3065897086953524,1,0.13325662891159396,1.1733330797837584,8777.460607972525,0.800767233722769,3,True,False,0,True,False,1,62,0.03333333333333333,-2
2156,4117,41.15925069444444,-8.661856382978725,1.2936232207638039,1,0.19679317553629322,1.0968300452275106,8689.037532820943,0.7927004015888737,3,True,False,0,True,False,1,65,0.06666666666666667,1
2157,4118,41.15925069444444,-8.66077765957447,1.375935131507195,1,0.27910508627968456,1.0968300452275106,8600.655501631087,0.7846373138932801,3,True,False,0,True,False,1,65,0.06666666666666667,1
2158,4119,41.15925069444444,-8.659698936170214,1.538420708027921,1,0.3641984027620518,1.1742223052658693,8512.315792876032,0.7765780872710144,3,True,False,0,True,False,1,59,0.06666666666666667,-5
2159,4120,41.15925069444444,-8.658620212765959,1.5033945217095135,1,0.4049013531533642,1.0984931685561494,8424.019738030509,0.7685228431924409,3,True,False,0,False,False,0.55,59,0.13333333333333333,-5
2160,4121,41.15925069444444,-8.657541489361703,1.2252877795869481,1,0.4049013531533642,0.8203864264335838,8335.76872431175,0.7604717082133089,3,True,False,0,False,False,0.55,71,0.28888888888888886,22
2161,4122,41.15925069444444,-8.656462765957448,1.302456416951102,1,0.4049013531533642,0.8975550637977379,8247.564197587582,0.7524248142400584,3,True,False,0,False,False,0.55,67,0.24444444444444444,22
2162,4123,41.15925069444444,-8.655384042553193,1.302456416951102,1,0.4049013531533642,0.8975550637977379,8159.4076654681385,0.7443822988118763,3,True,False,0,True,False,1,67,0.24444444444444444,22
2163,4124,41.15925069444444,-8.654305319148937,1.3685005598760072,1,0.3641984027620518,1.0043021571139554,8071.300700590153,0.7363443054003228,3,True,False,0,True,False,1,62,0.18888888888888888,17
2164,4125,41.15925069444444,-8.65322659574468,1.305974892056789,1,0.2791050862795536,1.0268698057772354,7983.2449441120625,0.728310983728189,3,True,False,0,True,False,1,62,0.16666666666666666,17
2165,4126,41.15925069444444,-8.652147872340425,1.114517176732149,1,0.1967931755361846,0.9177240011959642,7895.242109432017,0.720282490108691,3,True,False,0,True,False,1,67,0.2222222222222222,22
2166,4127,41.15925069444444,-8.65106914893617,1.0408401371586395,1,0.13325662891151496,0.9075835082471246,7807.293986147629,0.7122589878067176,3,True,False,0,True,False,1,67,0.23333333333333334,22
2167,4128,41.15925069444444,-8.649990425531914,1.239094805110019,1,0.08835615525937654,1.1507386498506424,7719.402444274042,0.7042406474236443,3,True,False,0,True,False,1,51,0.17777777777777778,6
2168,4129,41.15925069444444,-8.64891170212766,1.3582299168279237,1,0.05788927459965108,1.3003406422282726,7631.569438742168,0.6962276473077075,3,True,True,1,True,False,1,51,0.05555555555555555,6
2169,4130,41.15925069444444,-8.647832978723404,1.3103044137400124,1,0.038541523619446905,1.2717628901205655,7543.797014195062,0.6882201739915769,3,True,False,0,True,False,1,51,0.07777777777777778,-5
2170,4131,41.15925069444444,-8.646754255319149,1.1593539662258345,1,0.048306725895328764,1.1110472403305058,7456.087310109583,0.6802184226596054,3,True,False,0,True,False,1,58,0.13333333333333333,2
2171,4132,41.15925069444444,-8.645675531914893,1.180846229571574,1,0.05738518202220539,1.1234610475493687,7368.442566264471,0.6722225976466804,3,True,False,0,True,False,1,58,0.12222222222222222,2
2172,4133,41.15925069444444,-8.644596808510638,0.9812225556554365,1,0.06396193440478581,0.9172606212506507,7280.865128586346,0.6642329129715544,3,True,False,0,True,False,1,69,0.2,13
2173,4134,41.15925069444444,-8.643518085106383,1.126182227880016,1,0.06638159517468774,1.0598006327053282,7193.357455399391,0.6562495929070032,3,True,False,0,True,False,1,69,0.05555555555555555,13
2174,4135,41.15925069444444,-8.642439361702127,1.01111655093399,1,0.06396193440479277,0.9471546165291973,7105.922124115378,0.6482728725901569,3,True,False,0,True,False,1,74,0.1111111111111111,18
2175,4136,41.15925069444444,-8.641360638297872,0.8243651785274951,1,0.015498531345405379,0.8088666471820898,7018.561838395405,0.640302998675864,3,True,False,0,True,False,1,83,0.16666666666666666,27
2176,4137,41.15925069444444,-8.640281914893617,0.8407892978763231,1,0.013746628488418958,0.827042669387904,6931.279435826043,0.6323402300369866,3,True,False,0,True,False,1,83,0.14444444444444443,27
2177,4138,41.15925069444444,-8.639203191489361,0.8843822173215556,1,0.038541523619446905,0.8458406937021087,6844.077896148992,0.6243848385151912,3,True,False,0,True,False,1,82,0.13333333333333333,26
2178,4139,41.15925069444444,-8.638124468085106,0.9137279469553033,1,0.029446420301662744,0.8842815266536406,6756.96035009175,0.6164371097265697,3,True,False,0,True,False,1,82,0.08888888888888889,26
2179,4140,41.15925069444444,-8.63704574468085,0.7576772125272507,1,0.0023132343161918548,0.7553639782110588,6669.93008885107,0.6084973439268156,3,True,False,0,True,False,1,90,0.15555555555555556,34
2180,4141,41.15925069444444,-8.635967021276596,0.8287875536958704,1,0.003205537059214331,0.8255820166366561,6582.990574281397,0.6005658569407136,3,True,False,0,True,False,1,90,0.06666666666666667,34
2181,4142,41.15925069444444,-8.63488829787234,0.8879756882009313,1,0.004363818104941193,0.8836118700959901,6496.145449852785,0.5926429811618301,3,True,False,0,True,False,1,85,0.05555555555555555,29
2182,4143,41.15925069444444,-8.633809574468085,0.9193794024828601,1,0.005817407748024906,0.9135619947348352,6409.398552440617,0.584729066628089,3,True,False,0,True,False,1,85,0.022222222222222223,29
2183,4144,41.15925069444444,-8.63273085106383,0.9005996444736096,1,0.007566259067485158,0.8930333854061244,6322.753925024089,0.5768244821802528,3,True,True,1,True,False,1,87,0.022222222222222223,7
2184,4145,41.15925069444444,-8.631652127659574,0.8829681047811758,1,0.009561027961630575,0.8734070768195452,6236.215830369259,0.5689296167102278,3,True,False,0,True,False,1,87,0.044444444444444446,7
2185,4146,41.15925069444444,-8.630573404255319,0.8573119451585995,1,0.011684820624325146,0.8456271245342744,6149.788765788617,0.5610448805075773,3,True,False,0,True,False,1,83,0.12222222222222222,3
2186,4147,41.15925069444444,-8.629494680851064,0.760009946631437,1,0.013746628488421854,0.746263318143015,6063.47747906958,0.5531707067126783,3,True,False,0,True,False,1,94,0.12222222222222222,14
2187,4148,41.15925069444444,-8.628415957446808,0.7870565293678943,1,0.015498531345405379,0.7715579980224889,5977.286985682172,0.5453075528865766,3,True,False,0,True,False,1,94,0.08888888888888889,14
2188,4149,41.15925069444444,-8.627337234042553,0.7057102665486327,1,0.016683215537437467,0.6890270510111952,5891.222587378676,0.5374559027078327,3,True,False,0,True,False,1,102,0.1111111111111111,22
2189,4150,41.15925069444444,-8.626258510638298,0.6909871853640137,1,0.017102969714451254,0.6738842156495625,5805.289892318003,0.529616267808466,3,True,False,0,True,False,1,102,0.13333333333333333,22
2190,4151,41.15925069444444,-8.625179787234043,0.6045906200173525,1,0.0023334348811852343,0.6022571851361673,5719.494836852592,0.5217891897615733,3,True,False,0,True,False,1,107,0.18888888888888888,27
2191,4152,41.15925069444444,-8.624101063829787,0.6050702959226849,1,0.0028131107865175553,0.6022571851361673,5633.843709138298,0.5139752422352564,3,True,False,0,True,False,1,107,0.18888888888888888,27
2192,4153,41.15925069444444,-8.623022340425532,0.6055501745031948,1,0.003292989367027454,0.6022571851361673,5548.343174735792,0.5061750333282377,3,True,False,0,True,False,1,107,0.18888888888888888,27
2193,4154,41.15925069444444,-8.621943617021277,0.5265712554832269,1,0.00028983633292339417,0.5262814191503036,5463.000304398059,0.4983892081049111,3,True,False,0,True,False,1,113,0.25555555555555554,33
2194,4155,41.15925069444444,-8.620864893617021,0.5266141829428379,1,0.00033276379253433804,0.5262814191503036,5377.822604250429,0.4906184513486652,3,True,False,0,True,False,1,113,0.25555555555555554,33
2195,4156,41.15925069444444,-8.619786170212766,0.6664740235187793,1,0.007566259067485158,0.6589077644512941,5292.8180485996845,0.48286349055505556,3,True,False,0,True,False,1,103,0.14444444444444443,23
2196,4157,41.15925069444444,-8.61870744680851,0.6647251721993166,1,0.00581740774802254,0.6589077644512941,5207.995115625303,0.4751250991879154,3,True,False,0,True,False,1,103,0.14444444444444443,23
2197,4158,41.15925069444444,-8.617628723404255,0.7092298818319823,1,0.004363818104941193,0.7048660637270411,5123.362826241144,0.4674041002247048,3,True,False,0,True,False,1,100,0.1111111111111111,17
2198,4159,41.15925069444444,-8.61655,0.5876345576741316,1,0.004091106534605626,0.583543451139526,5038.930786437948,0.45970137001941447,3,True,False,0,True,False,1,100,0.3,17
2199,4160,41.15925069444444,-8.615471276595745,0.4016712897176569,1,0,0.4016712897176569,4954.709233458498,0.45201784251512317,3,True,True,1,True,False,1,127,0.36666666666666664,44
2200,4161,41.15925069444444,-8.61439255319149,0.4293621492351353,1,0,0.4293621492351353,4870.709086186182,0.4443545138409436,3,True,False,0,True,False,1,127,0.3,44
2201,4162,41.15925069444444,-8.613313829787234,0.4960839557231709,1,0,0.4960839557231709,4786.942000176582,0.43671244733255077,3,True,False,0,True,False,1,127,0.15555555555555556,44
2202,4163,41.15925069444444,-8.612235106382979,0.3958310988500922,1,0,0.3958310988500922,4703.420427798754,0.42909277901886766,3,True,False,0,True,False,1,141,0.2222222222222222,58
2203,4164,41.15925069444444,-8.611156382978724,0.42311934083176744,1,0,0.42311934083176744,4620.15768401045,0.42149672362273544,3,True,False,0,True,False,1,141,0.15555555555555556,58
2204,4165,41.15925069444444,-8.610077659574468,0.4137159062181487,1,0,0.4137159062181487,4537.168018338102,0.4139255811276427,3,True,False,0,True,False,1,142,0.16666666666666666,59
2205,4166,41.15925069444444,-8.608998936170213,0.4137159062181487,1,0,0.4137159062181487,4454.466693699873,0.40638074396874824,3,True,False,0,False,False,0.55,142,0.16666666666666666,59
2206,4167,41.15925069444444,-8.607920212765958,0.42311934083176744,1,0,0.42311934083176744,4372.07007276724,0.39886370491164347,3,True,False,0,True,False,1,141,0.15555555555555556,58
2207,4168,41.15925069444444,-8.606841489361702,0.4573422637873605,1,0,0.4573422637873605,4289.9957126389245,0.3913760656894495,3,True,True,1,True,False,1,141,0.07777777777777778,58
2208,4169,41.15925069444444,-8.605762765957447,0.3996477610624199,1,0,0.3996477610624199,4208.262468669083,0.38391954647505727,3,True,False,0,True,False,1,147,0.14444444444444443,64
2209,4170,41.15925069444444,-8.604684042553192,0.43679870107606167,1,0,0.43679870107606167,4126.890608380726,0.37649599627344216,3,True,False,0,True,False,1,147,0.05555555555555555,64
2210,4171,41.15925069444444,-8.603605319148937,0.44672678932006693,1,0,0.44672678932006693,4045.901936473402,0.369107404326108,3,True,False,0,True,False,1,146,0.044444444444444446,57
2211,4172,41.15925069444444,-8.602526595744681,0.44672678932006693,1,0,0.44672678932006693,3965.319932031585,0.3617559126286004,3,True,False,0,True,False,1,146,0.044444444444444446,57
2212,4173,41.15925069444444,-8.601447872340426,0.42279891726448016,1,0,0.42279891726448016,3885.1698991243015,0.3544438296697024,3,True,False,0,True,False,1,144,0.12222222222222222,55
2213,4174,41.15925069444444,-8.60036914893617,0.4574577688413715,1,0,0.4574577688413715,3805.4791320859204,0.3471736455099913,3,True,False,0,True,False,1,140,0.08888888888888889,51
2214,4175,41.15925069444444,-8.599290425531915,0.46256897595033175,1,0,0.46256897595033175,3726.2770968486666,0.3399480483247937,3,True,False,0,True,False,1,140,0.07777777777777778,51
2215,4176,41.15925069444444,-8.59821170212766,0.46256897595033175,1,0,0.46256897595033175,3647.595629785114,0.3327699425445749,3,True,False,0,True,False,1,140,0.07777777777777778,51
2216,4177,41.15925069444444,-8.597132978723405,0.44223711082623934,1,0,0.44223711082623934,3569.469155576838,0.32564246873108377,3,True,False,0,True,False,1,142,0.1,53
2217,4178,41.15925069444444,-8.59605425531915,0.45722678789760984,1,0,0.45722678789760984,3491.9349256748874,0.3185690253320878,3,True,False,0,True,False,1,142,0.06666666666666667,53
2218,4179,41.15925069444444,-8.594975531914894,0.4371297345585759,1,0,0.4371297345585759,3415.0332789170443,0.31155329245747143,3,True,False,0,True,False,1,144,0.08888888888888889,54
2219,4180,41.15925069444444,-8.593896808510639,0.3911608730316429,1,0,0.3911608730316429,3338.8079258301204,0.30459925781611785,3,True,False,0,True,False,1,144,0.2,126
2220,4181,41.15925069444444,-8.592818085106384,0.3911608730316429,1,0,0.3911608730316429,3263.30625802284,0.2977112449418047,3,True,False,0,True,False,1,144,0.2,96
2221,4182,41.15925069444444,-8.591739361702128,0.37002233171011967,1,0,0.37002233171011967,3188.579683869283,0.2908939438175852,3,True,False,0,True,False,1,144,0.25555555555555554,96
2222,4183,41.15925069444444,-8.590660638297873,0.30226092442599706,1,0,0.30226092442599706,3114.683991331604,0.28415244397608447,2,True,False,0,True,False,1,153,0.35555555555555557,105
2223,4184,41.15925069444444,-8.589581914893618,0.26453069644688937,1,0,0.26453069644688937,3041.6797382604645,0.2774922701065857,2,True,False,0,True,False,1,153,0.4888888888888889,105
2224,4185,41.15925069444444,-8.588503191489362,0.16529888822158656,1,0,0.16529888822158656,2969.6326697610734,0.27091942013131043,2,True,False,0,False,False,0.55,167,0.8,119
2225,4186,41.15925069444444,-8.587424468085107,0.37152039578830415,1,0,0.37152039578830415,2898.6141611862136,0.2644404056196471,3,True,False,0,False,False,0.55,128,0.43333333333333335,86
2226,4187,41.15925069444444,-8.586345744680852,0.3674152400454755,1,0,0.3674152400454755,2828.7016839104763,0.2580622942807083,2,True,False,0,True,False,1,128,0.4444444444444444,86
2227,4188,41.15925069444444,-8.585267021276596,0.5772576277760441,1,0.0004534933979092493,0.5768041343781348,2759.9792891906063,0.25179275410588253,3,True,False,0,True,False,1,102,0.28888888888888886,60
2228,4189,41.15925069444444,-8.584188297872341,0.5585842405068686,1,0.0006899949117501546,0.5578942455951185,2692.538102998075,0.24564009851238167,3,True,False,0,True,False,1,102,0.32222222222222224,60
2229,4190,41.15925069444444,-8.583109574468086,0.788218492336887,1,0.013927936585668863,0.7742905557512182,2626.4768216418147,0.23961333155887513,3,True,False,0,True,False,1,80,0.24444444444444444,38
2230,4191,41.15925069444444,-8.58203085106383,0.9360075762453839,1,0.021291365625154268,0.9147162106202297,2561.902194149823,0.2337221919531362,3,True,False,0,True,False,1,80,0.07777777777777778,24
2231,4192,41.15925069444444,-8.580952127659575,0.94704931143897,1,0.03233310081874031,0.9147162106202297,2498.929472684829,0.2279771941434376,3,True,False,0,True,False,1,80,0.07777777777777778,24
2232,4193,41.15925069444444,-8.57987340425532,0.9735801100620127,1,0.048643712318839294,0.9249363977431734,2437.6828066545704,0.22238966427321002,3,True,False,0,True,False,1,80,0.06666666666666667,24
2233,4194,41.15925069444444,-8.578794680851065,0.8856690885972849,1,0.011820785681124636,0.8738483029161602,2378.295549685924,0.21697176818627437,3,True,False,0,True,False,1,85,0.06666666666666667,29
2234,4195,41.15925069444444,-8.57771595744681,0.8352506541325343,1,0.01775946289644152,0.8174911912360928,2320.910441375733,0.21173652800795958,3,True,False,0,True,False,1,85,0.13333333333333333,29
2235,4196,41.15925069444444,-8.576637234042552,1.0740242834424014,1,0.14745145119984676,0.9265728322425546,2265.679618037963,0.206697823125565,3,True,False,0,True,False,1,73,0.14444444444444443,36
2236,4197,41.15925069444444,-8.575558510638297,1.016293971668301,1,0.19632177720088737,0.8199721944674138,2212.764399074949,0.20187037069902147,3,True,False,0,True,False,1,73,0.26666666666666666,36
2237,4198,41.15925069444444,-8.574479787234042,1.3952915345096832,1,0.3650451521631657,1.0302463823465176,2162.3347889688193,0.19726968022759697,3,True,False,0,True,False,1,49,0.3111111111111111,12
2238,4199,41.15925069444444,-8.573401063829786,1.758995963190013,1,0.5283050157187412,1.2306909474712717,2114.568630463696,0.19291197629475687,3,True,False,0,True,False,1,49,0.13333333333333333,12
2239,4200,41.15925069444444,-8.572322340425531,1.941050636074709,1,0.6374221557924712,1.303628480282238,2069.6503438777154,0.18881408355567106,3,True,False,0,True,False,1,41,0.16666666666666666,4
2240,4201,41.15925069444444,-8.571243617021276,2.3329222832697747,1,1.0,1.332922283269775,2027.7691926179252,0.18499326850023629,3,True,False,0,True,True,1,41,0.14444444444444443,0
2241,4202,41.15925069444444,-8.57016489361702,1.6894899714148155,1,0.6374221557920481,1.0520678156227674,1989.1170279344008,0.181467033707122,3,True,False,0,True,False,1,54,0.23333333333333334,13
2242,4203,41.15925069444444,-8.569086170212765,1.4583748203246425,1,0.40630700470187503,1.0520678156227674,1953.885488661539,0.17825286237632737,3,True,False,0,True,False,1,54,0.23333333333333334,13
2243,4204,41.15925069444444,-8.56800744680851,1.4072434678824006,1,0.5283050157189887,0.878938452163412,1922.2626653248915,0.17536791399583668,3,True,False,0,True,False,1,62,0.32222222222222224,21
2244,4205,41.15925069444444,-8.566928723404255,1.566572379510609,1,0.6374221557920481,0.9291502237185608,1894.4292823795809,0.17282867604744662,3,True,False,0,True,False,1,62,0.26666666666666666,21
2245,4206,41.15925069444444,-8.56585,2.2201696408917577,1,1.0,1.2201696408917575,1870.5545052534342,0.1706505814835488,3,True,False,0,True,True,1,39,0.25555555555555554,0
2246,4207,41.15925069444444,-8.564771276595744,2.0214386974737435,1,1.0,1.0214386974737433,1850.7915355534087,0.16884760687806188,3,True,False,0,True,True,1,39,0.43333333333333335,0
2247,4208,41.15925069444444,-8.563692553191489,1.319007821985896,1,0.6374221557920481,0.681585666193848,1835.2732109429824,0.16743187100349513,3,True,False,0,False,False,0.55,57,0.6333333333333333,19
2248,4216,41.15925069444444,-8.555062765957446,0.3656305503752278,1,0.0023668505407259187,0.36326369983450185,1870.5545052534665,0.17065058148355175,2,True,False,0,True,False,1,85,0.9444444444444444,85
2249,4217,41.15925069444444,-8.553984042553191,0.3567681631940748,1,0.0015776619096084478,0.35519050128446633,1894.4292823795809,0.17282867604744662,2,True,False,0,True,False,1,86,0.9555555555555556,86
2250,4236,41.16006597222222,-8.685588297872341,2.0939659366165517,1,0.01668331834720992,2.077282618269342,10626.842687739516,0.9694862560293297,3,True,False,0,False,False,0.10000000000000003,0,0.16666666666666666,-16
2251,4237,41.16006597222222,-8.684509574468086,1.811822007625754,1,0.01710296971439092,1.7947190379113631,10537.654317308128,0.9613496060504378,3,True,False,0,False,False,0.55,7,0.23333333333333334,-9
2252,4238,41.16006597222222,-8.68343085106383,1.599430014139685,1,0.017594550604448277,1.5818354635352367,10448.486713016713,0.9532148505653185,3,True,False,0,True,False,1,23,0.17777777777777778,4
2253,4239,41.16006597222222,-8.682352127659575,1.6205665562842047,1,0.021057136337856303,1.5995094199463484,10359.340411110023,0.9450820384955502,3,True,False,0,True,False,1,23,0.16666666666666666,4
2254,4240,41.16006597222222,-8.68127340425532,1.375059859755704,1,0.02622328523009173,1.3488365745256123,10270.215966321459,0.9369512204494296,3,True,False,0,True,False,1,38,0.16666666666666666,9
2255,4241,41.16006597222222,-8.680194680851065,1.5062662097674129,1,0.03204285330364154,1.4742233564637712,10181.11395266966,0.9288224487946446,3,True,False,0,True,False,1,38,0.07777777777777778,9
2256,4242,41.16006597222222,-8.67911595744681,1.6143011718932723,1,0.03725189369813485,1.5770492781951375,10092.034964298544,0.920695777734911,3,True,False,0,True,False,1,35,0.044444444444444446,6
2257,4243,41.16006597222222,-8.678037234042554,1.5662619910494695,1,0.04091453792560609,1.5253474531238633,10002.979616359056,0.9125712633904148,3,True,False,0,True,False,1,35,0.07777777777777778,6
2258,4244,41.16006597222222,-8.676958510638299,1.5668171134425386,1,0.04223984331322672,1.5245772701293119,9913.948545939516,0.9044489638826875,3,True,False,0,True,False,1,37,0.05555555555555555,8
2259,4245,41.16006597222222,-8.675879787234043,1.4371475916028364,1,0.04223984331322672,1.3949077482896097,9824.942413043244,0.8963289394237941,3,True,True,1,True,False,1,37,0.14444444444444443,8
2260,4246,41.16006597222222,-8.674801063829788,1.434062150488919,1,0.04091453792560609,1.3931476125633129,9735.961901620658,0.8882112524104929,3,True,False,0,True,False,1,42,0.08888888888888889,13
2261,4247,41.16006597222222,-8.673722340425533,1.4303995062614476,1,0.03725189369813485,1.3931476125633129,9647.007720655007,0.8800959675232854,3,True,False,0,True,False,1,42,0.08888888888888889,13
2262,4248,41.16006597222222,-8.672643617021278,1.3646285825332227,1,0.03204285330364154,1.3325857292295813,9558.080605309366,0.8719831518310572,3,True,False,0,True,False,1,42,0.13333333333333333,13
2263,4249,41.16006597222222,-8.671564893617022,1.3574636478610023,1,0.02622328523009173,1.3312403626309106,9469.181318134499,0.8638728749012713,3,True,False,0,False,False,0.55,46,0.08888888888888889,17
2264,4250,41.16006597222222,-8.670486170212767,1.2920177880891242,1,0.020576009667425628,1.2714417784216985,9380.310650345818,0.8557652089164649,3,True,True,1,True,False,1,52,0.06666666666666667,23
2265,4251,41.16006597222222,-8.669407446808512,1.2870354096752985,1,0.015593631253599959,1.2714417784216985,9291.469423169556,0.8476602287970606,3,True,False,0,True,False,1,52,0.06666666666666667,23
2266,4252,41.16006597222222,-8.668328723404256,1.188447465955753,1,0.01392860246308077,1.1745188634926722,9202.658489266993,0.8395580123312987,3,True,False,0,True,False,1,58,0.07777777777777778,-6
2267,4253,41.16006597222222,-8.667250000000001,1.2222037060814608,1,0.021292258572174094,1.2009114475092866,9113.878734237573,0.8314586403123664,3,True,False,0,True,False,1,58,0.05555555555555555,-6
2268,4254,41.16006597222222,-8.666171276595746,1.1175927375917685,1,0.03233426542367588,1.0852584721680927,9025.131078210403,0.8233621966835898,3,True,False,0,True,False,1,63,0.1,-1
2269,4255,41.16006597222222,-8.66509255319149,1.1460293131801773,1,0.048645173473299594,1.0973841397068778,8936.416477525805,0.8152687686918423,3,True,False,0,True,False,1,63,0.08888888888888889,-1
2270,4256,41.16006597222222,-8.664013829787235,1.1945132738527482,1,0.07218646249931583,1.1223268113534324,8847.73592651722,0.8071784470501074,3,True,False,0,True,False,1,62,0.07777777777777778,-2
2271,4257,41.16006597222222,-8.66293510638298,1.2524466277537065,1,0.10490003868239219,1.1475465890713143,8759.090459396077,0.7990913261094351,3,True,False,0,True,False,1,62,0.05555555555555555,-2
2272,4258,41.16006597222222,-8.661856382978725,1.2201780714001589,1,0.1474531999393345,1.0727248714608244,8670.48115225093,0.7910075040413234,3,True,False,0,True,False,1,65,0.08888888888888889,1
2273,4259,41.16006597222222,-8.66077765957447,1.2931530391908472,1,0.1963229939633367,1.0968300452275106,8581.909125164506,0.7829270830308557,3,True,False,0,True,False,1,65,0.06666666666666667,1
2274,4260,41.16006597222222,-8.659698936170214,1.387969373565487,1,0.23955310163387222,1.1484162719316149,8493.375544461238,0.7748501694817439,3,True,False,0,True,False,1,59,0.08888888888888889,-5
2275,4261,41.16006597222222,-8.658620212765959,1.3561394283280577,1,0.25764625977190825,1.0984931685561494,8404.881625090125,0.7667768742337167,3,True,True,1,True,False,1,59,0.13333333333333333,-5
2276,4262,41.16006597222222,-8.657541489361703,1.2161093333814237,1,0.25764625977190825,0.9584630736095155,8316.428633156907,0.7587073127935284,3,True,False,0,True,False,1,71,0.13333333333333333,22
2277,4263,41.16006597222222,-8.656462765957448,1.3539224902950924,1,0.25764625977190825,1.0962762305231841,8228.017888611957,0.7506416055801773,3,True,False,0,True,False,1,67,0.044444444444444446,22
2278,4264,41.16006597222222,-8.655384042553193,1.341809064721485,1,0.25764625977190825,1.0841628049495768,8139.650768109495,0.7425798781857494,3,True,False,0,True,False,1,67,0.05555555555555555,22
2279,4265,41.16006597222222,-8.654305319148937,1.3870996907051865,1,0.23955310163387222,1.1475465890713143,8051.328708046355,0.7345222616526468,3,True,False,0,True,False,1,62,0.05555555555555555,17
2280,4266,41.16006597222222,-8.65322659574468,1.343869583034579,1,0.19632299396326464,1.1475465890713143,7963.053207797735,0.7264688927687836,3,True,False,0,True,False,1,62,0.05555555555555555,17
2281,4267,41.16006597222222,-8.652147872340425,1.2316160048888423,1,0.14745319993926542,1.0841628049495768,7874.825833161126,0.7184199143817761,3,True,False,0,True,False,1,67,0.05555555555555555,22
2282,4268,41.16006597222222,-8.65106914893617,1.064331745937203,1,0.10490003868233651,0.9594317072548665,7786.648220026393,0.7103754757337641,3,True,False,0,True,False,1,67,0.17777777777777778,22
2283,4269,41.16006597222222,-8.649990425531914,1.2229251123499172,1,0.07218646249927473,1.1507386498506424,7698.522078287553,0.702335732818282,3,True,False,0,True,False,1,51,0.17777777777777778,6
2284,4270,41.16006597222222,-8.64891170212766,1.206303944637594,1,0.05556529478695157,1.1507386498506424,7610.449196017117,0.6943008487610832,3,True,False,0,True,False,1,51,0.17777777777777778,-10
2285,4271,41.16006597222222,-8.647832978723404,1.117682399832119,1,0.041158354950990086,1.0765240448811288,7522.431443919804,0.6862709942264535,3,True,False,0,True,False,1,51,0.24444444444444444,-10
2286,4272,41.16006597222222,-8.646754255319149,1.1066641525956447,1,0.03204137335187851,1.0746227792437661,7434.470780091665,0.6782463478513846,3,True,False,0,True,False,1,58,0.16666666666666666,2
2287,4273,41.16006597222222,-8.645675531914893,1.1118738732352424,1,0.037251093991476275,1.0746227792437661,7346.56925510445,0.6702270967094209,3,True,False,0,True,False,1,58,0.16666666666666666,2
2288,4274,41.16006597222222,-8.644596808510638,1.0323652065333886,1,0.04091431189662568,0.9914508946367628,7258.729017445433,0.6622134368069347,3,True,False,0,True,False,1,69,0.12222222222222222,13
2289,4275,41.16006597222222,-8.643518085106383,1.0447682869740642,1,0.04223984331307771,1.0025284436609865,7170.952319337034,0.6542055736140496,3,True,False,0,True,False,1,69,0.1111111111111111,13
2290,4276,41.16006597222222,-8.642439361702127,0.9776032386347149,1,0.04091431189662953,0.9366889267380853,7083.241522971441,0.6462037226334252,3,True,False,0,True,False,1,74,0.12222222222222222,18
2291,4277,41.16006597222222,-8.641360638297872,0.8745868409510513,1,0.009957650443455006,0.8646291905075963,6995.599107189995,0.6382081100096165,3,True,False,0,True,False,1,83,0.1,27
2292,4278,41.16006597222222,-8.640281914893617,0.9434943678709115,1,0.00893186229969759,0.9345625055712139,6908.02767464843,0.6302189731827584,3,True,False,0,True,False,1,83,0.022222222222222223,27
2293,4279,41.16006597222222,-8.639203191489361,0.9610197866145276,1,0.026221250610025455,0.9347985360045021,6820.529959505272,0.6222365615899785,3,True,False,0,True,False,1,82,0.03333333333333333,26
2294,4280,41.16006597222222,-8.638124468085106,0.9048551976800845,1,0.020573671026443963,0.8842815266536406,6733.10883567907,0.6142611374187028,3,True,False,0,True,False,1,82,0.08888888888888889,26
2295,4281,41.16006597222222,-8.63704574468085,0.8091316033881532,1,0.0016935080055415443,0.8074380953826116,6645.767325724383,0.6062929764164128,3,True,False,0,True,False,1,90,0.08888888888888889,34
2296,4282,41.16006597222222,-8.635967021276596,0.8371140026767048,1,0.002307701395915429,0.8348063012807894,6558.508610376583,0.5983323687614158,3,True,False,0,True,False,1,90,0.05555555555555555,34
2297,4283,41.16006597222222,-8.63488829787234,0.8866987254479533,1,0.003086855351963132,0.8836118700959901,6471.336038827982,0.5903796200003367,3,True,False,0,True,False,1,85,0.05555555555555555,29
2298,4284,41.16006597222222,-8.633809574468085,0.8778896047263582,1,0.004041301810198035,0.8738483029161602,6384.2531397953735,0.5824350520578088,3,True,False,0,True,False,1,85,0.06666666666666667,29
2299,4285,41.16006597222222,-8.63273085106383,0.8785684122324121,1,0.005161335412866861,0.8734070768195452,6297.263633453724,0.574499004325183,3,True,False,0,True,False,1,87,0.044444444444444446,7
2300,4286,41.16006597222222,-8.631652127659574,0.8798143599659014,1,0.006407283146356211,0.8734070768195452,6210.371444309522,0.5665718348349642,3,True,False,0,True,False,1,87,0.044444444444444446,7
2301,4287,41.16006597222222,-8.630573404255319,0.8439854346644815,1,0.007702160658810642,0.8362832740056708,6123.580715103399,0.558653921529145,3,True,False,0,True,False,1,83,0.13333333333333333,3
2302,4288,41.16006597222222,-8.629494680851064,0.7551951804427144,1,0.008931862299699288,0.746263318143015,6036.895821832061,0.550745663629657,3,True,False,0,True,False,1,94,0.12222222222222222,14
2303,4289,41.16006597222222,-8.628415957446808,0.7815156484659439,1,0.009957650443455006,0.7715579980224889,5950.3213899974835,0.5428474831207833,3,True,False,0,True,False,1,94,0.08888888888888889,14
2304,4290,41.16006597222222,-8.627337234042553,0.7151522785029538,1,0.010642117855310893,0.7045101606476429,5863.862312193832,0.5349598263536123,3,True,False,0,True,False,1,102,0.08888888888888889,22
2305,4291,41.16006597222222,-8.626258510638298,0.7076085352769762,1,0.01088293764296592,0.6967255976340103,5777.523767162716,0.5270831657844474,3,True,False,0,True,False,1,102,0.1,22
2306,4292,41.16006597222222,-8.625179787234043,0.6671491696818247,1,0.0015520434672314778,0.6655971262145932,5691.311240452559,0.5192180018595604,3,True,False,0,True,False,1,107,0.08888888888888889,27
2307,4293,41.16006597222222,-8.624101063829787,0.6976949865434381,1,0.0018485378118011395,0.6958464487316369,5605.230546840758,0.5113648650607635,3,True,True,1,True,False,1,107,0.044444444444444446,27
2308,4294,41.16006597222222,-8.623022340425532,0.6459169483183788,1,0.0021406914090701837,0.6437762569093086,5519.287854685767,0.5035243181270489,3,True,False,0,True,False,1,107,0.12222222222222222,27
2309,4295,41.16006597222222,-8.621943617021277,0.635887832523541,1,0.00018896279111555768,0.6356988697324254,5433.48971240275,0.4956969584699608,3,True,False,0,True,False,1,113,0.06666666666666667,33
2310,4296,41.16006597222222,-8.620864893617021,0.6082796743959255,1,0.00021543608154759528,0.6080642383143778,5347.843077268859,0.48788342080149943,3,True,False,0,True,False,1,113,0.1111111111111111,33
2311,4297,41.16006597222222,-8.619786170212766,0.6284613743317572,1,0.005161335412866861,0.6233000389188903,5262.355346795212,0.48008437999618475,3,True,False,0,True,False,1,103,0.2,23
2312,4298,41.16006597222222,-8.61870744680851,0.6273413407290868,1,0.004041301810196499,0.6233000389188903,5177.034392920166,0.4723005542105069,3,True,False,0,True,False,1,103,0.2,23
2313,4299,41.16006597222222,-8.617628723404255,0.6268592701777099,1,0.003086855351963132,0.6237724148257467,5091.888599315017,0.4645327082863228,3,True,False,0,True,False,1,100,0.23333333333333334,20
2314,4300,41.16006597222222,-8.61655,0.5485269592312934,1,0.002617984620810287,0.545908974610483,5006.926902117084,0.45678165746693383,3,True,False,0,True,False,1,100,0.36666666666666664,17
2315,4301,41.16006597222222,-8.615471276595745,0.4293621492351353,1,0,0.4293621492351353,4922.158834448679,0.4490482714585479,3,True,False,0,True,False,1,127,0.3,44
2316,4302,41.16006597222222,-8.61439255319149,0.5244241133253726,1,0,0.5244241133253726,4837.594575112022,0.4413334788727146,3,True,False,0,False,False,0.55,127,0.1,44
2317,4303,41.16006597222222,-8.613313829787234,0.4960839557231709,1,0,0.4960839557231709,4753.245001902303,0.43363827209007266,3,True,False,0,True,False,1,127,0.15555555555555556,44
2318,4304,41.16006597222222,-8.612235106382979,0.42311934083176744,1,0,0.42311934083176744,4669.121750022261,0.4259637125895084,3,True,False,0,True,False,1,141,0.15555555555555556,58
2319,4305,41.16006597222222,-8.611156382978724,0.472843931732988,1,0,0.472843931732988,4585.237276144221,0.41831093679253173,3,True,False,0,True,False,1,141,0.044444444444444446,58
2320,4306,41.16006597222222,-8.610077659574468,0.47272454177484624,1,0,0.47272454177484624,4501.60492871829,0.41068116247748937,3,True,False,0,True,False,1,142,0.03333333333333333,59
2321,4307,41.16006597222222,-8.608998936170213,0.46233541424060165,1,0,0.46233541424060165,4418.239025200522,0.4030756958250857,3,True,False,0,True,False,1,142,0.05555555555555555,59
2322,4308,41.16006597222222,-8.607920212765958,0.4624521803504092,1,0,0.4624521803504092,4335.154936941318,0.39549593916274633,3,True,False,0,True,False,1,141,0.06666666666666667,58
2323,4309,41.16006597222222,-8.606841489361702,0.4326272449609093,1,0,0.4326272449609093,4252.369182564013,0.3879433994835418,3,True,False,0,True,False,1,141,0.13333333333333333,58
2324,4310,41.16006597222222,-8.605762765957447,0.43197224547225077,1,0,0.43197224547225077,4169.89953074559,0.38041969782286605,3,True,False,0,True,False,1,147,0.06666666666666667,64
2325,4311,41.16006597222222,-8.604684042553192,0.43197224547225077,1,0,0.43197224547225077,4087.765113417342,0.37292657958572656,3,True,False,0,True,False,1,147,0.06666666666666667,64
2326,4312,41.16006597222222,-8.603605319148937,0.4320813431470018,1,0,0.4320813431470018,4005.9865505017765,0.3654659259264848,3,True,False,0,True,False,1,146,0.07777777777777778,57
2327,4313,41.16006597222222,-8.602526595744681,0.4517180984569054,1,0,0.4517180984569054,3924.5860874242007,0.35803976629403056,3,True,False,0,True,False,1,146,0.03333333333333333,57
2328,4314,41.16006597222222,-8.601447872340426,0.45194629653159735,1,0,0.45194629653159735,3843.587746751276,0.3506502922657587,3,True,True,1,True,False,1,144,0.05555555555555555,55
2329,4315,41.16006597222222,-8.60036914893617,0.4574577688413715,1,0,0.4574577688413715,3763.017495444114,0.3432998728060595,3,True,False,0,True,False,1,140,0.08888888888888889,51
2330,4316,41.16006597222222,-8.599290425531915,0.4574577688413715,1,0,0.4574577688413715,3682.903429336934,0.3359910710962962,3,True,False,0,True,False,1,140,0.08888888888888889,51
2331,4317,41.16006597222222,-8.59821170212766,0.4574577688413715,1,0,0.4574577688413715,3603.275976591261,0.32872666309591997,3,True,True,1,True,False,1,140,0.08888888888888889,51
2332,4318,41.16006597222222,-8.597132978723405,0.45722678789760984,1,0,0.45722678789760984,3524.168121994148,0.32150965800518383,3,True,False,0,True,False,1,142,0.06666666666666667,53
2333,4319,41.16006597222222,-8.59605425531915,0.44717825647652754,1,0,0.44717825647652754,3445.6156540900165,0.3143433208109669,3,True,False,0,True,False,1,142,0.08888888888888889,53
2334,4320,41.16006597222222,-8.594975531914894,0.44695246589486964,1,0,0.44695246589486964,3367.6574372185532,0.3072311971047756,3,True,False,0,True,False,1,144,0.06666666666666667,96
2335,4321,41.16006597222222,-8.593896808510639,0.44695246589486964,1,0,0.44695246589486964,3290.3357105913497,0.30017714036748927,3,True,False,0,True,False,1,144,0.06666666666666667,96
2336,4322,41.16006597222222,-8.592818085106384,0.44695246589486964,1,0,0.44695246589486964,3213.6964165280883,0.2931853419143283,3,True,True,1,True,False,1,144,0.06666666666666667,96
2337,4323,41.16006597222222,-8.591739361702128,0.42279891726448016,1,0,0.42279891726448016,3137.789559892417,0.2862603636861688,3,True,False,0,True,False,1,144,0.12222222222222222,96
2338,4324,41.16006597222222,-8.590660638297873,0.39027288051211667,1,0,0.39027288051211667,3062.669600554135,0.2794071740538456,3,True,False,0,True,False,1,153,0.1,105
2339,4325,41.16006597222222,-8.589581914893618,0.3691823267779554,1,0,0.3691823267779554,2988.3958803418473,0.2726311867690185,3,True,False,0,True,False,1,153,0.15555555555555556,111
2340,4326,41.16006597222222,-8.588503191489362,0.23851255385430242,1,0,0.23851255385430242,2915.033085351631,0.265938303140566,2,True,False,0,True,False,1,167,0.43333333333333335,125
2341,4327,41.16006597222222,-8.587424468085107,0.37152039578830415,1,0,0.37152039578830415,2842.651743597482,0.25933495743520707,3,True,False,0,True,False,1,128,0.43333333333333335,86
2342,4328,41.16006597222222,-8.586345744680852,0.4292537381388208,1,0,0.4292537381388208,2771.328756707938,0.25282816538415415,3,True,False,0,True,False,1,128,0.28888888888888886,86
2343,4329,41.16006597222222,-8.585267021276596,0.5401298386998737,1,0.0005255419940128224,0.539604296705861,2701.147962606457,0.2464255755164121,3,True,False,0,True,False,1,102,0.35555555555555557,60
2344,4330,41.16006597222222,-8.584188297872341,0.6038246777359902,1,0.0008065865921481688,0.6030180911438421,2632.200723699773,0.24013552281916836,3,True,False,0,True,False,1,102,0.24444444444444444,46
2345,4331,41.16006597222222,-8.583109574468086,0.6672419583126263,1,0.011819153113822927,0.6554228051988034,2564.5865319134223,0.23396708393515003,3,True,False,0,True,False,1,80,0.4111111111111111,24
2346,4332,41.16006597222222,-8.58203085106383,0.9223662817717393,1,0.017757329185401922,0.9046089525863373,2498.413617763133,0.22793013272817206,3,True,False,0,True,False,1,80,0.08888888888888889,24
2347,4333,41.16006597222222,-8.580952127659575,0.9310166734076012,1,0.02640772082126385,0.9046089525863373,2433.7995453931103,0.22203539456844623,3,True,False,0,True,False,1,80,0.08888888888888889,24
2348,4334,41.16006597222222,-8.57987340425532,0.9136798975631069,1,0.03872755398143776,0.8749523435816691,2370.8717689731884,0.2162944970926619,3,True,False,0,False,False,0.55,80,0.12222222222222222,24
2349,4335,41.16006597222222,-8.578794680851065,0.8877789032625507,1,0.013930600346390525,0.8738483029161602,2309.768117960378,0.21072001447436944,3,True,False,0,True,False,1,85,0.06666666666666667,48
2350,4336,41.16006597222222,-8.57771595744681,0.8387861289530063,1,0.021294937716913518,0.8174911912360928,2250.6371694914606,0.20532550139733546,3,True,False,0,True,False,1,85,0.13333333333333333,48
2351,4337,41.16006597222222,-8.576637234042552,0.9811460983836292,1,0.10464575409202484,0.8765003442916044,2193.6384558092614,0.20012551197902992,3,True,False,0,True,False,1,73,0.2,36
2352,4338,41.16006597222222,-8.575558510638297,0.9526126710594016,1,0.1326404765919879,0.8199721944674138,2138.9424436185163,0.19513559788726315,3,True,False,0,True,False,1,73,0.26666666666666666,36
2353,4339,41.16006597222222,-8.574479787234042,1.2979698539228592,1,0.27910729303261544,1.0188625608902437,2086.7302115161833,0.19037227891217134,3,True,False,0,True,False,1,49,0.32222222222222224,12
2354,4340,41.16006597222222,-8.573401063829786,1.6929335860388557,1,0.40631155665233276,1.286622029386523,2037.1927425908075,0.18585297843009677,3,True,False,0,True,False,1,49,0.08888888888888889,8
2355,4341,41.16006597222222,-8.572322340425531,1.970348009645467,1,0.6374257263756922,1.332922283269775,1990.529743956208,0.18159591570971292,3,True,False,0,True,False,1,41,0.14444444444444443,0
2356,4342,41.16006597222222,-8.571243617021276,2.3329222832697747,1,1.0,1.332922283269775,1946.9479060860697,0.177619947111218,3,True,False,0,True,True,1,41,0.14444444444444443,0
2357,4343,41.16006597222222,-8.57016489361702,1.7872929346546615,1,0.6374257263752691,1.1498672082793926,1906.65852548541,0.17394434920278762,3,True,False,0,True,False,1,54,0.14444444444444443,13
2358,4344,41.16006597222222,-8.569086170212765,1.6281902236947703,1,0.5283091928233624,1.0998810308714078,1869.8744377573792,0.1705885389644327,3,True,False,0,True,False,1,54,0.18888888888888888,1
2359,4345,41.16006597222222,-8.56800744680851,1.4627137543081974,1,0.3650524624018312,1.0976612919063662,1836.806247144942,0.16757172980930113,3,True,False,0,True,False,1,62,0.1,21
2360,4346,41.16006597222222,-8.566928723404255,1.4678408758855412,1,0.5283091928231148,0.9395316830624265,1807.657894221698,0.1649125272243621,3,True,True,1,True,False,1,62,0.25555555555555554,23
2361,4347,41.16006597222222,-8.56585,1.6588644238494354,1,0.6374257263756922,1.0214386974737433,1782.6216738187848,0.16262847425616025,3,True,False,0,True,False,1,39,0.43333333333333335,0
2362,4348,41.16006597222222,-8.564771276595744,2.0214386974737435,1,1.0,1.0214386974737433,1761.872894917266,0.1607355643331008,3,True,False,0,True,True,1,39,0.43333333333333335,0
2363,4377,41.160881249999996,-8.685588297872341,2.1034204227431603,1,0.026137804473818683,2.077282618269342,10612.42947744323,0.9681713396709994,3,True,False,0,False,False,0.55,0,0.16666666666666666,-16
2364,4378,41.160881249999996,-8.684509574468086,1.7786118332273169,1,0.026877997710425493,1.7517338355168914,10523.120064796272,0.9600236470176424,3,True,False,0,True,False,1,15,0.16666666666666666,-1
2365,4379,41.160881249999996,-8.68343085106383,1.439926036205219,1,0.026223575910896937,1.4137024602943222,10433.829366972397,0.9518776617165342,3,True,False,0,True,False,1,28,0.23333333333333334,9
2366,4380,41.160881249999996,-8.682352127659575,1.6295341765336275,1,0.0320430647356484,1.597491111797979,10344.55786860516,0.9437334279807668,3,True,False,0,True,False,1,28,0.1111111111111111,9
2367,4381,41.160881249999996,-8.68127340425532,1.617188407887518,1,0.03854534581765742,1.5786430620698606,10255.30607109726,0.9355909915532801,3,True,False,0,True,False,1,31,0.08888888888888889,2
2368,4382,41.160881249999996,-8.680194680851065,1.644590970941294,1,0.04830962138142454,1.5962813495598696,10166.074493346126,0.9274503997730569,3,True,False,0,True,False,1,31,0.07777777777777778,2
2369,4383,41.160881249999996,-8.67911595744681,1.5993876246309449,1,0.05738680283775416,1.5420008217931906,10076.863672509486,0.9193117016449665,3,True,True,1,True,False,1,36,0.05555555555555555,7
2370,4384,41.160881249999996,-8.678037234042554,1.5889247168682608,1,0.06396240386433673,1.524962313003924,9987.674164808963,0.9111749479130757,3,True,False,0,True,False,1,36,0.06666666666666667,7
2371,4385,41.160881249999996,-8.676958510638299,1.475094941814596,1,0.0663815951744536,1.4087133466401425,9898.506546378392,0.9030401911380421,3,True,False,0,True,False,1,42,0.07777777777777778,13
2372,4386,41.160881249999996,-8.675879787234043,1.4595292077377664,1,0.0663815951744536,1.3931476125633129,9809.36141415531,0.894907485778443,3,True,False,0,True,False,1,42,0.08888888888888889,13
2373,4387,41.160881249999996,-8.674801063829788,1.2673023873466565,1,0.06396240386433673,1.2033399834823197,9720.239386822574,0.8867768882766806,3,True,False,0,True,False,1,50,0.14444444444444443,21
2374,4388,41.160881249999996,-8.673722340425533,1.329470885756239,1,0.05738680283775416,1.2720840829184847,9631.141105799015,0.8786484571493584,3,True,False,0,True,False,1,50,0.08888888888888889,21
2375,4389,41.160881249999996,-8.672643617021278,1.3203937042999092,1,0.04830962138142454,1.2720840829184847,9542.067236286533,0.8705222530828078,3,True,False,0,True,False,1,50,0.08888888888888889,21
2376,4390,41.160881249999996,-8.671564893617022,1.2012600994873126,1,0.03854534581765742,1.1627147536696552,9453.018468372862,0.862398339033694,3,True,False,0,True,False,1,54,0.13333333333333333,25
2377,4391,41.160881249999996,-8.670486170212767,1.3297912771059772,1,0.02945063487770451,1.3003406422282726,9363.995518198028,0.8542767803354308,3,True,False,0,True,False,1,51,0.05555555555555555,22
2378,4392,41.160881249999996,-8.669407446808512,1.2935081730558158,1,0.021745282935250312,1.2717628901205655,9274.999129184234,0.8461576448103837,3,True,False,0,True,False,1,51,0.07777777777777778,22
2379,4393,41.160881249999996,-8.668328723404256,1.2864323641334399,1,0.01563256589422187,1.270799798239218,9186.030073337708,0.838041002888637,3,True,False,0,True,False,1,54,0.044444444444444446,33
2380,4394,41.160881249999996,-8.667250000000001,1.2198831426133767,1,0.017758040384181363,1.2021251022291954,9097.089152622919,0.829926927733364,3,True,True,1,True,False,1,54,0.1,-10
2381,4395,41.160881249999996,-8.666171276595746,1.2282301926258499,1,0.02640861901572852,1.2018215736101214,9008.177200418366,0.8218154953736377,3,True,False,0,True,False,1,55,0.08888888888888889,-9
2382,4396,41.160881249999996,-8.66509255319149,1.2405502093168634,1,0.03872863570674201,1.2018215736101214,8919.29508305507,0.8137067848447883,3,True,False,0,True,False,1,55,0.08888888888888889,-9
2383,4397,41.160881249999996,-8.664013829787235,1.2569128152377422,1,0.05569806896822661,1.2012147462695155,8830.443701447753,0.8056008783372144,3,True,False,0,True,False,1,57,0.06666666666666667,-7
2384,4398,41.160881249999996,-8.66293510638298,1.2527163776823687,1,0.07790088106499647,1.1748154966173723,8741.62399282071,0.7974978613538356,3,True,False,0,True,False,1,57,0.08888888888888889,-7
2385,4399,41.160881249999996,-8.661856382978725,1.2521933956895617,1,0.1046468066182473,1.1475465890713143,8652.836932539287,0.7893978228771771,3,True,False,0,True,False,1,62,0.05555555555555555,-2
2386,4400,41.160881249999996,-8.66077765957447,1.280187728174102,1,0.13264113910278766,1.1475465890713143,8564.08353604999,0.781300855546366,3,True,False,0,True,False,1,62,0.05555555555555555,-2
2387,4401,41.160881249999996,-8.659698936170214,1.203755469018934,1,0.155135748527971,1.048619720490963,8475.364860941254,0.7732070558451354,3,True,False,0,True,False,1,67,0.08888888888888889,3
2388,4402,41.160881249999996,-8.658620212765959,1.212564826275232,1,0.16394510578426888,1.048619720490963,8386.682009129081,0.7651165243012196,3,True,False,0,True,False,1,67,0.08888888888888889,3
2389,4403,41.160881249999996,-8.657541489361703,1.2363991213264567,1,0.16394510578426888,1.0724540155421878,8298.0361291809,0.7570293656983601,3,True,False,0,True,False,1,66,0.07777777777777778,17
2390,4404,41.160881249999996,-8.656462765957448,1.2607751510117795,1,0.16394510578426888,1.0968300452275106,8209.428418783307,0.7489456893014371,3,True,False,0,True,False,1,65,0.06666666666666667,20
2391,4405,41.160881249999996,-8.655384042553193,1.2979523298998648,1,0.16394510578426888,1.1340072241155958,8120.860127368572,0.7408656090960858,3,True,False,0,True,False,1,65,0.03333333333333333,20
2392,4406,41.160881249999996,-8.654305319148937,1.2392993934970873,1,0.15513658854751042,1.0841628049495768,8032.332558907318,0.7327892440434723,3,True,False,0,True,False,1,67,0.05555555555555555,22
2393,4407,41.160881249999996,-8.65322659574468,1.2481079107332675,1,0.1639451057836906,1.0841628049495768,7943.847074883959,0.7247167183517423,3,True,False,0,True,False,1,67,0.05555555555555555,6
2394,4408,41.160881249999996,-8.652147872340425,1.3026831776188248,1,0.15513658854751042,1.1475465890713143,7855.4050974651445,0.716648161765079,3,True,False,0,True,False,1,62,0.05555555555555555,1
2395,4409,41.160881249999996,-8.65106914893617,1.2061816389442124,1,0.1326437892187903,1.073537849725422,7767.008112878219,0.7085837098719183,3,True,False,0,True,False,1,62,0.12222222222222222,1
2396,4410,41.160881249999996,-8.649990425531914,1.0640827241698538,1,0.10465101691498743,0.9594317072548665,7678.657675014206,0.7005235044336505,3,True,False,0,True,False,1,67,0.17777777777777778,6
2397,4411,41.160881249999996,-8.64891170212766,1.0373375159884044,1,0.07790580873353792,0.9594317072548665,7590.355409275015,0.6924676937355997,3,True,False,0,True,False,1,67,0.17777777777777778,6
2398,4412,41.160881249999996,-8.647832978723404,1.0151346417727412,1,0.055702934517874614,0.9594317072548665,7502.103016680516,0.6844164329617122,3,True,False,0,True,False,1,67,0.17777777777777778,6
2399,4413,41.160881249999996,-8.646754255319149,0.8771307321927316,1,0.03873296304411227,0.8383977691486194,7413.902278260241,0.676369884595211,3,True,False,0,True,False,1,73,0.24444444444444444,12
2400,4414,41.160881249999996,-8.645675531914893,0.9326216351734149,1,0.02641221221735971,0.9062094229560552,7325.755059748118,0.6683282188468969,3,True,False,0,True,False,1,73,0.16666666666666666,12
2401,4415,41.160881249999996,-8.644596808510638,1.0867414759105014,1,0.02613765974022476,1.0606038161702767,7237.663316609064,0.6602916141137233,3,True,False,0,True,False,1,66,0.08888888888888889,10
2402,4416,41.160881249999996,-8.643518085106383,1.030166220375444,1,0.026877997710520293,1.0032882226649238,7149.629099420178,0.6522602574697227,3,True,False,0,True,False,1,66,0.14444444444444443,10
2403,4417,41.160881249999996,-8.642439361702127,0.8916406543074039,1,0.026137659740226922,0.8655029945671769,7061.654559640063,0.6442343451923415,3,True,False,0,True,False,1,79,0.14444444444444443,23
2404,4418,41.160881249999996,-8.641360638297872,0.8330118448123212,1,0.00638676828067196,0.8266250765316492,6973.741955794269,0.6362140833267377,3,True,True,1,True,False,1,85,0.12222222222222222,29
2405,4419,41.160881249999996,-8.640281914893617,0.909250214273226,1,0.005782723936078568,0.9034674903371475,6885.893660116106,0.6281996882916215,3,True,False,0,True,False,1,85,0.03333333333333333,29
2406,4420,41.160881249999996,-8.639203191489361,0.9290501984208117,1,0.005047608167935996,0.9240025902528757,6798.112165678042,0.620191387529853,3,True,False,0,True,False,1,84,0.022222222222222223,28
2407,4421,41.160881249999996,-8.638124468085106,0.8880942353906315,1,0.004259202808115355,0.8838350325825162,6710.400094057288,0.6121894202077726,3,True,False,0,True,False,1,84,0.06666666666666667,28
2408,4422,41.160881249999996,-8.63704574468085,0.8457802366183339,1,0.0012201493235069066,0.844560087294827,6622.760203583202,0.6041940379676112,3,True,False,0,True,False,1,88,0.06666666666666667,32
2409,4423,41.160881249999996,-8.635967021276596,0.8748230905947075,1,0.0016365432719881244,0.8731865473227194,6535.195398214193,0.5962055057373298,3,True,True,1,True,False,1,88,0.03333333333333333,32
2410,4424,41.160881249999996,-8.63488829787234,0.8559344740317373,1,0.0021536872377134696,0.8537807867940238,6447.7087371040625,0.5882241026033562,3,True,False,0,True,False,1,89,0.044444444444444446,33
2411,4425,41.160881249999996,-8.633809574468085,0.8565542506986914,1,0.0027734639046675625,0.8537807867940238,6360.30344491525,0.5802501227514623,3,True,False,0,True,False,1,89,0.044444444444444446,33
2412,4426,41.160881249999996,-8.63273085106383,0.819738359508408,1,0.00348485341230422,0.8162535060961038,6272.982922950886,0.5722838764823397,3,True,False,0,True,False,1,91,0.06666666666666667,11
2413,4427,41.160881249999996,-8.631652127659574,0.8025738015158544,1,0.004259202808116521,0.7983145987077379,6185.7507611762185,0.5643256913083144,3,True,False,0,True,False,1,91,0.08888888888888889,11
2414,4428,41.160881249999996,-8.630573404255319,0.803362206875674,1,0.005047608167935996,0.7983145987077379,6098.610751215978,0.5563759131390958,3,True,False,0,False,False,0.55,91,0.08888888888888889,11
2415,4429,41.160881249999996,-8.629494680851064,0.735461032509678,1,0.005782723936079574,0.7296783085735984,6011.566900414529,0.5484349075644831,3,True,False,0,True,False,1,95,0.13333333333333333,15
2416,4430,41.160881249999996,-8.628415957446808,0.7777499530235441,1,0.00638676828067196,0.7713631847428721,5924.623447063491,0.5405030612435803,3,True,False,0,True,False,1,95,0.07777777777777778,15
2417,4431,41.160881249999996,-8.627337234042553,0.7604347008693935,1,0.006785509612797324,0.7536491912565961,5837.784876903935,0.5325807834102912,3,True,True,1,True,False,1,99,0.05555555555555555,19
2418,4432,41.160881249999996,-8.626258510638298,0.7041786356199672,1,0.006925015580273465,0.6972536200396937,5751.05594103038,0.5246685075066997,3,True,False,0,True,False,1,99,0.13333333333333333,19
2419,4433,41.160881249999996,-8.625179787234043,0.6088250914002636,1,0.00045367237086407753,0.6083714190293996,5664.441675328959,0.5167666929564118,3,True,False,0,True,False,1,111,0.13333333333333333,31
2420,4434,41.160881249999996,-8.624101063829787,0.6653612819428383,1,0.0004361366163323073,0.6649251453265059,5577.947421605119,0.5088758270920359,3,True,False,0,True,False,1,111,0.044444444444444446,31
2421,4435,41.160881249999996,-8.623022340425532,0.6435348905681785,1,0.00040858439304435333,0.6431263061751341,5491.578850564772,0.5009964272517509,3,True,False,0,True,False,1,111,0.07777777777777778,31
2422,4436,41.160881249999996,-8.621943617021277,0.5681515467188363,1,2.09940388668139e-05,0.5681305526799695,5405.341986839549,0.4931290430623588,3,True,False,0,True,False,1,118,0.12222222222222222,38
2423,4437,41.160881249999996,-8.620864893617021,0.5434598369104575,1,2.663570957915567e-05,0.5434332012008783,5319.243236259591,0.4852742589273805,3,True,False,0,True,False,1,118,0.16666666666666666,38
2424,4438,41.160881249999996,-8.619786170212766,0.5080338782383786,1,3.3317339557533824e-05,0.5080005608988211,5233.289415608841,0.47743269674162864,3,True,False,0,True,False,1,121,0.2,41
2425,4439,41.160881249999996,-8.61870744680851,0.49138737073258665,1,4.1049177357243874e-05,0.4913463215552294,5147.487785115912,0.46960501885534794,3,True,True,1,True,False,1,121,0.23333333333333334,41
2426,4440,41.160881249999996,-8.617628723404255,0.6017032484588196,1,0.00020600919669088694,0.6014972392621287,5061.846083971223,0.46179193131444185,3,True,False,0,True,False,1,112,0.13333333333333333,32
2427,4441,41.160881249999996,-8.61655,0.5444411561819065,1,0.0001839472522040228,0.5442572089297024,4976.372569186027,0.45399418740557873,3,True,False,0,True,False,1,112,0.23333333333333334,29
2428,4442,41.160881249999996,-8.615471276595745,0.3751973854455581,1,0,0.3751973854455581,4891.076058154157,0.44621259153909826,3,True,False,0,True,False,1,133,0.36666666666666664,50
2429,4443,41.160881249999996,-8.61439255319149,0.473441333967827,1,0,0.473441333967827,4805.965975310958,0.43844800350570273,3,True,False,0,True,False,1,136,0.1,53
2430,4444,41.160881249999996,-8.613313829787234,0.473441333967827,1,0,0.473441333967827,4721.052403338661,0.4307013431479205,3,True,False,0,True,False,1,136,0.1,53
2431,4445,41.160881249999996,-8.612235106382979,0.42311934083176744,1,0,0.42311934083176744,4636.346139411952,0.4229735954913863,3,True,False,0,True,False,1,141,0.15555555555555556,58
2432,4446,41.160881249999996,-8.611156382978724,0.472843931732988,1,0,0.472843931732988,4551.858757044397,0.4152658163870865,3,True,False,0,True,False,1,141,0.044444444444444446,58
2433,4447,41.160881249999996,-8.610077659574468,0.4518321830878073,1,0,0.4518321830878073,4467.602674154413,0.40757913872101453,3,True,True,1,True,False,1,145,0.044444444444444446,62
2434,4448,41.160881249999996,-8.608998936170213,0.4518321830878073,1,0,0.4518321830878073,4383.591228051352,0.39991477925514657,3,True,False,0,True,False,1,145,0.044444444444444446,62
2435,4449,41.160881249999996,-8.607920212765958,0.43197224547225077,1,0,0.43197224547225077,4299.8387581169945,0.39227404617046957,3,True,False,0,True,False,1,147,0.06666666666666667,64
2436,4450,41.160881249999996,-8.606841489361702,0.43197224547225077,1,0,0.43197224547225077,4216.360697057891,0.38465834739192734,3,True,False,0,True,False,1,147,0.06666666666666667,64
2437,4451,41.160881249999996,-8.605762765957447,0.3774782136128093,1,0,0.3774782136128093,4133.173671698796,0.3770691997837998,3,True,False,0,True,False,1,153,0.13333333333333333,70
2438,4452,41.160881249999996,-8.604684042553192,0.399042692652632,1,0,0.399042692652632,4050.2956144092273,0.36950823931514154,3,True,False,0,True,False,1,153,0.07777777777777778,70
2439,4453,41.160881249999996,-8.603605319148937,0.43175413275511254,1,0,0.43175413275511254,3967.7458863732973,0.36197723230568174,3,True,False,0,True,False,1,149,0.044444444444444446,66
2440,4454,41.160881249999996,-8.602526595744681,0.42698341766742837,1,0,0.42698341766742837,3885.545414059206,0.354478087875928,3,True,False,0,True,False,1,149,0.05555555555555555,60
2441,4455,41.160881249999996,-8.601447872340426,0.4468396133602098,1,0,0.4468396133602098,3803.716840388199,0.34701287173830214,3,True,False,0,True,False,1,145,0.05555555555555555,56
2442,4456,41.160881249999996,-8.60036914893617,0.4177050163979419,1,0,0.4177050163979419,3722.2846922742892,0.3395838214817792,3,True,False,0,True,False,1,148,0.08888888888888889,59
2443,4457,41.160881249999996,-8.599290425531915,0.4177050163979419,1,0,0.4177050163979419,3641.2755663735484,0.332193363517785,3,True,False,0,True,False,1,148,0.08888888888888889,59
2444,4458,41.160881249999996,-8.59821170212766,0.4177050163979419,1,0,0.4177050163979419,3560.7183350743517,0.32484413187267447,3,True,False,0,True,False,1,148,0.08888888888888889,59
2445,4459,41.160881249999996,-8.597132978723405,0.4468396133602098,1,0,0.4468396133602098,3480.644374943223,0.31753898902883293,3,True,False,0,True,False,1,145,0.05555555555555555,56
2446,4460,41.160881249999996,-8.59605425531915,0.4468396133602098,1,0,0.4468396133602098,3401.087820040076,0.31028104903461157,3,True,False,0,True,False,1,145,0.05555555555555555,56
2447,4461,41.160881249999996,-8.594975531914894,0.4083187862945706,1,0,0.4083187862945706,3322.0858426928608,0.3030737031193821,3,True,False,0,True,False,1,150,0.08888888888888889,102
2448,4462,41.160881249999996,-8.593896808510639,0.4174941075327457,1,0,0.4174941075327457,3243.6789644928153,0.29592064806561624,3,True,False,0,True,False,1,150,0.06666666666666667,102
2449,4463,41.160881249999996,-8.592818085106384,0.4174941075327457,1,0,0.4174941075327457,3165.9114003902614,0.28882591760072557,3,True,False,0,True,False,1,150,0.06666666666666667,102
2450,4464,41.160881249999996,-8.591739361702128,0.4174941075327457,1,0,0.4174941075327457,3088.831438842517,0.28179391707793405,3,True,False,0,True,False,1,150,0.06666666666666667,108
2451,4465,41.160881249999996,-8.590660638297873,0.37311873490202435,1,0,0.37311873490202435,3012.4918609265173,0.27482946171189865,3,True,False,0,True,False,1,155,0.12222222222222222,113
2452,4466,41.160881249999996,-8.589581914893618,0.36899591813421273,1,0,0.36899591813421273,2936.9504011633703,0.26793781861970734,3,True,False,0,False,False,0.55,155,0.13333333333333333,113
2453,4467,41.160881249999996,-8.588503191489362,0.341728958977469,1,0,0.341728958977469,2862.2702524194237,0.26112475288297504,2,True,False,0,True,False,1,151,0.25555555555555554,109
2454,4468,41.160881249999996,-8.587424468085107,0.3709579123291555,1,0,0.3709579123291555,2788.5206165977543,0.2543965777873968,3,True,False,0,True,False,1,134,0.36666666666666664,92
2455,4469,41.160881249999996,-8.586345744680852,0.37510265059302633,1,0,0.37510265059302633,2715.777301781787,0.24776020930012638,3,True,False,0,True,False,1,134,0.35555555555555557,78
2456,4470,41.160881249999996,-8.585267021276596,0.53761589568581,1,5.1688404290904185e-05,0.5375642072815191,2644.1233649349974,0.24122322470323354,3,True,False,0,True,False,1,117,0.18888888888888888,61
2457,4471,41.160881249999996,-8.584188297872341,0.43049303298360786,1,4.526574397146261e-05,0.4304477672396364,2573.6497970031974,0.23479392509554708,3,True,True,1,True,False,1,117,0.4111111111111111,61
2458,4472,41.160881249999996,-8.583109574468086,0.6567761736798274,1,0.002676118395279758,0.6541000552845477,2504.4562441354433,0.228481401189597,3,True,False,0,True,False,1,88,0.32222222222222224,32
2459,4473,41.160881249999996,-8.58203085106383,0.8301734640434068,1,0.0041743814814748535,0.8259990825619319,2436.6517544719723,0.22229560144103588,3,True,False,0,True,False,1,88,0.08888888888888889,32
2460,4474,41.160881249999996,-8.580952127659575,0.8704792824980009,1,0.006504866052631632,0.8639744164453692,2370.3555343057787,0.21624740103321644,3,True,False,0,True,False,1,86,0.06666666666666667,49
2461,4475,41.160881249999996,-8.57987340425532,0.8740975818274749,1,0.010123165382105713,0.8639744164453692,2305.6976901070752,0.21034866957204124,3,True,False,0,False,False,0.55,86,0.06666666666666667,49
2462,4476,41.160881249999996,-8.578794680851065,0.7799515726688178,1,0.007808839548861977,0.7721427331199557,2242.819923683457,0.20461233450538494,3,True,True,1,True,False,1,91,0.12222222222222222,54
2463,4477,41.160881249999996,-8.57771595744681,0.7261851643338659,1,0.011821874223295966,0.71436329011057,2181.8761364425445,0.19905243624994098,3,True,False,0,True,False,1,91,0.2,54
2464,4478,41.160881249999996,-8.576637234042552,0.9472389526866479,1,0.07184460237349163,0.8753943503131563,2123.0328853607753,0.19368416978922862,3,True,False,0,True,False,1,78,0.14444444444444443,41
2465,4479,41.160881249999996,-8.575558510638297,0.8380524741686782,1,0.10523497486895082,0.7328174992997274,2066.469618153005,0.18852390612810233,3,True,True,1,True,False,1,78,0.32222222222222224,37
2466,4480,41.160881249999996,-8.574479787234042,1.2581884165217971,1,0.24061148645252184,1.0175769300692752,2012.3785990939039,0.18358918552544196,3,True,False,0,True,False,1,54,0.26666666666666666,13
2467,4481,41.160881249999996,-8.573401063829786,1.5149196706812238,1,0.3650524624018312,1.1498672082793926,1960.9644214985112,0.1788986730177813,3,True,False,0,True,False,1,54,0.14444444444444443,13
2468,4482,41.160881249999996,-8.572322340425531,1.6781764011027551,1,0.5283091928233624,1.1498672082793926,1912.44299043285,0.1744720656120553,3,True,False,0,True,False,1,54,0.14444444444444443,13
2469,4483,41.160881249999996,-8.571243617021276,1.7872965053160024,1,0.6374292970366099,1.1498672082793926,1867.0398533343687,0.17032993998819737,3,True,False,0,True,False,1,54,0.14444444444444443,13
2470,4484,41.160881249999996,-8.57016489361702,2.17600277847354,1,1.0,1.1760027784735398,1824.9877613995325,0.1664935300246678,3,True,True,1,True,True,1,53,0.13333333333333333,0
2471,4485,41.160881249999996,-8.569086170212765,1.7375881107156197,1,0.637429297037033,1.1001588136785867,1786.5233661046295,0.1629844254222339,3,True,False,0,True,False,1,53,0.2,0
2472,4486,41.160881249999996,-8.56800744680851,1.3029650089844558,1,0.40631610872788027,0.8966489002565755,1751.8829981191573,0.15982418661447778,3,True,False,0,True,False,1,71,0.2,18
2473,4487,41.160881249999996,-8.566928723404255,1.4049065293903549,1,0.6374292970366099,0.767477232353745,1721.2975436166507,0.15703387733392346,3,True,False,0,True,False,1,71,0.35555555555555557,13
2474,4488,41.160881249999996,-8.56585,1.6664380574056645,1,1.0,0.6664380574056644,1694.9865254151925,0.15463352463482113,3,True,False,0,True,True,1,58,0.6444444444444445,0
2475,4518,41.16169652777778,-8.685588297872341,2.005939764854007,1,0.04091460250668499,1.965025162347322,10598.7738308332,0.9669255358048247,3,True,False,0,True,False,1,0,0.2222222222222222,-16
2476,4519,41.16169652777778,-8.684509574468086,1.7939736788301182,1,0.04223984331322672,1.7517338355168914,10509.349489150763,0.9587673581820755,3,True,False,0,True,False,1,15,0.16666666666666666,-1
2477,4520,41.16169652777778,-8.68343085106383,1.5860337262145945,1,0.04091460250668882,1.5451191237079056,10419.941906091279,0.9506107094475482,3,True,False,0,False,False,0.55,28,0.14444444444444443,12
2478,4521,41.16169652777778,-8.682352127659575,1.6636499731835463,1,0.04830998333983483,1.6153399898437115,10330.551516789785,0.9424556292985877,3,True,True,1,True,False,1,28,0.1,9
2479,4522,41.16169652777778,-8.68127340425532,1.5674044631031854,1,0.05738700544775659,1.5100174576554288,10241.178771488934,0.9343021588108059,3,True,False,0,True,False,1,31,0.13333333333333333,12
2480,4523,41.16169652777778,-8.680194680851065,1.7039996668399928,1,0.07184831898385818,1.6321513478561347,10151.82413619531,0.9261503404979567,3,True,False,0,True,False,1,31,0.05555555555555555,2
2481,4524,41.16169652777778,-8.67911595744681,1.5464356904423617,1,0.08776541200507927,1.4586702784372825,10062.488093372294,0.9180002183751473,3,True,False,0,True,False,1,36,0.1111111111111111,7
2482,4525,41.16169652777778,-8.678037234042554,1.5912370869142882,1,0.09978906511943009,1.491448021794858,9973.171142667328,0.9098518380251854,3,True,False,0,True,False,1,36,0.08888888888888889,7
2483,4526,41.16169652777778,-8.676958510638299,1.4820751930049358,1,0.10432131921654879,1.377753873788387,9883.873801680045,0.9017052466686561,3,True,False,0,True,False,1,42,0.1,13
2484,4527,41.16169652777778,-8.675879787234043,1.4974689317798617,1,0.10432131921654879,1.3931476125633129,9794.596606769512,0.8935604932375667,3,True,False,0,True,False,1,42,0.08888888888888889,13
2485,4528,41.16169652777778,-8.674801063829788,1.3718731480379147,1,0.09978906511943009,1.2720840829184847,9705.34011390731,0.8854176284531732,3,True,False,0,True,False,1,50,0.08888888888888889,21
2486,4529,41.16169652777778,-8.673722340425533,1.402966929312897,1,0.08776541200507927,1.3152015173078178,9616.104899575084,0.877276704907863,3,True,False,0,True,False,1,50,0.05555555555555555,21
2487,4530,41.16169652777778,-8.672643617021278,1.329876368000696,1,0.07184831898385818,1.2580280490168378,9526.891561713692,0.8691377771517471,3,True,False,0,True,False,1,50,0.1,21
2488,4531,41.16169652777778,-8.671564893617022,1.1677369239857496,1,0.055566846721625006,1.1121700772641245,9437.700720722947,0.8610009017838651,3,True,False,0,True,False,1,54,0.17777777777777778,25
2489,4532,41.16169652777778,-8.670486170212767,1.2309030491702666,1,0.04115998215847992,1.1897430670117868,9348.533020519602,0.852866137548706,3,True,False,0,False,False,0.55,51,0.14444444444444443,22
2490,4533,41.16169652777778,-8.669407446808512,1.1931200730199545,1,0.029524141102448036,1.1635959319175064,9259.389129653033,0.8447335454379912,3,True,False,0,False,False,0.55,51,0.16666666666666666,30
2491,4534,41.16169652777778,-8.668328723404256,1.1084056093963581,1,0.020677835739078786,1.0877277736572792,9170.269742486764,0.8366031887984658,3,True,False,0,True,False,1,54,0.2,33
2492,4535,41.16169652777778,-8.667250000000001,1.1019531301658256,1,0.01422535650854631,1.0877277736572792,9081.17558044592,0.8284751334457032,3,True,False,0,True,False,1,54,0.2,33
2493,4536,41.16169652777778,-8.666171276595746,1.0842285748295684,1,0.02067454132062781,1.0635540335089406,8992.107393339365,0.8203494477847233,3,True,False,0,True,False,1,55,0.2111111111111111,-9
2494,4537,41.16169652777778,-8.66509255319149,1.2447699444585962,1,0.029520335761660348,1.215249608696936,8903.065960757245,0.812226202937491,3,True,False,0,True,False,1,55,0.07777777777777778,-9
2495,4538,41.16169652777778,-8.664013829787235,1.202990157049944,1,0.04115591432166077,1.161834242728283,8814.052093553464,0.8041054728781621,3,True,False,0,True,False,1,57,0.1,-7
2496,4539,41.16169652777778,-8.66293510638298,1.2567777132862428,1,0.055562967016727347,1.2012147462695155,8725.066635414641,0.7959873345762191,3,True,False,0,True,False,1,57,0.06666666666666667,-7
2497,4540,41.16169652777778,-8.661856382978725,1.1453830715093334,1,0.07184522178391134,1.073537849725422,8636.110464525877,0.7878718681484387,3,True,False,0,True,False,1,62,0.12222222222222222,-2
2498,4541,41.16169652777778,-8.66077765957447,1.1732961541394031,1,0.08776359219573246,1.0855325619436706,8547.18449533585,0.7797591570199222,3,True,False,0,True,False,1,62,0.1111111111111111,-2
2499,4542,41.16169652777778,-8.659698936170214,1.0699400227130942,1,0.0997885190164639,0.9701515036966303,8458.289680432661,0.7716492880952279,3,True,False,0,True,False,1,67,0.16666666666666666,3
2500,4543,41.16169652777778,-8.658620212765959,1.1298953903943838,1,0.10432131921581296,1.0255740711785708,8369.427012533975,0.7635423519399323,3,True,False,0,True,False,1,67,0.1111111111111111,3
2501,4544,41.16169652777778,-8.657541489361703,1.1537939848147998,1,0.10490942792658496,1.0488845568882148,8280.597526604153,0.7554384429737752,3,True,False,0,True,False,1,66,0.1,17
2502,4545,41.16169652777778,-8.656462765957448,1.2565469469614603,1,0.1474619442136372,1.1090850027478232,8191.802302103291,0.7473376596758401,3,True,False,0,True,False,1,65,0.05555555555555555,4
2503,4546,41.16169652777778,-8.655384042553193,1.317805963782866,1,0.19632907803162733,1.1214768857512387,8103.042465382263,0.7392401048030532,3,True,False,0,False,False,0.55,65,0.044444444444444446,4
2504,4547,41.16169652777778,-8.654305319148937,1.311738444030697,1,0.23955521601782226,1.0721832280128747,8014.319192230314,0.7311458856226009,3,True,False,0,True,False,1,67,0.06666666666666667,6
2505,4548,41.16169652777778,-8.65322659574468,1.3298294877856915,1,0.25764625977281697,1.0721832280128747,7925.6337105909215,0.7230551141596969,3,True,True,1,True,False,1,67,0.06666666666666667,6
2506,4549,41.16169652777778,-8.652147872340425,1.3871018050891366,1,0.23955521601782226,1.1475465890713143,7836.987303455175,0.7149679074615457,3,True,False,0,True,False,1,62,0.05555555555555555,1
2507,4550,41.16169652777778,-8.65106914893617,1.3438756671030139,1,0.1963290780316994,1.1475465890713143,7748.381311948647,0.7068843878789571,3,True,False,0,True,False,1,62,0.05555555555555555,1
2508,4551,41.16169652777778,-8.649990425531914,1.1844948250144591,1,0.1474619442136372,1.037032880800822,7659.8171386251415,0.6988046833668353,3,True,True,1,True,False,1,67,0.1,6
2509,4552,41.16169652777778,-8.64891170212766,1.1419423087274625,1,0.10490942792664054,1.037032880800822,7571.296250985859,0.6907289278052315,3,True,False,0,True,False,1,67,0.1,6
2510,4553,41.16169652777778,-8.647832978723404,1.1092280035043627,1,0.07219512270354063,1.037032880800822,7482.820185238275,0.6826572613422667,3,True,False,0,True,False,1,67,0.1,6
2511,4554,41.16169652777778,-8.646754255319149,0.9548619031622907,1,0.048652480206235436,0.9062094229560552,7394.3905503181595,0.6745898307610599,3,True,False,0,True,False,1,73,0.16666666666666666,12
2512,4555,41.16169652777778,-8.645675531914893,1.0227900240352832,1,0.03234008932823358,0.9904499347070496,7306.0090321916605,0.6665267898722074,3,True,False,0,True,False,1,73,0.07777777777777778,12
2513,4556,41.16169652777778,-8.644596808510638,1.0937507396087167,1,0.02129672406652899,1.0724540155421878,7217.6773984646625,0.6584682999342936,3,True,True,1,True,False,1,66,0.07777777777777778,5
2514,4557,41.16169652777778,-8.643518085106383,1.0203911923792544,1,0.017102969714330597,1.0032882226649238,7129.397503320478,0.6504145301043571,3,True,False,0,True,False,1,66,0.14444444444444443,10
2515,4558,41.16169652777778,-8.642439361702127,0.88218624094695,1,0.016683246379772997,0.8655029945671769,7041.171292817576,0.6423656579212018,3,True,False,0,True,False,1,79,0.14444444444444443,23
2516,4559,41.16169652777778,-8.641360638297872,0.8417446750986104,1,0.005883659742893751,0.8358610153557167,6953.000810573387,0.63432186982393,3,True,False,0,True,False,1,85,0.1111111111111111,29
2517,4560,41.16169652777778,-8.640281914893617,0.8584496939272283,1,0.003806066593371934,0.8546436273338563,6864.888203871291,0.6262833617090827,3,True,False,0,True,False,1,85,0.08888888888888889,29
2518,4561,41.16169652777778,-8.639203191489361,0.8773620586655255,1,0.003293059121439634,0.8740689995440859,6776.835730223813,0.6182503395293996,3,True,False,0,True,False,1,84,0.07777777777777778,28
2519,4562,41.16169652777778,-8.638124468085106,0.9065088689008749,1,0.0028132013985458833,0.903695667502329,6688.845764433199,0.610223019937955,3,True,False,0,True,False,1,84,0.044444444444444446,28
2520,4563,41.16169652777778,-8.63704574468085,0.864405267578273,1,0.0008670916772537518,0.8635381759010192,6600.920806194403,0.6022016309817778,3,True,False,0,True,False,1,88,0.044444444444444446,32
2521,4564,41.16169652777778,-8.635967021276596,0.8646840545614266,1,0.0011458786604074001,0.8635381759010192,6513.063488285429,0.5941864128490563,3,True,False,0,True,False,1,88,0.044444444444444446,32
2522,4565,41.16169652777778,-8.63488829787234,0.8458322905243065,1,0.0014854490526854138,0.8443468414716211,6425.276585402076,0.5861776186751306,3,True,False,0,True,False,1,89,0.05555555555555555,33
2523,4566,41.16169652777778,-8.633809574468085,0.8652045915954591,1,0.0018844533592075746,0.8633201382362515,6337.5630236913175,0.5781755154122236,3,True,False,0,True,False,1,89,0.03333333333333333,33
2524,4567,41.16169652777778,-8.63273085106383,0.8277071024261032,1,0.002333539775623143,0.8253735626504801,6249.92589105198,0.5701803847691699,3,True,False,0,True,False,1,91,0.05555555555555555,11
2525,4568,41.16169652777778,-8.631652127659574,0.8281867640490267,1,0.0028132013985466002,0.8253735626504801,6162.368448269681,0.5621925242272566,3,True,False,0,True,False,1,91,0.05555555555555555,11
2526,4569,41.16169652777778,-8.630573404255319,0.8286666217719197,1,0.003293059121439634,0.8253735626504801,6074.894141068874,0.5542122481397305,3,True,False,0,True,False,1,91,0.05555555555555555,11
2527,4570,41.16169652777778,-8.629494680851064,0.8012422496140211,1,0.003733622164097426,0.7975086274499237,5987.506613164859,0.5462398889225317,3,True,False,0,True,False,1,95,0.044444444444444446,15
2528,4571,41.16169652777778,-8.628415957446808,0.7927875966364456,1,0.004091129054581815,0.7886964675818637,5900.209720416271,0.5382757983454249,3,True,False,0,True,False,1,95,0.05555555555555555,15
2529,4572,41.16169652777778,-8.627337234042553,0.7663948148698803,1,0.004325049373679304,0.762069765496201,5813.007546180764,0.5303203489328974,3,True,False,0,True,False,1,99,0.044444444444444446,19
2530,4573,41.16169652777778,-8.626258510638298,0.7016601362175832,1,0.004406516177889498,0.6972536200396937,5725.904417996545,0.5223739354860146,3,True,False,0,True,False,1,99,0.13333333333333333,19
2531,4574,41.16169652777778,-8.625179787234043,0.6086603104397597,1,0.0002888914103600427,0.6083714190293996,5638.904925717369,0.5144369767368745,3,True,False,0,True,False,1,111,0.13333333333333333,31
2532,4575,41.16169652777778,-8.624101063829787,0.6954222575651853,1,0.0002783291663065965,0.6951439283988787,5552.0139412515055,0.5065099171493921,3,True,False,0,True,False,1,111,0,31
2533,4576,41.16169652777778,-8.623022340425532,0.6362816852250089,1,0.00026167436794773596,0.6360200108570612,5465.236640063561,0.4985932288809102,3,True,False,0,True,False,1,111,0.08888888888888889,31
2534,4577,41.16169652777778,-8.621943617021277,0.5939646485345915,1,1.4326443144943058e-05,0.5939503220914466,5378.5785246248615,0.490687413921576,3,True,False,0,True,False,1,118,0.07777777777777778,38
2535,4578,41.16169652777778,-8.620864893617021,0.6209615453736054,1,1.8025528697447947e-05,0.6209435198449079,5292.045450010818,0.48279300642958733,3,True,False,0,True,False,1,118,0.03333333333333333,38
2536,4579,41.16169652777778,-8.619786170212766,0.6001541162294763,1,2.2363870065418607e-05,0.600131752359411,5205.643651875447,0.4749105752833067,3,True,False,0,False,False,0.55,121,0.03333333333333333,41
2537,4580,41.16169652777778,-8.61870744680851,0.543049001614823,1,2.7336328537694842e-05,0.5430216652862853,5119.37977705163,0.4670407268729211,3,True,False,0,True,False,1,121,0.13333333333333333,41
2538,4581,41.16169652777778,-8.617628723404255,0.54439374024883,1,0.0001365313191276435,0.5442572089297024,5033.260917063791,0.4591841081578016,3,True,False,0,False,False,0.55,112,0.23333333333333334,32
2539,4582,41.16169652777778,-8.61655,0.5149623783683435,1,0.00011711806052358361,0.5148452603078199,4947.294644865287,0.451341410018054,3,True,False,0,True,False,1,112,0.28888888888888886,32
2540,4583,41.16169652777778,-8.615471276595745,0.42871209311529057,1,0,0.42871209311529057,4861.489055159155,0.44351337093297727,3,True,False,0,True,False,1,133,0.23333333333333334,50
2541,4584,41.16169652777778,-8.61439255319149,0.48948868172468435,1,0,0.48948868172468435,4775.852808695757,0.435700781022336,3,True,False,0,True,False,1,136,0.06666666666666667,53
2542,4585,41.16169652777778,-8.613313829787234,0.48948868172468435,1,0,0.48948868172468435,4690.3951809977225,0.4279044864915342,3,True,False,0,True,False,1,136,0.06666666666666667,53
2543,4586,41.16169652777778,-8.612235106382979,0.46761919036260724,1,0,0.46761919036260724,4605.126116009487,0.42012539452605874,3,True,False,0,True,False,1,141,0.05555555555555555,58
2544,4587,41.16169652777778,-8.611156382978724,0.472843931732988,1,0,0.472843931732988,4520.056285239062,0.4123644786869807,3,True,False,0,True,False,1,141,0.044444444444444446,58
2545,4588,41.16169652777778,-8.610077659574468,0.4321904683751494,1,0,0.4321904683751494,4435.197153021856,0.4046227848649696,3,True,False,0,True,False,1,145,0.08888888888888889,62
2546,4589,41.16169652777778,-8.608998936170213,0.4321904683751494,1,0,0.4321904683751494,4350.56104862392,0.39690143785826837,3,True,False,0,True,False,1,145,0.08888888888888889,62
2547,4590,41.16169652777778,-8.607920212765958,0.4131938672890763,1,0,0.4131938672890763,4266.161245983636,0.38920164864752316,3,True,False,0,True,False,1,147,0.1111111111111111,64
2548,4591,41.16169652777778,-8.606841489361702,0.43197224547225077,1,0,0.43197224547225077,4182.012052000086,0.38152472245032626,3,True,False,0,True,False,1,147,0.06666666666666667,64
2549,4592,41.16169652777778,-8.605762765957447,0.3816958036512997,1,0,0.3816958036512997,4098.128904382432,0.3738720676480094,3,True,False,0,True,False,1,153,0.12222222222222222,70
2550,4593,41.16169652777778,-8.604684042553192,0.399042692652632,1,0,0.399042692652632,4014.5284802108063,0.36624520568964786,3,True,True,1,True,False,1,153,0.07777777777777778,70
2551,4594,41.16169652777778,-8.603605319148937,0.43175413275511254,1,0,0.43175413275511254,3931.228816495293,0.3586457820906491,3,True,False,0,True,False,1,149,0.044444444444444446,66
2552,4595,41.16169652777778,-8.602526595744681,0.43175413275511254,1,0,0.43175413275511254,3848.2494441883887,0.3510755786587023,3,True,False,0,True,False,1,149,0.044444444444444446,60
2553,4596,41.16169652777778,-8.601447872340426,0.41802157948730373,1,0,0.41802157948730373,3765.611537277938,0.3435365270955183,3,True,False,0,True,False,1,145,0.12222222222222222,56
2554,4597,41.16169652777778,-8.60036914893617,0.4177050163979419,1,0,0.4177050163979419,3683.338078794141,0.3360307241416395,3,True,False,0,True,False,1,148,0.08888888888888889,59
2555,4598,41.16169652777778,-8.599290425531915,0.4177050163979419,1,0,0.4177050163979419,3601.454045775284,0.3285604484508529,3,True,False,0,True,False,1,148,0.08888888888888889,59
2556,4599,41.16169652777778,-8.59821170212766,0.4177050163979419,1,0,0.4177050163979419,3519.986615483477,0.32112817940324034,3,True,False,0,True,False,1,148,0.08888888888888889,59
2557,4600,41.16169652777778,-8.597132978723405,0.41802157948730373,1,0,0.41802157948730373,3438.965395411435,0.3137366180886839,3,True,False,0,True,False,1,145,0.12222222222222222,56
2558,4601,41.16169652777778,-8.59605425531915,0.42269216334072857,1,0,0.42269216334072857,3358.4226799024163,0.30638871071828844,3,True,False,0,True,False,1,145,0.1111111111111111,97
2559,4602,41.16169652777778,-8.594975531914894,0.42215879790574984,1,0,0.42215879790574984,3278.393736481648,0.29908767474638137,3,True,False,0,True,False,1,150,0.05555555555555555,102
2560,4603,41.16169652777778,-8.593896808510639,0.4316451176988164,1,0,0.4316451176988164,3198.9171252906826,0.2918370280124908,3,True,False,0,True,False,1,150,0.03333333333333333,108
2561,4604,41.16169652777778,-8.592818085106384,0.4316451176988164,1,0,0.4316451176988164,3120.03505528194,0.28464062123695333,3,True,False,0,True,False,1,150,0.03333333333333333,108
2562,4605,41.16169652777778,-8.591739361702128,0.42215879790574984,1,0,0.42215879790574984,3041.7937810789663,0.27750267422645325,3,True,False,0,True,False,1,150,0.05555555555555555,108
2563,4606,41.16169652777778,-8.590660638297873,0.3815030766654174,1,0,0.3815030766654174,2964.2440445783323,0.2704278161613384,3,True,False,0,True,False,1,155,0.1,113
2564,4607,41.16169652777778,-8.589581914893618,0.3815030766654174,1,0,0.3815030766654174,2887.4415654491445,0.26342113034386294,3,True,False,0,True,False,1,155,0.1,113
2565,4608,41.16169652777778,-8.588503191489362,0.36528744781731315,1,0,0.36528744781731315,2811.447584585966,0.25648820377736653,2,True,False,0,True,False,1,151,0.18888888888888888,95
2566,4609,41.16169652777778,-8.587424468085107,0.4431314221715757,1,0,0.4431314221715757,2736.329464238268,0.24963518191605003,3,True,True,1,True,False,1,134,0.18888888888888888,78
2567,4610,41.16169652777778,-8.586345744680852,0.4431314221715757,1,0,0.4431314221715757,2662.1613478335335,0.24286882886059993,3,True,False,0,True,False,1,134,0.18888888888888888,78
2568,4611,41.16169652777778,-8.585267021276596,0.531657770631996,1,3.343857045891924e-05,0.5316243320615371,2589.0248813130497,0.2361965931656119,3,True,False,0,True,False,1,117,0.2,61
2569,4612,41.16169652777778,-8.584188297872341,0.4704912977204567,1,2.9446235198542007e-05,0.4704618514852582,2517.009995886773,0.22962667925027255,3,True,False,0,True,False,1,117,0.32222222222222224,61
2570,4613,41.16169652777778,-8.583109574468086,0.6215711379021153,1,0.002818996993258538,0.6187521409088568,2446.215749267441,0.22316812414409992,3,True,False,0,False,False,0.55,88,0.37777777777777777,51
2571,4614,41.16169652777778,-8.58203085106383,0.7945078734677383,1,0.004416012524514704,0.7900918609432236,2376.751218327527,0.21683087892398686,3,True,False,0,True,False,1,88,0.13333333333333333,51
2572,4615,41.16169652777778,-8.580952127659575,0.7974069558113476,1,0.006915957791011272,0.7904909980203363,2308.7364303918143,0.21062589367596968,3,True,False,0,True,False,1,86,0.15555555555555556,49
2573,4616,41.16169652777778,-8.57987340425532,0.8844551305532382,1,0.010827468540568258,0.87362766201267,2242.303312579039,0.2045652041036125,3,True,False,0,False,False,0.55,86,0.05555555555555555,49
2574,4617,41.16169652777778,-8.578794680851065,0.8344437135172748,1,0.00907015086679461,0.8253735626504801,2177.596628308854,0.19866201696548452,3,True,False,0,True,False,1,91,0.05555555555555555,54
2575,4618,41.16169652777778,-8.57771595744681,0.7282952225884126,1,0.013931932477842664,0.71436329011057,2114.774856839406,0.19293079031532312,3,True,False,0,True,False,1,91,0.2,50
2576,4619,41.16169652777778,-8.576637234042552,0.942476461016616,1,0.06708211070345974,0.8753943503131563,2054.0109552135573,0.18738730301434478,3,True,False,0,True,False,1,78,0.14444444444444443,37
2577,4620,41.16169652777778,-8.575558510638297,0.8799196327740575,1,0.10523792241850051,0.774681710355557,1995.4929222410271,0.18204870618330363,3,True,False,0,True,False,1,78,0.26666666666666666,37
2578,4621,41.16169652777778,-8.574479787234042,1.214378350907627,1,0.19680142083835178,1.0175769300692752,1939.424061644492,0.17693354720929533,3,True,False,0,True,False,1,54,0.26666666666666666,13
2579,4622,41.16169652777778,-8.573401063829786,1.3080580937440167,1,0.27911170666003843,1.0289463870839783,1886.0228176473902,0.17206175474644184,3,True,False,0,True,False,1,54,0.25555555555555554,13
2580,4623,41.16169652777778,-8.572322340425531,1.435267048012498,1,0.40632066092851965,1.0289463870839783,1835.522033686263,0.16745457108826034,3,True,False,0,True,False,1,54,0.25555555555555554,1
2581,4624,41.16169652777778,-8.571243617021276,1.6663792548600491,1,0.6374328677760708,1.0289463870839783,1788.1674679119142,0.16313441673691803,3,True,False,0,True,False,1,54,0.25555555555555554,1
2582,4625,41.16169652777778,-8.57016489361702,2.0292062548404157,1,1.0,1.029206254840416,1744.2153938561328,0.1591246715121934,3,True,False,0,True,True,1,53,0.26666666666666666,0
2583,4626,41.16169652777778,-8.569086170212765,1.6552667941646633,1,0.637432867776494,1.0178339263881693,1703.929129034026,0.15544935785606376,3,True,False,0,True,False,1,53,0.2777777777777778,0
2584,4627,41.16169652777778,-8.56800744680851,1.4249622703009095,1,0.528313370044334,0.8966489002565755,1667.5743770930533,0.15213271589722566,3,True,False,0,True,False,1,71,0.2,9
2585,4628,41.16169652777778,-8.566928723404255,1.4761837111864589,1,0.5283112814164789,0.9478724297699799,1635.4133481428426,0.14919866704911733,3,True,False,0,True,False,1,71,0.14444444444444443,13
2586,4629,41.16169652777778,-8.56585,1.3027566514665732,1,0.6363185940609087,0.6664380574056644,1607.6977406297965,0.14667017374673674,3,True,False,0,True,False,1,58,0.6444444444444445,0
2587,4659,41.16251180555555,-8.685588297872341,2.024526788420711,1,0.06396252123225667,1.9605642671884547,10585.878679652333,0.9657491118935444,3,True,False,0,True,False,1,9,0.12222222222222222,-7
2588,4660,41.16251180555555,-8.684509574468086,1.6319239604445275,1,0.0663815951744536,1.565542365270074,10496.345596067145,0.9575810137531712,3,True,False,0,True,False,1,20,0.2222222222222222,4
2589,4661,41.16251180555555,-8.68343085106383,1.8532512485033212,1,0.06396252123226367,1.7892887272710576,10406.827412509563,0.9494142749414717,3,True,False,0,False,False,0.55,19,0.1,3
2590,4662,41.16251180555555,-8.682352127659575,1.8024778038802955,1,0.0718489384527718,1.7306288654275237,10317.324516833163,0.941248930842306,3,True,False,0,True,False,1,19,0.13333333333333333,0
2591,4663,41.16251180555555,-8.68127340425532,1.7773710728225331,1,0.08776577597712275,1.6896052968454105,10227.837310400819,0.9330850180719861,3,True,False,0,True,False,1,26,0.07777777777777778,7
2592,4664,41.16251180555555,-8.680194680851065,1.7388665687482945,1,0.10465312217973463,1.6342134465685598,10138.366208673799,0.92492257453302,3,True,False,0,False,False,0.55,26,0.1111111111111111,-3
2593,4665,41.16251180555555,-8.67911595744681,1.6930564995090507,1,0.1326451143223524,1.5604113851866983,10048.911641833998,0.9167616394708777,3,True,False,0,True,False,1,33,0.07777777777777778,4
2594,4666,41.16251180555555,-8.678037234042554,1.6477153433201992,1,0.15513700856555554,1.4925783347546437,9959.474055437046,0.9086022535335739,3,True,False,0,True,False,1,33,0.12222222222222222,4
2595,4667,41.16251180555555,-8.676958510638299,1.4811408630701153,1,0.16394510578426888,1.3171957572858464,9870.053911102463,0.9004444588346314,3,True,False,0,True,False,1,44,0.12222222222222222,15
2596,4668,41.16251180555555,-8.675879787234043,1.5563892860916073,1,0.16394510578426888,1.3924441803073384,9780.65168723896,0.8922882990192499,3,True,False,0,True,False,1,44,0.06666666666666667,15
2597,4669,41.16251180555555,-8.674801063829788,1.5472296059482862,1,0.15513700856555554,1.3920925973827307,9691.267879811312,0.8841338193342673,3,True,False,0,True,False,1,45,0.05555555555555555,16
2598,4670,41.16251180555555,-8.673722340425533,1.524737711705083,1,0.1326451143223524,1.3920925973827307,9601.903003147225,0.8759810667017713,3,True,False,0,True,False,1,45,0.05555555555555555,16
2599,4671,41.16251180555555,-8.672643617021278,1.436229699068899,1,0.10465312217973463,1.3315765768891643,9512.557590791024,0.8678300897969806,3,True,False,0,True,False,1,45,0.1,16
2600,4672,41.16251180555555,-8.671564893617022,1.410830556028917,1,0.07790827275914197,1.332922283269775,9423.232196402914,0.859680939130284,3,True,True,1,True,False,1,41,0.14444444444444443,12
2601,4673,41.16251180555555,-8.670486170212767,1.391319663530102,1,0.057387208059117144,1.3339324554709848,9333.927394711085,0.8515336671341018,3,True,False,0,True,False,1,38,0.17777777777777778,17
2602,4674,41.16251180555555,-8.669407446808512,1.3822428007739052,1,0.048310345302920284,1.3339324554709848,9244.64378251586,0.8433883282544937,3,True,False,0,True,False,1,38,0.17777777777777778,17
2603,4675,41.16251180555555,-8.668328723404256,1.3731526303500379,1,0.038546301462983656,1.3346063288870542,9155.381979753622,0.8352449790482208,3,True,False,0,True,False,1,36,0.2,15
2604,4676,41.16251180555555,-8.667250000000001,1.3493111371699045,1,0.02945168866291974,1.3198594485069848,9066.142630620265,0.827103678285238,3,True,False,0,True,False,1,36,0.2111111111111111,15
2605,4677,41.16251180555555,-8.666171276595746,1.2603865420391531,1,0.015630707385275805,1.2447558346538774,8976.926404762493,0.818964487057376,3,True,False,0,True,False,1,48,0.13333333333333333,27
2606,4678,41.16251180555555,-8.66509255319149,1.3086901947767178,1,0.02174321981056367,1.2869469749661542,8887.733998537287,0.810827468893243,3,True,False,0,True,False,1,48,0.1,-16
2607,4679,41.16251180555555,-8.664013829787235,1.315420911823037,1,0.029448527476678144,1.285972384346359,8798.566136348596,0.8026926898801697,3,True,False,0,True,False,1,51,0.06666666666666667,-13
2608,4680,41.16251180555555,-8.66293510638298,1.255021188366946,1,0.038543434641897155,1.2164777537250488,8709.423572062251,0.7945602187932936,3,True,False,0,True,False,1,51,0.12222222222222222,-13
2609,4681,41.16251180555555,-8.661856382978725,1.264478774754949,1,0.04830817359832875,1.2161706011566202,8620.307090509012,0.7864301272326802,3,True,False,0,True,False,1,52,0.1111111111111111,-12
2610,4682,41.16251180555555,-8.66077765957447,1.2078340883860776,1,0.05738599241593921,1.1504480959701384,8531.217509077589,0.7783024897686555,3,True,False,0,True,False,1,52,0.16666666666666666,-12
2611,4683,41.16251180555555,-8.659698936170214,1.2129585957732025,1,0.0639621691320576,1.148996426641145,8442.155679408488,0.7701773840963342,3,True,False,0,True,False,1,57,0.1111111111111111,-7
2612,4684,41.16251180555555,-8.658620212765959,1.2373663619889579,1,0.08836993534781286,1.148996426641145,8353.122489191606,0.7620548911996154,3,True,True,1,True,False,1,57,0.1111111111111111,-4
2613,4685,41.16251180555555,-8.657541489361703,1.281398945722689,1,0.13327264128654903,1.14812630443614,8264.118864079515,0.7539350955257308,3,True,False,0,True,False,1,60,0.07777777777777778,-1
2614,4686,41.16251180555555,-8.656462765957448,1.3311032925307957,1,0.19680966679426581,1.13429362573653,8175.1457697206115,0.7458180851707289,3,True,False,0,True,False,1,64,0.044444444444444446,3
2615,4687,41.16251180555555,-8.655384042553193,1.4260854938167602,1,0.2791183273986571,1.1469671664181031,8086.204213925419,0.7377039520771067,3,True,False,0,True,False,1,64,0.03333333333333333,3
2616,4688,41.16251180555555,-8.654305319148937,1.512040270305616,1,0.364203860150081,1.147836410155535,7997.295248971749,0.7295927922441091,3,True,False,0,True,False,1,61,0.06666666666666667,0
2617,4689,41.16251180555555,-8.65322659574468,1.552737763307471,1,0.40490135315193615,1.147836410155535,7908.419974063412,0.7214847059520376,3,True,False,0,True,False,1,61,0.06666666666666667,0
2618,4690,41.16251180555555,-8.652147872340425,1.5117504492213953,1,0.364203860150081,1.1475465890713143,7819.579537950848,0.7133797980013297,3,True,False,0,True,False,1,62,0.05555555555555555,1
2619,4691,41.16251180555555,-8.65106914893617,1.4266649164701022,1,0.2791183273987879,1.1475465890713143,7730.775141728419,0.7052781779677558,3,True,False,0,True,False,1,62,0.05555555555555555,1
2620,4692,41.16251180555555,-8.649990425531914,1.3455159794547173,1,0.19680966679426581,1.1487063126604515,7642.008041820722,0.697179960474861,3,True,False,0,True,False,1,58,0.1,-3
2621,4693,41.16251180555555,-8.64891170212766,1.2819789539470796,1,0.13327264128662816,1.1487063126604515,7553.279553175082,0.6890852654852149,3,True,False,0,True,False,1,58,0.1,-3
2622,4694,41.16251180555555,-8.647832978723404,1.162992714591579,1,0.08836993534781286,1.0746227792437661,7464.591052673265,0.680994218611663,3,True,False,0,True,False,1,58,0.16666666666666666,-3
2623,4695,41.16251180555555,-8.646754255319149,1.0949332271518635,1,0.05790034635104154,1.037032880800822,7375.943982784311,0.6729069514505742,3,True,False,0,True,False,1,67,0.1,6
2624,4696,41.16251180555555,-8.645675531914893,1.1098428391705897,1,0.037659611157715066,1.0721832280128747,7287.33985547387,0.664823601938489,3,True,False,0,True,False,1,67,0.06666666666666667,6
2625,4697,41.16251180555555,-8.644596808510638,1.0148276888666918,1,0.024377754159642204,0.9904499347070496,7198.780256395571,0.6567443147344981,3,True,False,0,True,False,1,73,0.07777777777777778,12
2626,4698,41.16251180555555,-8.643518085106383,1.0061784313419344,1,0.015728496634884896,0.9904499347070496,7110.266849383615,0.6486692416301013,3,True,False,0,True,False,1,73,0.07777777777777778,12
2627,4699,41.16251180555555,-8.642439361702127,0.947094554576194,1,0.010642135582525124,0.9364524189936688,7021.801381276389,0.6405985419892656,3,True,False,0,False,False,0.55,75,0.1111111111111111,19
2628,4700,41.16251180555555,-8.641360638297872,0.9459372984746496,1,0.009957715834978894,0.9359795826396707,6933.385687094958,0.6325323832208587,3,True,False,0,False,False,0.55,77,0.08888888888888889,21
2629,4701,41.16251180555555,-8.640281914893617,0.9449115738732256,1,0.00893199123355482,0.9359795826396707,6845.021695611316,0.6244709412866406,3,True,False,0,True,False,1,77,0.08888888888888889,21
2630,4702,41.16251180555555,-8.639203191489361,0.8573201309648568,1,0.0026765036310004335,0.8546436273338563,6756.711435336942,0.616414401247598,3,True,False,0,True,False,1,85,0.08888888888888889,29
2631,4703,41.16251180555555,-8.638124468085106,0.9053160837188207,1,0.001848593381673243,0.9034674903371475,6668.457040970144,0.6083629578521371,3,True,False,0,True,False,1,85,0.03333333333333333,29
2632,4704,41.16251180555555,-8.63704574468085,0.9052477763398992,1,0.0015521088375701827,0.903695667502329,6580.260760344456,0.6003168161699836,3,True,False,0,True,False,1,84,0.044444444444444446,28
2633,4705,41.16251180555555,-8.635967021276596,0.8949800661363996,1,0.001269883956740466,0.8937101821796591,6492.124961919876,0.5922761922756087,3,True,False,0,True,False,1,84,0.05555555555555555,28
2634,4706,41.16251180555555,-8.63488829787234,0.884180439399694,1,0.0010147252498377652,0.8831657141498562,6404.052142870726,0.5842413139860843,3,True,False,0,True,False,1,87,0.03333333333333333,31
2635,4707,41.16251180555555,-8.633809574468085,0.8746769607762861,1,0.0012698839567408654,0.8734070768195452,6316.044937820826,0.5762124216579921,3,True,False,0,True,False,1,87,0.044444444444444446,31
2636,4708,41.16251180555555,-8.63273085106383,0.8751797708502401,1,0.0015521088375701827,0.87362766201267,6228.106128290781,0.5681897690492996,3,True,False,0,True,False,1,86,0.05555555555555555,30
2637,4709,41.16251180555555,-8.631652127659574,0.8374985593721802,1,0.0018485933816736796,0.8356499659905066,6140.238652920315,0.5601736242519418,3,True,False,0,True,False,1,86,0.1,6
2638,4710,41.16251180555555,-8.630573404255319,0.7565515712486766,1,0.002140733577583248,0.7544108376710933,6052.445618544019,0.5521642707022626,3,True,True,1,True,False,1,95,0.1,15
2639,4711,41.16251180555555,-8.629494680851064,0.799914071670382,1,0.002405444220458253,0.7975086274499237,5964.730312198741,0.5441620082764471,3,True,False,0,True,False,1,95,0.044444444444444446,15
2640,4712,41.16251180555555,-8.628415957446808,0.7913144655316564,1,0.002617997949792704,0.7886964675818637,5877.096214158067,0.5361671544796575,3,True,False,0,True,False,1,95,0.05555555555555555,15
2641,4713,41.16251180555555,-8.627337234042553,0.7478895235381445,1,0.00275605123235257,0.745133472305792,5789.547012091259,0.5281800457377515,3,True,False,0,True,False,1,100,0.05555555555555555,20
2642,4714,41.16251180555555,-8.626258510638298,0.699881516301973,1,0.0028039481790410746,0.697077568122932,5702.086616463625,0.5202010388022573,3,True,False,0,True,False,1,100,0.12222222222222222,20
2643,4715,41.16251180555555,-8.625179787234043,0.6085553663894988,1,0.00018394736009922193,0.6083714190293996,5614.719177299863,0.5122305122796931,3,True,False,0,True,False,1,111,0.13333333333333333,31
2644,4716,41.16251180555555,-8.624101063829787,0.6953214958000818,1,0.00017756740120311056,0.6951439283988787,5527.449102454526,0.5042688682983797,3,True,False,0,True,False,1,111,0,31
2645,4717,41.16251180555555,-8.623022340425532,0.6361874862521005,1,0.00016747539503934186,0.6360200108570612,5440.28107754182,0.49631653432663564,3,True,False,0,True,False,1,111,0.08888888888888889,31
2646,4718,41.16251180555555,-8.621943617021277,0.5807600546244706,1,9.727141035699548e-06,0.5807503274834348,5353.220087703403,0.4883739651586518,3,True,True,1,True,False,1,119,0.08888888888888889,39
2647,4719,41.16251180555555,-8.620864893617021,0.6207988785622487,1,1.2142839685318803e-05,0.6207867357225634,5266.271441405376,0.48044164508548964,3,True,False,0,True,False,1,119,0.022222222222222223,39
2648,4720,41.16251180555555,-8.619786170212766,0.6001467025536887,1,1.4950194277771477e-05,0.600131752359411,5179.440796487205,0.472520090271523,3,True,False,0,True,False,1,121,0.03333333333333333,41
2649,4721,41.16251180555555,-8.61870744680851,0.5430398046282657,1,1.8139341980489568e-05,0.5430216652862853,5092.734188703584,0.4646098513583103,3,True,False,0,True,False,1,121,0.13333333333333333,41
2650,4722,41.16251180555555,-8.617628723404255,0.42871209311529057,1,0,0.42871209311529057,5006.158063038392,0.45671151632136575,3,True,False,0,True,False,1,133,0.23333333333333334,53
2651,4723,41.16251180555555,-8.61655,0.42871209311529057,1,0,0.42871209311529057,4919.719308095696,0.4488257136076476,3,True,False,0,True,False,1,133,0.23333333333333334,53
2652,4724,41.16251180555555,-8.615471276595745,0.38314436284068953,1,0,0.38314436284068953,4833.42529391947,0.4409531155858502,3,True,False,0,True,False,1,138,0.28888888888888886,55
2653,4725,41.16251180555555,-8.61439255319149,0.44223711082623934,1,0,0.44223711082623934,4747.28391362934,0.43309444234482924,3,True,False,0,True,False,1,142,0.1,59
2654,4726,41.16251180555555,-8.613313829787234,0.45722678789760984,1,0,0.45722678789760984,4661.303629317546,0.42525046588078047,3,True,True,1,True,False,1,142,0.06666666666666667,59
2655,4727,41.16251180555555,-8.612235106382979,0.46761919036260724,1,0,0.46761919036260724,4575.4935227008555,0.4174220147182095,3,True,False,0,True,False,1,141,0.05555555555555555,58
2656,4728,41.16251180555555,-8.611156382978724,0.472843931732988,1,0,0.472843931732988,4489.863351093621,0.40960997901635177,3,True,False,0,True,False,1,141,0.044444444444444446,58
2657,4729,41.16251180555555,-8.610077659574468,0.4733217931695812,1,0,0.4733217931695812,4404.423609333502,0.4018153162186521,3,True,False,0,True,False,1,137,0.08888888888888889,54
2658,4730,41.16251180555555,-8.608998936170213,0.4629195397652758,1,0,0.4629195397652758,4319.185598382938,0.39403905731127314,3,True,False,0,True,False,1,137,0.1111111111111111,54
2659,4731,41.16251180555555,-8.607920212765958,0.46233541424060165,1,0,0.46233541424060165,4234.161501416586,0.3862823137645483,3,True,False,0,True,False,1,142,0.05555555555555555,59
2660,4732,41.16251180555555,-8.606841489361702,0.43251800944956936,1,0,0.43251800944956936,4149.364468321328,0.3785462852419125,3,True,False,0,True,False,1,142,0.12222222222222222,59
2661,4733,41.16251180555555,-8.605762765957447,0.4320813431470018,1,0,0.4320813431470018,4064.808709650825,0.3708322681713706,3,True,False,0,True,False,1,146,0.07777777777777778,63
2662,4734,41.16251180555555,-8.604684042553192,0.4320813431470018,1,0,0.4320813431470018,3980.5096012249624,0.3631416652880993,3,True,False,0,False,False,0.55,146,0.07777777777777778,63
2663,4735,41.16251180555555,-8.603605319148937,0.4268756071850654,1,0,0.4268756071850654,3896.483800716027,0.35547599627059706,3,True,False,0,True,False,1,150,0.044444444444444446,67
2664,4736,41.16251180555555,-8.602526595744681,0.42215879790574984,1,0,0.42215879790574984,3812.7493777524573,0.34783690961004204,3,True,False,0,True,False,1,150,0.05555555555555555,67
2665,4737,41.16251180555555,-8.601447872340426,0.4175995486503903,1,0,0.4175995486503903,3729.3259592678883,0.34022619587047725,3,True,False,0,True,False,1,149,0.07777777777777778,60
2666,4738,41.16251180555555,-8.60036914893617,0.36890274911106585,1,0,0.36890274911106585,3646.2348920624595,0.3326458025192694,3,True,False,0,True,False,1,156,0.12222222222222222,67
2667,4739,41.16251180555555,-8.599290425531915,0.3814067496676549,1,0,0.3814067496676549,3563.499424795411,0.32509785053028306,3,True,False,0,True,False,1,156,0.08888888888888889,67
2668,4740,41.16251180555555,-8.59821170212766,0.36890274911106585,1,0,0.36890274911106585,3481.1449119267063,0.31758465298946364,3,True,False,0,True,False,1,156,0.12222222222222222,67
2669,4741,41.16251180555555,-8.597132978723405,0.37728761618509365,1,0,0.37728761618509365,3399.199042440595,0.3101087359612746,3,True,True,1,True,False,1,155,0.1111111111111111,66
2670,4742,41.16251180555555,-8.59605425531915,0.37728761618509365,1,0,0.37728761618509365,3317.6920965473983,0.30267286190758713,3,True,False,0,True,False,1,155,0.1111111111111111,113
2671,4743,41.16251180555555,-8.594975531914894,0.42215879790574984,1,0,0.42215879790574984,3236.6572339387008,0.2952800559851849,3,True,False,0,True,False,1,150,0.05555555555555555,108
2672,4744,41.16251180555555,-8.593896808510639,0.4316451176988164,1,0,0.4316451176988164,3156.13081759235,0.2879336355864758,3,True,False,0,True,False,1,150,0.03333333333333333,108
2673,4745,41.16251180555555,-8.592818085106384,0.417177943892024,1,0,0.417177943892024,3076.152777547944,0.2806372435267088,3,True,False,0,True,False,1,153,0.03333333333333333,111
2674,4746,41.16251180555555,-8.591739361702128,0.399042692652632,1,0,0.399042692652632,2996.767019517046,0.2733948853214612,3,True,False,0,True,False,1,153,0.07777777777777778,111
2675,4747,41.16251180555555,-8.590660638297873,0.42258543637163504,1,0,0.42258543637163504,2918.0218836013255,0.2662109710354682,3,True,False,0,True,False,1,146,0.1,90
2676,4748,41.16251180555555,-8.589581914893618,0.42258543637163504,1,0,0.42258543637163504,2839.9706587608075,0.2590903622175322,3,True,False,0,True,False,1,146,0.1,90
2677,4749,41.16251180555555,-8.588503191489362,0.40873143788785965,1,0,0.40873143788785965,2762.6721589198723,0.2520384244586405,3,True,False,0,True,False,1,146,0.13333333333333333,90
2678,4750,41.16251180555555,-8.587424468085107,0.44301953442512526,1,0,0.44301953442512526,2686.191366673288,0.24506108611723046,3,True,False,0,True,False,1,135,0.17777777777777778,79
2679,4751,41.16251180555555,-8.586345744680852,0.4332832376252514,1,0,0.4332832376252514,2610.6001503183957,0.23816490373399465,3,True,False,0,True,False,1,135,0.2,79
2680,4752,41.16251180555555,-8.585267021276596,0.530955001176851,1,1.4883727001811089e-06,0.5309535128041508,2535.978059268385,0.23135713459738919,3,True,False,0,True,False,1,122,0.14444444444444443,85
2681,4753,41.16251180555555,-8.584188297872341,0.4204576425968747,1,1.095597404794076e-06,0.4204565469994699,2462.413201555053,0.22464581679816056,3,True,False,0,True,False,1,122,0.37777777777777777,85
2682,4754,41.16251180555555,-8.583109574468086,0.6185944729997228,1,0.0017145005269904646,0.6168799724727323,2390.003204852638,0.21803985690349567,3,True,False,0,False,False,0.55,100,0.24444444444444444,63
2683,4755,41.16251180555555,-8.58203085106383,0.6769011508043408,1,0.0026765036309986793,0.6742246471733421,2318.8562588447353,0.21154912505209617,3,True,False,0,True,False,1,100,0.15555555555555556,63
2684,4756,41.16251180555555,-8.580952127659575,0.7940673030371875,1,0.0041749350511018826,0.7898923679860856,2249.0922313630485,0.20518455677945388,3,True,False,0,True,False,1,89,0.12222222222222222,52
2685,4757,41.16251180555555,-8.57987340425532,0.869825792978835,1,0.006505654742583504,0.8633201382362515,2180.8438429279017,0.19895826017111476,3,True,False,0,True,False,1,89,0.03333333333333333,48
2686,4758,41.16251180555555,-8.578794680851065,0.854257926922407,1,0.01012427743083515,0.8441336494915719,2114.257873440959,0.19288362594918756,3,True,False,0,False,False,0.55,90,0.044444444444444446,49
2687,4759,41.16251180555555,-8.57771595744681,0.7463286980847498,1,0.015728496634874682,0.7306002014498751,2049.496360019597,0.1869754367507056,3,True,False,0,True,False,1,90,0.18888888888888888,49
2688,4760,41.16251180555555,-8.576637234042552,0.9411108685746129,1,0.0646105242830085,0.8765003442916044,1986.737725583393,0.1812499700885082,3,True,False,0,True,False,1,73,0.2,32
2689,4761,41.16251180555555,-8.575558510638297,0.967430680359346,1,0.10061532365590671,0.8668153567034392,1926.1777532241342,0.17572508724296132,3,True,False,0,True,False,1,73,0.2111111111111111,32
2690,4762,41.16251180555555,-8.574479787234042,0.9848438314849061,1,0.15612868001848793,0.8287151514664182,1868.0302915228112,0.17042029760798688,3,True,False,0,True,False,1,75,0.23333333333333334,22
2691,4763,41.16251180555555,-8.573401063829786,1.0693343071526402,1,0.24061915568622202,0.8287151514664182,1812.5275416899146,0.16535678488685585,3,True,False,0,True,False,1,75,0.23333333333333334,22
2692,4764,41.16251180555555,-8.572322340425531,1.1573493845634955,1,0.3650597729882699,0.7922896115752256,1759.919741084634,0.1605573782196626,3,True,False,0,True,False,1,77,0.25555555555555554,24
2693,4765,41.16251180555555,-8.571243617021276,1.3118484898451839,1,0.528313370044334,0.78353511980085,1710.4740240941946,0.15604644826141137,3,True,False,0,True,False,1,77,0.26666666666666666,24
2694,4766,41.16251180555555,-8.57016489361702,1.664306244371311,1,0.6374364385940755,1.0268698057772354,1664.472218312784,0.1518497061275448,3,True,False,0,True,False,1,62,0.16666666666666666,9
2695,4767,41.16251180555555,-8.569086170212765,2.015523294177571,1,1.0,1.0155232941775711,1622.2073327370908,0.14799388301222186,3,True,False,0,True,True,1,62,0.17777777777777778,0
2696,4768,41.16251180555555,-8.56800744680851,1.4035582176286618,1,0.6374364385936522,0.7661217790350097,1583.9785294235014,0.14450627145288888,3,True,False,0,True,False,1,78,0.2777777777777778,16
2697,4769,41.16251180555555,-8.566928723404255,1.2162138017372328,1,0.4063252132542531,0.8098885884829798,1550.084455576605,0.14141411701709203,3,True,False,0,True,False,1,78,0.2222222222222222,16
2698,4770,41.16251180555555,-8.56585,0.8597098712827018,1,0.4049013531505079,0.4548085181321939,1520.814960354723,0.1387438626271151,3,True,False,0,True,False,1,75,0.8333333333333334,75
2699,4799,41.16332708333333,-8.686667021276596,2.0923861977717415,1,0.08776613995266953,2.004620057819072,10663.395184165232,0.972820938206302,3,True,True,1,True,False,1,9,0.1,-7
2700,4800,41.16332708333333,-8.685588297872341,2.060353550752218,1,0.09978928356376364,1.9605642671884547,10573.746806274059,0.964642321772929,3,True,False,0,True,False,1,9,0.12222222222222222,-7
2701,4801,41.16332708333333,-8.684509574468086,1.8345132123276615,1,0.10432131921581296,1.7301918931118485,10484.111238393434,0.9564648739960921,3,True,False,0,True,False,1,20,0.12222222222222222,4
2702,4802,41.16332708333333,-8.68343085106383,2.0554088767884413,1,0.09978928356377657,1.955619593224665,10394.488811933992,0.9482886251103649,3,True,False,0,True,False,1,19,0.011111111111111112,3
2703,4803,41.16332708333333,-8.682352127659575,1.9341499643669806,1,0.10465417484061557,1.829495789526365,10304.879869785625,0.9401136063975728,3,True,False,0,True,False,1,19,0.07777777777777778,0
2704,4804,41.16332708333333,-8.68127340425532,1.8222510737301474,1,0.13264577688473697,1.6896052968454105,10215.284766817525,0.931939850232412,3,True,False,0,False,False,0.55,26,0.07777777777777778,7
2705,4805,41.16332708333333,-8.680194680851065,1.8447425154210426,1,0.1551372185756322,1.6896052968454105,10125.703870402358,0.9237673901302699,3,True,False,0,False,False,0.55,26,0.07777777777777778,7
2706,4806,41.16332708333333,-8.67911595744681,1.7567428969628285,1,0.19633151177613012,1.5604113851866983,10036.137560970343,0.9155962607977739,3,True,False,0,True,False,1,33,0.07777777777777778,4
2707,4807,41.16332708333333,-8.678037234042554,1.7321343965452096,1,0.23955606179056582,1.4925783347546437,9946.586232590638,0.907426498185831,3,True,True,1,True,False,1,33,0.12222222222222222,4
2708,4808,41.16332708333333,-8.676958510638299,1.5748420170577546,1,0.25764625977190825,1.3171957572858464,9857.050293586155,0.8992581395457172,3,True,False,0,True,False,1,44,0.12222222222222222,15
2709,4809,41.16332708333333,-8.675879787234043,1.7296376358047214,1,0.25764625977190825,1.4719913760328132,9767.530167179568,0.8910912234880132,3,True,False,0,True,False,1,44,0.011111111111111112,15
2710,4810,41.16332708333333,-8.674801063829788,1.694914944878747,1,0.23955606179056582,1.4553588830881812,9678.026292176755,0.8829257900449543,3,True,True,1,True,False,1,45,0.011111111111111112,16
2711,4811,41.16332708333333,-8.673722340425533,1.6679512197447561,1,0.19633151177613012,1.471619707968626,9588.539123685845,0.8747618807360293,3,True,False,0,True,False,1,45,0,16
2712,4812,41.16332708333333,-8.672643617021278,1.5551119858933158,1,0.14746544219091776,1.407646543702398,9499.069133878407,0.8665995386374238,3,True,False,0,True,False,1,45,0.044444444444444446,16
2713,4813,41.16332708333333,-8.671564893617022,1.5780201275388777,1,0.10491318401413191,1.4731069435247457,9409.616812791257,0.8584388084551684,3,True,False,0,True,False,1,41,0.044444444444444446,12
2714,4814,41.16332708333333,-8.670486170212767,1.6289883700826533,1,0.08776613995269113,1.541222230129962,9320.18266917587,0.8502797366026318,3,True,False,0,True,False,1,38,0.03333333333333333,17
2715,4815,41.16332708333333,-8.669407446808512,1.6302919700228171,1,0.07184955793140478,1.5584424120914124,9230.767231394195,0.8421223712822442,3,True,False,0,True,False,1,38,0.022222222222222223,17
2716,4816,41.16332708333333,-8.668328723404256,1.649835513411978,1,0.05556839872608264,1.5942671146858953,9141.37104836837,0.8339667625721415,3,True,False,0,True,False,1,36,0.022222222222222223,15
2717,4817,41.16332708333333,-8.667250000000001,1.4677745051877416,1,0.04116160946259871,1.426612895725143,9051.994690583582,0.8258129625176549,3,True,True,1,True,False,1,36,0.13333333333333333,15
2718,4818,41.16332708333333,-8.666171276595746,1.2603508273178683,1,0.01559499266399098,1.2447558346538774,8962.638751152097,0.8176610252283826,3,True,False,0,True,False,1,48,0.13333333333333333,27
2719,4819,41.16332708333333,-8.66509255319149,1.391260558870659,1,0.015592610306214236,1.3756679485644447,8873.303846938274,0.8095110069808252,3,True,False,0,True,False,1,48,0.03333333333333333,27
2720,4820,41.16332708333333,-8.664013829787235,1.3501355716332175,1,0.020575007344116693,1.3295605642891009,8783.990619753178,0.80136296632737,3,True,False,0,True,False,1,51,0.03333333333333333,-13
2721,4821,41.16332708333333,-8.66293510638298,1.3856594997067762,1,0.026222413218765447,1.3594370864880108,8694.699737619327,0.7932169642116732,3,True,False,0,True,False,1,51,0.011111111111111112,-13
2722,4822,41.16332708333333,-8.661856382978725,1.3761185988398439,1,0.03204221902296934,1.3440763798168744,8605.431896114871,0.7850730640912901,3,True,True,1,True,False,1,52,0.011111111111111112,-12
2723,4823,41.16332708333333,-8.66077765957447,1.3270550159465688,1,0.0414073311021698,1.285647684844399,8516.187819798557,0.776931332067674,3,True,False,0,True,False,1,52,0.05555555555555555,-9
2724,4824,41.16332708333333,-8.659698936170214,1.2792508094464916,1,0.06461480821376736,1.2146360012327242,8426.968263725637,0.7687918370244728,3,True,False,0,True,False,1,57,0.05555555555555555,-4
2725,4825,41.16332708333333,-8.658620212765959,1.342550906387308,1,0.10062084993880803,1.2419300564485,8337.774015057039,0.7606546507743335,3,True,False,0,True,False,1,57,0.03333333333333333,-4
2726,4826,41.16332708333333,-8.657541489361703,1.343177642542231,1,0.1561354666893078,1.1870421758529233,8248.605894772958,0.7525198482152325,3,True,False,0,True,False,1,60,0.044444444444444446,-1
2727,4827,41.16332708333333,-8.656462765957448,1.3749204511312263,1,0.24062682539469643,1.13429362573653,8159.464759494363,0.7443875074966524,3,True,False,0,True,False,1,64,0.044444444444444446,3
2728,4828,41.16332708333333,-8.655384042553193,1.5120342503397939,1,0.3650670839216908,1.1469671664181031,8070.351503424801,0.7362577101967321,3,True,False,0,True,False,1,64,0.03333333333333333,3
2729,4829,41.16332708333333,-8.654305319148937,1.7150600029538405,1,0.5283175473810702,1.1867424555727704,7981.267060417335,0.7281305415108337,3,True,False,0,True,False,1,61,0.03333333333333333,0
2730,4830,41.16332708333333,-8.65322659574468,1.84972830968456,1,0.6363185940631532,1.2134097156214068,7892.212406180388,0.720006090452781,3,True,False,0,False,False,0.55,61,0.011111111111111112,0
2731,4831,41.16332708333333,-8.652147872340425,1.7280165654653667,1,0.5283175473810702,1.1996990180842966,7803.188560629729,0.711884450069432,3,True,False,0,True,False,1,62,0.011111111111111112,1
2732,4832,41.16332708333333,-8.65106914893617,1.5254352899454917,1,0.3650670839219073,1.1603682060235845,7714.196590400361,0.7037657176698376,3,True,False,0,True,False,1,62,0.044444444444444446,1
2733,4833,41.16332708333333,-8.649990425531914,1.4549561390892867,1,0.24062682539469643,1.2143293136945903,7625.237611529317,0.695649995069993,3,True,False,0,True,False,1,58,0.044444444444444446,-3
2734,4834,41.16332708333333,-8.64891170212766,1.4256522768516517,1,0.1561354666894084,1.2695168101622434,7536.3127923253405,0.6875373888546387,3,True,False,0,True,False,1,58,0,-3
2735,4835,41.16332708333333,-8.647832978723404,1.2493271625992595,1,0.10062084993880803,1.1487063126604515,7447.423356437009,0.679428010657165,3,True,False,0,True,False,1,58,0.1,-3
2736,4836,41.16332708333333,-8.646754255319149,1.1016476890146316,1,0.06461480821380966,1.037032880800822,7358.57058613971,0.6713219774594829,3,True,False,0,True,False,1,67,0.1,6
2737,4837,41.16332708333333,-8.645675531914893,1.1135905591150446,1,0.0414073311021698,1.0721832280128747,7269.755825855222,0.6632194119131148,3,True,False,0,True,False,1,67,0.06666666666666667,6
2738,4838,41.16332708333333,-8.644596808510638,1.0280167962346154,1,0.02650049629746909,1.0015162999371463,7180.980485927605,0.6551204426836696,3,True,False,0,True,False,1,73,0.06666666666666667,12
2739,4839,41.16332708333333,-8.643518085106383,1.0639773949876656,1,0.016945289212878672,1.047032105774787,7092.246046672747,0.647025204820282,3,True,False,0,True,False,1,73,0.022222222222222223,12
2740,4840,41.16332708333333,-8.642439361702127,1.0343329713933074,1,0.010828675639018256,1.023504295754289,7003.554062729198,0.6389338401525384,3,True,False,0,True,False,1,75,0.022222222222222223,14
2741,4841,41.16332708333333,-8.641360638297872,1.0074219847223973,1,0.006916806657866808,1.0005051780645304,6914.906167731977,0.6308464977168692,3,True,False,0,False,False,0.55,77,0.022222222222222223,16
2742,4842,41.16332708333333,-8.640281914893617,0.9417623830081937,1,0.005782800368522972,0.9359795826396707,6826.304079341751,0.6227633342153597,3,True,False,0,True,False,1,77,0.08888888888888889,21
2743,4843,41.16332708333333,-8.639203191489361,0.8574630337267569,1,0.0028194063929006187,0.8546436273338563,6737.749604657311,0.6146845145095299,3,True,False,0,True,False,1,85,0.08888888888888889,29
2744,4844,41.16332708333333,-8.638124468085106,0.9255687260194974,1,0.001799440295176864,0.9237692857243205,6649.244646046978,0.6066102121523343,3,True,False,0,True,False,1,85,0.011111111111111112,29
2745,4845,41.16332708333333,-8.63704574468085,0.9354748088222972,1,0.001148274088251567,0.9343265347340456,6560.791207438119,0.5985406099619528,3,True,False,0,True,False,1,84,0.011111111111111112,28
2746,4846,41.16332708333333,-8.635967021276596,0.914642603412965,1,0.0008498820737909108,0.9137927213391741,6472.391401103192,0.590475900640882,3,True,False,0,True,False,1,84,0.03333333333333333,28
2747,4847,41.16332708333333,-8.63488829787234,0.8838532757598365,1,0.0006875616099802478,0.8831657141498562,6384.047454992513,0.5824162874449028,3,True,False,0,True,False,1,87,0.03333333333333333,31
2748,4848,41.16332708333333,-8.633809574468085,0.9038611909056938,1,0.000849882073791162,0.9030113088319027,6295.761720660498,0.5743619849061916,3,True,False,0,True,False,1,87,0.011111111111111112,31
2749,4849,41.16332708333333,-8.63273085106383,0.9143579827723278,1,0.001026656384893096,0.9133313263874347,6207.536681845923,0.566313219616096,3,True,False,0,True,False,1,86,0.011111111111111112,30
2750,4850,41.16332708333333,-8.631652127659574,0.8368596405460662,1,0.0012096745555596714,0.8356499659905066,6119.374963764565,0.5582702310729024,3,True,False,0,True,False,1,86,0.1,6
2751,4851,41.16332708333333,-8.630573404255319,0.7557984859331073,1,0.001387648262013936,0.7544108376710933,6031.27934318763,0.5502332726012907,3,True,False,0,True,False,1,95,0.1,15
2752,4852,41.16332708333333,-8.629494680851064,0.8353000144848757,1,0.0015470964096950372,0.8337529180751806,5943.2527593787945,0.5422026123501195,3,True,False,0,True,False,1,95,0,15
2753,4853,41.16332708333333,-8.628415957446808,0.7903704498218111,1,0.0016739822399474099,0.7886964675818637,5855.298325979568,0.534178534376727,3,True,False,0,True,False,1,95,0.05555555555555555,15
2754,4854,41.16332708333333,-8.627337234042553,0.7468893532498107,1,0.0017558809440187141,0.745133472305792,5767.419343934045,0.5261613398260561,3,True,False,0,True,False,1,100,0.05555555555555555,20
2755,4855,41.16332708333333,-8.626258510638298,0.6988617724860516,1,0.00178420436311965,0.697077568122932,5679.619315563322,0.5181513482146617,3,True,False,0,True,False,1,100,0.12222222222222222,20
2756,4856,41.16332708333333,-8.625179787234043,0.6152859128554844,1,0.00011711812579464511,0.6151687947296898,5591.901959903861,0.5101488988300295,3,True,False,0,True,False,1,111,0.12222222222222222,31
2757,4857,41.16332708333333,-8.624101063829787,0.695257182945641,1,0.00011325454676226446,0.6951439283988787,5504.271229446219,0.502154352257649,3,True,False,0,True,False,1,111,0,31
2758,4858,41.16332708333333,-8.623022340425532,0.6361271365550284,1,0.00010712569796726648,0.6360200108570612,5416.731328417973,0.49416809204896367,3,True,False,0,True,False,1,111,0.08888888888888889,31
2759,4859,41.16332708333333,-8.621943617021277,0.5807569017940076,1,6.574310572835977e-06,0.5807503274834348,5329.2867327806935,0.486190526545694,3,True,False,0,True,False,1,119,0.08888888888888889,39
2760,4860,41.16332708333333,-8.620864893617021,0.6207948820607351,1,8.146338171715658e-06,0.6207867357225634,5241.942212122692,0.47822209087711115,3,True,False,0,True,False,1,119,0.022222222222222223,39
2761,4861,41.16332708333333,-8.619786170212766,0.606847023335186,1,9.957637800373086e-06,0.6068370656973856,5154.702853660289,0.47026324914967177,3,True,False,0,True,False,1,121,0.022222222222222223,41
2762,4862,41.16332708333333,-8.61870744680851,0.5430336635188242,1,1.1998232538922308e-05,0.5430216652862853,5067.574088578116,0.46231449685004183,3,True,False,0,True,False,1,121,0.13333333333333333,41
2763,4863,41.16332708333333,-8.617628723404255,0.47380013753835826,1,0,0.47380013753835826,4980.561720976621,0.4543763634859762,3,True,False,0,True,False,1,133,0.13333333333333333,53
2764,4864,41.16332708333333,-8.61655,0.5121222467840607,1,0,0.5121222467840607,4893.671959720334,0.4464494154918342,3,True,True,1,True,False,1,133,0.05555555555555555,53
2765,4865,41.16332708333333,-8.615471276595745,0.48383559921503305,1,0,0.48383559921503305,4806.911453526993,0.438534259429758,3,True,False,0,True,False,1,138,0.05555555555555555,58
2766,4866,41.16332708333333,-8.61439255319149,0.46750111961702523,1,0,0.46750111961702523,4720.28732967308,0.43063154552077715,3,True,False,0,True,False,1,142,0.044444444444444446,59
2767,4867,41.16332708333333,-8.613313829787234,0.4833471231341673,1,0,0.4833471231341673,4633.807236749491,0.4227419715454053,3,True,False,0,True,False,1,142,0.011111111111111112,59
2768,4868,41.16332708333333,-8.612235106382979,0.48887103047328234,1,0,0.48887103047328234,4547.4793919500125,0.41486628715776624,3,True,False,0,True,False,1,141,0.011111111111111112,58
2769,4869,41.16332708333333,-8.611156382978724,0.472843931732988,1,0,0.472843931732988,4461.3126334488825,0.4070052986639944,3,True,False,0,True,False,1,141,0.044444444444444446,58
2770,4870,41.16332708333333,-8.610077659574468,0.4948327988696208,1,0,0.4948327988696208,4375.316478490505,0.3991598743217573,3,True,False,0,False,False,0.55,137,0.044444444444444446,54
2771,4871,41.16332708333333,-8.608998936170213,0.48936508907751264,1,0,0.48936508907751264,4289.501187908551,0.3913309502263293,3,True,False,0,True,False,1,137,0.05555555555555555,54
2772,4872,41.16332708333333,-8.607920212765958,0.46233541424060165,1,0,0.46233541424060165,4203.877837882256,0.383519536856914,3,True,True,1,True,False,1,142,0.05555555555555555,59
2773,4873,41.16332708333333,-8.606841489361702,0.46750111961702523,1,0,0.46750111961702523,4118.45839985917,0.3757267263679928,3,True,False,0,True,False,1,142,0.044444444444444446,59
2774,4874,41.16332708333333,-8.605762765957447,0.44672678932006693,1,0,0.44672678932006693,4033.2558296957645,0.3679537007216174,3,True,False,0,True,False,1,146,0.044444444444444446,63
2775,4875,41.16332708333333,-8.604684042553192,0.44672678932006693,1,0,0.44672678932006693,3948.284167224954,0.3602017407709487,3,True,False,0,False,False,0.55,146,0.044444444444444446,63
2776,4876,41.16332708333333,-8.603605319148937,0.4268756071850654,1,0,0.4268756071850654,3863.558647623445,0.35247223642029385,3,True,False,0,True,False,1,150,0.044444444444444446,67
2777,4877,41.16332708333333,-8.602526595744681,0.44134460434677913,1,0,0.44134460434677913,3779.0958261571536,0.3447666980056242,3,True,False,0,True,False,1,150,0.011111111111111112,67
2778,4878,41.16332708333333,-8.601447872340426,0.4175995486503903,1,0,0.4175995486503903,3694.9137181014216,0.33708676905948787,3,True,False,0,True,False,1,149,0.07777777777777778,60
2779,4879,41.16332708333333,-8.60036914893617,0.38566823350963714,1,0,0.38566823350963714,3611.03195590005,0.32943424064862,3,True,False,0,True,False,1,156,0.07777777777777778,67
2780,4880,41.16332708333333,-8.599290425531915,0.41686201967850844,1,0,0.41686201967850844,3527.471965915898,0.32181106749888966,3,True,False,0,True,False,1,156,0,67
2781,4881,41.16332708333333,-8.59821170212766,0.4122558566429117,1,0,0.4122558566429117,3444.2571674718392,0.31421938615379513,3,True,False,0,True,False,1,156,0.011111111111111112,67
2782,4882,41.16332708333333,-8.597132978723405,0.4169673011578526,1,0,0.4169673011578526,3361.4131972571367,0.3066615354470448,3,True,False,0,True,False,1,155,0.011111111111111112,113
2783,4883,41.16332708333333,-8.59605425531915,0.3988412068237137,1,0,0.3988412068237137,3278.9681626162164,0.2991400796100772,3,True,False,0,True,False,1,155,0.05555555555555555,113
2784,4884,41.16332708333333,-8.594975531914894,0.42215879790574984,1,0,0.42215879790574984,3196.952927716104,0.2916578343791008,3,True,False,0,True,False,1,150,0.05555555555555555,108
2785,4885,41.16332708333333,-8.593896808510639,0.4316451176988164,1,0,0.4316451176988164,3115.40143713824,0.2842178965163561,3,True,False,0,True,False,1,150,0.03333333333333333,108
2786,4886,41.16332708333333,-8.592818085106384,0.417177943892024,1,0,0.417177943892024,3034.3510820272013,0.2768236772138435,3,True,False,0,True,False,1,153,0.03333333333333333,97
2787,4887,41.16332708333333,-8.591739361702128,0.399042692652632,1,0,0.399042692652632,2953.8431145781105,0.2694789399069856,3,True,False,0,True,False,1,153,0.07777777777777778,97
2788,4888,41.16332708333333,-8.590660638297873,0.4320813431470018,1,0,0.4320813431470018,2873.923117311636,0.2621878430865593,3,True,False,0,True,False,1,146,0.07777777777777778,90
2789,4889,41.16332708333333,-8.589581914893618,0.4670291346802381,1,0,0.4670291346802381,2794.641534276932,0.2549549887603094,3,True,False,0,True,False,1,146,0,90
2790,4890,41.16332708333333,-8.588503191489362,0.41329822235034497,1,0,0.41329822235034497,2716.054271967094,0.2477854772744321,3,True,False,0,True,False,1,146,0.12222222222222222,90
2791,4891,41.16332708333333,-8.587424468085107,0.46832824131156264,1,0,0.46832824131156264,2638.223378294748,0.2406849692564791,3,True,False,0,True,False,1,135,0.12222222222222222,98
2792,4892,41.16332708333333,-8.586345744680852,0.4580357318331956,1,0,0.4580357318331956,2561.2178083285435,0.23365975547345466,3,True,False,0,True,False,1,135,0.14444444444444443,98
2793,4893,41.16332708333333,-8.585267021276596,0.5309545739091405,1,1.0611049896032949e-06,0.5309535128041508,2485.1142855185412,0.2267168354013588,3,True,False,0,True,False,1,122,0.14444444444444443,85
2794,4894,41.16332708333333,-8.584188297872341,0.48042739249065664,1,7.86867825986845e-07,0.4804266056228306,2409.99826659813,0.21986400525313457,3,True,False,0,True,False,1,122,0.24444444444444444,85
2795,4895,41.16332708333333,-8.583109574468086,0.6186794127679079,1,0.0017994402951756732,0.6168799724727323,2335.965016970465,0.21310995608611172,3,True,False,0,True,False,1,100,0.24444444444444444,63
2796,4896,41.16332708333333,-8.58203085106383,0.6998969745158308,1,0.002819406392898753,0.697077568122932,2263.120800720271,0.20646438236671624,3,True,False,0,True,False,1,100,0.12222222222222222,59
2797,4897,41.16332708333333,-8.580952127659575,0.7943089722019521,1,0.004416604215866377,0.7898923679860856,2191.584184896224,0.19993810096007805,3,True,False,0,True,False,1,89,0.12222222222222222,48
2798,4898,41.16332708333333,-8.57987340425532,0.8896365901359781,1,0.006916806657862231,0.8827197834781159,2121.487450601888,0.19354317986377695,3,True,False,0,True,False,1,89,0.011111111111111112,48
2799,4899,41.16332708333333,-8.578794680851065,0.8835743310007275,1,0.01082867563901111,0.8727456553617163,2052.978092776889,0.1872930750327944,3,True,True,1,True,False,1,90,0.011111111111111112,49
2800,4900,41.16332708333333,-8.57771595744681,0.7475454906627427,1,0.016945289212867504,0.7306002014498751,1986.2203751379566,0.1812027722366966,3,True,False,0,True,False,1,90,0.18888888888888888,49
2801,4901,41.16332708333333,-8.576637234042552,0.9441920437549436,1,0.05789850084285034,0.8862935429120933,1921.396885257067,0.17528892892932504,3,True,False,0,True,False,1,73,0.18888888888888888,20
2802,4902,41.16332708333333,-8.575558510638297,1.1353997442085222,1,0.08836763843373538,1.047032105774787,1858.7100057968748,0.16957000846952183,3,True,False,0,True,False,1,73,0.022222222222222223,20
2803,4903,41.16332708333333,-8.574479787234042,1.156774268086417,1,0.1332699723321281,1.023504295754289,1798.3831804067945,0.16406639560875735,3,True,True,1,True,False,1,75,0.022222222222222223,22
2804,4904,41.16332708333333,-8.573401063829786,1.2203112138245151,1,0.19680691807022602,1.023504295754289,1740.6618064609836,0.1588004779355659,3,True,False,0,True,False,1,75,0.022222222222222223,22
2805,4905,41.16332708333333,-8.572322340425531,1.2796212985117437,1,0.2791161204472133,1.0005051780645304,1685.8135331008784,0.15379667306594919,3,True,False,0,True,False,1,77,0.022222222222222223,24
2806,4906,41.16332708333333,-8.571243617021276,1.2722699933999007,1,0.4063297657050828,0.8659402276948178,1634.1276863640844,0.1490813761979178,3,True,True,1,True,False,1,77,0.16666666666666666,15
2807,4907,41.16332708333333,-8.57016489361702,1.6643098152670133,1,0.6374400094897777,1.0268698057772354,1585.9134923962827,0.14468279801521405,3,True,False,0,True,False,1,62,0.16666666666666666,0
2808,4908,41.16332708333333,-8.569086170212765,2.015523294177571,1,1.0,1.0155232941775711,1541.4967396913898,0.1406306601836709,3,True,False,0,True,True,1,62,0.17777777777777778,0
2809,4909,41.16332708333333,-8.56800744680851,1.4841355193832246,1,0.6374400094893546,0.84669550989387,1501.2145332051637,0.1369557167692936,3,True,False,0,False,False,0.55,78,0.17777777777777778,16
2810,4910,41.16332708333333,-8.566928723404255,1.5065874265251646,1,0.5283175473813176,0.9782698791438471,1465.4078729368832,0.13368907718268713,3,True,False,0,True,False,1,78,0.03333333333333333,0
2811,4911,41.16332708333333,-8.56585,0.8198756020541011,1,0.3650670839219073,0.4548085181321939,1434.411961945451,0.13086132197991449,3,True,True,1,True,False,1,75,0.8333333333333334,75
2812,4939,41.16414236111111,-8.687745744680852,2.158984681532029,1,0.10465522752106467,2.054329454010964,10741.877600035818,0.9799808845574693,3,True,False,0,False,False,0.55,0,0.17777777777777778,-16
2813,4940,41.16414236111111,-8.686667021276596,2.13726649727406,1,0.13264643945498827,2.004620057819072,10652.123763298137,0.9717926471195074,3,True,False,0,True,False,1,9,0.1,-7
2814,4941,41.16414236111111,-8.685588297872341,1.9689926658475616,1,0.1551374285874566,1.813855237260105,10562.380840784523,0.9636054053855883,3,True,False,0,True,False,1,9,0.2,-7
2815,4942,41.16414236111111,-8.684509574468086,1.8941369988955392,1,0.1639451057836906,1.7301918931118485,10472.649113089758,0.9554191849543582,3,True,False,0,False,False,0.55,20,0.12222222222222222,4
2816,4943,41.16414236111111,-8.68343085106383,1.9644180018511717,1,0.15513742858748153,1.80928057326369,10382.92887047276,0.9472340123061218,3,True,False,0,True,False,1,19,0.08888888888888889,3
2817,4944,41.16414236111111,-8.682352127659575,1.9532338330547483,1,0.1639451057836906,1.7892887272710576,10293.220413274215,0.9390499148409428,3,True,False,0,False,False,0.55,19,0.1,-1
2818,4945,41.16414236111111,-8.68127340425532,1.8859380255193046,1,0.1963327286738941,1.6896052968454105,10203.524052357352,0.930866920918856,3,True,False,0,False,False,0.55,26,0.07777777777777778,7
2819,4946,41.16414236111111,-8.680194680851065,1.929161781527059,1,0.23955648468164853,1.6896052968454105,10113.840109569834,0.9226850599020054,3,True,False,0,False,False,0.55,26,0.07777777777777778,7
2820,4947,41.16414236111111,-8.67911595744681,1.8395341266087908,1,0.27912274142209254,1.5604113851866983,10024.168918232373,0.9145043621992208,3,True,False,0,False,False,0.55,33,0.07777777777777778,4
2821,4948,41.16414236111111,-8.678037234042554,1.8567840140986325,1,0.3642056793439888,1.4925783347546437,9934.510823651282,0.9063248593127774,3,True,False,0,True,False,1,33,0.12222222222222222,4
2822,4949,41.16414236111111,-8.676958510638299,1.6648369500204265,1,0.40490135315193615,1.2599355968684904,9844.86618366085,0.8981465838878772,3,True,False,0,True,False,1,44,0.16666666666666666,15
2823,4950,41.16414236111111,-8.675879787234043,1.6371471847468566,1,0.40490135315193615,1.2322458315949205,9755.235369193137,0.8899695697646308,3,True,False,0,True,False,1,44,0.18888888888888888,15
2824,4951,41.16414236111111,-8.674801063829788,1.5690659910935416,1,0.3642056793439888,1.2048603117495529,9665.618764881161,0.8817938520330869,3,True,False,0,True,False,1,45,0.2,16
2825,4952,41.16414236111111,-8.673722340425533,1.4839830531716454,1,0.27912274142209254,1.2048603117495529,9576.016769693406,0.8736194670911176,3,True,False,0,True,False,1,45,0.2,16
2826,4953,41.16414236111111,-8.672643617021278,1.3621754568168072,1,0.19681516446087058,1.1653602923559365,9486.42979760596,0.865446452705738,3,True,False,0,True,False,1,45,0.23333333333333334,16
2827,4954,41.16414236111111,-8.671564893617022,1.4301158995258252,1,0.1551374285874566,1.2749784709383687,9396.858278310412,0.8572748480776872,3,True,False,0,True,False,1,41,0.18888888888888888,20
2828,4955,41.16414236111111,-8.670486170212767,1.496553657782366,1,0.13264643945502747,1.3639072183273384,9307.302657964232,0.849104693909886,3,True,False,0,True,False,1,38,0.15555555555555556,17
2829,4956,41.16414236111111,-8.669407446808512,1.6120058201698921,1,0.10465522752106467,1.5073505926488275,9217.763399982126,0.8409360324796319,3,True,False,0,True,False,1,38,0.05555555555555555,17
2830,4957,41.16414236111111,-8.668328723404256,1.5860228100155096,1,0.07791073691171874,1.508112073103791,9128.240985875462,0.8327689077151795,3,True,False,0,True,False,1,36,0.07777777777777778,15
2831,4958,41.16414236111111,-8.667250000000001,1.420304035050629,1,0.055707800714536675,1.3645962343360925,9038.73591613867,0.8246033652766074,3,True,False,0,True,False,1,36,0.17777777777777778,15
2832,4959,41.16414236111111,-8.666171276595746,1.2665031809923646,1,0.021747346338487256,1.2447558346538774,8949.248711190245,0.8164394526416654,3,True,False,0,True,False,1,48,0.13333333333333333,27
2833,4960,41.16414236111111,-8.66509255319149,1.3761017779777687,1,0.01563442470578988,1.3604673532719789,8859.77991236771,0.808277219196545,3,True,False,0,True,False,1,48,0.044444444444444446,27
2834,4961,41.16414236111111,-8.664013829787235,1.34368185356948,1,0.014121289280379104,1.3295605642891009,8770.330082984738,0.8001167163323206,3,True,False,0,True,False,1,51,0.03333333333333333,30
2835,4962,41.16414236111111,-8.66293510638298,1.3770311098026078,1,0.017594023314597036,1.3594370864880108,8680.899809450393,0.791957997547058,3,True,False,0,True,False,1,51,0.011111111111111112,-13
2836,4963,41.16414236111111,-8.661856382978725,1.3713368922378857,1,0.027260512421011334,1.3440763798168744,8591.489702459356,0.7838011185543983,3,True,False,0,True,False,1,52,0.011111111111111112,-9
2837,4964,41.16414236111111,-8.66077765957447,1.3142071513006715,1,0.04276537287897299,1.2714417784216985,8502.100398253804,0.7756461373986792,3,True,False,0,True,False,1,52,0.06666666666666667,-9
2838,4965,41.16414236111111,-8.659698936170214,1.2817248765059595,1,0.06708887527323522,1.2146360012327242,8412.7325599666,0.7674931145774742,3,True,False,0,True,False,1,57,0.05555555555555555,-4
2839,4966,41.16414236111111,-8.658620212765959,1.3334539786509496,1,0.10524676585038263,1.228207212800567,8323.386879047312,0.7593421131716881,3,True,False,0,True,False,1,57,0.044444444444444446,-4
2840,4967,41.16414236111111,-8.657541489361703,1.3132338826717593,1,0.16510757823561936,1.14812630443614,8234.064076781639,0.7511931989841745,3,True,False,0,True,False,1,60,0.07777777777777778,-1
2841,4968,41.16414236111111,-8.656462765957448,1.3933088284600759,1,0.25901520272354595,1.13429362573653,8144.764905906847,0.7430464406871116,3,True,False,0,True,False,1,64,0.044444444444444446,3
2842,4969,41.16414236111111,-8.655384042553193,1.5533014846988444,1,0.40633431828074124,1.1469671664181031,8055.4901523348435,0.7349019099791978,3,True,False,0,True,False,1,64,0.03333333333333333,3
2843,4970,41.16414236111111,-8.654305319148937,1.7852799906187133,1,0.6374435804631783,1.147836410155535,7966.24063698677,0.7267596817530226,3,True,False,0,True,False,1,61,0.06666666666666667,0
2844,4971,41.16414236111111,-8.65322659574468,2.147836410155535,1,1.0,1.147836410155535,7877.017217751959,0.7186198342737812,3,True,True,1,True,True,1,61,0.06666666666666667,0
2845,4972,41.16414236111111,-8.652147872340425,1.7849901695344927,1,0.6374435804631783,1.1475465890713143,7787.8207915773855,0.710482449369895,3,True,False,0,True,False,1,62,0.05555555555555555,1
2846,4973,41.16414236111111,-8.65106914893617,1.5538809073523252,1,0.40633431828101096,1.1475465890713143,7698.652296700293,0.7023476126366949,3,True,False,0,True,False,1,62,0.05555555555555555,1
2847,4974,41.16414236111111,-8.649990425531914,1.4077215153839975,1,0.25901520272354595,1.1487063126604515,7609.512715033721,0.6942154136540516,3,True,False,0,True,False,1,58,0.1,-3
2848,4975,41.16414236111111,-8.64891170212766,1.3396264417284012,1,0.165107578235729,1.1745188634926722,7520.403074719611,0.6860859462192962,3,True,True,1,True,False,1,58,0.07777777777777778,-3
2849,4976,41.16414236111111,-8.647832978723404,1.2412603209403223,1,0.10524676585038263,1.1360135550899397,7431.324452859578,0.677959308596348,3,True,False,0,True,False,1,58,0.1111111111111111,-3
2850,4977,41.16414236111111,-8.646754255319149,1.1041217560741017,1,0.06708887527327972,1.037032880800822,7342.277978442251,0.6698356037827756,3,True,False,0,True,False,1,67,0.1,6
2851,4978,41.16414236111111,-8.645675531914893,1.1149486008918477,1,0.04276537287897299,1.0721832280128747,7253.264835479145,0.6617149397958826,3,True,True,1,True,False,1,67,0.06666666666666667,6
2852,4979,41.16414236111111,-8.644596808510638,1.017710447128079,1,0.02726051242102943,0.9904499347070496,7164.286266371059,0.6535974299798231,3,True,False,0,True,False,1,73,0.07777777777777778,12
2853,4980,41.16414236111111,-8.643518085106383,0.9860597288481104,1,0.017377038653736906,0.9686826901943736,7075.34357552022,0.6454831933351385,3,True,False,0,True,False,1,73,0.1,12
2854,4981,41.16414236111111,-8.642439361702127,0.9371818660649339,1,0.011076881745909869,0.9261049843190241,6986.4381332137655,0.6373723548730468,3,True,False,0,True,False,1,75,0.12222222222222222,14
2855,4982,41.16414236111111,-8.641360638297872,0.8924596360685928,1,0.007060887167193815,0.885398748901399,6897.571379797815,0.6292650459962427,3,True,False,0,True,False,1,77,0.14444444444444443,16
2856,4983,41.16414236111111,-8.640281914893617,0.9404804998419088,1,0.004500917202238141,0.9359795826396707,6808.744830172009,0.6211614049089345,3,True,True,1,True,False,1,77,0.08888888888888889,16
2857,4984,41.16414236111111,-8.639203191489361,0.8294941573122829,1,0.002869080780633767,0.8266250765316492,6719.96007862968,0.6130615770584126,3,True,False,0,True,False,1,85,0.12222222222222222,29
2858,4985,41.16414236111111,-8.638124468085106,0.8470290250877096,1,0.0018288771283224996,0.8452001479593871,6631.218804076258,0.6049657156111243,3,True,False,0,True,False,1,85,0.1,29
2859,4986,41.16414236111111,-8.63704574468085,0.8655766833558951,1,0.0011658059870221108,0.864410877368873,6542.522775661799,0.5968739819665289,3,True,False,0,True,False,1,84,0.08888888888888889,28
2860,4987,41.16414236111111,-8.635967021276596,0.9145358568832086,1,0.0007431355440344698,0.9137927213391741,6453.8738588625265,0.5887865463119165,3,True,False,0,True,False,1,84,0.03333333333333333,28
2861,4988,41.16414236111111,-8.63488829787234,0.8642299756158288,1,0.00047370698307287013,0.8637562686327559,6365.274022057661,0.5807035882224116,3,True,False,0,True,False,1,87,0.05555555555555555,31
2862,4989,41.16414236111111,-8.633809574468085,0.8739725994800582,1,0.0005655226605130375,0.8734070768195452,6276.725343644051,0.5726252973100413,3,True,False,0,True,False,1,87,0.044444444444444446,31
2863,4990,41.16414236111111,-8.63273085106383,0.8743036397121816,1,0.0006759776995117063,0.87362766201267,6188.230019744628,0.5645518739269759,3,True,False,0,True,False,1,86,0.05555555555555555,30
2864,4991,41.16414236111111,-8.631652127659574,0.8364388354812659,1,0.000788869490759329,0.8356499659905066,6099.7903725639235,0.556483529927803,3,True,False,0,True,False,1,86,0.1,6
2865,4992,41.16414236111111,-8.630573404255319,0.7553082269646607,1,0.0008973892935674457,0.7544108376710933,6011.408859458692,0.5484204894970405,3,True,False,0,True,False,1,95,0.1,15
2866,4993,41.16414236111111,-8.629494680851064,0.8255339353597679,1,0.0009936624543741778,0.8245402729053938,5923.08808279048,0.5403629900479844,3,True,False,0,True,False,1,95,0.011111111111111112,15
2867,4994,41.16414236111111,-8.628415957446808,0.7897661513191777,1,0.001069683737313988,0.7886964675818637,5834.830800643412,0.5323112832004929,3,True,False,0,True,False,1,95,0.05555555555555555,15
2868,4995,41.16414236111111,-8.627337234042553,0.738018527260979,1,0.0011184897482339653,0.7369000375127451,5746.639938491196,0.524265635845367,3,True,False,0,True,False,1,100,0.06666666666666667,20
2869,4996,41.16414236111111,-8.626258510638298,0.6982128905347936,1,0.0011353224118616386,0.697077568122932,5658.518601916024,0.5162263313046939,3,True,False,0,True,False,1,100,0.12222222222222222,20
2870,4997,41.16414236111111,-8.625179787234043,0.6152433589251463,1,7.456419545647547e-05,0.6151687947296898,5570.470090485289,0.5081936705978196,3,True,True,1,True,False,1,111,0.12222222222222222,31
2871,4998,41.16414236111111,-8.624101063829787,0.6360922299124833,1,7.221905542204335e-05,0.6360200108570612,5482.497912913549,0.5001679738245747,3,True,False,0,True,False,1,111,0.08888888888888889,31
2872,4999,41.16414236111111,-8.623022340425532,0.6360885003102833,1,6.848945322208939e-05,0.6360200108570612,5394.605803643755,0.49214958167797757,3,True,False,0,True,False,1,111,0.08888888888888889,31
2873,5000,41.16414236111111,-8.621943617021277,0.5313603278071468,1,4.4250921202128725e-06,0.5313559027150266,5306.797741007022,0.48413885710095045,3,True,False,0,True,False,1,119,0.17777777777777778,39
2874,5001,41.16414236111111,-8.620864893617021,0.5743387073658269,1,5.444918511160491e-06,0.5743332624473158,5219.077967131171,0.47613618710257416,3,True,False,0,True,False,1,119,0.1,39
2875,5002,41.16414236111111,-8.619786170212766,0.5490954942501991,1,6.61055605878588e-06,0.5490888836941403,5131.451009798482,0.4681419847521692,3,True,False,0,True,False,1,121,0.12222222222222222,41
2876,5003,41.16414236111111,-8.61870744680851,0.5430295788787529,1,7.913592467646305e-06,0.5430216652862853,5043.921706469811,0.4601566913710155,3,True,False,0,True,False,1,121,0.13333333333333333,41
2877,5004,41.16414236111111,-8.617628723404255,0.45826712143768905,1,0,0.45826712143768905,4956.4952307290605,0.45218077894487896,3,True,False,0,True,False,1,133,0.16666666666666666,53
2878,5005,41.16414236111111,-8.61655,0.5064634953231749,1,0,0.5064634953231749,4869.177121426301,0.4442147527827377,3,True,False,0,True,False,1,133,0.06666666666666667,53
2879,5006,41.16414236111111,-8.615471276595745,0.4526315826726218,1,0,0.4526315826726218,4781.973314843554,0.4362591544512642,3,True,False,0,True,False,1,138,0.12222222222222222,58
2880,5007,41.16414236111111,-8.61439255319149,0.46233541424060165,1,0,0.46233541424060165,4694.890180241739,0.4283145650177707,3,True,False,0,True,False,1,142,0.05555555555555555,59
2881,5008,41.16414236111111,-8.613313829787234,0.44717825647652754,1,0,0.44717825647652754,4607.934559204798,0.42038160863957275,3,True,False,0,True,False,1,142,0.08888888888888889,59
2882,5009,41.16414236111111,-8.612235106382979,0.4573422637873605,1,0,0.4573422637873605,4521.113809245297,0.41246095654212467,3,True,False,0,True,False,1,141,0.07777777777777778,58
2883,5010,41.16414236111111,-8.611156382978724,0.4522888098130738,1,0,0.4522888098130738,4434.435852209189,0.4045533314349836,3,True,False,0,True,False,1,141,0.08888888888888889,58
2884,5011,41.16414236111111,-8.610077659574468,0.4948327988696208,1,0,0.4948327988696208,4347.909228084227,0.3966595124207482,3,True,False,0,True,False,1,137,0.044444444444444446,54
2885,5012,41.16414236111111,-8.608998936170213,0.48936508907751264,1,0,0.48936508907751264,4261.543154911463,0.3887803404607812,3,True,False,0,True,False,1,137,0.05555555555555555,54
2886,5013,41.16414236111111,-8.607920212765958,0.44223711082623934,1,0,0.44223711082623934,4175.347595591119,0.380916724469905,3,True,False,0,True,False,1,142,0.1,59
2887,5014,41.16414236111111,-8.606841489361702,0.44717825647652754,1,0,0.44717825647652754,4089.333332498248,0.37306964812358456,3,True,False,0,True,False,1,142,0.08888888888888889,59
2888,5015,41.16414236111111,-8.605762765957447,0.40873143788785965,1,0,0.40873143788785965,4003.5120509495055,0.3652401774725959,3,True,False,0,True,False,1,146,0.13333333333333333,63
2889,5016,41.16414236111111,-8.604684042553192,0.44672678932006693,1,0,0.44672678932006693,3917.896432726026,0.3574294694751132,3,True,False,0,True,False,1,146,0.044444444444444446,63
2890,5017,41.16414236111111,-8.603605319148937,0.4083187862945706,1,0,0.4083187862945706,3832.500261029558,0.34963878157185063,3,True,False,0,True,False,1,150,0.08888888888888889,67
2891,5018,41.16414236111111,-8.602526595744681,0.4316451176988164,1,0,0.4316451176988164,3747.338538466261,0.3418694824497177,3,True,True,1,True,False,1,150,0.03333333333333333,67
2892,5019,41.16414236111111,-8.601447872340426,0.4175995486503903,1,0,0.4175995486503903,3662.427619887259,0.3341230641608554,3,True,False,0,True,False,1,149,0.07777777777777778,60
2893,5020,41.16414236111111,-8.60036914893617,0.38566823350963714,1,0,0.38566823350963714,3577.78536220466,0.3264011557903432,3,True,False,0,True,False,1,156,0.07777777777777778,67
2894,5021,41.16414236111111,-8.599290425531915,0.38566823350963714,1,0,0.38566823350963714,3493.4312936202705,0.31870553889492487,3,True,False,0,True,False,1,156,0.07777777777777778,67
2895,5022,41.16414236111111,-8.59821170212766,0.38566823350963714,1,0,0.38566823350963714,3409.386805090449,0.3110381649703365,3,True,False,0,True,False,1,156,0.07777777777777778,67
2896,5023,41.16414236111111,-8.597132978723405,0.39443416675476944,1,0,0.39443416675476944,3325.675367279811,0.3034011752439805,3,True,False,0,True,False,1,155,0.06666666666666667,113
2897,5024,41.16414236111111,-8.59605425531915,0.3988412068237137,1,0,0.3988412068237137,3242.3227767688722,0.2957969231364352,3,True,False,0,True,False,1,155,0.05555555555555555,113
2898,5025,41.16414236111111,-8.594975531914894,0.42215879790574984,1,0,0.42215879790574984,3159.3574358522405,0.2882279997874276,3,True,False,0,False,False,0.55,150,0.05555555555555555,94
2899,5026,41.16414236111111,-8.593896808510639,0.4268756071850654,1,0,0.4268756071850654,3076.810670934559,0.28069726310307763,3,True,False,0,True,False,1,150,0.044444444444444446,94
2900,5027,41.16414236111111,-8.592818085106384,0.417177943892024,1,0,0.417177943892024,2994.717095275868,0.2732078708491367,3,True,False,0,True,False,1,153,0.03333333333333333,97
2901,5028,41.16414236111111,-8.591739361702128,0.399042692652632,1,0,0.399042692652632,2913.115022692234,0.26576331839287287,3,True,True,1,True,False,1,153,0.07777777777777778,97
2902,5029,41.16414236111111,-8.590660638297873,0.4320813431470018,1,0,0.4320813431470018,2832.0469397491147,0.2583674817812444,3,True,False,0,True,False,1,146,0.07777777777777778,90
2903,5030,41.16414236111111,-8.589581914893618,0.4618686445536252,1,0,0.4618686445536252,2751.5600450166257,0.25102466693712766,3,True,False,0,True,False,1,146,0.011111111111111112,109
2904,5031,41.16414236111111,-8.588503191489362,0.41329822235034497,1,0,0.41329822235034497,2671.706865034335,0.2437396658537499,3,True,False,0,True,False,1,146,0.12222222222222222,109
2905,5032,41.16414236111111,-8.587424468085107,0.4631533965624078,1,0,0.4631533965624078,2592.5459577467905,0.236517820769073,3,True,False,0,False,False,0.55,135,0.13333333333333333,98
2906,5033,41.16414236111111,-8.586345744680852,0.4580357318331956,1,0,0.4580357318331956,2514.1427152147835,0.2293650973970962,3,True,False,0,True,False,1,135,0.14444444444444443,98
2907,5034,41.16414236111111,-8.585267021276596,0.53095426449081,1,7.516866591801228e-07,0.5309535128041508,2436.5702782906346,0.22228816837363086,3,True,False,0,True,False,1,122,0.14444444444444443,85
2908,5035,41.16414236111111,-8.584188297872341,0.4804271670474834,1,5.614246527438507e-07,0.4804266056228306,2359.9105764482456,0.21529450811993686,3,True,False,0,True,False,1,122,0.24444444444444444,81
2909,5036,41.16414236111111,-8.583109574468086,0.5853723282678472,1,0.0018288771283212846,0.583543451139526,2284.2555058211196,0.2083925003150647,3,True,False,0,False,False,0.55,100,0.3,59
2910,5037,41.16414236111111,-8.58203085106383,0.6922442131438661,1,0.002869080780631863,0.6893751323632342,2209.7082572655745,0.20159155905498694,3,True,True,1,True,False,1,100,0.13333333333333333,59
2911,5038,41.16414236111111,-8.580952127659575,0.6957936425793109,1,0.004500917202235155,0.6912927253770758,2136.3848033407817,0.194902264509703,3,True,False,0,True,False,1,89,0.25555555555555554,48
2912,5039,41.16414236111111,-8.57987340425532,0.7460107148413372,1,0.007060887167189125,0.7389498276741481,2064.4155475764587,0.1883365133858372,3,True,False,0,True,False,1,89,0.18888888888888888,48
2913,5040,41.16414236111111,-8.578794680851065,0.7498401294872775,1,0.011076881745902508,0.738763247741375,1993.9471301076478,0.18190768365459728,3,True,False,0,True,False,1,90,0.17777777777777778,37
2914,5041,41.16414236111111,-8.57771595744681,0.7479772401036006,1,0.017377038653725377,0.7306002014498751,1925.1443690687436,0.1756308116650415,3,True,False,0,True,False,1,90,0.18888888888888888,37
2915,5042,41.16414236111111,-8.576637234042552,0.9349460231183288,1,0.048652480206235436,0.8862935429120933,1858.19229505274,0.1695227777476804,3,True,False,0,True,False,1,73,0.18888888888888888,20
2916,5043,41.16414236111111,-8.575558510638297,0.929432507161357,1,0.07219512270354063,0.8572373844578163,1793.2982040401885,0.16360249350306927,3,True,False,0,True,False,1,73,0.2222222222222222,20
2917,5044,41.16414236111111,-8.574479787234042,0.9617139735224316,1,0.10490942792664054,0.8568045455957911,1730.693609930306,0.15789107993111054,3,True,False,0,True,False,1,75,0.2,22
2918,5045,41.16414236111111,-8.573401063829786,1.0129400122851995,1,0.1561354666894084,0.8568045455957911,1670.6359190282578,0.1524120201944336,3,True,False,0,True,False,1,75,0.2,13
2919,5046,41.16414236111111,-8.572322340425531,1.0969987506789058,1,0.24062682539484792,0.8563719252840579,1613.4095748215757,0.14719126405628252,3,True,False,0,True,False,1,77,0.17777777777777778,15
2920,5047,41.16414236111111,-8.571243617021276,1.231007311616725,1,0.3650670839219073,0.8659402276948178,1559.3263346774631,0.1422572531235956,3,True,False,0,True,False,1,77,0.16666666666666666,15
2921,5048,41.16414236111111,-8.57016489361702,1.4472010228403234,1,0.5283175473813176,0.9188834754590057,1508.7242490433393,0.1376408277195288,3,True,False,0,True,False,1,62,0.2777777777777778,0
2922,5049,41.16414236111111,-8.569086170212765,1.566593804181739,1,0.6374435804631783,0.9291502237185608,1461.964835776993,0.13337496909775584,3,True,False,0,False,False,0.55,62,0.26666666666666666,0
2923,5050,41.16414236111111,-8.56800744680851,1.84669550989387,1,1.0,0.84669550989387,1419.4279066690096,0.1294943274664026,3,True,False,0,False,True,0.55,78,0.17777777777777778,0
2924,5051,41.16414236111111,-8.566928723404255,1.0625979173759532,1,0.6374435804636014,0.4251543369123518,1381.5035516485384,0.12603449070759343,3,True,False,0,True,False,1,78,0.8666666666666667,0
2925,5052,41.16414236111111,-8.56585,0.8611428364132049,1,0.40633431828101096,0.4548085181321939,1348.5809668035256,0.1230309651583704,3,True,False,0,True,False,1,75,0.8333333333333334,75
2926,5080,41.164957638888886,-8.687745744680852,2.218274559795233,1,0.16394510578426888,2.054329454010964,10731.455059651606,0.9790300367890101,3,True,False,0,True,False,1,0,0.17777777777777778,-6
2927,5081,41.164957638888886,-8.686667021276596,1.9091371225578588,1,0.19633394558842515,1.7128031769694336,10641.614439689905,0.97083388212244,3,True,False,0,True,False,1,16,0.17777777777777778,0
2928,5082,41.164957638888886,-8.685588297872341,2.0502086672634365,1,0.23955690757557063,1.8106517596878657,10551.783258201582,0.9626385885272611,3,True,False,0,True,False,1,16,0.12222222222222222,0
2929,5083,41.164957638888886,-8.684509574468086,1.7359703739748016,1,0.25764625977190825,1.4783241142028933,10461.961758329873,0.9544441781854172,3,True,False,0,True,False,1,27,0.2,11
2930,5084,41.164957638888886,-8.68343085106383,1.9675655935412266,1,0.23955690757562073,1.7280086859656059,10372.150191613595,0.94625067404478,3,True,False,0,True,False,1,25,0.06666666666666667,9
2931,5085,41.164957638888886,-8.682352127659575,1.985654945737514,1,0.25764625977190825,1.7280086859656059,10282.348818351025,0.9380580998523469,3,True,False,0,True,False,1,25,0.06666666666666667,5
2932,5086,41.164957638888886,-8.68127340425532,1.8944649383368353,1,0.27912494849312375,1.6153399898437115,10192.557907984221,0.9298664801893014,3,True,True,1,True,False,1,28,0.1,9
2933,5087,41.164957638888886,-8.680194680851065,2.0529587652424204,1,0.36420658895289987,1.6887521762895206,10102.777739501526,0.9216758405077343,3,True,False,0,True,False,1,28,0.05555555555555555,9
2934,5088,41.164957638888886,-8.67911595744681,2.0932271307121764,1,0.40490135315193615,1.68832577756024,10013.008601863763,0.9134862071695251,3,True,False,0,True,False,1,29,0.044444444444444446,10
2935,5089,41.164957638888886,-8.678037234042554,2.0224084761740606,1,0.5283217248375233,1.4940867513365375,9923.250794451094,0.905297607487109,3,True,False,0,True,False,1,29,0.16666666666666666,0
2936,5090,41.164957638888886,-8.676958510638299,2.130405345401935,1,0.6363185940653975,1.4940867513365375,9833.504627536271,0.8971100697666515,3,True,False,0,True,False,1,29,0.16666666666666666,0
2937,5091,41.164957638888886,-8.675879787234043,2.113896268438558,1,0.6363185940653975,1.4775776743731603,9743.770422781621,0.8889236233533886,3,True,False,0,True,False,1,29,0.17777777777777778,0
2938,5092,41.164957638888886,-8.674801063829788,2.0066458390404165,1,0.5283217248375233,1.4783241142028933,9654.048513765574,0.8807382986796614,3,True,False,0,True,False,1,27,0.2,-2
2939,5093,41.164957638888886,-8.673722340425533,1.8433985094073735,1,0.3650743952044801,1.4783241142028933,9564.339246536347,0.8725541273154291,3,True,False,0,True,False,1,27,0.2,-2
2940,5094,41.164957638888886,-8.672643617021278,1.757449062696017,1,0.27912494849312375,1.4783241142028933,9474.64298019891,0.8643711420218181,3,True,False,0,True,False,1,27,0.2,6
2941,5095,41.164957638888886,-8.671564893617022,1.7190013886170186,1,0.23955690757557063,1.479444481041448,9384.96008753301,0.8561893768075032,3,True,False,0,True,False,1,24,0.23333333333333334,3
2942,5096,41.164957638888886,-8.670486170212767,1.688535414208354,1,0.1963339455884973,1.4922014686198566,9295.290955648756,0.8480088669885179,3,True,False,0,True,False,1,34,0.1111111111111111,13
2943,5097,41.164957638888886,-8.669407446808512,1.656342878563549,1,0.1474689403215724,1.5088739382419767,9205.63598667788,0.8398296492513172,3,True,False,0,True,False,1,34,0.1,13
2944,5098,41.164957638888886,-8.668328723404256,1.4671031403085848,1,0.1049169403247716,1.3621861999838132,9115.995598507441,0.8316517617197139,3,True,False,0,True,False,1,43,0.1,22
2945,5099,41.164957638888886,-8.667250000000001,1.4343882520027773,1,0.07220205201896414,1.3621861999838132,9026.370225554549,0.8234752440255562,3,True,False,0,True,False,1,43,0.1,22
2946,5100,41.164957638888886,-8.666171276595746,1.1672632782530161,1,0.029527185880895996,1.13773609237212,8936.760319589264,0.8153001373838014,3,True,False,0,True,False,1,52,0.17777777777777778,31
2947,5101,41.164957638888886,-8.66509255319149,1.3217601770692713,1,0.021747862232822508,1.3000123148364489,8847.166350604708,0.8071264846718949,3,True,False,0,True,False,1,52,0.044444444444444446,31
2948,5102,41.164957638888886,-8.664013829787235,1.315647204292432,1,0.015634889455983323,1.3000123148364489,8757.58880774201,0.7989543305141544,3,True,False,0,True,False,1,52,0.044444444444444446,31
2949,5103,41.164957638888886,-8.66293510638298,1.3610225181453315,1,0.016946138328457056,1.3440763798168744,8668.02820026969,0.7907837213711182,3,True,False,0,True,False,1,52,0.011111111111111112,-9
2950,5104,41.164957638888886,-8.661856382978725,1.3705780545621666,1,0.02650167474529228,1.3440763798168744,8578.485058625674,0.7826147056346082,3,True,False,0,True,False,1,52,0.011111111111111112,-9
2951,5105,41.164957638888886,-8.66077765957447,1.3128507168806036,1,0.04140893845890513,1.2714417784216985,8488.95993552218,0.7744473337285286,3,True,False,0,True,False,1,52,0.06666666666666667,-9
2952,5106,41.164957638888886,-8.659698936170214,1.2522587938587437,1,0.06461695033690687,1.1876418435218368,8399.453407122412,0.7662816582162159,3,True,False,0,True,False,1,58,0.06666666666666667,-3
2953,5107,41.164957638888886,-8.658620212765959,1.3285207118810574,1,0.10062361325957746,1.2278970986214799,8309.966074289974,0.7581177339144226,3,True,False,0,True,False,1,58,0.03333333333333333,-3
2954,5108,41.164957638888886,-8.657541489361703,1.3039752703700878,1,0.15613886021455278,1.147836410155535,8220.498563920863,0.7499556180148349,3,True,False,0,True,False,1,61,0.06666666666666667,0
2955,5109,41.164957638888886,-8.656462765957448,1.3009666811649059,1,0.24063066042715917,1.0603360207377468,8131.05153035983,0.7417953702132877,3,True,True,1,True,False,1,67,0.07777777777777778,6
2956,5110,41.164957638888886,-8.655384042553193,1.4372539675320903,1,0.36507073951921565,1.0721832280128747,8041.625656911999,0.7336370528476683,3,True,False,0,True,False,1,67,0.06666666666666667,6
2957,5111,41.164957638888886,-8.654305319148937,1.6005028641067844,1,0.5283196360939098,1.0721832280128747,7952.221657452589,0.7254807310447727,3,True,False,0,True,False,1,67,0.06666666666666667,6
2958,5112,41.164957638888886,-8.65322659574468,1.7085018220760277,1,0.6363185940631532,1.0721832280128747,7862.840278146743,0.7173264728772045,3,True,False,0,True,False,1,67,0.06666666666666667,6
2959,5113,41.164957638888886,-8.652147872340425,1.6005028641067844,1,0.5283196360939098,1.0721832280128747,7773.482299284454,0.7091743495307756,3,True,False,0,True,False,1,67,0.06666666666666667,6
2960,5114,41.164957638888886,-8.65106914893617,1.4021036203202542,1,0.36507073951943214,1.037032880800822,7684.14853724214,0.7010244354834604,3,True,False,0,True,False,1,67,0.1,6
2961,5115,41.164957638888886,-8.649990425531914,1.3253411606441763,1,0.24063066042715917,1.0847105002170172,7594.839846579405,0.6928768086966829,3,True,False,0,True,False,1,65,0.07777777777777778,4
2962,5116,41.164957638888886,-8.64891170212766,1.2408493604316706,1,0.1561388602146533,1.0847105002170172,7505.557122284232,0.6847315508201463,3,True,False,0,True,False,1,65,0.07777777777777778,4
2963,5117,41.164957638888886,-8.647832978723404,1.1853341134765947,1,0.10062361325957746,1.0847105002170172,7416.30130217533,0.6765887474109981,3,True,False,0,True,False,1,65,0.07777777777777778,4
2964,5118,41.164957638888886,-8.646754255319149,1.078602737928528,1,0.06461695033694914,1.0139857875915788,7327.073369478882,0.6684484881689073,3,True,False,0,True,False,1,68,0.1111111111111111,7
2965,5119,41.164957638888886,-8.645675531914893,1.113321447314523,1,0.04140893845890513,1.0719125088556178,7237.874355589986,0.6603108671879903,3,True,False,0,True,False,1,68,0.05555555555555555,7
2966,5120,41.164957638888886,-8.644596808510638,1.0989556902874975,1,0.026501674745309737,1.0724540155421878,7148.705343038868,0.6521759832274181,3,True,False,0,True,False,1,66,0.07777777777777778,5
2967,5121,41.164957638888886,-8.643518085106383,1.0658306952166718,1,0.016946138328457056,1.0488845568882148,7059.567468675103,0.6440439400019131,3,True,False,0,True,False,1,66,0.1,5
2968,5122,41.164957638888886,-8.642439361702127,1.037180594859418,1,0.01082927925332906,1.0263513156060888,6970.461927093174,0.6359148464942623,3,True,False,0,True,False,1,64,0.14444444444444443,3
2969,5123,41.164957638888886,-8.641360638297872,0.9540718476698585,1,0.006917231140661282,0.9471546165291973,6881.3899743162265,0.6277888172913859,3,True,False,0,True,False,1,74,0.1111111111111111,13
2970,5124,41.164957638888886,-8.640281914893617,0.9411058268365466,1,0.004416900098461307,0.9366889267380853,6792.352931765275,0.6196659729464483,3,True,False,0,True,False,1,74,0.12222222222222222,13
2971,5125,41.164957638888886,-8.639203191489361,0.9390355820858822,1,0.002819611119992147,0.93621597096589,6703.352190536136,0.611546440369042,3,True,False,0,True,False,1,76,0.1,15
2972,5126,41.164957638888886,-8.638124468085106,0.9380646199200117,1,0.0018486489541215917,0.93621597096589,6614.389216013579,0.6034303532461365,3,True,False,0,True,False,1,76,0.1,20
2973,5127,41.164957638888886,-8.63704574468085,0.9057043689424037,1,0.001552174211841121,0.9041521947305625,6525.465552855147,0.5953178524967515,3,True,False,0,True,False,1,82,0.06666666666666667,26
2974,5128,41.164957638888886,-8.635967021276596,0.9155243039457661,1,0.0012699545682436978,0.9142543493775224,6436.582830375826,0.5872090867632014,3,True,False,0,True,False,1,82,0.05555555555555555,26
2975,5129,41.164957638888886,-8.63488829787234,0.8838562175998194,1,0.00046745364330666385,0.8833887639565127,6347.742768375726,0.5791042129427523,3,True,True,1,True,False,1,86,0.044444444444444446,30
2976,5130,41.164957638888886,-8.633809574468085,0.8740021395446761,1,0.00037447753200617903,0.87362766201267,6258.947183448876,0.5710033967631747,3,True,False,0,False,False,0.55,86,0.05555555555555555,30
2977,5131,41.164957638888886,-8.63273085106383,0.8258169343543301,1,0.00044337170384996266,0.8253735626504801,6170.1979958242,0.5629068134068445,3,True,False,0,True,False,1,91,0.05555555555555555,35
2978,5132,41.164957638888886,-8.631652127659574,0.8258865463678607,1,0.0005129837173806188,0.8253735626504801,6081.497236786646,0.5548146481877722,3,True,False,0,True,False,1,91,0.05555555555555555,11
2979,5133,41.164957638888886,-8.630573404255319,0.7721372202129825,1,0.0005792221904935671,0.7715579980224889,5992.847056740617,0.5467270972872298,3,True,False,0,True,False,1,94,0.08888888888888889,14
2980,5134,41.164957638888886,-8.629494680851064,0.8346009707410943,1,0.0006374824136991466,0.8339634883273952,5904.249733976148,0.5386443685534879,3,True,False,0,True,False,1,94,0.011111111111111112,14
2981,5135,41.164957638888886,-8.628415957446808,0.7895788367086511,1,0.0006831782028350345,0.7888956585058161,5815.707684214091,0.5305666823726229,3,True,False,0,True,False,1,94,0.06666666666666667,14
2982,5136,41.164957638888886,-8.627337234042553,0.7376124168892937,1,0.0007123793765485614,0.7369000375127451,5727.223471006637,0.5224942726173559,3,True,False,0,True,False,1,100,0.06666666666666667,20
2983,5137,41.164957638888886,-8.626258510638298,0.6977999948838561,1,0.0007224267609241867,0.697077568122932,5638.799817087386,0.514427387682519,3,True,False,0,True,False,1,100,0.12222222222222222,20
2984,5138,41.164957638888886,-8.625179787234043,0.6972620584159541,1,0.0007123793765485329,0.6965496790394056,5550.439616767714,0.5063662916159749,3,True,False,0,True,False,1,103,0.08888888888888889,23
2985,5139,41.164957638888886,-8.624101063829787,0.6972328572422406,1,0.0006831782028350345,0.6965496790394056,5462.145949496725,0.49831126535569076,3,True,False,0,False,False,0.55,103,0.08888888888888889,23
2986,5140,41.164957638888886,-8.623022340425532,0.6379436809235959,1,0.0006374824136990697,0.6373061985098968,5373.922094707746,0.4902626080841831,3,True,False,0,True,False,1,103,0.17777777777777778,23
2987,5141,41.164957638888886,-8.621943617021277,0.6362442629543044,1,6.362070250232432e-05,0.636180642251802,5285.771548098537,0.4822206387137605,3,True,False,0,False,False,0.55,110,0.1,30
2988,5142,41.164957638888886,-8.620864893617021,0.6222571323462868,1,5.791319208110181e-05,0.6221992191542056,5197.698039502181,0.4741856975168836,3,True,False,0,True,False,1,110,0.12222222222222222,30
2989,5143,41.164957638888886,-8.619786170212766,0.5873917778176615,1,4.375564074789292e-06,0.5873874022535867,5109.705552534616,0.46615814791860866,3,True,True,1,True,False,1,118,0.08888888888888889,38
2990,5144,41.164957638888886,-8.61870744680851,0.5434384073659847,1,5.206165106321688e-06,0.5434332012008783,5021.79834622015,0.4581383784694819,3,True,False,0,True,False,1,118,0.16666666666666666,38
2991,5145,41.164957638888886,-8.617628723404255,0.5244241133253726,1,0,0.5244241133253726,4933.98097883173,0.45012680502048585,3,True,False,0,True,False,1,127,0.1,47
2992,5146,41.164957638888886,-8.61655,0.5128987777146706,1,0,0.5128987777146706,4846.2583342055195,0.442123873123717,3,True,False,0,True,False,1,127,0.12222222222222222,47
2993,5147,41.164957638888886,-8.615471276595745,0.4629195397652758,1,0,0.4629195397652758,4758.6356508334575,0.4341300606864978,3,True,False,0,True,False,1,137,0.1111111111111111,57
2994,5148,41.164957638888886,-8.61439255319149,0.4835912994983287,1,0,0.4835912994983287,4671.118554070344,0.42614588090962785,3,True,False,0,True,False,1,140,0.03333333333333333,57
2995,5149,41.164957638888886,-8.613313829787234,0.46773729092779925,1,0,0.46773729092779925,4583.713091847795,0.41817188554556584,3,True,False,0,True,False,1,140,0.06666666666666667,57
2996,5150,41.164957638888886,-8.612235106382979,0.4897359606695277,1,0,0.4897359606695277,4496.425774333984,0.41020866851658494,3,True,False,0,True,False,1,134,0.08888888888888889,51
2997,5151,41.164957638888886,-8.611156382978724,0.4952078142354369,1,0,0.4952078142354369,4409.263618049911,0.40225686993949844,3,True,True,1,True,False,1,134,0.07777777777777778,51
2998,5152,41.164957638888886,-8.610077659574468,0.49533288250456264,1,0,0.49533288250456264,4322.234195018207,0.3943171806095017,3,True,False,0,True,False,1,133,0.08888888888888889,50
2999,5153,41.164957638888886,-8.608998936170213,0.4898596469829679,1,0,0.4898596469829679,4235.345687614205,0.3863903470042326,3,True,False,0,True,False,1,133,0.1,50
3000,5154,41.164957638888886,-8.607920212765958,0.4897359606695277,1,0,0.4897359606695277,4148.606949880077,0.3784771768774564,3,True,False,0,True,False,1,134,0.08888888888888889,51
3001,5155,41.164957638888886,-8.606841489361702,0.4684465209526341,1,0,0.4684465209526341,4062.027576186754,0.3705785455230895,3,True,False,0,True,False,1,134,0.13333333333333333,51
3002,5156,41.164957638888886,-8.605762765957447,0.44717825647652754,1,0,0.44717825647652754,3975.617978255006,0.3626954028018275,3,True,False,0,True,False,1,142,0.08888888888888889,59
3003,5157,41.164957638888886,-8.604684042553192,0.44717825647652754,1,0,0.44717825647652754,3889.3894717127987,0.35482878103776827,3,True,False,0,True,False,1,142,0.08888888888888889,59
3004,5158,41.164957638888886,-8.603605319148937,0.43679870107606167,1,0,0.43679870107606167,3803.3543735420785,0.34697980390847666,3,True,False,0,True,False,1,147,0.05555555555555555,64
3005,5159,41.164957638888886,-8.602526595744681,0.4466139937672463,1,0,0.4466139937672463,3717.5261119919405,0.33914969647235643,3,True,False,0,True,False,1,147,0.03333333333333333,64
3006,5160,41.164957638888886,-8.601447872340426,0.4174941075327457,1,0,0.4174941075327457,3631.919350779746,0.3313397964995112,3,True,False,0,True,False,1,150,0.06666666666666667,67
3007,5161,41.164957638888886,-8.60036914893617,0.4175995486503903,1,0,0.4175995486503903,3546.5501297062683,0.32355156730005635,3,True,False,0,True,False,1,149,0.07777777777777778,60
3008,5162,41.164957638888886,-8.599290425531915,0.4175995486503903,1,0,0.4175995486503903,3461.436024150636,0.31578661227483357,3,True,False,0,True,False,1,149,0.07777777777777778,60
3009,5163,41.164957638888886,-8.59821170212766,0.4175995486503903,1,0,0.4175995486503903,3376.59632632721,0.3080466914514654,3,True,False,0,True,False,1,149,0.07777777777777778,107
3010,5164,41.164957638888886,-8.597132978723405,0.4172833051602838,1,0,0.4172833051602838,3292.0522516574497,0.30033374031164894,3,True,False,0,True,False,1,152,0.044444444444444446,96
3011,5165,41.164957638888886,-8.59605425531915,0.42194564022388437,1,0,0.42194564022388437,3207.8271741796584,0.29264989126757385,3,True,False,0,True,False,1,152,0.03333333333333333,96
3012,5166,41.164957638888886,-8.594975531914894,0.4079065513106284,1,0,0.4079065513106284,3123.9468955692264,0.2849974982046233,3,True,True,1,True,False,1,154,0.044444444444444446,98
3013,5167,41.164957638888886,-8.593896808510639,0.4079065513106284,1,0,0.4079065513106284,3040.4399531185427,0.2773791645783643,3,True,False,0,True,False,1,154,0.044444444444444446,98
3014,5168,41.164957638888886,-8.592818085106384,0.4267678239241344,1,0,0.4267678239241344,2957.3379729127423,0.26979777563475116,3,True,False,0,True,False,1,151,0.03333333333333333,95
3015,5169,41.164957638888886,-8.591739361702128,0.41738869303828413,1,0,0.41738869303828413,2874.6760754824413,0.2622565354178011,3,True,False,0,True,False,1,151,0.05555555555555555,114
3016,5170,41.164957638888886,-8.590660638297873,0.43197224547225077,1,0,0.43197224547225077,2792.4933424004007,0.2547590093371818,3,True,False,0,True,False,1,147,0.06666666666666667,110
3017,5171,41.164957638888886,-8.589581914893618,0.45664984565509587,1,0,0.45664984565509587,2710.8333536576642,0.24730917319300594,3,True,False,0,True,False,1,147,0.011111111111111112,110
3018,5172,41.164957638888886,-8.588503191489362,0.40411305297908323,1,0,0.40411305297908323,2629.7448071772537,0.23991146969403038,3,True,False,0,True,False,1,147,0.13333333333333333,110
3019,5173,41.164957638888886,-8.587424468085107,0.4631533965624078,1,0,0.4631533965624078,2549.2822335192654,0.2325708736601617,3,True,False,0,True,False,1,135,0.13333333333333333,98
3020,5174,41.164957638888886,-8.586345744680852,0.4580357318331956,1,0,0.4580357318331956,2469.506820632285,0.22529296726448092,3,True,True,1,True,False,1,135,0.14444444444444443,94
3021,5175,41.164957638888886,-8.585267021276596,0.5302835400062827,1,0,0.5302835400062827,2390.487365366238,0.21808402683970715,3,True,False,0,True,False,1,127,0.08888888888888889,86
3022,5176,41.164957638888886,-8.584188297872341,0.4293621492351353,1,0,0.4293621492351353,2312.3013702096787,0.210951122933478,3,True,False,0,True,False,1,127,0.3,86
3023,5177,41.164957638888886,-8.583109574468086,0.5836068347822645,1,0.001829020572456131,0.5817778142098083,2235.0363051415434,0.20390223542701366,3,True,False,0,True,False,1,112,0.16666666666666666,71
3024,5178,41.164957638888886,-8.58203085106383,0.5351652885846537,1,0.002869289736774732,0.532295998847879,2158.791055176523,0.19694638559459918,3,True,False,0,True,False,1,112,0.25555555555555554,71
3025,5179,41.164957638888886,-8.580952127659575,0.6136412696942456,1,0.004501219789097324,0.6091400499051483,2083.677573559359,0.19009378692440637,3,True,False,0,True,False,1,106,0.18888888888888888,53
3026,5180,41.164957638888886,-8.57987340425532,0.6028142236503454,1,0.007061322296699409,0.595752901353646,2009.8227576781321,0.1833560162579567,3,True,False,0,True,False,1,106,0.2111111111111111,53
3027,5181,41.164957638888886,-8.578794680851065,0.7550523995499707,1,0.015729270632092906,0.7393231289178778,1937.3705582921466,0.17674620621486187,3,True,False,0,True,False,1,87,0.2111111111111111,34
3028,5182,41.164957638888886,-8.57771595744681,0.8059378057611928,1,0.02437881383915533,0.7815589919220375,1866.48432063262,0.17027925877130673,3,True,False,0,True,False,1,87,0.15555555555555556,34
3029,5183,41.164957638888886,-8.576637234042552,0.7578619356338056,1,0.027261734183930433,0.7306002014498751,1797.3493356639833,0.16397207801147326,3,True,False,0,True,False,1,90,0.18888888888888888,37
3030,5184,41.164957638888886,-8.575558510638297,0.7733672514020449,1,0.04276704995216972,0.7306002014498751,1730.1755477149347,0.1578438171445681,3,True,False,0,True,False,1,90,0.18888888888888888,28
3031,5185,41.164957638888886,-8.574479787234042,0.7500551290748095,1,0.06709113035487177,0.6829639987199377,1665.2003163882314,0.1519161304736963,3,True,False,0,True,False,1,93,0.2222222222222222,31
3032,5186,41.164957638888886,-8.573401063829786,0.8035605795820419,1,0.10524971392210689,0.6983108656599349,1602.6910612506313,0.14621341467077467,3,True,False,0,True,False,1,93,0.2,31
3033,5187,41.164957638888886,-8.572322340425531,0.9959338000802024,1,0.19681241559096216,0.7991213844892402,1542.947522853929,0.14076301504935299,3,True,False,0,True,False,1,87,0.13333333333333333,25
3034,5188,41.164957638888886,-8.571243617021276,0.9707624856880555,1,0.2791205343899495,0.6916419512981059,1486.3032514039971,0.13559536137580597,3,True,False,0,True,False,1,87,0.2777777777777778,25
3035,5189,41.164957638888886,-8.57016489361702,1.2158185280985605,1,0.40633887098203963,0.8094796571165208,1433.1257894538007,0.1307439845364068,3,True,False,0,True,False,1,80,0.2,-6
3036,5190,41.164957638888886,-8.569086170212765,1.4469268086316442,1,0.6374471515151234,0.8094796571165208,1383.8148640970146,0.12624535161125322,3,True,False,0,True,False,1,80,0.2,-6
3037,5191,41.164957638888886,-8.56800744680851,1.7073624246164272,1,1.0,0.7073624246164272,1338.797783180791,0.12213844587101941,3,True,False,0,True,True,1,86,0.26666666666666666,0
3038,5192,41.164957638888886,-8.566928723404255,0.9926376528000131,1,0.6374471515155468,0.35519050128446633,1298.5212000112479,0.11846401547150437,3,True,False,0,True,False,1,86,0.9555555555555556,0
3039,5220,41.16577291666666,-8.688824468085107,2.5353096688077454,1,0.23955733047243224,2.2957523383353133,10811.71965962123,0.9863525716945114,3,True,False,0,False,False,0.55,0,0.06666666666666667,-6
3040,5221,41.16577291666666,-8.687745744680852,2.3119757137828723,1,0.25764625977190825,2.054329454010964,10721.790634949391,0.9781483518712465,3,True,False,0,True,False,1,0,0.17777777777777778,-6
3041,5222,41.16577291666666,-8.686667021276596,1.9919303325723452,1,0.27912715560291157,1.7128031769694336,10631.869473280196,0.9699448493892671,3,True,False,0,True,False,1,16,0.17777777777777778,0
3042,5223,41.16577291666666,-8.685588297872341,2.1748592582564252,1,0.36420749856855955,1.8106517596878657,10541.956375837748,0.9617420826062366,3,True,False,0,True,False,1,16,0.12222222222222222,0
3043,5224,41.16577291666666,-8.684509574468086,1.967678790022487,1,0.4049013531505079,1.5627774368719791,10452.051550752136,0.9535400705098515,3,True,False,0,True,False,1,27,0.14444444444444443,11
3044,5225,41.16577291666666,-8.68343085106383,2.035565321407356,1,0.3642074985686674,1.6713578228386883,10362.155213357019,0.945338832744989,3,True,False,0,True,False,1,25,0.1,9
3045,5226,41.16577291666666,-8.682352127659575,2.113816215839473,1,0.4049013531505079,1.708914862688965,10272.267586502689,0.9371383896422688,3,True,False,0,True,False,1,25,0.07777777777777778,5
3046,5227,41.16577291666666,-8.68127340425532,2.002392464948487,1,0.4049013531505079,1.597491111797979,10182.38890088695,0.9289387622482386,3,True,False,0,False,False,0.55,28,0.1111111111111111,10
3047,5228,41.16577291666666,-8.680194680851065,2.1258149254054333,1,0.5283238136074542,1.597491111797979,10092.51939540147,0.9207399723569714,3,True,False,0,False,False,0.55,28,0.1111111111111111,9
3048,5229,41.16577291666666,-8.67911595744681,2.1983069486813274,1,0.6363185940631532,1.561988354618174,10002.659317498845,0.9125420425435536,3,True,False,0,False,False,0.55,29,0.12222222222222222,10
3049,5230,41.16577291666666,-8.678037234042554,2.2168912805621557,1,0.6374507226456139,1.5794405579165418,9912.808923577244,0.9043449961991759,3,True,False,0,True,False,1,29,0.1111111111111111,0
3050,5231,41.16577291666666,-8.676958510638299,2.579440557916542,1,1.0,1.5794405579165418,9822.968479388164,0.896148857568332,3,True,True,1,True,True,1,29,0.1111111111111111,0
3051,5232,41.16577291666666,-8.675879787234043,2.614932127204838,1,1.0,1.6149321272048378,9733.138260464404,0.8879536517878636,3,True,False,0,True,True,1,29,0.08888888888888889,0
3052,5233,41.16577291666666,-8.674801063829788,2.3266294053544585,1,0.6374507226456139,1.6891786827088446,9643.318552573879,0.8797594049283614,3,True,False,0,True,False,1,27,0.06666666666666667,-2
3053,5234,41.16577291666666,-8.673722340425533,2.2175024963160515,1,0.5283238136072067,1.6891786827088446,9553.509652196626,0.8715661440376824,3,True,False,0,False,False,0.55,27,0.06666666666666667,6
3054,5235,41.16577291666666,-8.672643617021278,2.0940800358593528,1,0.4049013531505079,1.6891786827088446,9463.71186703091,0.8633738971871219,3,True,False,0,True,False,1,27,0.06666666666666667,6
3055,5236,41.16577291666666,-8.671564893617022,1.9108881371751687,1,0.36420749856855955,1.5466806386066092,9373.925516525907,0.8551826935200101,3,True,False,0,True,False,1,24,0.18888888888888888,3
3056,5237,41.16577291666666,-8.670486170212767,1.771328624222899,1,0.2791271556030424,1.4922014686198566,9284.150932447208,0.846992563303303,3,True,False,0,True,False,1,34,0.1111111111111111,13
3057,5238,41.16577291666666,-8.669407446808512,1.5470203864725265,1,0.1968206624170686,1.350199724055458,9194.388459472917,0.8388035379819645,3,True,False,0,True,False,1,34,0.2111111111111111,13
3058,5239,41.16577291666666,-8.668328723404256,1.4804178907721497,1,0.13328331800734866,1.347134572764801,9104.638455826804,0.8306156502367289,3,True,False,0,True,False,1,43,0.1111111111111111,22
3059,5240,41.16577291666666,-8.667250000000001,1.2287039207494224,1,0.08837912393569308,1.1403247968137293,9014.901293946727,0.8224289340450808,3,True,False,0,False,False,0.55,43,0.2777777777777778,22
3060,5241,41.16577291666666,-8.666171276595746,1.178900142973089,1,0.04116405060096905,1.13773609237212,8925.177361195105,0.8142434247460718,3,True,False,0,True,False,1,52,0.17777777777777778,31
3061,5242,41.16577291666666,-8.66509255319149,1.1546924986108946,1,0.029527947145740606,1.125164551465154,8835.467060610014,0.8060591591088427,3,True,False,0,True,False,1,52,0.18888888888888888,31
3062,5243,41.16577291666666,-8.664013829787235,1.1458456823459986,1,0.020681130880844507,1.125164551465154,8745.770811704166,0.7978761754055145,3,True,False,0,True,False,1,52,0.18888888888888888,31
3063,5244,41.16577291666666,-8.66293510638298,1.1408945961447083,1,0.015730044679554245,1.125164551465154,8656.089051310833,0.7896945134883618,3,True,False,0,True,False,1,52,0.18888888888888888,-9
3064,5245,41.16577291666666,-8.661856382978725,1.149544425046409,1,0.024379873581255113,1.125164551465154,8566.422234484424,0.7815142148719724,3,True,False,0,True,False,1,52,0.18888888888888888,-9
3065,5246,41.16577291666666,-8.66077765957447,1.2674214093068525,1,0.03766245039191088,1.2297589589149416,8476.770835455362,0.773335322820361,3,True,False,0,True,False,1,52,0.1,-9
3066,5247,41.16577291666666,-8.659698936170214,1.245545881149009,1,0.057904037627172264,1.1876418435218368,8387.135348647656,0.7651578824398021,3,True,False,0,True,False,1,58,0.06666666666666667,-3
3067,5248,41.16577291666666,-8.658620212765959,1.31627162807704,1,0.08837452945556,1.2278970986214799,8297.516289759373,0.7569819407774008,3,True,False,0,True,False,1,58,0.03333333333333333,-3
3068,5249,41.16577291666666,-8.657541489361703,1.2811143896221278,1,0.1332779794665928,1.147836410155535,8207.914196915197,0.7488075469262417,3,True,False,0,True,False,1,61,0.06666666666666667,0
3069,5250,41.16577291666666,-8.656462765957448,1.233848045261584,1,0.196815164460762,1.037032880800822,8118.329631892114,0.7406347521372074,3,True,False,0,True,False,1,67,0.1,6
3070,5251,41.16577291666666,-8.655384042553193,1.3632855463715385,1,0.27912274142196164,1.0841628049495768,8028.763181428234,0.7324636099383824,3,True,False,0,True,False,1,67,0.05555555555555555,6
3071,5252,41.16577291666666,-8.654305319148937,1.4483684842934579,1,0.36420567934388104,1.0841628049495768,7939.215458616814,0.7242941762622298,3,True,False,0,True,False,1,67,0.05555555555555555,6
3072,5253,41.16577291666666,-8.65322659574468,1.489064158101513,1,0.40490135315193615,1.0841628049495768,7849.687104396396,0.7161265095815363,3,True,False,0,True,False,1,67,0.05555555555555555,6
3073,5254,41.16577291666666,-8.652147872340425,1.4483684842934579,1,0.36420567934388104,1.0841628049495768,7760.178789141092,0.7079606710544945,3,True,False,0,True,False,1,67,0.05555555555555555,6
3074,5255,41.16577291666666,-8.65106914893617,1.3632855463716693,1,0.27912274142209254,1.0841628049495768,7670.691214361432,0.6997967246798698,3,True,False,0,True,False,1,67,0.05555555555555555,6
3075,5256,41.16577291666666,-8.649990425531914,1.330822388576358,1,0.196815164460762,1.1340072241155958,7581.225114522989,0.691634737462915,3,True,False,0,True,False,1,65,0.03333333333333333,4
3076,5257,41.16577291666666,-8.64891170212766,1.2672852035822677,1,0.1332779794666719,1.1340072241155958,7491.781258994841,0.6834747795931276,3,True,False,0,True,False,1,65,0.03333333333333333,4
3077,5258,41.16577291666666,-8.647832978723404,1.2223817535711559,1,0.08837452945556,1.1340072241155958,7402.3604541349805,0.6753169246345015,3,True,False,0,True,False,1,65,0.03333333333333333,4
3078,5259,41.16577291666666,-8.646754255319149,1.1179723305489968,1,0.0579040376272087,1.0600682929217882,7312.9635455284415,0.6671612497297115,3,True,False,0,True,False,1,68,0.06666666666666667,7
3079,5260,41.16577291666666,-8.645675531914893,1.1215515114204704,1,0.03766245039191088,1.0838890610285594,7223.591420386676,0.6590078358190078,3,True,False,0,True,False,1,68,0.044444444444444446,7
3080,5261,41.16577291666666,-8.644596808510638,1.1581007683904434,1,0.024379873581270837,1.1337208948091726,7134.245010126375,0.6508567678754825,3,True,False,0,True,False,1,66,0.022222222222222223,5
3081,5262,41.16577291666666,-8.643518085106383,1.1122831475918524,1,0.015730044679554245,1.0965531029122981,7044.925293138915,0.6427081351577254,3,True,False,0,True,False,1,66,0.05555555555555555,5
3082,5263,41.16577291666666,-8.642439361702127,1.0712649995902195,1,0.010125389636856061,1.0611396099533634,6955.633297771549,0.6345620314817981,3,True,False,0,True,False,1,64,0.1111111111111111,3
3083,5264,41.16577291666666,-8.641360638297872,0.9536610600824025,1,0.006506443553205181,0.9471546165291973,6866.370105534737,0.6264185555138386,3,True,False,0,True,False,1,74,0.1111111111111111,13
3084,5265,41.16577291666666,-8.640281914893617,1.0393768498262117,1,0.0041754887117888325,1.0352013611144228,6777.136854560205,0.6182778110855397,3,True,False,0,True,False,1,74,0.022222222222222223,13
3085,5266,41.16577291666666,-8.639203191489361,1.0034347517250612,1,0.002676888934492768,1.0007578627905684,6687.93474332909,0.6101399075342676,3,True,False,0,True,False,1,76,0.03333333333333333,15
3086,5267,41.16577291666666,-8.638124468085106,0.9696638843325712,1,0.001714766757571409,0.9679491175749998,6598.7650346964565,0.6020049600702182,3,True,False,0,True,False,1,76,0.06666666666666667,15
3087,5268,41.16577291666666,-8.63704574468085,0.9052499353175784,1,0.0010977405870157973,0.9041521947305625,6509.62906024116,0.5938730901732551,3,True,False,0,True,False,1,82,0.06666666666666667,21
3088,5269,41.16577291666666,-8.635967021276596,0.9253193027401423,1,0.0008499266471012144,0.924469376093041,6420.528224968367,0.5857444260219199,3,True,False,0,True,False,1,82,0.044444444444444446,26
3089,5270,41.16577291666666,-8.63488829787234,0.8740768658507939,1,0.0004492038381239937,0.87362766201267,6331.46401240271,0.5776191029580809,3,True,False,0,True,False,1,86,0.05555555555555555,30
3090,5271,41.16577291666666,-8.633809574468085,0.8739148480108323,1,0.00028718599816238827,0.87362766201267,6242.437990105536,0.5694972639902708,3,True,False,0,False,False,0.55,86,0.05555555555555555,30
3091,5272,41.16577291666666,-8.63273085106383,0.8165433682775837,1,0.00028986218147983674,0.8162535060961038,6153.451815662275,0.5613790603399145,3,True,False,0,True,False,1,91,0.06666666666666667,35
3092,5273,41.16577291666666,-8.631652127659574,0.807567007372951,1,0.00033278475667999674,0.807234222616271,6064.507243182284,0.553264652034309,3,True,False,0,True,False,1,91,0.07777777777777778,11
3093,5274,41.16577291666666,-8.630573404255319,0.806996173269992,1,0.0003732601455979908,0.8066229131243939,5975.606130367198,0.5451542085514693,3,True,False,0,False,False,0.55,94,0.044444444444444446,14
3094,5275,41.16577291666666,-8.629494680851064,0.8070315046501444,1,0.0004085915257504509,0.8066229131243939,5886.750446201502,0.5370479095217385,3,True,False,0,True,False,1,94,0.044444444444444446,14
3095,5276,41.16577291666666,-8.628415957446808,0.7893317985345303,1,0.0004361400287141589,0.7888956585058161,5797.942279334114,0.5289459454924388,3,True,False,0,True,False,1,94,0.06666666666666667,14
3096,5277,41.16577291666666,-8.627337234042553,0.7373537107755462,1,0.00045367326280111396,0.7369000375127451,5709.183847219128,0.5208485187617816,3,True,False,0,True,False,1,100,0.06666666666666667,20
3097,5278,41.16577291666666,-8.626258510638298,0.7373597310935717,1,0.00045969358082649763,0.7369000375127451,5620.477506100947,0.5127558442898101,3,True,False,0,True,False,1,100,0.06666666666666667,20
3098,5279,41.16577291666666,-8.625179787234043,0.6893067495113779,1,0.000453673262801097,0.6888530762485768,5531.825761930524,0.5046681506942879,3,True,False,0,True,False,1,103,0.1,23
3099,5280,41.16577291666666,-8.624101063829787,0.7617365267255879,1,0.0004361400287141589,0.7613003866968737,5443.23128231909,0.4965856813412362,3,True,False,0,True,False,1,103,0,23
3100,5281,41.16577291666666,-8.623022340425532,0.704740868028234,1,0.0004085915257504048,0.7043322765024835,5354.696909640161,0.4885086955402299,3,True,False,0,True,False,1,103,0.07777777777777778,23
3101,5282,41.16577291666666,-8.621943617021277,0.650517032448913,1,4.079089064699234e-05,0.650476241558266,5266.225675413673,0.4804374698566608,3,True,False,0,True,False,1,110,0.07777777777777778,30
3102,5283,41.16577291666666,-8.620864893617021,0.6433260162488604,1,3.72839333659105e-05,0.6432887323154945,5177.820816114403,0.4723722995539394,3,True,False,0,True,False,1,110,0.08888888888888889,30
3103,5284,41.16577291666666,-8.619786170212766,0.5618558197219523,1,2.8884793252559495e-06,0.561852931242627,5089.485790574401,0.46431350018111756,3,True,False,0,True,False,1,118,0.13333333333333333,38
3104,5285,41.16577291666666,-8.61870744680851,0.5744817315396826,1,3.417126362268214e-06,0.5744783144133203,5001.224299162773,0.45626140932265896,3,True,False,0,True,False,1,118,0.1111111111111111,38
3105,5286,41.16577291666666,-8.617628723404255,0.4692753152890581,1,0,0.4692753152890581,4913.040304959785,0.4482163885301519,3,True,False,0,True,False,1,127,0.2111111111111111,47
3106,5287,41.16577291666666,-8.61655,0.5072314458893005,1,0,0.5072314458893005,4824.938057163015,0.4401788254576503,3,True,False,0,True,False,1,127,0.13333333333333333,47
3107,5288,41.16577291666666,-8.615471276595745,0.4051348300662102,1,0,0.4051348300662102,4736.922117005141,0.4321491362261529,3,True,False,0,False,False,0.55,137,0.24444444444444444,57
3108,5289,41.16577291666666,-8.61439255319149,0.41392490641891744,1,0,0.41392490641891744,4648.997386493514,0.42412776804551244,3,True,False,0,True,False,1,140,0.18888888888888888,60
3109,5290,41.16577291666666,-8.613313829787234,0.42795493810808216,1,0,0.42795493810808216,4561.169140334787,0.41611520212691794,3,True,False,0,True,False,1,140,0.15555555555555556,57
3110,5291,41.16577291666666,-8.612235106382979,0.4897359606695277,1,0,0.4897359606695277,4473.443061451763,0.40811195692309465,3,True,False,0,True,False,1,134,0.08888888888888889,51
3111,5292,41.16577291666666,-8.611156382978724,0.4897359606695277,1,0,0.4897359606695277,4385.825280568439,0.4001185917396451,3,True,False,0,True,False,1,134,0.08888888888888889,51
3112,5293,41.16577291666666,-8.610077659574468,0.5008672708630146,1,0,0.5008672708630146,4298.322420401503,0.39213571076663756,3,True,False,0,True,False,1,133,0.07777777777777778,50
3113,5294,41.16577291666666,-8.608998936170213,0.4790939390565748,1,0,0.4790939390565748,4210.9416450871095,0.3841639675878071,3,True,False,0,True,False,1,133,0.12222222222222222,50
3114,5295,41.16577291666666,-8.607920212765958,0.47897297101301683,1,0,0.47897297101301683,4123.690715559706,0.3762040702327636,3,True,False,0,True,False,1,134,0.1111111111111111,51
3115,5296,41.16577291666666,-8.606841489361702,0.45308901728016904,1,0,0.45308901728016904,4036.5780517207013,0.3682567868486352,3,True,False,0,True,False,1,134,0.16666666666666666,51
3116,5297,41.16577291666666,-8.605762765957447,0.44717825647652754,1,0,0.44717825647652754,3949.612802358723,0.3603229520788899,3,True,True,1,True,False,1,142,0.08888888888888889,59
3117,5298,41.16577291666666,-8.604684042553192,0.452174609886951,1,0,0.452174609886951,3862.804923947097,0.35240347425202484,3,True,False,0,True,False,1,142,0.07777777777777778,59
3118,5299,41.16577291666666,-8.603605319148937,0.42247873635039374,1,0,0.42247873635039374,3776.1652696191063,0.34449934349877415,3,True,False,0,True,False,1,147,0.08888888888888889,64
3119,5300,41.16577291666666,-8.602526595744681,0.40411305297908323,1,0,0.40411305297908323,3689.7056898460514,0.3366116409369629,3,True,False,0,True,False,1,147,0.13333333333333333,64
3120,5301,41.16577291666666,-8.601447872340426,0.37776429030515685,1,0,0.37776429030515685,3603.4391465905965,0.3287415490857102,3,True,False,0,True,False,1,150,0.16666666666666666,67
3121,5302,41.16577291666666,-8.60036914893617,0.38635057318636556,1,0,0.38635057318636556,3517.3798430186284,0.3208903636990348,3,True,False,0,True,False,1,149,0.15555555555555556,60
3122,5303,41.16577291666666,-8.599290425531915,0.4175995486503903,1,0,0.4175995486503903,3431.543371203578,0.3130595072409119,3,True,False,0,True,False,1,149,0.07777777777777778,60
3123,5304,41.16577291666666,-8.59821170212766,0.4175995486503903,1,0,0.4175995486503903,3345.9468806912255,0.3052505442634311,3,True,False,0,True,False,1,149,0.07777777777777778,93
3124,5305,41.16577291666666,-8.597132978723405,0.39037144671452556,1,0,0.39037144671452556,3260.6092712911077,0.297465198995145,3,True,False,0,True,False,1,152,0.1111111111111111,96
3125,5306,41.16577291666666,-8.59605425531915,0.4172833051602838,1,0,0.4172833051602838,3175.5514140706427,0.28970537550235115,3,True,False,0,True,False,1,152,0.044444444444444446,96
3126,5307,41.16577291666666,-8.594975531914894,0.39894193701810793,1,0,0.39894193701810793,3090.7964052359384,0.28197318085062356,3,True,False,0,True,False,1,154,0.06666666666666667,98
3127,5308,41.16577291666666,-8.593896808510639,0.39894193701810793,1,0,0.39894193701810793,3006.3698584426875,0.27427095177231914,3,True,False,0,True,False,1,154,0.06666666666666667,117
3128,5309,41.16577291666666,-8.592818085106384,0.4267678239241344,1,0,0.4267678239241344,2922.3002420838848,0.26660128543731715,3,True,False,0,True,False,1,151,0.03333333333333333,114
3129,5310,41.16577291666666,-8.591739361702128,0.42205220560789286,1,0,0.42205220560789286,2838.6192693085695,0.2589670750344068,3,True,False,0,True,False,1,151,0.044444444444444446,114
3130,5311,41.16577291666666,-8.590660638297873,0.4416790830002316,1,0,0.4416790830002316,2755.362349935937,0.25137155099938613,3,True,False,0,True,False,1,147,0.044444444444444446,110
3131,5312,41.16577291666666,-8.589581914893618,0.43197224547225077,1,0,0.43197224547225077,2672.5691151063174,0.24381832887894098,3,True,False,0,True,False,1,147,0.06666666666666667,110
3132,5313,41.16577291666666,-8.588503191489362,0.3908646512563072,1,0,0.3908646512563072,2590.284027454258,0.23631146499670078,3,True,False,0,True,False,1,147,0.16666666666666666,106
3133,5314,41.16577291666666,-8.587424468085107,0.3920508860110936,1,0,0.3920508860110936,2508.557091856941,0.22885552129477635,3,True,False,0,True,False,1,135,0.3,94
3134,5315,41.16577291666666,-8.586345744680852,0.3920508860110936,1,0,0.3920508860110936,2427.444684384435,0.22145564095884443,3,True,False,0,True,False,1,135,0.3,94
3135,5316,41.16577291666666,-8.585267021276596,0.392843708564257,1,0,0.392843708564257,2347.0105199740424,0.21411763669902356,3,True,False,0,True,False,1,127,0.3888888888888889,86
3136,5317,41.16577291666666,-8.584188297872341,0.4538906405063467,1,0,0.4538906405063467,2267.3267824756404,0.20684809384384628,3,True,False,0,True,False,1,127,0.24444444444444444,86
3137,5318,41.16577291666666,-8.583109574468086,0.4574129054219468,1,0.001799721853837555,0.45561318356810926,2188.475443954388,0.19965449070017058,3,True,False,0,True,False,1,112,0.4111111111111111,59
3138,5319,41.16577291666666,-8.58203085106383,0.5531580480169148,1,0.0028198158652656046,0.5503382321516492,2110.5498031796865,0.19254533890944034,3,True,False,0,True,False,1,112,0.2222222222222222,59
3139,5320,41.16577291666666,-8.580952127659575,0.5555899059841339,1,0.004417196005664034,0.5511727099784699,2033.6562756068581,0.18553034674761257,3,True,False,0,True,False,1,106,0.28888888888888886,53
3140,5321,41.16577291666666,-8.57987340425532,0.602670557010015,1,0.0069176556563690355,0.595752901353646,1957.9164680035267,0.17862060839320443,3,True,False,0,True,False,1,106,0.2111111111111111,53
3141,5322,41.16577291666666,-8.578794680851065,0.6260029789501993,1,0.013933264776697929,0.6120697141735013,1883.4695688652555,0.17182882200477634,3,True,False,0,True,False,1,87,0.4,34
3142,5323,41.16577291666666,-8.57771595744681,0.7856810809143115,1,0.021298510618551567,0.76438257029576,1810.4750787695682,0.16516953881097468,3,True,False,0,True,False,1,87,0.17777777777777778,25
3143,5324,41.16577291666666,-8.576637234042552,0.7903065651477444,1,0.026502853264518827,0.7638037118832256,1739.115889678511,0.15865944403512983,3,True,False,0,True,False,1,90,0.14444444444444443,28
3144,5325,41.16577291666666,-8.575558510638297,0.8669925625404692,1,0.04141054590381314,0.8255820166366561,1669.6016942797128,0.15231766792924795,3,True,False,0,True,False,1,90,0.06666666666666667,28
3145,5326,41.16577291666666,-8.574479787234042,0.8714457240654382,1,0.0646190925652801,0.8068266315001581,1602.172659331451,0.14616612089307301,3,True,True,1,True,False,1,93,0.05555555555555555,31
3146,5327,41.16577291666666,-8.573401063829786,0.8985378880147312,1,0.10062637669994592,0.7979115113147853,1537.103222320935,0.14022983984300694,3,True,False,0,True,False,1,93,0.06666666666666667,31
3147,5328,41.16577291666666,-8.572322340425531,0.9823499483941436,1,0.1561422538665162,0.8262076945276274,1474.7057587373229,0.13453732277721883,3,True,False,0,True,False,1,87,0.1,1
3148,5329,41.16577291666666,-8.571243617021276,1.0854078825534104,1,0.24063449557862204,0.8447733869747884,1415.333708596493,0.1291208140083229,3,True,False,0,True,False,1,87,0.07777777777777778,1
3149,5330,41.16577291666666,-8.57016489361702,1.2207977995613573,1,0.3650743952044801,0.8557234043568772,1359.383541023169,0.12401648339209416,3,True,True,1,True,False,1,80,0.14444444444444443,-6
3150,5331,41.16577291666666,-8.569086170212765,1.4532581225804493,1,0.5283217248372758,0.9249363977431734,1307.2946835441862,0.1192644198768972,3,True,False,0,True,False,1,80,0.06666666666666667,-6
3151,5332,41.16577291666666,-8.56800744680851,1.501425139090983,1,0.6374507226456139,0.8639744164453692,1259.546283693077,0.11490833606505617,3,True,False,0,True,False,1,86,0.06666666666666667,0
3152,5333,41.16577291666666,-8.566928723404255,1.3551905012844663,1,1.0,0.35519050128446633,1216.6494832326684,0.11099486339062017,3,True,True,1,True,True,1,86,0.9555555555555556,0
3153,5360,41.166588194444444,-8.689903191489362,2.5731431533962756,1,0.27912936275394035,2.2940137906423352,10892.896903959456,0.9937583670940277,3,True,False,0,False,False,0.55,3,0.03333333333333333,-3
3154,5361,41.166588194444444,-8.688824468085107,2.5086491412612255,1,0.3642084081946327,2.1444407330665927,10802.888411194555,0.9855468974011373,3,True,False,0,True,False,1,6,0.06666666666666667,0
3155,5362,41.166588194444444,-8.687745744680852,2.4561205436333,1,0.40490135315193615,2.0512191904813637,10712.886377687726,0.9773360169859947,3,True,False,0,True,False,1,6,0.1111111111111111,0
3156,5363,41.166588194444444,-8.686667021276596,2.156631063907946,1,0.36508170683346425,1.7915493570744818,10622.890967630674,0.9691257408277998,3,True,False,0,True,False,1,14,0.15555555555555556,-2
3157,5364,41.166588194444444,-8.685588297872341,2.3398923636470257,1,0.528325902407662,1.8115664612393636,10532.902350813734,0.9609160844165152,3,True,False,0,True,False,1,14,0.14444444444444443,-2
3158,5365,41.166588194444444,-8.684509574468086,2.446970353751019,1,0.6363185940631532,1.8106517596878657,10442.920702866928,0.9527070637748579,3,True,False,0,True,False,1,16,0.12222222222222222,0
3159,5366,41.166588194444444,-8.68343085106383,2.3371496443211015,1,0.5283259024079094,1.8088237419131918,10352.946205512222,0.9444986954813127,3,True,False,0,True,False,1,20,0.07777777777777778,4
3160,5367,41.166588194444444,-8.682352127659575,2.4251555377922935,1,0.6363185940631532,1.7888369437291403,10262.979046828888,0.9362909966943407,3,True,False,0,True,False,1,20,0.08888888888888889,0
3161,5368,41.166588194444444,-8.68127340425532,2.4260592189772874,1,0.6363185940631532,1.7897406249141343,10173.019421534294,0.9280839851779964,3,True,False,0,True,False,1,18,0.1111111111111111,0
3162,5369,41.166588194444444,-8.680194680851065,2.4074189815977847,1,0.6374542938538036,1.7699646877439812,10083.067531277482,0.9198776793287105,3,True,False,0,True,False,1,18,0.12222222222222222,-1
3163,5370,41.166588194444444,-8.67911595744681,2.769517783393939,1,1.0,1.769517783393939,9993.12358495075,0.9116720982037155,2,True,False,0,True,True,1,19,0.1111111111111111,0
3164,5371,41.166588194444444,-8.678037234042554,2.769517783393939,1,1.0,1.769517783393939,9903.187799015841,0.9034672615508039,2,True,False,0,True,True,1,19,0.1111111111111111,0
3165,5372,41.166588194444444,-8.676958510638299,2.768624313186522,1,1.0,1.768624313186522,9813.260397850148,0.8952631898399127,2,True,False,0,False,True,0.55,21,0.08888888888888889,0
3166,5373,41.166588194444444,-8.675879787234043,2.4060786070403255,1,0.6374542938538036,1.768624313186522,9723.341614109822,0.8870599042962493,3,True,False,0,False,False,0.55,21,0.08888888888888889,-8
3167,5374,41.166588194444444,-8.674801063829788,2.768624313186522,1,1.0,1.768624313186522,9633.431689115168,0.8788574269354512,2,True,False,0,False,True,0.55,21,0.08888888888888889,0
3168,5375,41.166588194444444,-8.673722340425533,2.4458213197629606,1,0.6374542938533804,1.8083670259095803,9543.530873255553,0.8706557806005265,3,True,False,0,False,False,0.55,21,0.06666666666666667,0
3169,5376,41.166588194444444,-8.672643617021278,2.366073625191939,1,0.6363185940631532,1.7297550311287861,9453.639426419357,0.8624549890010772,3,True,False,0,True,False,1,21,0.1111111111111111,0
3170,5377,41.166588194444444,-8.671564893617022,2.0722749246011127,1,0.528325902407662,1.5439490221934506,9363.75761844631,0.8542550767545667,3,True,True,1,True,False,1,31,0.1111111111111111,10
3171,5378,41.166588194444444,-8.670486170212767,1.6400601777720496,1,0.36508170683368085,1.2749784709383687,9273.885729608124,0.8460560694301672,3,True,False,0,True,False,1,41,0.18888888888888888,20
3172,5379,41.166588194444444,-8.669407446808512,1.5884572818378742,1,0.24064216623694176,1.3478151156009324,9184.024051114879,0.8378579935949579,3,True,False,0,True,False,1,41,0.13333333333333333,20
3173,5380,41.166588194444444,-8.668328723404256,1.1929231839309218,1,0.1049206968583436,1.0880024870725782,9094.172885653375,0.8296608768630386,3,True,False,0,True,False,1,53,0.2111111111111111,32
3174,5381,41.166588194444444,-8.667250000000001,1.2096543386120566,1,0.07220551706087515,1.1374488215511815,9004.332547955237,0.8214647479473571,3,True,False,0,True,False,1,53,0.16666666666666666,32
3175,5382,41.166588194444444,-8.666171276595746,0.8722563683718567,1,0.013935929876769325,0.8583204384950874,8914.503365401253,0.8132696367148448,3,True,False,0,True,False,1,68,0.2777777777777778,47
3176,5383,41.166588194444444,-8.66509255319149,0.957663857600782,1,0.009073070586073711,0.9485907870147082,8824.685678660067,0.8050755742446822,3,True,False,0,True,False,1,68,0.17777777777777778,47
3177,5384,41.166588194444444,-8.664013829787235,0.9365808478241293,1,0.009071610575591459,0.9275092372485378,8734.879842368126,0.7968825928903325,3,True,False,0,True,False,1,69,0.18888888888888888,48
3178,5385,41.166588194444444,-8.66293510638298,0.941443168237455,1,0.013933930988917162,0.9275092372485378,8645.08622584938,0.7886907263451988,3,True,False,0,True,False,1,69,0.18888888888888888,43
3179,5386,41.166588194444444,-8.661856382978725,1.1315052605924234,1,0.021299403970522515,1.1102058566219009,8555.305213882048,0.780500009712576,3,True,False,0,True,False,1,61,0.1,0
3180,5387,41.166588194444444,-8.66077765957447,1.1425494409966679,1,0.03234358437476694,1.1102058566219009,8465.53720751151,0.7723104795798117,3,True,False,0,True,False,1,61,0.1,0
3181,5388,41.166588194444444,-8.659698936170214,1.2099044709244788,1,0.0486568650141902,1.1612476059102885,8375.782624917094,0.7641221740973819,3,True,False,0,True,False,1,59,0.07777777777777778,-2
3182,5389,41.166588194444444,-8.658620212765959,1.299787382338212,1,0.07220031959404473,1.2275870627441672,8286.041902332447,0.7559351330628578,3,True,False,0,True,False,1,59,0.022222222222222223,-2
3183,5390,41.166588194444444,-8.657541489361703,1.2536213748019815,1,0.10491506214153003,1.1487063126604515,8196.315495027866,0.7477493980105226,3,True,False,0,True,False,1,58,0.1,-3
3184,5391,41.166588194444444,-8.656462765957448,1.232177691454085,1,0.14746719123706767,1.0847105002170172,8106.603878354997,0.7395650123066801,3,True,False,0,True,False,1,65,0.07777777777777778,4
3185,5392,41.166588194444444,-8.655384042553193,1.281043228890839,1,0.19633272867382198,1.0847105002170172,8016.9075488630415,0.7313820212514859,3,True,False,0,True,False,1,65,0.07777777777777778,4
3186,5393,41.166588194444444,-8.654305319148937,1.2413257247108307,1,0.23955648468159838,1.0017692400292324,7927.2270254877085,0.7232004721874152,3,True,False,0,True,False,1,72,0.07777777777777778,11
3187,5394,41.166588194444444,-8.65322659574468,1.226573597695805,1,0.25764625977190825,0.9689273379238966,7837.562850822852,0.7150204146152744,3,True,False,0,True,False,1,72,0.1111111111111111,11
3188,5395,41.166588194444444,-8.652147872340425,1.325089046625269,1,0.23955648468159838,1.0855325619436706,7747.9155924778615,0.7068419003180363,3,True,False,0,True,False,1,62,0.1111111111111111,1
3189,5396,41.166588194444444,-8.65106914893617,1.3438793177452084,1,0.1963327286738941,1.1475465890713143,7658.285844530013,0.6986649834933367,3,True,False,0,True,False,1,62,0.05555555555555555,1
3190,5397,41.166588194444444,-8.649990425531914,1.295013780308382,1,0.14746719123706767,1.1475465890713143,7568.674229077913,0.6904897208951966,3,True,False,0,True,False,1,62,0.05555555555555555,1
3191,5398,41.166588194444444,-8.64891170212766,1.278248141925344,1,0.10491506214158562,1.1733330797837584,7479.081397906648,0.6823161719859322,3,True,True,1,True,False,1,62,0.03333333333333333,1
3192,5399,41.166588194444444,-8.647832978723404,1.2070669655890338,1,0.07220031959404473,1.134866645994989,7389.50803427043,0.6741443990987867,3,True,False,0,True,False,1,62,0.06666666666666667,1
3193,5400,41.166588194444444,-8.646754255319149,1.1829504907507489,1,0.04865686501421905,1.13429362573653,7299.954854806884,0.6659744676125698,3,True,False,0,True,False,1,64,0.044444444444444446,3
3194,5401,41.166588194444444,-8.645675531914893,1.166637210111297,1,0.03234358437476694,1.13429362573653,7210.422611589808,0.6578064461389318,3,True,False,0,True,False,1,64,0.044444444444444446,3
3195,5402,41.166588194444444,-8.644596808510638,1.1553066280861315,1,0.02129940397053574,1.1340072241155958,7120.912094336763,0.6496404067237607,3,True,True,1,True,False,1,65,0.03333333333333333,4
3196,5403,41.166588194444444,-8.643518085106383,1.1107639762164279,1,0.013933930988917162,1.0968300452275106,7031.424132780632,0.6414764250635405,3,True,False,0,True,False,1,65,0.06666666666666667,4
3197,5404,41.166588194444444,-8.642439361702127,1.0222895180163891,1,0.009071610575597211,1.0132179074407919,6941.959599224032,0.6333145807383896,3,True,False,0,True,False,1,71,0.07777777777777778,10
3198,5405,41.166588194444444,-8.641360638297872,0.9745673991238706,1,0.005884708929497036,0.9686826901943736,6852.519411288554,0.6251549574628736,3,True,False,0,True,False,1,73,0.1,12
3199,5406,41.166588194444444,-8.640281914893617,1.0392696197736673,1,0.0038068111644567783,1.0354628086092106,6763.104534880739,0.6169976433565916,3,True,False,0,True,False,1,73,0.03333333333333333,12
3200,5407,41.166588194444444,-8.639203191489361,1.003215146558307,1,0.0024572837677385023,1.0007578627905684,6673.715987391247,0.6088427312360357,3,True,False,0,True,False,1,76,0.03333333333333333,15
3201,5408,41.166588194444444,-8.638124468085106,0.9695325474392746,1,0.0015834298642748955,0.9679491175749998,6584.354841150245,0.6006903189298264,3,True,False,0,True,False,1,76,0.06666666666666667,15
3202,5409,41.166588194444444,-8.63704574468085,0.9257217666956385,1,0.001018909261221418,0.9247028574344172,6495.022227164534,0.5925405096196499,3,True,False,0,True,False,1,81,0.05555555555555555,20
3203,5410,41.166588194444444,-8.635967021276596,0.9253577571828595,1,0.0006548997484423806,0.9247028574344172,6405.719339159777,0.5843934122090308,3,True,False,0,True,False,1,81,0.05555555555555555,20
3204,5411,41.166588194444444,-8.63488829787234,0.8939050607618989,1,0.00042053447857386415,0.8934845262833251,6316.447437961606,0.5762491417230202,3,True,False,0,True,False,1,85,0.044444444444444446,29
3205,5412,41.166588194444444,-8.633809574468085,0.8741181281562557,1,0.0002698252400954623,0.8738483029161602,6227.20785624432,0.5681078197414187,3,True,False,0,True,False,1,85,0.06666666666666667,29
3206,5413,41.166588194444444,-8.63273085106383,0.8164424848987445,1,0.00018897880264062906,0.8162535060961038,6138.002003688051,0.5599695748692649,3,True,False,0,True,False,1,91,0.06666666666666667,35
3207,5414,41.166588194444444,-8.631652127659574,0.8074496715713863,1,0.00021544895511528276,0.807234222616271,6048.8313725810385,0.5518345432479301,3,True,False,0,True,False,1,91,0.07777777777777778,35
3208,5415,41.166588194444444,-8.630573404255319,0.7457501071003535,1,0.00024020970920487315,0.7455098973911486,5959.697543916747,0.5437028691113589,3,True,False,0,True,False,1,98,0.07777777777777778,18
3209,5416,41.166588194444444,-8.629494680851064,0.7710407186779713,1,0.000261678689256844,0.7707790399887144,5870.602194032564,0.5355747053917156,3,True,True,1,True,False,1,98,0.044444444444444446,18
3210,5417,41.166588194444444,-8.628415957446808,0.771057371213229,1,0.00027833122451462183,0.7707790399887144,5781.547101851156,0.5274502143800147,3,True,False,0,True,False,1,98,0.044444444444444446,18
3211,5418,41.166588194444444,-8.627337234042553,0.7891845504526949,1,0.0002888919468787214,0.7888956585058161,5692.534156784161,0.5193295684471725,3,True,False,0,True,False,1,94,0.06666666666666667,14
3212,5419,41.166588194444444,-8.626258510638298,0.763325094080231,1,0.000292511573051373,0.7630325825071796,5603.565367373919,0.5112129508323929,3,True,False,0,True,False,1,94,0.1,14
3213,5420,41.166588194444444,-8.625179787234043,0.6891419681954556,1,0.0002888919468787112,0.6888530762485768,5514.64287074957,0.5031005565058464,3,True,False,0,True,False,1,103,0.1,23
3214,5421,41.166588194444444,-8.624101063829787,0.7615787179213883,1,0.00027833122451462183,0.7613003866968737,5425.768942992238,0.4949925931142848,3,True,False,0,True,False,1,103,0,23
3215,5422,41.166588194444444,-8.623022340425532,0.7045939551917404,1,0.0002616786892568152,0.7043322765024835,5336.946010507234,0.48688928201852694,3,True,False,0,False,False,0.55,103,0.07777777777777778,23
3216,5423,41.166588194444444,-8.621943617021277,0.7040391032182547,1,0.00024020970920487315,0.7037988935090498,5248.176662522765,0.4787908594337155,3,True,False,0,True,False,1,106,0.044444444444444446,26
3217,5424,41.166588194444444,-8.620864893617021,0.6441542961544825,1,0.00021544895511524452,0.6439388471993672,5159.463664841459,0.4706975776838675,3,True,False,0,True,False,1,106,0.13333333333333333,26
3218,5425,41.166588194444444,-8.619786170212766,0.643688271927048,1,7.456425482806868e-05,0.6436137076722199,5070.809974996658,0.46260970658458206,3,True,False,0,True,False,1,108,0.1111111111111111,28
3219,5426,41.166588194444444,-8.61870744680851,0.5824411299754191,1,7.536451273668359e-05,0.5823657654626824,4982.218758977198,0.4545275349688412,3,True,False,0,True,False,1,108,0.2111111111111111,28
3220,5427,41.166588194444444,-8.617628723404255,0.5813448361552281,1,7.595808650250899e-06,0.5813372403465779,4893.69340971569,0.44645137237369464,3,True,False,0,True,False,1,115,0.13333333333333333,35
3221,5428,41.166588194444444,-8.61655,0.5202112136000774,1,7.794609594579066e-06,0.5202034189904828,4805.237567553633,0.43838155090729114,3,True,False,0,True,False,1,115,0.24444444444444444,35
3222,5429,41.166588194444444,-8.615471276595745,0.5021370372374994,1,3.3516984756086212e-06,0.5021336855390237,4716.855142935869,0.43031842731929176,3,True,False,0,True,False,1,123,0.18888888888888888,43
3223,5430,41.166588194444444,-8.61439255319149,0.5016267358743428,1,0,0.5016267358743428,4628.5503416142055,0.4222623853001957,3,True,True,1,True,False,1,127,0.14444444444444443,47
3224,5431,41.166588194444444,-8.613313829787234,0.5016267358743428,1,0,0.5016267358743428,4540.327692689947,0.41421383803965817,3,True,False,0,True,False,1,127,0.14444444444444443,44
3225,5432,41.166588194444444,-8.612235106382979,0.5017534252879577,1,0,0.5017534252879577,4452.19207986506,0.4061732310775327,3,True,False,0,True,False,1,126,0.15555555555555556,43
3226,5433,41.166588194444444,-8.611156382978724,0.5363438577329273,1,0,0.5363438577329273,4364.148776336448,0.3981410454872739,3,True,False,0,True,False,1,126,0.08888888888888889,43
3227,5434,41.166588194444444,-8.610077659574468,0.5008672708630146,1,0,0.5008672708630146,4276.203483825505,0.3901178014366015,3,True,False,0,True,False,1,133,0.07777777777777778,50
3228,5435,41.166588194444444,-8.608998936170213,0.4790939390565748,1,0,0.4790939390565748,4188.362376320794,0.38210406217814197,3,True,False,0,True,False,1,133,0.12222222222222222,50
3229,5436,41.166588194444444,-8.607920212765958,0.42279891726448016,1,0,0.42279891726448016,4100.632149194254,0.3741004385302978,3,True,False,0,True,False,1,144,0.12222222222222222,61
3230,5437,41.166588194444444,-8.606841489361702,0.42752287864140937,1,0,0.42752287864140937,4013.020074466734,0.3661075939191188,3,True,False,0,True,False,1,144,0.1111111111111111,61
3231,5438,41.166588194444444,-8.605762765957447,0.38208154975658637,1,0,0.38208154975658637,3925.53406311666,0.3581262500627185,3,True,False,0,False,False,0.55,149,0.16666666666666666,66
3232,5439,41.166588194444444,-8.604684042553192,0.40390900700867616,1,0,0.40390900700867616,3838.1827354833977,0.3501571933941684,3,True,False,0,False,False,0.55,149,0.1111111111111111,66
3233,5440,41.166588194444444,-8.603605319148937,0.45251729619862413,1,0,0.45251729619862413,3750.975500985849,0.34220128233422176,3,True,False,0,True,False,1,139,0.1111111111111111,56
3234,5441,41.166588194444444,-8.602526595744681,0.4475171562378626,1,0,0.4475171562378626,3663.922648595694,0.3342594555451816,3,True,False,0,False,False,0.55,139,0.12222222222222222,56
3235,5442,41.166588194444444,-8.601447872340426,0.4479694221480882,1,0,0.4479694221480882,3577.0354497473763,0.32633274131937334,3,True,False,0,True,False,1,135,0.16666666666666666,52
3236,5443,41.166588194444444,-8.60036914893617,0.44717825647652754,1,0,0.44717825647652754,3490.326275674714,0.3184222682837569,3,True,False,0,True,False,1,142,0.08888888888888889,59
3237,5444,41.166588194444444,-8.599290425531915,0.452174609886951,1,0,0.452174609886951,3403.8087315142325,0.3105292776341664,3,True,False,0,True,False,1,142,0.07777777777777778,86
3238,5445,41.166588194444444,-8.59821170212766,0.4373505629118289,1,0,0.4373505629118289,3317.4978099532223,0.30265513715261344,3,True,True,1,True,False,1,142,0.1111111111111111,86
3239,5446,41.166588194444444,-8.597132978723405,0.42709125537809844,1,0,0.42709125537809844,3231.4100677085885,0.2948013573074427,3,True,False,0,True,False,1,148,0.06666666666666667,92
3240,5447,41.166588194444444,-8.59605425531915,0.42709125537809844,1,0,0.42709125537809844,3145.563828751976,0.28696960979354885,3,True,False,0,False,False,0.55,148,0.06666666666666667,111
3241,5448,41.166588194444444,-8.594975531914894,0.39894193701810793,1,0,0.39894193701810793,3059.9794189373233,0.2791617489374344,3,True,False,0,True,False,1,154,0.06666666666666667,117
3242,5449,41.166588194444444,-8.593896808510639,0.39894193701810793,1,0,0.39894193701810793,2974.679437598816,0.27137983647507613,3,True,False,0,True,False,1,154,0.06666666666666667,117
3243,5450,41.166588194444444,-8.592818085106384,0.42709125537809844,1,0,0.42709125537809844,2889.6890727706273,0.26362617030940383,3,True,False,0,True,False,1,148,0.06666666666666667,111
3244,5451,41.166588194444444,-8.591739361702128,0.441567561959794,1,0,0.441567561959794,2805.036468006845,0.2559033179752618,3,True,True,1,True,False,1,148,0.03333333333333333,111
3245,5452,41.166588194444444,-8.590660638297873,0.42205220560789286,1,0,0.42205220560789286,2720.7531503649657,0.24821415568431818,3,True,False,0,True,False,1,151,0.044444444444444446,110
3246,5453,41.166588194444444,-8.589581914893618,0.42205220560789286,1,0,0.42205220560789286,2636.87453104629,0.2405619139984605,3,True,False,0,False,False,0.55,151,0.044444444444444446,110
3247,5454,41.166588194444444,-8.588503191489362,0.35313350553204026,1,0,0.35313350553204026,2553.4404924914825,0.23295023139048981,2,True,False,0,True,False,1,153,0.2,112
3248,5455,41.166588194444444,-8.587424468085107,0.28846491327860657,1,0,0.28846491327860657,2470.496078509808,0.22538321720457213,2,True,False,0,True,False,1,162,0.3,121
3249,5456,41.166588194444444,-8.586345744680852,0.2639301729901098,1,0,0.2639301729901098,2388.0923073145573,0.21786552582941407,2,True,False,0,True,False,1,162,0.3888888888888889,121
3250,5457,41.166588194444444,-8.585267021276596,0.3534903862551243,1,0,0.3534903862551243,2306.287131240537,0.21040244425323498,2,True,False,0,True,False,1,149,0.24444444444444444,96
3251,5458,41.166588194444444,-8.584188297872341,0.299223151889487,1,0,0.299223151889487,2225.146571442523,0.2029999955822428,2,True,False,0,True,False,1,149,0.4111111111111111,96
3252,5459,41.166588194444444,-8.583109574468086,0.43845637917025226,1,0,0.43845637917025226,2144.7460610390835,0.1956650615755686,3,True,False,0,True,False,1,132,0.2222222222222222,79
3253,5460,41.166588194444444,-8.58203085106383,0.41017900534544255,1,0,0.41017900534544255,2065.1720358360917,0.18840552776688266,3,True,False,0,True,False,1,132,0.28888888888888886,79
3254,5461,41.166588194444444,-8.580952127659575,0.5021337686388251,1,8.309980134347655e-08,0.5021336855390237,1986.5238176838036,0.18123045528295384,3,True,False,0,True,False,1,123,0.18888888888888888,70
3255,5462,41.166588194444444,-8.57987340425532,0.40656972118034174,1,6.143974270315523e-08,0.40656965974059905,1908.915841064664,0.17415028397512902,3,True,False,0,True,False,1,123,0.4,61
3256,5463,41.166588194444444,-8.578794680851065,0.6197276402820651,1,0.01012594579884857,0.6096016944832164,1832.480277594837,0.16717707185245878,3,True,False,0,True,False,1,103,0.2222222222222222,41
3257,5464,41.166588194444444,-8.57771595744681,0.6530370172871227,1,0.015730818777225986,0.6373061985098968,1757.370113774745,0.16032477586470478,3,True,True,1,True,False,1,103,0.17777777777777778,41
3258,5465,41.166588194444444,-8.576637234042552,0.7906044763280293,1,0.026414907563953295,0.7641895687640761,1683.762731310948,0.15360957853490173,3,True,False,0,True,False,1,88,0.16666666666666666,26
3259,5466,41.166588194444444,-8.575558510638297,0.8647352915676187,1,0.03873620900568686,0.8259990825619319,1611.8640214061447,0.14705026330580107,3,True,False,0,True,False,1,88,0.08888888888888889,26
3260,5467,41.166588194444444,-8.574479787234042,0.8121262373309194,1,0.05790588339512777,0.7542203539357916,1541.9130264965106,0.1406686380053052,3,True,False,0,True,False,1,96,0.08888888888888889,10
3261,5468,41.166588194444444,-8.573401063829786,0.8342633392873211,1,0.08837682664912017,0.7458865126382009,1474.1870331522937,0.13448999947150014,3,True,False,0,True,False,1,96,0.1,10
3262,5469,41.166588194444444,-8.572322340425531,0.9311921600067944,1,0.13328064869200906,0.7979115113147853,1409.0069218561584,0.12854362161263047,3,True,False,0,True,False,1,93,0.06666666666666667,7
3263,5470,41.166588194444444,-8.571243617021276,0.935021703959489,1,0.19681791340283344,0.7382037905566555,1346.7423928434362,0.12286323216020939,3,True,False,0,True,False,1,93,0.14444444444444443,7
3264,5471,41.166588194444444,-8.57016489361702,1.1335527839767612,1,0.27912494849312375,0.8544278354836374,1287.816411321702,0.11748741820614854,3,True,False,0,True,False,1,86,0.07777777777777778,0
3265,5472,41.166588194444444,-8.569086170212765,0.7615384780438734,1,0.40634797675940704,0.35519050128446633,1232.707838713781,0.11245986625090844,3,True,False,0,True,False,1,86,0.9555555555555556,4
3266,5473,41.166588194444444,-8.56800744680851,1.0260553515610147,1,0.6374542938538036,0.3886010577072111,1181.9507569155644,0.10782930055557727,3,True,False,0,True,False,1,82,0.9111111111111111,0
3267,5474,41.166588194444444,-8.566928723404255,1.388601057707211,1,1.0,0.3886010577072111,1136.1285304618123,0.10364894143359371,3,True,False,0,True,True,1,82,0.9111111111111111,0
3268,5501,41.16740347222222,-8.689903191489362,2.6590991534219026,1,0.36508536277956743,2.2940137906423352,10884.887141676236,0.9930276369349558,3,True,False,0,False,False,0.55,3,0.03333333333333333,-3
3269,5502,41.16740347222222,-8.688824468085107,2.7454547863756575,1,0.5283279912386406,2.217126795137017,10794.812988196496,0.9848101770187726,2,True,False,0,True,False,1,6,0.03333333333333333,0
3270,5503,41.16740347222222,-8.687745744680852,2.733630679692169,1,0.6363185940653975,2.0973120856267715,10704.744184799563,0.9765932051903405,2,True,False,0,True,False,1,6,0.08888888888888889,0
3271,5504,41.16740347222222,-8.686667021276596,2.4433851588921387,1,0.5283279912388881,1.9150571676532504,10614.680867690964,0.9683767338756822,3,True,True,1,True,False,1,14,0.08888888888888889,8
3272,5505,41.16740347222222,-8.685588297872341,2.684537361385813,1,0.6374578651396928,2.0470794962461203,10524.623177729402,0.9601607759253291,3,True,False,0,True,False,1,14,0.022222222222222223,-2
3273,5506,41.16740347222222,-8.684509574468086,2.9571016845468767,1,1.0,1.9571016845468765,10434.57126062773,0.9519453446326567,2,True,False,0,True,True,1,16,0.044444444444444446,0
3274,5507,41.16740347222222,-8.68343085106383,2.5075918931115027,1,0.6374578651401159,1.870134027971387,10344.525267163068,0.9437304537530528,3,True,True,1,True,False,1,20,0.044444444444444446,4
3275,5508,41.16740347222222,-8.682352127659575,2.912157762957464,1,1.0,1.9121577629574642,10254.485353397877,0.9355161175240869,2,True,False,0,False,True,0.55,20,0.022222222222222223,0
3276,5509,41.16740347222222,-8.68127340425532,2.9561134989154922,1,1.0,1.9561134989154925,10164.451680914126,0.9273023506868732,2,True,False,0,False,True,0.55,18,0.022222222222222223,0
3277,5510,41.16740347222222,-8.680194680851065,2.9779692895536374,1,1.0,1.9779692895536374,10074.424417057846,0.9190891685083803,2,True,False,0,True,True,1,18,0.011111111111111112,0
3278,5511,41.16740347222222,-8.67911595744681,2.955619593224665,1,1.0,1.955619593224665,9984.403735199056,0.9108765868051454,2,True,False,0,False,True,0.55,19,0.011111111111111112,0
3279,5512,41.16740347222222,-8.678037234042554,2.9340107580303547,1,1.0,1.9340107580303545,9894.389815003588,0.902664621968072,2,True,False,0,False,True,0.55,19,0.022222222222222223,0
3280,5513,41.16740347222222,-8.676958510638299,2.8905516917404386,1,1.0,1.8905516917404388,9804.382842721974,0.8944532909887857,2,True,False,0,False,True,0.10000000000000003,21,0.022222222222222223,0
3281,5514,41.16740347222222,-8.675879787234043,2.9330342315385947,1,1.0,1.9330342315385944,9714.38301149213,0.8862426114872476,2,True,False,0,False,True,0.10000000000000003,21,0,0
3282,5515,41.16740347222222,-8.674801063829788,2.9330342315385947,1,1.0,1.9330342315385944,9624.390521661066,0.878032601741104,2,True,False,0,False,True,0.10000000000000003,21,0,0
3283,5516,41.16740347222222,-8.673722340425533,2.9330342315385947,1,1.0,1.9330342315385944,9534.40558112254,0.8698232807164908,2,True,False,0,False,True,0.10000000000000003,21,0,0
3284,5517,41.16740347222222,-8.672643617021278,2.729755031128786,1,1.0,1.7297550311287861,9444.428405676053,0.8616146681007841,2,True,False,0,False,True,0.55,21,0.1111111111111111,0
3285,5518,41.16740347222222,-8.671564893617022,2.1814068873331434,1,0.6374578651396928,1.5439490221934506,9354.45921940423,0.8534067843370292,3,True,False,0,True,False,1,31,0.1111111111111111,10
3286,5519,41.16740347222222,-8.670486170212767,1.7844543652017264,1,0.40635252983575004,1.3781018353659764,9264.498255074244,0.845199650660562,3,True,False,0,True,False,1,41,0.1111111111111111,20
3287,5520,41.16740347222222,-8.669407446808512,1.6068477317775784,1,0.25903261617664614,1.3478151156009324,9174.54575456049,0.8369932891375699,3,True,False,0,True,False,1,41,0.13333333333333333,20
3288,5521,41.16740347222222,-8.668328723404256,1.3092914353828484,1,0.1332886569093087,1.1760027784735398,9084.601969294361,0.8287877227061246,3,True,False,0,True,False,1,53,0.13333333333333333,32
3289,5522,41.16740347222222,-8.667250000000001,1.2258325403397692,1,0.08838371878858765,1.1374488215511815,8994.66716073866,0.8205829752194628,3,True,False,0,True,False,1,53,0.16666666666666666,32
3290,5523,41.16740347222222,-8.666171276595746,0.9749225984808609,1,0.01573314137172281,0.9591894571091382,8904.741600892683,0.8123790714920649,3,True,True,1,True,False,1,68,0.16666666666666666,42
3291,5524,41.16740347222222,-8.66509255319149,1.1307552183091,1,0.010127614520856101,1.1206276037882439,8814.825572825852,0.8041760373483381,3,True,False,0,True,False,1,68,0.011111111111111112,42
3292,5525,41.16740347222222,-8.664013829787235,1.1157757439928662,1,0.0078104635151035485,1.1079652804777627,8724.919371246204,0.7959738996744801,3,True,False,0,False,False,0.55,69,0.011111111111111112,43
3293,5526,41.16740347222222,-8.66293510638298,1.0368802869547984,1,0.011824051701188195,1.0250562352536101,8635.023303101994,0.7877726864733626,3,True,False,0,True,False,1,69,0.08888888888888889,43
3294,5527,41.16740347222222,-8.661856382978725,1.1403739943550872,1,0.017763731352358866,1.1226102630027284,8545.13768822308,0.7795724269230456,3,True,False,0,True,False,1,61,0.08888888888888889,0
3295,5528,41.16740347222222,-8.66077765957447,1.226417816734448,1,0.026415806097630355,1.2000020106368177,8455.262860000745,0.7713731514387968,3,True,True,1,True,False,1,61,0.022222222222222223,0
3296,5529,41.16740347222222,-8.659698936170214,1.2663243538243634,1,0.03873729108019614,1.2275870627441672,8365.399166113128,0.7631748917392732,3,True,False,0,True,False,1,59,0.022222222222222223,-2
3297,5530,41.16740347222222,-8.658620212765959,1.2970107781274112,1,0.055707800714536675,1.2413029774128745,8275.546969295317,0.7549776809167764,3,True,False,0,True,False,1,59,0.011111111111111112,-2
3298,5531,41.16740347222222,-8.657541489361703,1.2524296004043545,1,0.07791073691168227,1.1745188634926722,8185.706648161916,0.7467815535122951,3,True,False,0,True,False,1,58,0.07777777777777778,-3
3299,5532,41.16740347222222,-8.656462765957448,1.1893657277380818,1,0.10465522752106467,1.0847105002170172,8095.878598081672,0.7385865455952978,3,True,False,0,True,False,1,65,0.07777777777777778,4
3300,5533,41.16740347222222,-8.655384042553193,1.2173569396720054,1,0.13264643945498827,1.0847105002170172,8006.063232112639,0.7303926948490471,3,True,False,0,True,False,1,65,0.07777777777777778,4
3301,5534,41.16740347222222,-8.654305319148937,1.156906668616689,1,0.1551374285874566,1.0017692400292324,7916.260981998205,0.7222000406614683,3,True,False,0,True,False,1,72,0.07777777777777778,11
3302,5535,41.16740347222222,-8.65322659574468,1.1328724437075872,1,0.1639451057836906,0.9689273379238966,7826.47229923307,0.7140086242223967,3,True,False,0,True,False,1,72,0.1111111111111111,11
3303,5536,41.16740347222222,-8.652147872340425,1.2406699905311274,1,0.1551374285874566,1.0855325619436706,7736.697656201201,0.7058184886273954,3,True,True,1,True,False,1,62,0.1111111111111111,1
3304,5537,41.16740347222222,-8.65106914893617,1.345749777167288,1,0.13264643945502747,1.2131033377122604,7646.937547393965,0.6976296789888833,3,True,False,0,True,False,1,62,0,1
3305,5538,41.16740347222222,-8.649990425531914,1.317758565233325,1,0.10465522752106467,1.2131033377122604,7557.192490713336,0.6894422425550284,3,True,False,0,True,False,1,62,0,1
3306,5539,41.16740347222222,-8.64891170212766,1.291014074623979,1,0.07791073691171874,1.2131033377122604,7467.463028869576,0.6812562288372571,3,True,False,0,True,False,1,62,0,1
3307,5540,41.16740347222222,-8.647832978723404,1.2421506116845378,1,0.055707800714536675,1.1864428109700011,7377.749730877742,0.6730716897467807,3,True,False,0,True,False,1,62,0.022222222222222223,1
3308,5541,41.16740347222222,-8.646754255319149,1.1985196005214416,1,0.038737291080217506,1.159782309441224,7288.0531936656735,0.6648886797412923,3,True,False,0,True,False,1,64,0.022222222222222223,3
3309,5542,41.16740347222222,-8.645675531914893,1.1991564430362236,1,0.026415806097630355,1.1727406369385933,7198.374043798618,0.6567072559823038,3,True,False,0,True,False,1,64,0.011111111111111112,3
3310,5543,41.16740347222222,-8.644596808510638,1.177253203448996,1,0.017763731352369406,1.1594894720966267,7108.712939335059,0.6485274785044535,3,True,False,0,True,False,1,65,0.011111111111111112,4
3311,5544,41.16740347222222,-8.643518085106383,1.1086540969286989,1,0.011824051701188195,1.0968300452275106,7019.070571820874,0.6403494103974324,3,True,False,0,True,False,1,65,0.06666666666666667,4
3312,5545,41.16740347222222,-8.642439361702127,1.0323491243110212,1,0.007810463515108363,1.0245386607959128,6929.447668438537,0.6321731180020566,3,True,False,0,True,False,1,71,0.06666666666666667,10
3313,5546,41.16740347222222,-8.641360638297872,1.052161300661142,1,0.005129194886355221,1.047032105774787,6839.844994320957,0.6239986711213579,3,True,False,0,True,False,1,73,0.022222222222222223,12
3314,5547,41.16740347222222,-8.640281914893617,1.0388158999585781,1,0.003353091349367546,1.0354628086092106,6750.263355049248,0.6158261432484555,3,True,False,0,True,False,1,73,0.03333333333333333,12
3315,5548,41.16740347222222,-8.639203191489361,1.002941983638397,1,0.0021841208478285525,1.0007578627905684,6660.703599347961,0.6076556118124424,3,True,False,0,True,False,1,76,0.03333333333333333,15
3316,5549,41.16740347222222,-8.638124468085106,0.9801826467514934,1,0.001418567123511881,0.9787640796279815,6571.166621997717,0.5994871584441037,3,True,False,0,True,False,1,76,0.05555555555555555,15
3317,5550,41.16740347222222,-8.63704574468085,0.9256220320148516,1,0.0009191745804344241,0.9247028574344172,6481.653366987179,0.5913208692634717,3,True,False,0,True,False,1,81,0.05555555555555555,20
3318,5551,41.16740347222222,-8.635967021276596,0.9356290559682157,1,0.0005944299192544531,0.9350346260489613,6392.164830923944,0.583156835191001,3,True,False,0,True,False,1,81,0.044444444444444446,20
3319,5552,41.16740347222222,-8.63488829787234,0.8938683204856466,1,0.00038379420232152544,0.8934845262833251,6302.702066733868,0.5749951522850578,3,True,False,0,True,False,1,85,0.044444444444444446,24
3320,5553,41.16740347222222,-8.633809574468085,0.8740957615792591,1,0.00024745866309877683,0.8738483029161602,6213.26618767285,0.5668359221079146,3,True,False,0,True,False,1,85,0.06666666666666667,29
3321,5554,41.16740347222222,-8.63273085106383,0.8163764208179387,1,0.00012291472183494805,0.8162535060961038,6123.8583716867715,0.5586792521235073,3,True,False,0,True,False,1,91,0.06666666666666667,35
3322,5555,41.16740347222222,-8.631652127659574,0.8073734663248437,1,0.00013924370857277746,0.807234222616271,6034.479866150515,0.5505252561297759,3,True,False,0,True,False,1,91,0.07777777777777778,35
3323,5556,41.16740347222222,-8.630573404255319,0.7456643056475384,1,0.00015440825638974554,0.7455098973911486,5945.131993029438,0.5423740547295449,3,True,False,0,True,False,1,98,0.07777777777777778,18
3324,5557,41.16740347222222,-8.629494680851064,0.8059760318856621,1,0.0001674780187901835,0.805808553866872,5855.816154502985,0.5342257758435657,3,True,False,0,True,False,1,98,0,18
3325,5558,41.16740347222222,-8.628415957446808,0.7709566086346695,1,0.0001775686459550658,0.7707790399887144,5766.533839103768,0.5260805552705838,3,True,False,0,True,False,1,98,0.044444444444444446,18
3326,5559,41.16740347222222,-8.627337234042553,0.8068068608081842,1,0.00018394768379024283,0.8066229131243939,5677.286628423005,0.5179385372990768,3,True,False,0,True,False,1,94,0.044444444444444446,14
3327,5560,41.16740347222222,-8.626258510638298,0.7632187130600909,1,0.00018613055291125116,0.7630325825071796,5588.076204448491,0.5097998753766957,3,True,False,0,True,False,1,94,0.1,14
3328,5561,41.16740347222222,-8.625179787234043,0.6890370239323671,1,0.0001839476837902366,0.6888530762485768,5498.904357600584,0.5016647328433881,3,True,False,0,True,False,1,103,0.1,23
3329,5562,41.16740347222222,-8.624101063829787,0.7614779553428288,1,0.0001775686459550658,0.7613003866968737,5409.772995548994,0.49353328373575367,3,True,False,0,True,False,1,103,0,23
3330,5563,41.16740347222222,-8.623022340425532,0.7365094693351836,1,0.00016747801879016627,0.7363419913163934,5320.684152894936,0.48540571367034596,3,True,False,0,True,False,1,103,0.03333333333333333,23
3331,5564,41.16740347222222,-8.621943617021277,0.7118168952002887,1,0.00015440825638974554,0.7116624869438989,5231.640001823219,0.4772822208154619,3,True,False,0,True,False,1,106,0.03333333333333333,26
3332,5565,41.16740347222222,-8.620864893617021,0.7197531845575189,1,0.00013924370857275423,0.7196139408489461,5142.642863833861,0.46916301696141655,3,True,False,0,True,False,1,106,0.022222222222222223,26
3333,5566,41.16740347222222,-8.619786170212766,0.7034909989006811,1,4.746963225374759e-05,0.7034435292684273,5053.695222686599,0.4610483287014699,3,True,False,0,True,False,1,108,0.022222222222222223,28
3334,5567,41.16740347222222,-8.61870744680851,0.6654770231934491,1,4.7955840786861064e-05,0.6654290673526623,4964.799738701,0.45293839873642533,3,True,False,0,True,False,1,108,0.07777777777777778,28
3335,5568,41.16740347222222,-8.617628723404255,0.6145525653447217,1,4.839512004288853e-06,0.6145477258327174,4875.95926458387,0.44483348731856304,3,True,False,0,True,False,1,115,0.07777777777777778,35
3336,5569,41.16740347222222,-8.61655,0.6077621741409632,1,4.961439002700208e-06,0.6077572127019605,4787.176862970948,0.4367338738519677,3,True,False,0,True,False,1,115,0.08888888888888889,35
3337,5570,41.16740347222222,-8.615471276595745,0.5549457087967958,1,2.1625529244727077e-06,0.5549435462438713,4698.455825905899,0.42863985866959653,3,True,False,0,True,False,1,123,0.08888888888888889,43
3338,5571,41.16740347222222,-8.61439255319149,0.5543832802175378,1,0,0.5543832802175378,4609.799696503335,0.42055176500959474,3,True,False,0,True,False,1,127,0.044444444444444446,47
3339,5572,41.16740347222222,-8.613313829787234,0.5731741644305389,1,0,0.5731741644305389,4521.212293088332,0.4124699412175423,3,True,False,0,True,False,1,127,0.011111111111111112,47
3340,5573,41.16740347222222,-8.612235106382979,0.579724655417138,1,0,0.579724655417138,4432.697736140305,0.40439476320454293,3,True,False,0,True,False,1,126,0.011111111111111112,43
3341,5574,41.16740347222222,-8.611156382978724,0.5423364645377803,1,0,0.5423364645377803,4344.260478428674,0.3963266371964983,3,True,False,0,True,False,1,126,0.07777777777777778,43
3342,5575,41.16740347222222,-8.610077659574468,0.5008672708630146,1,0,0.5008672708630146,4255.905338779497,0.38826600281463647,3,True,False,0,True,False,1,133,0.07777777777777778,50
3343,5576,41.16740347222222,-8.608998936170213,0.4790939390565748,1,0,0.4790939390565748,4167.637539991433,0.3802133365345833,3,True,True,1,True,False,1,133,0.12222222222222222,50
3344,5577,41.16740347222222,-8.607920212765958,0.42279891726448016,1,0,0.42279891726448016,4079.4627514945437,0.3721691555781217,3,True,False,0,True,False,1,144,0.12222222222222222,61
3345,5578,41.16740347222222,-8.606841489361702,0.45194629653159735,1,0,0.45194629653159735,3991.3871374526448,0.3641340223015673,3,True,False,0,True,False,1,144,0.05555555555555555,61
3346,5579,41.16740347222222,-8.605762765957447,0.42698341766742837,1,0,0.42698341766742837,3903.417411118868,0.3561085491546227,3,True,False,0,False,False,0.55,149,0.05555555555555555,66
3347,5580,41.16740347222222,-8.604684042553192,0.40390900700867616,1,0,0.40390900700867616,3815.560896401822,0.34809340429705515,3,True,False,0,True,False,1,149,0.1111111111111111,66
3348,5581,41.16740347222222,-8.603605319148937,0.45251729619862413,1,0,0.45251729619862413,3727.825597757874,0.34008931797496533,3,True,False,0,True,False,1,139,0.1111111111111111,56
3349,5582,41.16740347222222,-8.602526595744681,0.4837134339337191,1,0,0.4837134339337191,3640.220279732269,0.33209708977731905,3,True,False,0,True,False,1,139,0.044444444444444446,56
3350,5583,41.16740347222222,-8.601447872340426,0.48961230558606167,1,0,0.48961230558606167,3552.754557702178,0.3241175969144307,3,True,False,0,True,False,1,135,0.07777777777777778,52
3351,5584,41.16740347222222,-8.60036914893617,0.452174609886951,1,0,0.452174609886951,3465.4390016700513,0.31615180368702456,3,True,False,0,True,False,1,142,0.07777777777777778,59
3352,5585,41.16740347222222,-8.599290425531915,0.48874759377895693,1,0,0.48874759377895693,3378.2852552934864,0.30820077234532334,3,True,False,0,True,False,1,142,0,86
3353,5586,41.16740347222222,-8.59821170212766,0.45722678789760984,1,0,0.45722678789760984,3291.306172764751,0.30026567557655887,3,True,False,0,True,False,1,142,0.06666666666666667,105
3354,5587,41.16740347222222,-8.597132978723405,0.42709125537809844,1,0,0.42709125537809844,3204.5159766525185,0.29234781090486517,3,True,False,0,True,False,1,148,0.06666666666666667,111
3355,5588,41.16740347222222,-8.59605425531915,0.42709125537809844,1,0,0.42709125537809844,3117.930440444002,0.2844486173445865,3,True,False,0,True,False,1,148,0.06666666666666667,111
3356,5589,41.16740347222222,-8.594975531914894,0.39894193701810793,1,0,0.39894193701810793,3031.567100270104,0.27656969471595105,3,True,False,0,True,False,1,154,0.06666666666666667,117
3357,5590,41.16740347222222,-8.593896808510639,0.39894193701810793,1,0,0.39894193701810793,2945.4455012243343,0.26871282611673186,3,True,False,0,True,False,1,154,0.06666666666666667,117
3358,5591,41.16740347222222,-8.592818085106384,0.42709125537809844,1,0,0.42709125537809844,2859.587484804867,0.26088000414556933,3,True,False,0,True,False,1,148,0.06666666666666667,107
3359,5592,41.16740347222222,-8.591739361702128,0.441567561959794,1,0,0.441567561959794,2774.0175254003,0.2530734615995479,3,True,False,0,True,False,1,148,0.03333333333333333,107
3360,5593,41.16740347222222,-8.590660638297873,0.4267678239241344,1,0,0.4267678239241344,2688.7631254317344,0.24529570752298566,3,True,False,0,True,False,1,151,0.03333333333333333,110
3361,5594,41.16740347222222,-8.589581914893618,0.43153613016809916,1,0,0.43153613016809916,2603.8552808644754,0.23754956967604043,3,True,False,0,True,False,1,151,0.022222222222222223,110
3362,5595,41.16740347222222,-8.588503191489362,0.39027288051211667,1,0,0.39027288051211667,2519.3290313710263,0.2298382447260485,3,True,True,1,True,False,1,153,0.1,112
3363,5596,41.16740347222222,-8.587424468085107,0.35233184071092427,1,0,0.35233184071092427,2435.2241126061494,0.22216535775454146,2,True,False,0,True,False,1,162,0.1,109
3364,5597,41.16740347222222,-8.586345744680852,0.33701553134106976,1,0,0.33701553134106976,2351.585731942852,0.21453503302759622,2,True,False,0,True,False,1,162,0.14444444444444443,109
3365,5598,41.16740347222222,-8.585267021276596,0.390667294708491,1,0,0.390667294708491,2268.4654937970586,0.2069519784131524,3,True,False,0,True,False,1,149,0.14444444444444443,96
3366,5599,41.16740347222222,-8.584188297872341,0.3736844948163044,1,0,0.3736844948163044,2185.922506469171,0.1994215863581052,3,True,False,0,True,False,1,149,0.18888888888888888,96
3367,5600,41.16740347222222,-8.583109574468086,0.4533179079129787,1,0,0.4533179079129787,2104.0247094452957,0.191950054977921,3,True,False,0,True,False,1,132,0.18888888888888888,79
3368,5601,41.16740347222222,-8.58203085106383,0.49545798236057276,1,0,0.49545798236057276,2022.8504684243378,0.18454453357086884,3,True,False,0,True,False,1,132,0.1,70
3369,5602,41.16740347222222,-8.580952127659575,0.5488116951776139,1,5.90835874437056e-08,0.5488116360940264,1942.4904950309322,0.1772132977533222,3,True,False,0,True,False,1,123,0.1,61
3370,5603,41.16740347222222,-8.57987340425532,0.4856718291976305,1,4.3949918208558914e-08,0.4856717852477123,1863.0501590261154,0.1699659604026077,3,True,False,0,True,False,1,123,0.2222222222222222,61
3371,5604,41.16740347222222,-8.578794680851065,0.6186737916954446,1,0.009072097212228084,0.6096016944832164,1784.6522722750883,0.16281372563822613,3,True,False,0,True,False,1,103,0.2222222222222222,41
3372,5605,41.16740347222222,-8.57771595744681,0.6583614617340513,1,0.013934597242990055,0.6444268644910612,1707.4404343923804,0.1557696940448712,3,True,False,0,True,False,1,103,0.16666666666666666,41
3373,5606,41.16740347222222,-8.576637234042552,0.7854898661372132,1,0.021300297373137128,0.7641895687640761,1631.583037197835,0.14884922799872208,3,True,False,0,True,False,1,88,0.16666666666666666,2
3374,5607,41.16740347222222,-8.575558510638297,0.8583438320695542,1,0.032344749507622304,0.8259990825619319,1557.278023924454,0.14207038584970524,3,True,False,0,True,False,1,88,0.08888888888888889,2
3375,5608,41.16740347222222,-8.574479787234042,0.8028786806807704,1,0.048658326744978775,0.7542203539357916,1484.7584809026607,0.13545443205053298,3,True,False,0,True,False,1,96,0.08888888888888889,10
3376,5609,41.16740347222222,-8.573401063829786,0.8695093138273748,1,0.07220205201896414,0.7973072618084107,1414.2990899202425,0.12902642580513501,3,True,False,0,True,False,1,96,0.03333333333333333,10
3377,5610,41.16740347222222,-8.572322340425531,0.929873752889359,1,0.1049169403247716,0.8249568125645874,1346.223366027858,0.12281588137324477,3,True,False,0,True,False,1,93,0.03333333333333333,7
3378,5611,41.16740347222222,-8.571243617021276,0.4596336927461432,1,0.15614904154930845,0.3034846511968347,1280.911415013642,0.11685747578436782,3,True,False,0,True,False,1,93,1.0333333333333334,11
3379,5612,41.16740347222222,-8.57016489361702,0.5958326675215596,1,0.24064216623709328,0.35519050128446633,1218.8076227993083,0.1111917503409525,3,True,False,0,True,False,1,86,0.9555555555555556,4
3380,5613,41.16740347222222,-8.569086170212765,0.7202722081181472,1,0.36508170683368085,0.35519050128446633,1160.4271869049055,0.10586570648354933,3,True,False,0,True,False,1,86,0.9555555555555556,4
3381,5642,41.168218749999994,-8.689903191489362,2.7003708736795375,1,0.40635708303720225,2.2940137906423352,10877.628721942947,0.9923654517141249,3,True,False,0,True,False,1,3,0.03333333333333333,-3
3382,5643,41.168218749999994,-8.688824468085107,2.7819021695707207,1,0.6374614365041281,2.1444407330665927,10787.495088039843,0.9841425654022897,2,True,False,0,True,False,1,6,0.06666666666666667,0
3383,5644,41.168218749999994,-8.687745744680852,3.0973120856267715,1,1.0,2.0973120856267715,10697.365796398106,0.975920075234713,2,True,False,0,True,True,1,6,0.08888888888888889,0
3384,5645,41.168218749999994,-8.686667021276596,2.510431148585007,1,0.6374614365045512,1.8729697120804556,10607.240957720074,0.9676979913107627,3,True,False,0,True,False,1,14,0.1111111111111111,8
3385,5646,41.168218749999994,-8.685588297872341,2.5955518058920934,1,0.6374614365041281,1.9580903693879654,10517.120686496459,0.9594763240754198,3,True,False,0,True,False,1,14,0.06666666666666667,-2
3386,5647,41.168218749999994,-8.684509574468086,2.872024006616038,1,1.0,1.8720240066160383,10427.005101170504,0.951255084334255,2,True,False,0,True,True,1,16,0.08888888888888889,0
3387,5648,41.168218749999994,-8.68343085106383,2.7690709918842833,1,1.0,1.7690709918842835,10336.894324309353,0.9430342832690616,2,True,False,0,False,True,0.55,20,0.1,0
3388,5649,41.168218749999994,-8.682352127659575,2.8088237419131916,1,1.0,1.8088237419131918,10246.788482784408,0.9348139324543105,2,True,False,0,False,True,0.10000000000000003,20,0.07777777777777778,0
3389,5650,41.168218749999994,-8.68127340425532,2.850404086555454,1,1.0,1.850404086555454,10156.687707962623,0.9265940438746015,2,True,False,0,False,True,0.10000000000000003,18,0.07777777777777778,0
3390,5651,41.168218749999994,-8.680194680851065,2.4471989564947596,1,0.6374614365045512,1.8097375199902084,10066.592135905943,0.9183746299428581,3,True,False,0,False,False,0.55,18,0.1,0
3391,5652,41.168218749999994,-8.67911595744681,2.80928057326369,1,1.0,1.80928057326369,9976.501907583712,0.9101557035197056,2,True,False,0,False,True,0.10000000000000003,19,0.08888888888888889,0
3392,5653,41.168218749999994,-8.678037234042554,2.5146002081877366,1,1.0,1.5146002081877366,9886.417169094446,0.9019372779337034,3,True,False,0,False,True,0.10000000000000003,19,0.26666666666666666,0
3393,5654,41.168218749999994,-8.676958510638299,2.151296888228768,1,0.6374614365045512,1.513835451724217,9796.338071901937,0.8937193670028845,3,True,False,0,False,False,0,21,0.24444444444444444,0
3394,5655,41.168218749999994,-8.675879787234043,2.513835451724217,1,1.0,1.513835451724217,9706.264773082303,0.8855019850572942,3,True,False,0,False,True,0,21,0.24444444444444444,0
3395,5656,41.168218749999994,-8.674801063829788,2.513835451724217,1,1.0,1.513835451724217,9616.197435586988,0.8772851469629838,3,True,False,0,False,True,0,21,0.24444444444444444,0
3396,5657,41.168218749999994,-8.673722340425533,2.636278150585392,1,1.0,1.6362781505853923,9526.136228518433,0.8690688681471591,3,True,False,0,False,True,0.10000000000000003,21,0.16666666666666666,0
3397,5658,41.168218749999994,-8.672643617021278,2.636278150585392,1,1.0,1.6362781505853923,9436.08132742366,0.8608531646249651,3,True,False,0,False,True,0.55,21,0.16666666666666666,0
3398,5659,41.168218749999994,-8.671564893617022,2.147478894159557,1,0.6374614365041281,1.5100174576554288,9346.03291460249,0.8526380530276041,3,True,False,0,True,False,1,31,0.13333333333333333,10
3399,5660,41.168218749999994,-8.670486170212767,1.7099855633194403,1,0.40635708303720225,1.303628480282238,9255.991179435898,0.8444235506322917,3,True,False,0,True,False,1,41,0.16666666666666666,20
3400,5661,41.168218749999994,-8.669407446808512,1.626948892773326,1,0.2791337771723935,1.3478151156009324,9165.956318731396,0.8362096753937662,3,True,False,0,True,False,1,41,0.13333333333333333,15
3401,5662,41.168218749999994,-8.668328723404256,1.33215860821176,1,0.15615582973822015,1.1760027784735398,9075.928537091033,0.8279964459778608,3,True,False,0,True,False,1,53,0.13333333333333333,27
3402,5663,41.168218749999994,-8.667250000000001,1.238086253207644,1,0.10063743165646238,1.1374488215511815,8985.908047299206,0.819783881796884,3,True,False,0,True,False,1,53,0.16666666666666666,27
3403,5664,41.168218749999994,-8.666171276595746,0.9344426667195421,1,0.01695038475001911,0.917492281969523,8895.895070736076,0.8115720030473353,3,True,False,0,True,False,1,68,0.2111111111111111,42
3404,5665,41.168218749999994,-8.66509255319149,1.0136139373530892,1,0.010832297975892843,1.0027816393771964,8805.889837813962,0.8033608307497175,3,True,False,0,True,False,1,68,0.12222222222222222,42
3405,5666,41.168218749999994,-8.664013829787235,0.9874151022652621,1,0.006919354048428088,0.9804957482168339,8715.892588442819,0.7951503867910025,3,True,False,0,True,False,1,69,0.13333333333333333,43
3406,5667,41.168218749999994,-8.66293510638298,1.0011066632987742,1,0.009655768662011253,0.9914508946367628,8625.903572522464,0.7869406939695359,3,True,False,0,True,False,1,69,0.12222222222222222,43
3407,5668,41.168218749999994,-8.661856382978725,1.1368372397176967,1,0.014226976714968344,1.1226102630027284,8535.92305046792,0.778731776042966,3,True,False,0,True,False,1,61,0.08888888888888889,35
3408,5669,41.168218749999994,-8.66077765957447,1.1685162228928423,1,0.020679812737307332,1.147836410155535,8445.951293765931,0.7705236577790127,3,True,False,0,True,False,1,61,0.06666666666666667,0
3409,5670,41.168218749999994,-8.659698936170214,1.1779426965756983,1,0.029526424644083393,1.1484162719316149,8355.988585569366,0.7623163650096964,3,True,False,0,True,False,1,59,0.08888888888888889,-2
3410,5671,41.168218749999994,-8.658620212765959,1.1155138672672358,1,0.04116242315124025,1.0743514441159956,8266.035221327984,0.7541099246888816,3,True,False,0,True,False,1,59,0.15555555555555556,-2
3411,5672,41.168218749999994,-8.657541489361703,1.1301919539987024,1,0.055569174754936314,1.0746227792437661,8176.091509462702,0.7459043649537914,3,True,False,0,True,False,1,58,0.16666666666666666,-3
3412,5673,41.168218749999994,-8.656462765957448,1.1445750488810653,1,0.07185017742024087,1.0727248714608244,8086.157772082389,0.7376997151903996,3,True,False,0,True,False,1,65,0.08888888888888889,4
3413,5674,41.168218749999994,-8.655384042553193,1.1369159641041269,1,0.08776650393233767,1.0491494601717892,7996.234345750799,0.7294960061033982,3,True,False,0,True,False,1,65,0.1111111111111111,4
3414,5675,41.168218749999994,-8.654305319148937,1.1015586328167446,1,0.09978939278751231,1.0017692400292324,7906.321582303292,0.7212932697907074,3,True,False,0,True,False,1,72,0.07777777777777778,11
3415,5676,41.168218749999994,-8.65322659574468,1.0732486571400774,1,0.10432131921618089,0.9689273379238966,7816.419849721526,0.7130915398232728,3,True,False,0,True,False,1,72,0.1111111111111111,11
3416,5677,41.168218749999994,-8.652147872340425,1.149733964296911,1,0.09978939278751231,1.0499445715093987,7726.529533067177,0.7048908513302493,3,True,False,0,True,False,1,62,0.14444444444444443,1
3417,5678,41.168218749999994,-8.65106914893617,1.1976920409353426,1,0.08776650393235923,1.1099255370029835,7636.651035481938,0.6966912410902308,3,True,False,0,True,False,1,62,0.08888888888888889,1
3418,5679,41.168218749999994,-8.649990425531914,1.1817757144232244,1,0.07185017742024087,1.1099255370029835,7546.7847792575185,0.688492747628866,3,True,False,0,True,False,1,62,0.08888888888888889,1
3419,5680,41.168218749999994,-8.64891170212766,1.1654947117579428,1,0.055569174754959295,1.1099255370029835,7456.931206983856,0.6802954113236098,3,True,False,0,True,False,1,62,0.08888888888888889,1
3420,5681,41.168218749999994,-8.647832978723404,1.1510879601542237,1,0.04116242315124025,1.1099255370029835,7367.090782778553,0.6720992745158847,3,True,False,0,True,False,1,62,0.08888888888888889,1
3421,5682,41.168218749999994,-8.646754255319149,1.1388915347279118,1,0.02952642464409841,1.1093651100838133,7277.26399360876,0.6639043816316763,3,True,False,0,True,False,1,64,0.06666666666666667,3
3422,5683,41.168218749999994,-8.645675531914893,1.1300449228211207,1,0.020679812737307332,1.1093651100838133,7187.451350709049,0.6557107793108856,3,True,False,0,True,False,1,64,0.06666666666666667,3
3423,5684,41.168218749999994,-8.644596808510638,1.1233119794627995,1,0.01422697671497634,1.1090850027478232,7097.653391108116,0.6475185165466102,3,True,False,0,True,False,1,65,0.05555555555555555,4
3424,5685,41.168218749999994,-8.643518085106383,1.106485813889522,1,0.009655768662011253,1.0968300452275106,7007.8706792695175,0.6393276448348282,3,True,False,0,True,False,1,65,0.06666666666666667,4
3425,5686,41.168218749999994,-8.642439361702127,1.0197031857603738,1,0.006485278319581972,1.0132179074407919,6918.103808861084,0.6311382183358222,3,True,False,0,True,False,1,71,0.07777777777777778,10
3426,5687,41.168218749999994,-8.641360638297872,1.0170267881593502,1,0.00432047773239778,1.0127063104269525,6828.353404660263,0.6229502940480033,3,True,False,0,True,False,1,73,0.05555555555555555,12
3427,5688,41.168218749999994,-8.640281914893617,1.015566088844089,1,0.002859778417136426,1.0127063104269525,6738.620124612178,0.6147639319956678,3,True,False,0,True,False,1,73,0.05555555555555555,12
3428,5689,41.168218749999994,-8.639203191489361,1.0026410056753847,1,0.0018831428848163217,1.0007578627905684,6648.904662051152,0.6065791954316667,3,True,True,1,True,False,1,76,0.03333333333333333,15
3429,5690,41.168218749999994,-8.638124468085106,0.9584884818224577,1,0.0012348251799528987,0.9572536566425048,6559.207748102534,0.5983961510565243,3,True,False,0,True,False,1,76,0.07777777777777778,15
3430,5691,41.168218749999994,-8.63704574468085,0.9255097654659398,1,0.0008069080315226396,0.9247028574344172,6469.530154283386,0.5902148692556982,3,True,False,0,True,False,1,81,0.05555555555555555,20
3431,5692,41.168218749999994,-8.635967021276596,0.9355603928215658,1,0.0005257667726045711,0.9350346260489613,6379.872695317885,0.5820354243564291,3,True,False,0,True,False,1,81,0.044444444444444446,20
3432,5693,41.168218749999994,-8.63488829787234,0.8938262805424947,1,0.0003417542591695861,0.8934845262833251,6290.23623219277,0.5738578949064882,3,True,False,0,True,False,1,85,0.044444444444444446,24
3433,5694,41.168218749999994,-8.633809574468085,0.8740699935965441,1,0.0002216906803839338,0.8738483029161602,6200.621675472324,0.5656823639766035,3,True,False,0,True,False,1,85,0.06666666666666667,24
3434,5695,41.168218749999994,-8.63273085106383,0.8163332880995847,1,7.978200348090734e-05,0.8162535060961038,6111.02998890346,0.5575089194893513,3,True,False,0,True,False,1,91,0.06666666666666667,30
3435,5696,41.168218749999994,-8.631652127659574,0.8073240817793719,1,8.98591631008647e-05,0.807234222616271,6021.462193336231,0.549337654576824,3,True,False,0,True,False,1,91,0.07777777777777778,35
3436,5697,41.168218749999994,-8.630573404255319,0.6975288733927844,1,9.915697316033794e-05,0.697429716419624,5931.91937099686,0.5411686679704587,3,True,False,0,True,False,1,98,0.14444444444444443,18
3437,5698,41.168218749999994,-8.629494680851064,0.7211763031196259,1,0.00010712729421890616,0.721069175825407,5842.402670146019,0.5330020644260112,3,True,False,0,True,False,1,98,0.1111111111111111,18
3438,5699,41.168218749999994,-8.628415957446808,0.7211824311267921,1,0.00011325530138522739,0.721069175825407,5752.913310167922,0.5248379551878343,3,True,False,0,True,False,1,98,0.1111111111111111,18
3439,5700,41.168218749999994,-8.627337234042553,0.7890127768274248,1,0.00011711832160862104,0.7888956585058161,5663.452587132502,0.5166764584963146,3,True,False,0,True,False,1,94,0.06666666666666667,14
3440,5701,41.168218749999994,-8.626258510638298,0.7631510208389207,1,0.00011843833174110244,0.7630325825071796,5574.021879887184,0.5085177001436245,3,True,False,0,True,False,1,94,0.1,14
3441,5702,41.168218749999994,-8.625179787234043,0.651744208484504,1,0.00011711832160861688,0.6516270901628953,5484.622656732941,0.5003618140827786,3,True,False,0,True,False,1,103,0.15555555555555556,23
3442,5703,41.168218749999994,-8.624101063829787,0.6517403454642805,1,0.00011325530138522739,0.6516270901628953,5395.256482755418,0.49220894309645136,3,True,True,1,True,False,1,103,0.15555555555555556,23
3443,5704,41.168218749999994,-8.623022340425532,0.6517342174571142,1,0.0001071272942188957,0.6516270901628953,5305.92502788211,0.4840592395320337,3,True,False,0,True,False,1,103,0.15555555555555556,23
3444,5705,41.168218749999994,-8.621943617021277,0.6092392068783086,1,9.915697316033794e-05,0.6091400499051483,5216.63007575505,0.47591286611108713,3,True,False,0,True,False,1,106,0.18888888888888888,26
3445,5706,41.168218749999994,-8.620864893617021,0.7038887526721507,1,8.985916310085018e-05,0.7037988935090498,5127.373533511585,0.4677699968216438,3,True,False,0,True,False,1,106,0.044444444444444446,26
3446,5707,41.168218749999994,-8.619786170212766,0.6728941712678093,1,3.021918649572657e-05,0.6728639520813136,5038.157442587433,0.4596308179037683,3,True,False,0,True,False,1,108,0.06666666666666667,28
3447,5708,41.168218749999994,-8.61870744680851,0.6581068503990937,1,3.0515193186719482e-05,0.6580763352059069,4948.983990663233,0.4514955289394415,3,True,False,0,False,False,0.55,108,0.08888888888888889,28
3448,5709,41.168218749999994,-8.617628723404255,0.5944035380554471,1,3.0831154412881803e-06,0.5944004549400058,4859.855524901953,0.44336434406020786,3,True,False,0,True,False,1,115,0.1111111111111111,35
3449,5710,41.168218749999994,-8.61655,0.5499246251261477,1,3.1579921742824574e-06,0.5499214671339734,4770.774566636744,0.4352374932871479,3,True,False,0,False,False,0.55,115,0.18888888888888888,35
3450,5711,41.168218749999994,-8.615471276595745,0.5488130301191155,1,1.3940250891767694e-06,0.5488116360940264,4681.743827701302,0.42711522402069596,3,True,False,0,True,False,1,123,0.1,43
3451,5712,41.168218749999994,-8.61439255319149,0.5482575607891756,1,0,0.5482575607891756,4592.766228614354,0.41899780269960996,3,True,False,0,True,False,1,127,0.05555555555555555,47
3452,5713,41.168218749999994,-8.613313829787234,0.5072314458893005,1,0,0.5072314458893005,4503.844918871103,0.41088551665215867,3,True,False,0,True,False,1,127,0.13333333333333333,47
3453,5714,41.168218749999994,-8.612235106382979,0.5187604145939178,1,0,0.5187604145939178,4414.983299624442,0.40277867616532786,3,True,False,0,True,False,1,126,0.12222222222222222,43
3454,5715,41.168218749999994,-8.611156382978724,0.5187604145939178,1,0,0.5187604145939178,4326.185049092287,0.39467761680272934,3,True,False,0,True,False,1,126,0.12222222222222222,43
3455,5716,41.168218749999994,-8.610077659574468,0.44324333817607536,1,0,0.44324333817607536,4237.454151072163,0.38658270200598566,3,True,False,0,True,False,1,133,0.2,50
3456,5717,41.168218749999994,-8.608998936170213,0.4790939390565748,1,0,0.4790939390565748,4148.794927015424,0.3784943260208588,3,True,False,0,True,False,1,133,0.12222222222222222,50
3457,5718,41.168218749999994,-8.607920212765958,0.3825642806459915,1,0,0.3825642806459915,4060.2120721795195,0.37041291719541974,3,True,False,0,True,False,1,144,0.2222222222222222,61
3458,5719,41.168218749999994,-8.606841489361702,0.41812715382175647,1,0,0.41812715382175647,3971.7106964735885,0.3623389417063896,3,True,False,0,True,False,1,144,0.13333333333333333,61
3459,5720,41.168218749999994,-8.605762765957447,0.3736844948163044,1,0,0.3736844948163044,3883.296370709718,0.35427290777863923,3,True,False,0,True,False,1,149,0.18888888888888888,66
3460,5721,41.168218749999994,-8.604684042553192,0.34572168296092765,1,0,0.34572168296092765,3794.9751791065346,0.3462153704750892,2,True,False,0,False,False,0.55,149,0.26666666666666666,66
3461,5722,41.168218749999994,-8.603605319148937,0.4328457987551819,1,0,0.4328457987551819,3706.7537790345773,0.3381669371472763,3,True,True,1,True,False,1,139,0.15555555555555556,56
3462,5723,41.168218749999994,-8.602526595744681,0.4328457987551819,1,0,0.4328457987551819,3618.639469182891,0.3301282736541884,3,True,False,0,True,False,1,139,0.15555555555555556,56
3463,5724,41.168218749999994,-8.601447872340426,0.47356090495695474,1,0,0.47356090495695474,3530.640267537217,0.3221001114762102,3,True,False,0,True,False,1,135,0.1111111111111111,52
3464,5725,41.168218749999994,-8.60036914893617,0.409144506511526,1,0,0.409144506511526,3442.7650008338815,0.3140832558759964,3,True,False,0,True,False,1,142,0.17777777777777778,59
3465,5726,41.168218749999994,-8.599290425531915,0.42773885382178395,1,0,0.42773885382178395,3355.0234074675136,0.30607859528673703,3,True,False,0,True,False,1,142,0.13333333333333333,105
3466,5727,41.168218749999994,-8.59821170212766,0.42773885382178395,1,0,0.42773885382178395,3267.4262562318468,0.29808711214487393,3,True,False,0,True,False,1,142,0.13333333333333333,105
3467,5728,41.168218749999994,-8.597132978723405,0.3737788715034695,1,0,0.3737788715034695,3179.985483745035,0.2901098954274046,3,True,False,0,True,False,1,148,0.2,111
3468,5729,41.168218749999994,-8.59605425531915,0.39513201547148896,1,0,0.39513201547148896,3092.714354008601,0.2821481552084363,3,True,False,0,True,False,1,148,0.14444444444444443,111
3469,5730,41.168218749999994,-8.594975531914894,0.34528544114760257,1,0,0.34528544114760257,3005.6276442668045,0.2742032396151251,2,True,False,0,False,False,0.55,154,0.2111111111111111,113
3470,5731,41.168218749999994,-8.593896808510639,0.34528544114760257,1,0,0.34528544114760257,2918.7418622382916,0.26627665464570727,2,True,False,0,True,False,1,154,0.2111111111111111,113
3471,5732,41.168218749999994,-8.592818085106384,0.39513201547148896,1,0,0.39513201547148896,2832.075500895531,0.25837008741301304,3,True,False,0,True,False,1,148,0.14444444444444443,107
3472,5733,41.168218749999994,-8.591739361702128,0.4223720632702005,1,0,0.4223720632702005,2745.6493383588045,0.2504854335037778,3,True,False,0,True,False,1,148,0.07777777777777778,107
3473,5734,41.168218749999994,-8.590660638297873,0.39483278639418423,1,0,0.39483278639418423,2659.486792188913,0.24262482930074605,3,True,False,0,True,False,1,151,0.1111111111111111,110
3474,5735,41.168218749999994,-8.589581914893618,0.4267678239241344,1,0,0.4267678239241344,2573.614339530497,0.23479069031232253,3,True,False,0,True,False,1,151,0.03333333333333333,98
3475,5736,41.168218749999994,-8.588503191489362,0.38596051711331825,1,0,0.38596051711331825,2488.0620172590166,0.22698575680095281,3,True,False,0,True,False,1,153,0.1111111111111111,100
3476,5737,41.168218749999994,-8.587424468085107,0.3152803836337128,1,0,0.3152803836337128,2402.8640196992255,0.21921314831294594,2,True,False,0,True,False,1,162,0.2111111111111111,109
3477,5738,41.168218749999994,-8.586345744680852,0.28527748828451555,1,0,0.28527748828451555,2318.0594157644246,0.21147642910304776,2,True,False,0,True,False,1,162,0.3111111111111111,109
3478,5739,41.168218749999994,-8.585267021276596,0.38208154975658637,1,0,0.38208154975658637,2233.693012778762,0.20377968694090043,3,True,False,0,True,False,1,149,0.16666666666666666,96
3479,5740,41.168218749999994,-8.584188297872341,0.3574399586489921,1,0,0.3574399586489921,2149.8164010423393,0.1961276284066579,2,True,False,0,True,False,1,149,0.23333333333333334,87
3480,5741,41.168218749999994,-8.583109574468086,0.4533179079129787,1,0,0.4533179079129787,2066.4892217559723,0.18852569456368984,3,True,True,1,True,False,1,132,0.18888888888888888,70
3481,5742,41.168218749999994,-8.58203085106383,0.49545798236057276,1,0,0.49545798236057276,1983.7807116005781,0.18098020187047173,3,True,False,0,True,False,1,132,0.1,70
3482,5743,41.168218749999994,-8.580952127659575,0.52495414406918,1,4.1791090237716126e-08,0.5249541022780897,1901.7715905170535,0.17349851440263603,3,True,False,0,True,False,1,123,0.14444444444444443,61
3483,5744,41.168218749999994,-8.57987340425532,0.48567181651938435,1,3.1271672035532236e-08,0.4856717852477123,1820.556375402701,0.16608925493136603,3,True,False,0,True,False,1,123,0.2222222222222222,61
3484,5745,41.168218749999994,-8.578794680851065,0.5354229616426575,1,0.007810869574208256,0.5276120920684492,1740.2462217543768,0.15876256416633922,3,True,False,0,True,False,1,103,0.36666666666666664,17
3485,5746,41.168218749999994,-8.57771595744681,0.6562514606437344,1,0.01182459615267318,0.6444268644910612,1660.9724174335274,0.15153041949171336,3,True,False,0,True,False,1,103,0.16666666666666666,17
3486,5747,41.168218749999994,-8.576637234042552,0.7651593200611512,1,0.01776444289574127,0.7473948771654099,1582.8906764187661,0.14440702668493086,3,True,False,0,True,False,1,88,0.18888888888888888,2
3487,5748,41.168218749999994,-8.575558510638297,0.8524157872357203,1,0.02641670467378845,0.8259990825619319,1506.1864022843363,0.13740930010356053,3,True,False,0,True,False,1,88,0.08888888888888889,2
3488,5749,41.168218749999994,-8.574479787234042,0.784624885836697,1,0.03873837319849607,0.7458865126382009,1431.0811040289145,0.13055744800099559,3,True,False,0,True,False,1,96,0.1,10
3489,5750,41.168218749999994,-8.573401063829786,0.7955543322332919,1,0.05790957519065682,0.737644757042635,1357.8401368258162,0.12387567871465616,3,True,False,0,True,False,1,96,0.1111111111111111,14
3490,5751,41.168218749999994,-8.572322340425531,0.877476321052544,1,0.08838142131568508,0.789094899736859,1286.781881694256,0.11739303812687804,3,True,False,0,True,False,1,93,0.07777777777777778,11
3491,5752,41.168218749999994,-8.571243617021276,0.43677063861015997,1,0.13328598741332529,0.3034846511968347,1218.2883271140781,0.11114437502502476,3,True,False,0,True,False,1,93,1.0333333333333334,11
3492,5782,41.169034027777776,-8.690981914893618,2.7386597993726918,1,0.3650926749304493,2.3735671244422423,10961.31339835933,1.0,2,True,False,0,False,False,0,0,0.03333333333333333,-4
3493,5783,41.169034027777776,-8.689903191489362,2.8240845073198035,1,0.5283321689844902,2.2957523383353133,10871.123149726322,0.9917719487295648,2,True,False,0,False,False,0.55,0,0.06666666666666667,-4
3494,5784,41.169034027777776,-8.688824468085107,2.8804964713793044,1,0.637465007946687,2.2430314634326174,10780.93625330208,0.9835442032809454,2,True,False,0,False,False,0.55,4,0.044444444444444446,0
3495,5785,41.169034027777776,-8.687745744680852,3.0983716016869054,1,1.0,2.0983716016869054,10690.752793937798,0.9753167713951113,2,True,False,0,True,True,1,4,0.1111111111111111,0
3496,5786,41.169034027777776,-8.686667021276596,3.0962531045406534,1,1.0,2.0962531045406534,10600.572859369242,0.9670896610761915,2,True,False,0,True,True,1,8,0.06666666666666667,0
3497,5787,41.169034027777776,-8.685588297872341,3.0501834827576113,1,1.0,2.0501834827576113,10510.396540339158,0.9588628806026415,2,True,False,0,False,True,0.55,8,0.08888888888888889,0
3498,5788,41.169034027777776,-8.684509574468086,2.9595743332194955,1,1.0,1.9595743332194953,10420.223930728012,0.9506364385391711,2,True,False,0,False,True,0.55,11,0.1,0
3499,5789,41.169034027777776,-8.68343085106383,2.958584899090954,1,1.0,1.9585848990909536,10330.055127690208,0.9424103437491708,2,True,False,0,False,True,0.10000000000000003,13,0.07777777777777778,0
3500,5790,41.169034027777776,-8.682352127659575,2.852741930952889,1,1.0,1.8527419309528892,10239.89023179747,0.9341846054077934,2,True,False,0,False,True,0,13,0.13333333333333333,0
3501,5791,41.169034027777776,-8.68127340425532,2.2540292038632415,1,0.6374650079471101,1.6165641959161312,10149.729347191214,0.9259592330158544,3,True,False,0,False,False,0,25,0.13333333333333333,7
3502,5792,41.169034027777776,-8.680194680851065,2.346379870636075,1,0.6374650079471101,1.708914862688965,10059.572581741026,0.91773423641429,3,True,False,0,False,False,0.10000000000000003,25,0.07777777777777778,-2
3503,5793,41.169034027777776,-8.67911595744681,2.6338008185069803,1,1.0,1.6338008185069803,9969.420047213887,0.9095096257995955,3,True,False,0,False,True,0,27,0.1,0
3504,5794,41.169034027777776,-8.678037234042554,2.14900850635969,1,0.6374650079471101,1.51154349841258,9879.27185945046,0.9012854117399081,3,True,False,0,False,False,0,27,0.17777777777777778,8
3505,5795,41.169034027777776,-8.676958510638299,2.1530657241844895,1,1.0,1.1530657241844895,9789.12813855323,0.8930616051921705,3,True,False,0,False,True,0,43,0.26666666666666666,0
3506,5796,41.169034027777776,-8.675879787234043,2.178976235244074,1,1.0,1.178976235244074,9698.989009082963,0.8848382175200546,3,True,False,0,False,True,0,43,0.24444444444444444,0
3507,5797,41.169034027777776,-8.674801063829788,2.379842961900615,1,1.0,1.3798429619006154,9608.85460026829,0.876615260513081,3,True,False,0,False,True,0,36,0.16666666666666666,0
3508,5798,41.169034027777776,-8.673722340425533,2.379842961900615,1,1.0,1.3798429619006154,9518.725046225038,0.8683927464066289,3,True,False,0,False,True,0.10000000000000003,36,0.16666666666666666,0
3509,5799,41.169034027777776,-8.672643617021278,2.379842961900615,1,1.0,1.3798429619006154,9428.600486190213,0.8601706879032825,3,True,False,0,False,True,0.55,36,0.16666666666666666,0
3510,5800,41.169034027777776,-8.671564893617022,2.1493902574617745,1,0.637465007946687,1.5119252495150874,9338.48106476732,0.8519490981952115,3,True,False,0,True,False,1,26,0.18888888888888888,-10
3511,5801,41.169034027777776,-8.670486170212767,1.774660657673972,1,0.5283321689844902,1.2463284886894819,9248.366932188135,0.8437279909880521,3,True,False,0,True,False,1,43,0.18888888888888888,17
3512,5802,41.169034027777776,-8.669407446808512,1.7122272476952503,1,0.3650926749304493,1.347134572764801,9158.25824458769,0.8355073805259945,3,True,True,1,True,False,1,43,0.1111111111111111,17
3513,5803,41.169034027777776,-8.668328723404256,1.5272757025020438,1,0.24065367311552088,1.286622029386523,9068.155164297734,0.8272872816185548,3,True,False,0,True,False,1,49,0.08888888888888889,23
3514,5804,41.169034027777776,-8.667250000000001,1.2947575642444464,1,0.15615922402243104,1.1385983402220154,8978.057860155626,0.8190677096687561,3,True,False,0,True,False,1,49,0.2111111111111111,23
3515,5805,41.169034027777776,-8.666171276595746,1.203402870874568,1,0.06710240745048185,1.1363004634240863,8887.966507834097,0.8108486807032113,3,True,False,0,True,False,1,57,0.12222222222222222,31
3516,5806,41.169034027777776,-8.66509255319149,1.166520222372309,1,0.04277543671419473,1.1237447856581142,8797.881290188989,0.8026302114038487,3,True,False,0,True,False,1,57,0.13333333333333333,31
3517,5807,41.169034027777776,-8.664013829787235,1.1507288916675251,1,0.027267844118156307,1.1234610475493687,8707.802397630652,0.7944123191417938,3,True,False,0,True,False,1,58,0.12222222222222222,32
3518,5808,41.169034027777776,-8.66293510638298,1.1408433440276577,1,0.01738229647828907,1.1234610475493687,8617.730028516342,0.7861950220131675,3,True,False,0,True,False,1,58,0.12222222222222222,32
3519,5809,41.169034027777776,-8.661856382978725,1.0716115776293786,1,0.011007761459102088,1.0606038161702767,8527.664389569525,0.7779783388773402,3,True,False,0,True,False,1,66,0.08888888888888889,40
3520,5810,41.169034027777776,-8.66077765957447,1.0880884402479776,1,0.01563442470578988,1.0724540155421878,8437.605696323724,0.7697622893974229,3,True,False,0,True,False,1,66,0.07777777777777778,5
3521,5811,41.169034027777776,-8.659698936170214,1.07036706682944,1,0.021747346338477077,1.048619720490963,8347.554173597115,0.7615468940835649,3,True,False,0,True,False,1,67,0.08888888888888889,6
3522,5812,41.169034027777776,-8.658620212765959,1.0664856233054507,1,0.029452742504628687,1.037032880800822,8257.510055995821,0.7533321743388698,3,True,False,0,True,False,1,67,0.1,6
3523,5813,41.169034027777776,-8.657541489361703,0.9447566801026468,1,0.038547257146591594,0.9062094229560552,8167.4735884525,0.7451181525085299,3,True,False,0,True,False,1,73,0.16666666666666666,12
3524,5814,41.169034027777776,-8.656462765957448,1.0622968568359865,1,0.0483110692444077,1.0139857875915788,8077.445026798543,0.7369048519320285,3,True,False,0,True,False,1,68,0.1111111111111111,7
3525,5815,41.169034027777776,-8.655384042553193,1.1057425642505831,1,0.05738761328743686,1.0483549509631462,7987.424638376956,0.7286922969990529,3,True,False,0,True,False,1,68,0.07777777777777778,7
3526,5816,41.169034027777776,-8.654305319148937,1.0004150575950457,1,0.06396263860137695,0.9364524189936688,7897.412702694676,0.7204805132090053,3,True,False,0,True,False,1,75,0.1111111111111111,14
3527,5817,41.169034027777776,-8.65322659574468,0.9721334521604515,1,0.0663815951744536,0.9057518569859979,7807.409512121819,0.7122695272347944,3,True,False,0,True,False,1,75,0.14444444444444443,14
3528,5818,41.169034027777776,-8.652147872340425,1.0774364414587758,1,0.06396263860137695,1.0134738028573989,7717.41537263801,0.7040593669909245,3,True,False,0,True,False,1,70,0.08888888888888889,9
3529,5819,41.169034027777776,-8.65106914893617,1.0708614161448478,1,0.057387613287448826,1.0134738028573989,7627.430604632041,0.6958500617064467,3,True,False,0,True,False,1,70,0.08888888888888889,9
3530,5820,41.169034027777776,-8.649990425531914,1.0617848721018066,1,0.0483110692444077,1.0134738028573989,7537.45554375762,0.6876416420030297,3,True,False,0,True,False,1,70,0.08888888888888889,9
3531,5821,41.169034027777776,-8.64891170212766,1.0520210600040045,1,0.03854725714660576,1.0134738028573989,7447.490541852199,0.6794341399787844,3,True,False,0,True,False,1,70,0.08888888888888889,9
3532,5822,41.169034027777776,-8.647832978723404,1.0429265453620276,1,0.029452742504628687,1.0134738028573989,7357.535967920722,0.671227589298011,3,True,False,0,True,False,1,70,0.08888888888888889,9
3533,5823,41.169034027777776,-8.646754255319149,1.105910151288064,1,0.021747346338487256,1.0841628049495768,7267.5922091940765,0.6630220252877612,3,True,False,0,True,False,1,67,0.05555555555555555,6
3534,5824,41.169034027777776,-8.645675531914893,1.1241594249395113,1,0.01563442470578988,1.1085250002337215,7177.659672264363,0.6548174850414095,3,True,False,0,True,False,1,67,0.03333333333333333,6
3535,5825,41.169034027777776,-8.644596808510638,1.0472553088019811,1,0.011007761459107925,1.0362475473428732,7087.73878430813,0.6466140075302481,3,True,False,0,True,False,1,70,0.06666666666666667,9
3536,5826,41.169034027777776,-8.643518085106383,1.055450124748169,1,0.007624512299885061,1.0478256124482839,6997.829994400998,0.6384116337234205,3,True,False,0,True,False,1,70,0.05555555555555555,9
3537,5827,41.169034027777776,-8.642439361702127,1.019199049020919,1,0.00521326142934034,1.0139857875915788,6907.933774936335,0.6302104067173466,3,True,False,0,True,False,1,68,0.1111111111111111,7
3538,5828,41.169034027777776,-8.641360638297872,0.9085939137309144,1,0.003527972544752263,0.9050659411861621,6818.050623153057,0.6220103718751049,3,True,False,0,True,False,1,78,0.1111111111111111,17
3539,5829,41.169034027777776,-8.640281914893617,0.9591380211717726,1,0.002367703906344377,0.9567703172654283,6728.181062786919,0.6138115769770784,3,True,False,0,True,False,1,78,0.05555555555555555,17
3540,5830,41.169034027777776,-8.639203191489361,1.0023361503209625,1,0.0015782875303940313,1.0007578627905684,6638.325645853409,0.6056140723836088,3,True,False,0,True,False,1,76,0.03333333333333333,15
3541,5831,41.169034027777776,-8.638124468085106,0.958299877161153,1,0.001046220518648124,0.9572536566425048,6548.484954576173,0.5974179112109264,3,True,False,0,True,False,1,76,0.07777777777777778,15
3542,5832,41.169034027777776,-8.63704574468085,0.8847485692475052,1,0.0006903178171835465,0.8840582514303217,6458.6596034762715,0.5892231495217527,3,True,False,0,True,False,1,83,0.07777777777777778,22
3543,5833,41.169034027777776,-8.635967021276596,0.9350162272762012,1,0.00045372170498724575,0.9345625055712139,6368.850241634543,0.5810298465316958,3,True,False,0,True,False,1,83,0.022222222222222223,22
3544,5834,41.169034027777776,-8.63488829787234,0.8937817653764256,1,0.0002972390931005596,0.8934845262833251,6279.057555148484,0.5728380648333914,3,True,False,0,True,False,1,85,0.044444444444444446,24
3545,5835,41.169034027777776,-8.633809574468085,0.8740424852044563,1,0.00019418228829604095,0.8738483029161602,6189.282269798655,0.5646478706397589,3,True,False,0,False,False,0.55,85,0.06666666666666667,24
3546,5836,41.169034027777776,-8.63273085106383,0.8739748561336254,1,0.00012655321746516996,0.8738483029161602,6099.525153950417,0.5564593340487266,3,True,False,0,True,False,1,85,0.06666666666666667,24
3547,5837,41.169034027777776,-8.631652127659574,0.8085405391821118,1,8.230736482536746e-05,0.8084582318172864,6009.7870217107575,0.5482725293312288,3,True,False,0,True,False,1,85,0.14444444444444443,24
3548,5838,41.169034027777776,-8.630573404255319,0.8075017174138253,1,6.362203121363813e-05,0.8074380953826116,5920.06873637137,0.5400875352453178,3,True,False,0,True,False,1,90,0.08888888888888889,10
3549,5839,41.169034027777776,-8.629494680851064,0.8079144858230234,1,6.8490426157959e-05,0.8078459953968654,5830.371214163905,0.5319044353787553,3,True,False,0,False,False,0.55,88,0.1111111111111111,8
3550,5840,41.169034027777776,-8.628415957446808,0.8079182149107841,1,7.22195139186599e-05,0.8078459953968654,5740.695428365471,0.5237233185235565,3,True,False,0,True,False,1,88,0.1111111111111111,8
3551,5841,41.169034027777776,-8.627337234042553,0.8071049656406525,1,7.456431420040057e-05,0.8070304013264521,5651.042413788227,0.5155442790855761,3,True,False,0,True,False,1,92,0.06666666666666667,12
3552,5842,41.169034027777776,-8.626258510638298,0.7634934143431212,1,7.536451273668359e-05,0.7634180498303845,5561.413271700165,0.5073674175334305,3,True,False,0,True,False,1,92,0.12222222222222222,12
3553,5843,41.169034027777776,-8.625179787234043,0.7640711802781996,1,7.456431420039819e-05,0.7639966159639993,5471.809175221248,0.4991928408907876,3,True,False,0,True,False,1,89,0.15555555555555556,9
3554,5844,41.169034027777776,-8.624101063829787,0.7640688354779179,1,7.22195139186599e-05,0.7639966159639993,5382.231375253794,0.49102066327739485,3,True,False,0,True,False,1,89,0.15555555555555556,9
3555,5845,41.169034027777776,-8.623022340425532,0.739018318100306,1,6.849042615795267e-05,0.7389498276741481,5292.681207004819,0.4828510065041127,3,True,False,0,True,False,1,89,0.18888888888888888,9
3556,5846,41.169034027777776,-8.621943617021277,0.6665016794368781,1,6.362203121363813e-05,0.6664380574056644,5203.160097174795,0.4746840007287443,3,True,False,0,True,False,1,102,0.14444444444444443,22
3557,5847,41.169034027777776,-8.620864893617021,0.7203991059173741,1,5.791506374635081e-05,0.7203411908536278,5113.669571888472,0.46651978517956405,3,True,False,0,True,False,1,102,0.06666666666666667,22
3558,5848,41.169034027777776,-8.619786170212766,0.719847377647528,1,5.1693159985229655e-05,0.7197956844875428,5024.211265462923,0.4583585089552259,3,True,False,0,True,False,1,105,0.03333333333333333,25
3559,5849,41.169034027777776,-8.61870744680851,0.6586203381112972,1,4.5271337583970944e-05,0.6585750667737132,4934.786930112409,0.45020033191013764,3,True,True,1,True,False,1,105,0.12222222222222222,25
3560,5850,41.169034027777776,-8.617628723404255,0.5811911691251266,1,7.125778814431034e-07,0.5811904565472451,4845.398446712981,0.44204542563651467,3,True,False,0,True,False,1,116,0.12222222222222222,36
3561,5851,41.169034027777776,-8.61655,0.5497834209027734,1,8.052936609289529e-07,0.5497826156091125,4756.047836758713,0.4338939745551468,3,True,False,0,True,False,1,116,0.17777777777777778,36
3562,5852,41.169034027777776,-8.615471276595745,0.4533179079129787,1,0,0.4533179079129787,4666.737275670074,0.4257461771295202,3,True,False,0,True,False,1,132,0.18888888888888888,52
3563,5853,41.169034027777776,-8.61439255319149,0.5482575607891756,1,0,0.5482575607891756,4577.469107630255,0.41760224721933437,3,True,False,0,True,False,1,127,0.05555555555555555,47
3564,5854,41.169034027777776,-8.613313829787234,0.5072314458893005,1,0,0.5072314458893005,4488.245862161382,0.40946241559274954,3,True,False,0,True,False,1,127,0.13333333333333333,47
3565,5855,41.169034027777776,-8.612235106382979,0.5813391301237244,1,1.8897771465332117e-06,0.5813372403465779,4399.070272676802,0.4013269316189105,3,True,False,0,True,False,1,115,0.13333333333333333,35
3566,5856,41.169034027777776,-8.611156382978724,0.5438468398872828,1,1.7908840548230158e-06,0.5438450490032279,4309.945297292459,0.39319606516656697,3,True,False,0,True,False,1,115,0.2,32
3567,5857,41.169034027777776,-8.610077659574468,0.5426104410232598,1,0,0.5426104410232598,4220.8741422174135,0.3850701087379899,3,True,False,0,True,False,1,124,0.1,41
3568,5858,41.169034027777776,-8.608998936170213,0.4801840271853587,1,0,0.4801840271853587,4131.860288105872,0.37694937987306537,3,True,False,0,True,False,1,124,0.2222222222222222,41
3569,5859,41.169034027777776,-8.607920212765958,0.46832824131156264,1,0,0.46832824131156264,4042.9075198086935,0.36883422386352244,3,True,False,0,True,False,1,135,0.12222222222222222,52
3570,5860,41.169034027777776,-8.606841489361702,0.4529746153069655,1,0,0.4529746153069655,3954.019960047174,0.3607250168249915,3,True,False,0,True,False,1,135,0.15555555555555556,52
3571,5861,41.169034027777776,-8.605762765957447,0.4533179079129787,1,0,0.4533179079129787,3865.202107614914,0.35262216918215755,3,True,False,0,True,False,1,132,0.18888888888888888,49
3572,5862,41.169034027777776,-8.604684042553192,0.4533179079129787,1,0,0.4533179079129787,3776.458880831666,0.3445261296330529,3,True,False,0,True,False,1,132,0.18888888888888888,49
3573,5863,41.169034027777776,-8.603605319148937,0.4541199361016261,1,0,0.4541199361016261,3687.7956670968647,0.3364373896698225,3,True,False,0,True,False,1,125,0.26666666666666666,42
3574,5864,41.169034027777776,-8.602526595744681,0.5074876880894038,1,0,0.5074876880894038,3599.218379558614,0.3283564887486328,3,True,False,0,True,False,1,125,0.15555555555555556,42
3575,5865,41.169034027777776,-8.601447872340426,0.49072632627911583,1,0,0.49072632627911583,3510.7335220993327,0.3202840202183082,3,True,False,0,False,False,0.55,126,0.17777777777777778,43
3576,5866,41.169034027777776,-8.60036914893617,0.49023089338201736,1,0,0.49023089338201736,3422.3482640834886,0.3122206381395627,3,True,False,0,False,False,0.55,130,0.13333333333333333,93
3577,5867,41.169034027777776,-8.599290425531915,0.49023089338201736,1,0,0.49023089338201736,3334.0705265927904,0.30416706515223146,3,True,False,0,False,False,0.55,130,0.13333333333333333,93
3578,5868,41.169034027777776,-8.59821170212766,0.4586144250371675,1,0,0.4586144250371675,3245.909082236242,0.29612410158093677,3,True,False,0,False,False,0.55,130,0.2,93
3579,5869,41.169034027777776,-8.597132978723405,0.4474041611226346,1,0,0.4474041611226346,3157.873671049822,0.28809263600860885,3,True,False,0,True,False,1,140,0.1111111111111111,99
3580,5870,41.169034027777776,-8.59605425531915,0.42795493810808216,1,0,0.42795493810808216,3069.9751355476583,0.28007365759719693,3,True,False,0,True,False,1,140,0.15555555555555556,99
3581,5871,41.169034027777776,-8.594975531914894,0.42849562652402345,1,0,0.42849562652402345,2982.225578647556,0.2720682704952064,3,True,False,0,False,False,0.55,135,0.2111111111111111,94
3582,5872,41.169034027777776,-8.593896808510639,0.42849562652402345,1,0,0.42849562652402345,2894.638549036736,0.2640777107486043,3,True,True,1,True,False,1,135,0.2111111111111111,94
3583,5873,41.169034027777776,-8.592818085106384,0.42784688232324836,1,0,0.42784688232324836,2807.229259580995,0.25610336622627505,3,True,False,0,True,False,1,141,0.14444444444444443,100
3584,5874,41.169034027777776,-8.591739361702128,0.4423488009660237,1,0,0.4423488009660237,2720.0148457043906,0.24814680019198407,3,True,False,0,True,False,1,141,0.1111111111111111,88
3585,5875,41.169034027777776,-8.590660638297873,0.4223720632702005,1,0,0.4223720632702005,2633.0146723206803,0.2402097793057158,3,True,False,0,True,False,1,148,0.07777777777777778,95
3586,5876,41.169034027777776,-8.589581914893618,0.43186317534393953,1,0,0.43186317534393953,2546.2507000159435,0.23229430703049342,3,True,False,0,True,False,1,148,0.05555555555555555,95
3587,5877,41.169034027777776,-8.588503191489362,0.3907659605230211,1,0,0.3907659605230211,2459.7479238627475,0.22440266366537043,3,True,False,0,True,False,1,148,0.15555555555555556,95
3588,5878,41.169034027777776,-8.587424468085107,0.39125966350290253,1,0,0.39125966350290253,2373.5349016962064,0.21653745454002554,3,True,False,0,True,False,1,143,0.2111111111111111,90
3589,5879,41.169034027777776,-8.586345744680852,0.39125966350290253,1,0,0.39125966350290253,2287.64439309593,0.20870166830904957,3,True,False,0,True,False,1,143,0.2111111111111111,81
3590,5880,41.169034027777776,-8.585267021276596,0.3921499012614857,1,0,0.3921499012614857,2202.1141360268884,0.20089874780484762,3,True,False,0,True,False,1,134,0.3111111111111111,72
3591,5881,41.169034027777776,-8.584188297872341,0.45308901728016904,1,0,0.45308901728016904,2116.9877954552535,0.19313267657980843,3,True,False,0,True,False,1,134,0.16666666666666666,72
3592,5882,41.169034027777776,-8.583109574468086,0.4537760361285927,1,0,0.4537760361285927,2032.3161278137675,0.185408085140414,3,True,False,0,True,False,1,128,0.23333333333333334,66
3593,5883,41.169034027777776,-8.58203085106383,0.5242916997133189,1,0,0.5242916997133189,1948.1584175674068,0.17773038200504362,3,True,False,0,True,False,1,128,0.08888888888888889,66
3594,5884,41.169034027777776,-8.580952127659575,0.4528602422195017,1,0,0.4528602422195017,1864.5842581817892,0.1701059161816208,3,True,False,0,True,False,1,136,0.14444444444444443,50
3595,5885,41.169034027777776,-8.57987340425532,0.3626221342391205,1,0,0.3626221342391205,1781.6757704985857,0.16254217954987618,2,True,False,0,True,False,1,136,0.36666666666666664,50
3596,5886,41.169034027777776,-8.578794680851065,0.5338312916351619,1,0.00648560304101529,0.5273456885941465,1699.5303780612023,0.15504806005415236,3,True,False,0,True,False,1,105,0.34444444444444444,19
3597,5887,41.169034027777776,-8.57771595744681,0.6257577689965244,1,0.009656193862051639,0.6161015751344727,1618.264292449482,0.14763415967029103,3,True,False,0,True,False,1,105,0.18888888888888888,19
3598,5888,41.169034027777776,-8.576637234042552,0.7610564001823864,1,0.014227516838584787,0.7468288833438016,1538.0169030327652,0.14031319488255603,3,True,False,0,True,False,1,91,0.15555555555555556,5
3599,5889,41.169034027777776,-8.575558510638297,0.8466756469807231,1,0.021302084330242933,0.8253735626504801,1458.956314419897,0.13310050186488334,3,True,False,0,True,False,1,91,0.05555555555555555,9
3600,5890,41.169034027777776,-8.574479787234042,0.8585547744769914,1,0.0323470799493639,0.8262076945276274,1381.28632816151,0.12601467342118494,3,True,False,0,True,False,1,87,0.1,5
3601,5891,41.169034027777776,-8.573401063829786,0.8748689449262502,1,0.048661250398622756,0.8262076945276274,1305.2552137377938,0.11907835916206556,3,True,True,1,True,False,1,87,0.1,5
3602,5892,41.169034027777776,-8.572322340425531,0.8986218762406808,1,0.07220551706091616,0.8264163591797646,1231.1666358734003,0.11231926240314223,3,True,False,0,True,False,1,86,0.1111111111111111,4
3603,5893,41.169034027777776,-8.571243617021276,0.46011119814280993,1,0.1049206968583436,0.35519050128446633,1159.3930555638697,0.10577136273992545,3,True,False,0,True,False,1,86,0.9555555555555556,4
3604,5925,41.16984930555555,-8.688824468085107,3.2430314634326174,1,1.0,2.2430314634326174,10775.137870114479,0.9830152171114167,2,True,False,0,True,True,1,4,0.044444444444444446,0
3605,5926,41.16984930555555,-8.687745744680852,3.145524057485624,1,1.0,2.145524057485624,10684.90659853532,0.9747834233199297,2,True,False,0,True,True,1,4,0.08888888888888889,0
3606,5927,41.16984930555555,-8.686667021276596,3.1433579556429647,1,1.0,2.1433579556429647,10594.67802993137,0.9665518761207177,2,True,False,0,True,True,1,8,0.044444444444444446,0
3607,5928,41.16984930555555,-8.685588297872341,2.757143264096705,1,0.6374685794673698,2.1196746846293353,10504.452233968466,0.9583205818693911,2,True,False,0,True,False,1,8,0.05555555555555555,0
3608,5929,41.16984930555555,-8.684509574468086,2.6177873860604604,1,0.6363185940631532,1.981468791997307,10414.2292827248,0.9500895471416393,3,True,False,0,False,False,0.55,11,0.08888888888888889,0
3609,5930,41.16984930555555,-8.68343085106383,2.6179368823205773,1,0.6374685794673698,1.9804683028532075,10324.009250795743,0.9418587787427939,3,True,False,0,False,False,0.10000000000000003,13,0.06666666666666667,0
3610,5931,41.16984930555555,-8.682352127659575,2.852741930952889,1,1.0,1.8527419309528892,10233.792215404172,0.9336282837178934,2,True,False,0,False,True,0.10000000000000003,13,0.13333333333333333,0
3611,5932,41.16984930555555,-8.68127340425532,2.254032775383924,1,0.6374685794677929,1.6165641959161312,10143.578256518062,0.9253980693624118,3,True,False,0,False,False,0,25,0.13333333333333333,12
3612,5933,41.16984930555555,-8.680194680851065,2.334873483766125,1,0.5283321689844902,1.806541314781635,10053.367456972317,0.9171681432333726,3,True,False,0,False,False,0.55,25,0.022222222222222223,-2
3613,5934,41.16984930555555,-8.67911595744681,2.402265202518271,1,0.6363185940631532,1.7659466084551179,9963.159902599393,0.908938513161266,3,True,False,0,False,False,0.10000000000000003,27,0.022222222222222223,0
3614,5935,41.16984930555555,-8.678037234042554,2.0398756673970704,1,0.5283321689844902,1.51154349841258,9872.955682364884,0.9007091872624178,3,True,False,0,False,False,0.10000000000000003,27,0.17777777777777778,0
3615,5936,41.16984930555555,-8.676958510638299,1.882647082752635,1,0.6363185940631532,1.2463284886894819,9782.754888512756,0.8924801739522402,3,True,False,0,False,False,0.10000000000000003,43,0.18888888888888888,0
3616,5937,41.16984930555555,-8.675879787234043,1.8965723966622088,1,0.6363185940631532,1.2602538025990555,9692.557616716504,0.8842514819590204,3,True,False,0,False,False,0.10000000000000003,43,0.17777777777777778,0
3617,5938,41.16984930555555,-8.674801063829788,2.1112866958288286,1,0.6363185940631532,1.4749681017656755,9602.363966240953,0.8760231203386829,3,True,False,0,False,False,0.10000000000000003,36,0.1,0
3618,5939,41.16984930555555,-8.673722340425533,2.2675604306284596,1,0.6374685794677929,1.6300918511606668,9512.174040111084,0.8677950984901909,3,True,False,0,False,False,0.10000000000000003,36,0,0
3619,5940,41.16984930555555,-8.672643617021278,2.4586702784372827,1,1.0,1.4586702784372825,9421.98794529268,0.8595674261720266,3,True,False,0,False,True,0.55,36,0.1111111111111111,0
3620,5941,41.16984930555555,-8.671564893617022,2.5119252495150874,1,1.0,1.5119252495150874,9331.805792881252,0.8513401135194273,3,True,False,0,True,True,1,26,0.18888888888888888,0
3621,5942,41.16984930555555,-8.670486170212767,1.8837970681572749,1,0.6374685794677929,1.2463284886894819,9241.627698304153,0.8431131710628239,3,True,False,0,True,False,1,43,0.18888888888888888,17
3622,5943,41.16984930555555,-8.669407446808512,1.7991620418421665,1,0.40636618981544237,1.392795852026724,9151.453781532437,0.8348866097471686,3,True,False,0,True,False,1,43,0.07777777777777778,17
3623,5944,41.16984930555555,-8.668328723404256,1.5173914507614,1,0.2590456777788266,1.2583457729825733,9061.284167307478,0.8266604409526102,3,True,False,0,True,False,1,49,0.1111111111111111,23
3624,5945,41.16984930555555,-8.667250000000001,1.451755509634485,1,0.165133480247962,1.286622029386523,8971.118985379053,0.8184346765162133,3,True,False,0,True,False,1,49,0.08888888888888889,23
3625,5946,41.16984930555555,-8.666171276595746,1.2419201598245468,1,0.06710466320717452,1.1748154966173723,8880.95837076004,0.810209328755195,3,True,False,0,True,False,1,57,0.08888888888888889,31
3626,5947,41.16984930555555,-8.66509255319149,1.2574131155785704,1,0.04277711434584621,1.2146360012327242,8790.802463994554,0.8019844104913875,3,True,False,0,True,False,1,57,0.05555555555555555,31
3627,5948,41.16984930555555,-8.664013829787235,1.2415983800235701,1,0.027269066328979838,1.2143293136945903,8700.651411444871,0.7937599350774122,3,True,False,0,True,False,1,58,0.044444444444444446,32
3628,5949,41.16984930555555,-8.66293510638298,1.1408442205363252,1,0.017383172986956567,1.1234610475493687,8610.505365594121,0.7855359164242969,3,True,False,0,True,False,1,58,0.12222222222222222,32
3629,5950,41.16984930555555,-8.661856382978725,1.068877490509669,1,0.008273674339392358,1.0606038161702767,8520.36448537031,0.7773123690310344,3,True,False,0,True,False,1,66,0.08888888888888889,40
3630,5951,41.16984930555555,-8.66077765957447,1.120294788811079,1,0.011489822674000543,1.1088049661370785,8430.228936488842,0.7690893080158316,3,True,False,0,True,False,1,66,0.044444444444444446,5
3631,5952,41.16984930555555,-8.659698936170214,1.1241203332766099,1,0.015595333042888355,1.1085250002337215,8340.098891819374,0.7608667491495777,3,True,False,0,True,False,1,67,0.03333333333333333,6
3632,5953,41.16984930555555,-8.658620212765959,1.0927609083811445,1,0.020577680368269728,1.0721832280128747,8249.97453177441,0.752644708891295,3,True,False,0,True,False,1,67,0.06666666666666667,6
3633,5954,41.16984930555555,-8.657541489361703,1.0277410386237915,1,0.026224738686645106,1.0015162999371463,8159.856044725706,0.7444232044261282,3,True,False,0,True,False,1,73,0.06666666666666667,12
3634,5955,41.16984930555555,-8.656462765957448,1.0921122034119821,1,0.03204391049019404,1.0600682929217882,8069.743627446319,0.7362022537056722,3,True,True,1,True,False,1,68,0.06666666666666667,7
3635,5956,41.16984930555555,-8.655384042553193,1.0856074159069506,1,0.03725246494380437,1.0483549509631462,7979.637485584594,0.7279818754912136,3,True,False,0,True,False,1,68,0.07777777777777778,7
3636,5957,41.16984930555555,-8.654305319148937,1.0091082794148656,1,0.04091469937934532,0.9681935800355204,7889.537834168337,0.7197620893997273,3,True,False,0,True,False,1,75,0.07777777777777778,14
3637,5958,41.16984930555555,-8.65322659574468,1.0321896770791228,1,0.04223984331307771,0.9899498337660451,7799.4448981458045,0.7115429159532297,3,True,False,0,True,False,1,75,0.05555555555555555,14
3638,5959,41.16984930555555,-8.652147872340425,1.088740311827629,1,0.04091469937934532,1.0478256124482839,7709.358912962931,0.7033243766314403,3,True,False,0,True,False,1,70,0.05555555555555555,9
3639,5960,41.16984930555555,-8.65106914893617,1.0620498802934177,1,0.03725246494381115,1.0247974153496067,7619.280125182127,0.6951064939282338,3,True,False,0,True,False,1,70,0.07777777777777778,9
3640,5961,41.16984930555555,-8.649990425531914,1.0568413258398006,1,0.03204391049019404,1.0247974153496067,7529.208793144459,0.6868892914120508,3,True,False,0,True,False,1,70,0.07777777777777778,9
3641,5962,41.16984930555555,-8.64891170212766,1.0510221540362603,1,0.026224738686653714,1.0247974153496067,7439.145187681181,0.6786727937908115,3,True,False,0,True,False,1,70,0.07777777777777778,9
3642,5963,41.16984930555555,-8.647832978723404,1.0453750957178765,1,0.020577680368269728,1.0247974153496067,7349.089592875233,0.6704570269813863,3,True,True,1,True,False,1,70,0.07777777777777778,9
3643,5964,41.16984930555555,-8.646754255319149,1.0411694042214659,1,0.015595333042895074,1.0255740711785708,7259.042306881362,0.6622420181844159,3,True,False,0,True,False,1,67,0.1111111111111111,6
3644,5965,41.16984930555555,-8.645675531914893,1.0718258434117474,1,0.011489822674000543,1.0603360207377468,7169.003642805425,0.65402779596453,3,True,False,0,True,False,1,67,0.07777777777777778,6
3645,5966,41.16984930555555,-8.644596808510638,1.0678067144106953,1,0.00827367433939648,1.0595330400712988,7078.973929652686,0.64581439033686,3,True,False,0,True,False,1,70,0.044444444444444446,9
3646,5967,41.16984930555555,-8.643518085106383,1.089190387784066,1,0.005848607259417046,1.083341780524649,6988.95351334673,0.637601832859995,3,True,False,0,True,False,1,70,0.022222222222222223,9
3647,5968,41.16984930555555,-8.642439361702127,1.018058591695568,1,0.004072804103989202,1.0139857875915788,6898.942757829878,0.6293901567363724,3,True,False,0,True,False,1,68,0.1111111111111111,7
3648,5969,41.16984930555555,-8.641360638297872,0.9078676585040594,1,0.0028017173178972146,0.9050659411861621,6808.942046248149,0.6211793969203817,3,True,False,0,False,False,0.55,78,0.1111111111111111,17
3649,5970,41.16984930555555,-8.640281914893617,0.9069740206104371,1,0.0019080794242749995,0.9050659411861621,6718.9517822329135,0.6129695902352901,3,True,False,0,True,False,1,78,0.1111111111111111,17
3650,5971,41.16984930555555,-8.639203191489361,0.9068118988118713,1,0.0012887381652682607,0.905523160646603,6628.972391284849,0.6047607754995,3,True,False,0,True,False,1,76,0.13333333333333333,15
3651,5972,41.16984930555555,-8.638124468085106,0.9063875920032678,1,0.000864431356664777,0.905523160646603,6539.004322271455,0.5965529936631683,3,True,False,0,True,False,1,76,0.13333333333333333,15
3652,5973,41.16984930555555,-8.63704574468085,0.8846347206782768,1,0.0005764692479550183,0.8840582514303217,6449.0480490503605,0.5883462879562993,3,True,False,0,True,False,1,83,0.07777777777777778,22
3653,5974,41.16984930555555,-8.635967021276596,0.9246185060349495,1,0.0003825523307940058,0.9242359537041556,6359.104072227417,0.5801407040491368,3,True,False,0,True,False,1,83,0.03333333333333333,22
3654,5975,41.16984930555555,-8.63488829787234,0.9037202985075469,1,0.00025280817039936506,0.9034674903371475,6269.1729210672065,0.5719362902264582,3,True,False,0,True,False,1,85,0.03333333333333333,24
3655,5976,41.16984930555555,-8.633809574468085,0.8837783401232029,1,0.0001664700272128527,0.8836118700959901,6179.255155566922,0.5637330975767759,3,True,True,1,True,False,1,85,0.05555555555555555,24
3656,5977,41.16984930555555,-8.63273085106383,0.8837211497734376,1,0.00010927967744753708,0.8836118700959901,6089.351368714796,0.5555311801983729,3,True,False,0,True,False,1,85,0.05555555555555555,24
3657,5978,41.16984930555555,-8.631652127659574,0.8836834149892674,1,7.154489327728437e-05,0.8836118700959901,5999.462188947745,0.5473305954235131,3,True,False,0,True,False,1,85,0.05555555555555555,24
3658,5979,41.16984930555555,-8.630573404255319,0.7897337171046931,1,4.07917050964142e-05,0.7896929253995967,5909.588282833688,0.5391314040631503,3,True,False,0,True,False,1,90,0.1111111111111111,29
3659,5980,41.16984930555555,-8.629494680851064,0.8446038571830373,1,4.3769888210329885e-05,0.844560087294827,5819.7303579981,0.5309336706739164,3,True,False,0,True,False,1,88,0.06666666666666667,8
3660,5981,41.16984930555555,-8.628415957446808,0.8635842192976388,1,4.604339661960393e-05,0.8635381759010192,5729.889166325743,0.5227374638502155,3,True,False,0,True,False,1,88,0.044444444444444446,8
3661,5982,41.16984930555555,-8.627337234042553,0.8160948771653352,1,4.746966833736377e-05,0.8160474074969979,5640.0655074634415,0.5145428565437821,3,True,False,0,True,False,1,92,0.05555555555555555,12
3662,5983,41.16984930555555,-8.626258510638298,0.8344327442291044,1,4.7955840786861064e-05,0.8343847883883175,5550.26023266205,0.5063499264141834,3,True,False,0,True,False,1,92,0.03333333333333333,12
3663,5984,41.16984930555555,-8.625179787234043,0.8443943111399584,1,4.746966833736234e-05,0.8443468414716211,5460.47424899169,0.4981587562133753,3,True,False,0,True,False,1,89,0.05555555555555555,9
3664,5985,41.16984930555555,-8.624101063829787,0.8443928848682407,1,4.604339661960393e-05,0.8443468414716211,5370.708523977851,0.4899694342086532,3,True,False,0,False,False,0.55,89,0.05555555555555555,9
3665,5986,41.16984930555555,-8.623022340425532,0.7725765725796249,1,4.3769888210325914e-05,0.7725328026914146,5280.964090703256,0.4817820546480955,3,True,False,0,True,False,1,89,0.14444444444444443,9
3666,5987,41.16984930555555,-8.621943617021277,0.6664788491107608,1,4.07917050964142e-05,0.6664380574056644,5191.2420534355515,0.4735967182739768,3,True,False,0,True,False,1,102,0.14444444444444443,22
3667,5988,41.16984930555555,-8.620864893617021,0.6814508554178518,1,3.728508628696936e-05,0.6814135703315648,5101.543593840146,0.46541353288956555,3,True,False,0,True,False,1,102,0.12222222222222222,22
3668,5989,41.16984930555555,-8.619786170212766,0.6370178494765709,1,3.344151702348459e-05,0.6369844079595475,5011.869977854856,0.4572326139862969,3,True,False,0,True,False,1,105,0.15555555555555556,25
3669,5990,41.16984930555555,-8.61870744680851,0.6586045164976924,1,2.944972397908699e-05,0.6585750667737132,4922.222563304977,0.4490540854384955,3,True,False,0,True,False,1,105,0.12222222222222222,25
3670,5991,41.16984930555555,-8.617628723404255,0.5811909183765516,1,4.61829306445076e-07,0.5811904565472451,4832.602808357852,0.4408780802746856,3,True,False,0,True,False,1,116,0.12222222222222222,36
3671,5992,41.16984930555555,-8.61655,0.5497831356175072,1,5.200083948273359e-07,0.5497826156091125,4743.012280921622,0.43270474153503785,3,True,False,0,False,False,0.55,116,0.17777777777777778,36
3672,5993,41.16984930555555,-8.615471276595745,0.4533179079129787,1,0,0.4533179079129787,4653.452669117664,0.4245342232267699,3,True,False,0,True,False,1,132,0.18888888888888888,52
3673,5994,41.16984930555555,-8.61439255319149,0.5128987777146706,1,0,0.5128987777146706,4563.925792967055,0.41636669139030136,3,True,False,0,False,False,0.55,127,0.12222222222222222,47
3674,5995,41.16984930555555,-8.613313829787234,0.5072314458893005,1,0,0.5072314458893005,4474.43361746238,0.40820232529179445,3,True,False,0,True,False,1,127,0.13333333333333333,47
3675,5996,41.16984930555555,-8.612235106382979,0.5499226724075642,1,1.205273590808226e-06,0.5499214671339734,4384.978267214418,0.40004131875937,3,True,False,0,True,False,1,115,0.18888888888888888,35
3676,5997,41.16984930555555,-8.611156382978724,0.5499226113555886,1,1.1442216151904002e-06,0.5499214671339734,4295.5620429031005,0.3918838816839278,3,True,False,0,True,False,1,115,0.18888888888888888,32
3677,5998,41.16984930555555,-8.610077659574468,0.5426104410232598,1,0,0.5426104410232598,4206.1874397910215,0.3837302417081329,3,True,False,0,True,False,1,124,0.1,41
3678,5999,41.16984930555555,-8.608998936170213,0.5306854221697046,1,0,0.5306854221697046,4116.857168610467,0.37558064613193803,3,True,False,0,True,False,1,124,0.12222222222222222,41
3679,6000,41.16984930555555,-8.607920212765958,0.46832824131156264,1,0,0.46832824131156264,4027.574179179426,0.3674353640670712,3,True,False,0,True,False,1,135,0.12222222222222222,52
3680,6001,41.16984930555555,-8.606841489361702,0.4381243410345399,1,0,0.4381243410345399,3938.3416871736645,0.35929468887945015,3,True,False,0,True,False,1,135,0.18888888888888888,52
3681,6002,41.16984930555555,-8.605762765957447,0.46868316985942504,1,0,0.46868316985942504,3849.1632045494935,0.3511589409646502,3,True,False,0,True,False,1,132,0.15555555555555556,49
3682,6003,41.16984930555555,-8.604684042553192,0.463504403287988,1,0,0.463504403287988,3760.0425742117645,0.343028470910663,3,True,False,0,True,False,1,132,0.16666666666666666,49
3683,6004,41.16984930555555,-8.603605319148937,0.5424734354840248,1,0,0.5424734354840248,3670.9840096238495,0.3349036631115132,3,True,False,0,True,False,1,125,0.08888888888888889,42
3684,6005,41.16984930555555,-8.602526595744681,0.5424734354840248,1,0,0.5424734354840248,3581.9921401991164,0.32678493990831997,3,True,False,0,True,False,1,125,0.08888888888888889,42
3685,6006,41.16984930555555,-8.601447872340426,0.5304174669003826,1,0,0.5304174669003826,3493.072063468636,0.31867276634855385,3,True,False,0,True,False,1,126,0.1,43
3686,6007,41.16984930555555,-8.60036914893617,0.5240269727814473,1,0,0.5240269727814473,3404.229405228569,0.31056765567327976,3,True,False,0,True,False,1,130,0.06666666666666667,93
3687,6008,41.16984930555555,-8.599290425531915,0.5417889265080491,1,0,0.5417889265080491,3315.4703891083177,0.3024701756638553,3,True,False,0,True,False,1,130,0.03333333333333333,89
3688,6009,41.16984930555555,-8.59821170212766,0.5012468595306152,1,0,0.5012468595306152,3226.801917312561,0.29438095600802205,3,True,False,0,True,False,1,130,0.1111111111111111,89
3689,6010,41.16984930555555,-8.597132978723405,0.42322620264224436,1,0,0.42322620264224436,3138.2316646583217,0.286300696878902,3,True,False,0,True,False,1,140,0.16666666666666666,99
3690,6011,41.16984930555555,-8.59605425531915,0.42322620264224436,1,0,0.42322620264224436,3049.7681885052666,0.2782301789639324,3,True,False,0,True,False,1,140,0.16666666666666666,99
3691,6012,41.16984930555555,-8.594975531914894,0.47356090495695474,1,0,0.47356090495695474,2961.421057755578,0.270170275233517,3,True,False,0,True,False,1,135,0.1111111111111111,94
3692,6013,41.16984930555555,-8.593896808510639,0.48420228021243056,1,0,0.48420228021243056,2873.2010048455904,0.2621219648072142,3,True,False,0,True,False,1,135,0.08888888888888889,82
3693,6014,41.16984930555555,-8.592818085106384,0.42311934083176744,1,0,0.42311934083176744,2785.1201055751394,0.2540863493595586,3,True,False,0,True,False,1,141,0.15555555555555556,88
3694,6015,41.16984930555555,-8.591739361702128,0.4423488009660237,1,0,0.4423488009660237,2697.1919928132124,0.24606467261641504,3,True,False,0,True,False,1,141,0.1111111111111111,88
3695,6016,41.16984930555555,-8.590660638297873,0.377955128538182,1,0,0.377955128538182,2609.432111622916,0.2380583436300153,3,True,False,0,False,False,0.55,148,0.18888888888888888,95
3696,6017,41.16984930555555,-8.589581914893618,0.441567561959794,1,0,0.441567561959794,2521.8580253002283,0.23006896469885582,3,True,False,0,True,False,1,148,0.03333333333333333,95
3697,6018,41.16984930555555,-8.588503191489362,0.43186317534393953,1,0,0.43186317534393953,2434.489784322462,0.22209836502684543,3,True,False,0,True,False,1,148,0.05555555555555555,86
3698,6019,41.16984930555555,-8.587424468085107,0.45711134116475577,1,0,0.45711134116475577,2347.350373470993,0.21414864151428606,3,True,False,0,True,False,1,143,0.05555555555555555,81
3699,6020,41.16984930555555,-8.586345744680852,0.4372401347940185,1,0,0.4372401347940185,2260.4662566439474,0.20622220846110376,3,True,True,1,True,False,1,143,0.1,81
3700,6021,41.16984930555555,-8.585267021276596,0.47897297101301683,1,0,0.47897297101301683,2173.8680444791457,0.19832185847405168,3,True,False,0,True,False,1,134,0.1111111111111111,72
3701,6022,41.16984930555555,-8.584188297872341,0.4952078142354369,1,0,0.4952078142354369,2087.5913172930473,0.19045083754338363,3,True,False,0,True,False,1,134,0.07777777777777778,72
3702,6023,41.16984930555555,-8.583109574468086,0.49595869781303653,1,0,0.49595869781303653,2001.6776456694213,0.18261293815110047,3,True,False,0,True,False,1,128,0.14444444444444443,42
3703,6024,41.16984930555555,-8.58203085106383,0.5127692741734537,1,0,0.5127692741734537,1916.1758641279744,0.17481261546766685,3,True,False,0,True,False,1,128,0.1111111111111111,42
3704,6025,41.16984930555555,-8.580952127659575,0.4787311265490763,1,0,0.4787311265490763,1831.1436708711606,0.16705513329682214,3,True,False,0,True,False,1,136,0.08888888888888889,50
3705,6026,41.16984930555555,-8.57987340425532,0.37077060715145,1,0,0.37077060715145,1746.649650197614,0.15934674858024306,3,True,False,0,True,False,1,136,0.34444444444444444,50
3706,6027,41.16984930555555,-8.578794680851065,0.532559200212625,1,0.005213511618478545,0.5273456885941465,1662.7758459291276,0.1516949461711412,3,True,False,0,True,False,1,105,0.34444444444444444,19
3707,6028,41.16984930555555,-8.57771595744681,0.6447960897329884,1,0.007811681773440899,0.6369844079595475,1579.6210568441606,0.1441087394764751,3,True,False,0,True,False,1,105,0.15555555555555556,23
3708,6029,41.16984930555555,-8.576637234042552,0.687584403673524,1,0.011825685154039605,0.6757587185194844,1497.3050820845165,0.13659905776516074,3,True,False,0,True,False,1,91,0.25555555555555554,9
3709,6030,41.16984930555555,-8.575558510638297,0.7899085992172565,1,0.017765866097300836,0.7721427331199557,1415.9742196373866,0.12917924779427684,3,True,False,0,True,False,1,91,0.12222222222222222,9
3710,6031,41.16984930555555,-8.574479787234042,0.7993415712707114,1,0.026418501953246652,0.7729230693174647,1335.8084176952668,0.12186572622722458,3,True,False,0,False,False,0.55,87,0.16666666666666666,5
3711,6032,41.16984930555555,-8.573401063829786,0.912147614385392,1,0.03874053756584684,0.8734070768195452,1257.030597556854,0.11467883016144799,3,True,False,0,True,False,1,87,0.044444444444444446,5
3712,6033,41.16984930555555,-8.572322340425531,0.9293391127992857,1,0.05571145078661577,0.87362766201267,1179.918799720688,0.10764392521586838,3,True,False,0,True,False,1,86,0.05555555555555555,86
3713,6034,41.16984930555555,-8.571243617021276,0.4331049346641487,1,0.07791443337968237,0.35519050128446633,1104.8219227710222,0.1007928413885502,3,True,False,0,True,False,1,86,0.9555555555555556,86
3714,6067,41.170664583333334,-8.687745744680852,2.782454477951016,1,0.6374721510665998,2.144982326884416,10679.828469453641,0.9743201458916574,2,True,False,0,True,False,1,5,0.07777777777777778,1
3715,6068,41.170664583333334,-8.686667021276596,2.959079553690949,1,1.0,1.9590795536909489,10589.557760760285,0.9660847542544774,2,True,False,0,True,True,1,12,0.08888888888888889,0
3716,6069,41.170664583333334,-8.685588297872341,2.6855857869701505,1,0.6374721510661766,2.0481136359039738,10499.289091933175,0.9578495487141796,3,True,False,0,False,False,0.55,12,0.044444444444444446,0
3717,6070,41.170664583333334,-8.684509574468086,2.3868390462451723,1,0.4063707433919649,1.9804683028532075,10409.02251605661,0.9496145341136413,3,True,False,0,False,False,0.10000000000000003,13,0.06666666666666667,2
3718,6071,41.170664583333334,-8.68343085106383,2.3376148311651948,1,0.5283342579015046,1.80928057326369,10318.758088071003,0.9413797154650734,3,True,False,0,False,False,0,19,0.08888888888888889,6
3719,6072,41.170664583333334,-8.682352127659575,2.486255465853622,1,0.6363185940631532,1.8499368717904685,10228.495864854249,0.9331450979574429,3,True,False,0,False,False,0.55,19,0.06666666666666667,6
3720,6073,41.170664583333334,-8.68127340425532,2.1448984538178832,1,0.5283342579017519,1.6165641959161312,10138.235905308835,0.9249106869644205,3,True,False,0,False,False,0.55,25,0.13333333333333333,12
3721,6074,41.170664583333334,-8.680194680851065,2.171637645918236,1,0.36509633113660067,1.806541314781635,10047.978270451524,0.9166764880525619,3,True,True,1,True,False,1,25,0.022222222222222223,-2
3722,6075,41.170664583333334,-8.67911595744681,2.2109865282262517,1,0.4049013531505079,1.8060851750757438,9957.72302351014,0.908442506990138,3,True,False,0,False,False,0.55,26,0.011111111111111112,-1
3723,6076,41.170664583333334,-8.678037234042554,1.876136386631476,1,0.3642111371163886,1.5119252495150874,9867.470230023462,0.9002087497562479,3,True,False,0,False,False,0.55,26,0.18888888888888888,-1
3724,6077,41.170664583333334,-8.676958510638299,1.9164448515630879,1,0.4049013531505079,1.51154349841258,9777.219957948782,0.8919752225506314,3,True,False,0,False,False,0.55,27,0.17777777777777778,-16
3725,6078,41.170664583333334,-8.675879787234043,1.9164448515630879,1,0.4049013531505079,1.51154349841258,9686.97227777335,0.8837419318038364,3,True,False,0,False,False,0.55,27,0.17777777777777778,-16
3726,6079,41.170664583333334,-8.674801063829788,1.8798694549161834,1,0.4049013531505079,1.4749681017656755,9596.727262634198,0.8755088841881502,3,True,False,0,False,False,0.55,36,0.1,0
3727,6080,41.170664583333334,-8.673722340425533,2.1584261090624186,1,0.5283342579017519,1.6300918511606668,9506.484988442648,0.8672760866289583,3,True,False,0,False,False,0.55,36,0,0
3728,6081,41.170664583333334,-8.672643617021278,2.0949888725004358,1,0.6363185940631532,1.4586702784372825,9416.24553401812,0.859043546316952,3,True,True,1,True,False,1,36,0.1111111111111111,0
3729,6082,41.170664583333334,-8.671564893617022,1.9695775163722478,1,0.6363185940631532,1.3332589223090947,9326.008981227502,0.8508112707208428,3,True,False,0,True,False,1,40,0.15555555555555556,14
3730,6083,41.170664583333334,-8.670486170212767,1.8918970986982027,1,0.5283342579017519,1.3635628407964508,9235.775415134874,0.842579267601022,3,True,False,0,True,False,1,39,0.14444444444444443,13
3731,6084,41.170664583333334,-8.669407446808512,1.759299758437245,1,0.36509633113660067,1.3942034273006443,9145.544924157874,0.8343475450238255,3,True,False,0,True,False,1,39,0.12222222222222222,13
3732,6085,41.170664583333334,-8.668328723404256,1.471037715144798,1,0.24065750897915208,1.230380206165646,9055.317600235561,0.8261161113768487,3,True,False,0,True,False,1,50,0.12222222222222222,24
3733,6086,41.170664583333334,-8.667250000000001,1.442459784286648,1,0.15616261843315074,1.2862971658534972,8965.09353900423,0.8178849753849853,3,True,False,0,True,False,1,50,0.07777777777777778,24
3734,6087,41.170664583333334,-8.666171276595746,1.2394474447608983,1,0.06463194814352612,1.1748154966173723,8874.872839986096,0.8096541461276411,3,True,False,0,True,False,1,57,0.08888888888888889,31
3735,6088,41.170664583333334,-8.66509255319149,1.2560561936573134,1,0.04142019242458909,1.2146360012327242,8784.655606787375,0.8014236330568056,3,True,False,0,True,False,1,57,0.05555555555555555,31
3736,6089,41.170664583333334,-8.664013829787235,1.1740565149497562,1,0.026509925878441826,1.1475465890713143,8694.441947310868,0.7931934460164451,3,True,False,0,True,False,1,62,0.05555555555555555,36
3737,6090,41.170664583333334,-8.66293510638298,1.139278895065843,1,0.016952083712410644,1.1223268113534324,8604.231973979688,0.7849635952629138,3,True,False,0,True,False,1,62,0.07777777777777778,36
3738,6091,41.170664583333334,-8.661856382978725,0.9975213615820455,1,0.006070466945282689,0.9914508946367628,8514.025803977336,0.7767340914868559,3,True,False,0,True,False,1,69,0.12222222222222222,43
3739,6092,41.170664583333334,-8.66077765957447,1.0918683418470856,1,0.008252955621018057,1.0836153862260676,8423.823559500994,0.7685049458363133,3,True,False,0,True,False,1,69,0.03333333333333333,43
3740,6093,41.170664583333334,-8.659698936170214,1.0704861974360917,1,0.010953157364793012,1.0595330400712988,8333.625368033407,0.7602761699415298,3,True,False,0,True,False,1,70,0.044444444444444446,9
3741,6094,41.170664583333334,-8.658620212765959,1.0854942373475789,1,0.014122961759356414,1.0713712755882225,8243.431362630336,0.7520477759411748,3,True,False,0,True,False,1,70,0.03333333333333333,9
3742,6095,41.170664583333334,-8.657541489361703,1.077128469549393,1,0.017595429478094123,1.0595330400712988,8153.241682229256,0.7438197765105063,3,True,False,0,True,False,1,70,0.044444444444444446,9
3743,6096,41.170664583333334,-8.656462765957448,1.0112576081845845,1,0.02105775552006617,0.9901998526645184,8063.056471976508,0.7355921848912167,3,True,False,0,True,False,1,74,0.06666666666666667,13
3744,6097,41.170664583333334,-8.655384042553193,1.0142676047444579,1,0.024067752079939404,0.9901998526645184,7972.875883578736,0.7273650149234946,3,True,False,0,True,False,1,74,0.06666666666666667,13
3745,6098,41.170664583333334,-8.654305319148937,1.0388441872696619,1,0.02613787684270941,1.0127063104269525,7882.700075676225,0.7191382810800843,3,True,False,0,True,False,1,73,0.05555555555555555,12
3746,6099,41.170664583333334,-8.65322659574468,1.062340806319636,1,0.026877997710425493,1.0354628086092106,7792.529214244098,0.7109119985028864,3,True,False,0,True,False,1,73,0.03333333333333333,12
3747,6100,41.170664583333334,-8.652147872340425,1.06160068545192,1,0.02613787684270941,1.0354628086092106,7702.363473020072,0.7026861830419836,3,True,False,0,True,False,1,73,0.03333333333333333,12
3748,6101,41.170664583333334,-8.65106914893617,1.0480890997534003,1,0.02406775207994325,1.024021347673457,7612.203033963357,0.6944608512975039,3,True,False,0,True,False,1,73,0.044444444444444446,12
3749,6102,41.170664583333334,-8.649990425531914,0.9674951024004583,1,0.02105775552006617,0.9464373468803922,7522.04808774559,0.6862360206644103,3,True,False,0,True,False,1,77,0.07777777777777778,16
3750,6103,41.170664583333334,-8.64891170212766,0.9640327763584915,1,0.017595429478099327,0.9464373468803922,7431.898834278891,0.6780117093806737,3,True,False,0,False,False,0.55,77,0.07777777777777778,16
3751,6104,41.170664583333334,-8.647832978723404,0.9295324017595449,1,0.014122961759356414,0.9154094400001884,7341.75548328059,0.6697879365787945,3,True,False,0,True,False,1,77,0.1111111111111111,16
3752,6105,41.170664583333334,-8.646754255319149,0.9902116871361575,1,0.010953157364797359,0.9792585297713601,7251.618254882121,0.661564722341351,3,True,False,0,True,False,1,74,0.07777777777777778,13
3753,6106,41.170664583333334,-8.645675531914893,0.9875114853923781,1,0.008252955621018057,0.9792585297713601,7161.487380281499,0.6533420877605249,3,True,False,0,True,False,1,74,0.07777777777777778,13
3754,6107,41.170664583333334,-8.644596808510638,1.053631510372769,1,0.006070466945285536,1.0475610434274834,7071.3631024476945,0.6451200550023616,3,True,False,0,True,False,1,71,0.044444444444444446,10
3755,6108,41.170664583333334,-8.643518085106383,1.0636422523459534,1,0.004376737343317784,1.0592655150026355,6981.245676877115,0.6368986473757839,3,True,False,0,True,False,1,71,0.03333333333333333,10
3756,6109,41.170664583333334,-8.642439361702127,1.0168333931004994,1,0.003103630198278996,1.0137297629022204,6891.135372411406,0.6286778894071999,3,True,False,0,True,False,1,69,0.1,8
3757,6110,41.170664583333334,-8.641360638297872,0.9923705157698033,1,0.0021706631052849546,0.9901998526645184,6801.032472117731,0.6204578069208109,3,True,False,0,True,False,1,74,0.06666666666666667,13
3758,6111,41.170664583333334,-8.640281914893617,0.9074813564995436,1,0.0015007454152574891,0.9059806110842862,6710.937274241744,0.6122384271255509,3,True,False,0,False,False,0.55,74,0.15555555555555556,13
3759,6112,41.170664583333334,-8.639203191489361,0.7727470614328389,1,1.9150066443739834e-05,0.7727279113663952,6620.850093236564,0.6040197787089603,3,True,False,0,True,False,1,88,0.15555555555555556,27
3760,6113,41.170664583333334,-8.638124468085106,0.7901054916571015,1,1.3630713877904126e-05,0.7900918609432236,6530.771260876549,0.5958018919387947,3,True,False,0,True,False,1,88,0.13333333333333333,27
3761,6114,41.170664583333334,-8.63704574468085,0.9046228967155154,1,0.00047070198495293434,0.9041521947305625,6440.701127465395,0.5875847987732408,3,True,False,0,True,False,1,82,0.06666666666666667,21
3762,6115,41.170664583333334,-8.635967021276596,0.9247849768118523,1,0.00031560071881136365,0.924469376093041,6350.640063144461,0.5793685329802735,3,True,False,0,True,False,1,82,0.044444444444444446,21
3763,6116,41.170664583333334,-8.63488829787234,0.883599299945031,1,0.00021053598851828782,0.8833887639565127,6260.588459315618,0.5711531302674633,3,True,False,0,True,False,1,86,0.044444444444444446,25
3764,6117,41.170664583333334,-8.633809574468085,0.8641142503994427,1,0.0001398339540734981,0.8639744164453692,6170.546730185774,0.5629386284228832,3,True,False,0,True,False,1,86,0.06666666666666667,25
3765,6118,41.170664583333334,-8.63273085106383,0.9250289204341723,1,9.252269099890297e-05,0.9249363977431734,6080.515314450094,0.5547250674686679,3,True,False,0,True,False,1,80,0.06666666666666667,19
3766,6119,41.170664583333334,-8.631652127659574,0.8847892623128761,1,6.101602910044364e-05,0.8847282462837757,5990.494677123867,0.5465124898281363,3,True,False,0,True,False,1,80,0.1111111111111111,19
3767,6120,41.170664583333334,-8.630573404255319,0.8843216481696259,1,4.012151598536689e-05,0.8842815266536406,5900.485311543305,0.5383009405083226,3,True,False,0,True,False,1,82,0.08888888888888889,21
3768,6121,41.170664583333334,-8.629494680851064,0.8637842301309007,1,2.7961498144795493e-05,0.8637562686327559,5810.487741548907,0.530090467299166,3,True,False,0,False,False,0.55,87,0.05555555555555555,7
3769,6122,41.170664583333334,-8.628415957446808,0.8637856186045506,1,2.9349971794753768e-05,0.8637562686327559,5720.502523875842,0.5218811209915845,3,True,True,1,True,False,1,87,0.05555555555555555,7
3770,6123,41.170664583333334,-8.627337234042553,0.8633503574447212,1,3.0219208469686466e-05,0.8633201382362515,5630.530250769811,0.5136729556161197,3,True,False,0,True,False,1,89,0.03333333333333333,9
3771,6124,41.170664583333334,-8.626258510638298,0.8443773566648077,1,3.051519318661183e-05,0.8443468414716211,5540.571552858261,0.505466028704878,3,True,False,0,True,False,1,89,0.05555555555555555,9
3772,6125,41.170664583333334,-8.625179787234043,0.7977402631562368,1,3.0219208469685663e-05,0.7977100439477671,5450.627102301723,0.4972604015790264,3,True,False,0,False,False,0.55,94,0.05555555555555555,14
3773,6126,41.170664583333334,-8.624101063829787,0.7977393939195618,1,2.9349971794753768e-05,0.7977100439477671,5360.697616262306,0.48905613966522343,3,True,False,0,False,False,0.55,94,0.05555555555555555,14
3774,6127,41.170664583333334,-8.623022340425532,0.7715859595206337,1,2.796149814479311e-05,0.7715579980224889,5270.783860722387,0.48085331284399807,3,True,False,0,True,False,1,94,0.08888888888888889,14
3775,6128,41.170664583333334,-8.621943617021277,0.772168870176498,1,2.6137056542317023e-05,0.7721427331199557,5180.886654700079,0.47265199583432627,3,True,False,0,False,False,0.55,91,0.12222222222222222,11
3776,6129,41.170664583333334,-8.620864893617021,0.7468528635830051,1,2.3980239203509584e-05,0.7468288833438016,5091.006874905525,0.4644522686184247,3,True,False,0,True,False,1,91,0.15555555555555556,11
3777,6130,41.170664583333334,-8.619786170212766,0.6370060125348334,1,2.1604575285854936e-05,0.6369844079595475,5001.145460897334,0.45625421691217183,3,True,False,0,True,False,1,105,0.15555555555555556,25
3778,6131,41.170664583333334,-8.61870744680851,0.65859418999478,1,1.912322106683938e-05,0.6585750667737132,4911.30342079799,0.44805793268652505,3,True,False,0,True,False,1,105,0.12222222222222222,25
3779,6132,41.170664583333334,-8.617628723404255,0.5944012517527718,1,7.968127660278001e-07,0.5944004549400058,4821.481837644823,0.4398635147469183,3,True,False,0,True,False,1,115,0.1111111111111111,35
3780,6133,41.170664583333334,-8.61655,0.5499222814095722,1,8.142755988294868e-07,0.5499214671339734,4731.681876455378,0.4316710693778364,3,True,False,0,True,False,1,115,0.18888888888888888,35
3781,6134,41.170664583333334,-8.615471276595745,0.5493666430162234,1,3.716625633024864e-07,0.5493662713536601,4641.90479210728,0.4234807110616937,3,True,False,0,True,False,1,119,0.14444444444444443,39
3782,6135,41.170664583333334,-8.61439255319149,0.5497830219904368,1,4.063813243990952e-07,0.5497826156091125,4552.151938138975,0.41529256328172615,3,True,False,0,True,False,1,116,0.17777777777777778,36
3783,6136,41.170664583333334,-8.613313829787234,0.549783054075741,1,4.38466628561862e-07,0.5497826156091125,4462.424776603769,0.4071067594209738,3,True,True,1,True,False,1,116,0.17777777777777778,36
3784,6137,41.170664583333334,-8.612235106382979,0.4533179079129787,1,0,0.4533179079129787,4372.724889121738,0.3989234437705466,3,True,False,0,True,False,1,132,0.18888888888888888,52
3785,6138,41.170664583333334,-8.611156382978724,0.4533179079129787,1,0,0.4533179079129787,4283.053989307054,0.3907427726633684,3,True,False,0,True,False,1,132,0.18888888888888888,49
3786,6139,41.170664583333334,-8.610077659574468,0.49595869781303653,1,0,0.49595869781303653,4193.413936768847,0.38256491575147455,3,True,False,0,True,False,1,128,0.14444444444444443,45
3787,6140,41.170664583333334,-8.608998936170213,0.5301496469278361,1,0,0.5301496469278361,4103.806752926858,0.37439005744887366,3,True,False,0,True,False,1,128,0.07777777777777778,45
3788,6141,41.170664583333334,-8.607920212765958,0.5302835400062827,1,0,0.5302835400062827,4014.234638916086,0.3662183985649867,3,True,False,0,True,False,1,127,0.08888888888888889,44
3789,6142,41.170664583333334,-8.606841489361702,0.5244241133253726,1,0,0.5244241133253726,3924.6999959128175,0.3580501581589903,3,True,False,0,True,False,1,127,0.1,44
3790,6143,41.170664583333334,-8.605762765957447,0.5314906223424098,1,5.219004248994121e-07,0.531490100441985,3835.20544826586,0.34988557565007733,3,True,False,0,True,False,1,118,0.18888888888888888,35
3791,6144,41.170664583333334,-8.604684042553192,0.5495055396282318,1,5.219004248994121e-07,0.5495050177278069,3745.7538698975777,0.3417249132260223,3,True,False,0,True,False,1,118,0.15555555555555556,35
3792,6145,41.170664583333334,-8.603605319148937,0.5496443173990848,1,5.182557437768265e-07,0.549643799143341,3656.348414518765,0.3335684585996821,3,True,False,0,True,False,1,117,0.16666666666666666,34
3793,6146,41.170664583333334,-8.602526595744681,0.5875362586198254,1,5.074840234498274e-07,0.5875357511358019,3566.9925503167765,0.3254165281735925,3,True,False,0,True,False,1,117,0.1,34
3794,6147,41.170664583333334,-8.601447872340426,0.5548034266773281,1,0,0.5548034266773281,3477.690099898841,0.3172694706839944,3,True,False,0,False,False,0.55,124,0.07777777777777778,41
3795,6148,41.170664583333334,-8.60036914893617,0.5605774427303164,1,0,0.5605774427303164,3388.4452864417744,0.3091276714110693,3,True,False,0,True,False,1,127,0.03333333333333333,86
3796,6149,41.170664583333334,-8.599290425531915,0.5605774427303164,1,0,0.5605774427303164,3299.2627871894247,0.30099155705950825,3,True,True,1,True,False,1,127,0.03333333333333333,86
3797,6150,41.170664583333334,-8.59821170212766,0.5016267358743428,1,0,0.5016267358743428,3210.147795693859,0.292861601436772,3,True,False,0,True,False,1,127,0.14444444444444443,86
3798,6151,41.170664583333334,-8.597132978723405,0.5018801466978886,1,0,0.5018801466978886,3121.1060944947894,0.2847383320836307,3,True,False,0,True,False,1,125,0.16666666666666666,84
3799,6152,41.170664583333334,-8.59605425531915,0.5018801466978886,1,0,0.5018801466978886,3032.1441403245217,0.27662233804740655,3,True,False,0,True,False,1,125,0.16666666666666666,72
3800,6153,41.170664583333334,-8.594975531914894,0.5016267358743428,1,0,0.5016267358743428,2943.2691644013926,0.26851427903173863,3,True,False,0,True,False,1,127,0.14444444444444443,74
3801,6154,41.170664583333334,-8.593896808510639,0.4960839557231709,1,0,0.4960839557231709,2854.4892909960054,0.2604148962133735,3,True,False,0,True,False,1,127,0.15555555555555556,74
3802,6155,41.170664583333334,-8.592818085106384,0.49558311381144476,1,0,0.49558311381144476,2765.813678226773,0.25232502508693483,3,True,False,0,True,False,1,131,0.1111111111111111,78
3803,6156,41.170664583333334,-8.591739361702128,0.45849862793513485,1,0,0.45849862793513485,2677.252686049716,0.24424561079062315,3,True,False,0,True,False,1,131,0.18888888888888888,78
3804,6157,41.170664583333334,-8.590660638297873,0.3865457490211582,1,0,0.3865457490211582,2588.8180776883155,0.2361777264826499,3,True,False,0,False,False,0.55,147,0.17777777777777778,85
3805,6158,41.170664583333334,-8.589581914893618,0.4516040426316166,1,0,0.4516040426316166,2500.5232624303753,0.22812259549158123,3,True,False,0,True,False,1,147,0.022222222222222223,85
3806,6159,41.170664583333334,-8.588503191489362,0.45688053514029203,1,0,0.45688053514029203,2412.383589895479,0.22008161816234176,3,True,False,0,True,False,1,145,0.03333333333333333,83
3807,6160,41.170664583333334,-8.587424468085107,0.4569959235814367,1,0,0.4569959235814367,2324.416708759055,0.21205640458259037,3,True,False,0,True,False,1,144,0.044444444444444446,82
3808,6161,41.170664583333334,-8.586345744680852,0.42752287864140937,1,0,0.42752287864140937,2236.6430067183433,0.20404881472079064,3,True,False,0,True,False,1,144,0.1111111111111111,82
3809,6162,41.170664583333334,-8.585267021276596,0.4573422637873605,1,0,0.4573422637873605,2149.086153575762,0.1960610079716755,3,True,False,0,True,False,1,141,0.07777777777777778,55
3810,6163,41.170664583333334,-8.584188297872341,0.42784688232324836,1,0,0.42784688232324836,2061.7737761410967,0.18809550472753558,3,True,False,0,True,False,1,141,0.14444444444444443,55
3811,6164,41.170664583333334,-8.583109574468086,0.45768886647163937,1,0,0.45768886647163937,1974.7383029241607,0.18015526343948307,3,True,False,0,True,False,1,138,0.1111111111111111,52
3812,6165,41.170664583333334,-8.58203085106383,0.45768886647163937,1,0,0.45768886647163937,1888.018029231193,0.17224377778613537,3,True,False,0,True,False,1,138,0.1111111111111111,52
3813,6166,41.170664583333334,-8.580952127659575,0.5126398033310224,1,0,0.5126398033310224,1801.6584706970114,0.16436520015627692,3,True,False,0,True,False,1,129,0.1,43
3814,6167,41.170664583333334,-8.57987340425532,0.4339402249712291,1,0,0.4339402249712291,1715.7140974184988,0.15652449985375874,3,True,False,0,True,False,1,129,0.26666666666666666,47
3815,6168,41.170664583333334,-8.578794680851065,0.526148665188511,1,1.2860766933767474e-07,0.5261485365808417,1630.2505745706098,0.14872766750876978,3,True,True,1,True,False,1,114,0.24444444444444444,32
3816,6169,41.170664583333334,-8.57771595744681,0.5203349097824577,1,1.0970440672695575e-07,0.5203348000780509,1545.3476827239556,0.1409819814982446,3,True,False,0,True,False,1,114,0.25555555555555554,32
3817,6170,41.170664583333334,-8.576637234042552,0.6835412599848671,1,0.009657044335304727,0.6738842156495625,1461.1031578770626,0.13329635827178865,3,True,False,0,True,False,1,102,0.13333333333333333,20
3818,6171,41.170664583333334,-8.575558510638297,0.6660202604049121,1,0.014228597167967085,0.651791663236945,1377.637785596157,0.1256818170897622,3,True,False,0,True,False,1,102,0.16666666666666666,20
3819,6172,41.170664583333334,-8.574479787234042,0.7928245231160019,1,0.020681789996046165,0.7721427331199557,1295.1022166483588,0.11815210181311003,3,True,False,0,False,False,0.55,91,0.12222222222222222,91
3820,6173,41.170664583333334,-8.573401063829786,0.8457822145348703,1,0.02952870843876655,0.8162535060961038,1213.686157039163,0.11072451930996018,3,True,False,0,False,False,0.55,91,0.06666666666666667,91
3821,6174,41.170664583333334,-8.572322340425531,0.9150131672784035,1,0.04116486436224336,0.8738483029161602,1133.6308380579887,0.10342107709717237,3,True,False,0,False,False,0.55,85,0.06666666666666667,85
3822,6175,41.170664583333334,-8.571243617021276,0.4188352027808418,1,0.05557150294633993,0.36326369983450185,1055.2459993857428,0.09627003270827839,3,True,False,0,False,False,0.55,85,0.9444444444444444,85
3823,6176,41.170664583333334,-8.57016489361702,0.46928568766599316,1,0.07185203594436179,0.39743365172163136,978.932997954924,0.08930800191347954,3,True,False,0,True,False,1,81,0.9,81
3824,6177,41.170664583333334,-8.569086170212765,0.48520124761299044,1,0.08776759589135906,0.39743365172163136,905.2159757850967,0.08258280215951017,3,True,False,0,True,False,1,81,0.9,81
3825,6207,41.17147986111111,-8.688824468085107,2.598083524275638,1,0.40490135315193615,2.1931821711237016,10765.827212118815,0.9821658063102388,3,True,False,0,False,False,0.55,5,0.05555555555555555,1
3826,6208,41.17147986111111,-8.687745744680852,2.6733186737339496,1,0.5283363468495332,2.144982326884416,10675.519502753767,0.9739270391038777,3,True,True,1,True,False,1,5,0.07777777777777778,-7
3827,6209,41.17147986111111,-8.686667021276596,2.617287078328462,1,0.6363185940653975,1.9809684842630644,10585.21317586472,0.9656883980207239,3,True,False,0,True,False,1,12,0.07777777777777778,0
3828,6210,41.17147986111111,-8.685588297872341,2.645871026930924,1,0.5283363468492859,2.117534680081638,10494.908267153152,0.9574498863178212,3,True,False,0,False,False,0.55,12,0.011111111111111112,0
3829,6211,41.17147986111111,-8.684509574468086,2.345568290283269,1,0.36509998743006156,1.9804683028532075,10404.604813559705,0.9492115073652622,3,True,False,0,False,False,0.10000000000000003,13,0.06666666666666667,1
3830,6212,41.17147986111111,-8.68343085106383,2.214148918564839,1,0.3642120467743707,1.8499368717904685,10314.302853317979,0.940973264651096,3,True,False,0,False,False,0.55,19,0.06666666666666667,6
3831,6213,41.17147986111111,-8.682352127659575,2.2548382249424046,1,0.40490135315193615,1.8499368717904685,10224.002426011171,0.9327351617864955,3,True,False,0,True,False,1,19,0.06666666666666667,6
3832,6214,41.17147986111111,-8.68127340425532,1.7633531992499705,1,0.3642120467744783,1.3991411524754922,10133.703572633107,0.9244972025113251,3,True,False,0,False,False,0.55,25,0.2777777777777778,12
3833,6215,41.17147986111111,-8.680194680851065,1.6782793442260624,1,0.27913819175057025,1.3991411524754922,10043.406335650487,0.9162593906998193,3,True,False,0,True,False,1,25,0.2777777777777778,12
3834,6216,41.17147986111111,-8.67911595744681,1.6256927988065142,1,0.25764625977190825,1.368046539034606,9953.110759070736,0.9080217303667734,3,True,False,0,True,False,1,26,0.28888888888888886,-1
3835,6217,41.17147986111111,-8.678037234042554,1.6076055611234206,1,0.23955902208881455,1.368046539034606,9862.816888511372,0.8997842256738705,3,True,False,0,True,False,1,26,0.28888888888888886,-1
3836,6218,41.17147986111111,-8.676958510638299,1.5952892342875518,1,0.25764625977190825,1.3376429745156435,9772.524771275368,0.8915468809365583,3,True,False,0,True,False,1,27,0.3,-16
3837,6219,41.17147986111111,-8.675879787234043,1.5952892342875518,1,0.25764625977190825,1.3376429745156435,9682.234456428625,0.8833097006311164,3,True,False,0,True,False,1,27,0.3,-16
3838,6220,41.17147986111111,-8.674801063829788,1.3718214364629089,1,0.27913819175057025,1.0926832447123387,9591.945994883892,0.8750726894023116,3,True,False,0,True,False,1,36,0.4,0
3839,6221,41.17147986111111,-8.673722340425533,1.994303897935145,1,0.3642120467744783,1.6300918511606668,9501.659439487355,0.8668358520712989,3,True,False,0,True,False,1,36,0,0
3840,6222,41.17147986111111,-8.672643617021278,1.9641310561647713,1,0.40490135315193615,1.5592297030128353,9411.374845112365,0.8585991936441706,3,True,False,0,True,False,1,36,0.044444444444444446,0
3841,6223,41.17147986111111,-8.671564893617022,1.8948436224025764,1,0.40490135315193615,1.4899422692506403,9321.092268756396,0.8503627193208033,3,True,False,0,True,False,1,40,0.044444444444444446,14
3842,6224,41.17147986111111,-8.670486170212767,1.922260962488209,1,0.3642120467744783,1.5580489157137307,9230.811769645907,0.8421264345044234,3,True,False,0,True,False,1,39,0.011111111111111112,13
3843,6225,41.17147986111111,-8.669407446808512,1.6733416190512145,1,0.27913819175057025,1.3942034273006443,9140.53340934519,0.8338903448115376,3,True,False,0,True,False,1,39,0.12222222222222222,13
3844,6226,41.17147986111111,-8.668328723404256,1.4272146147445839,1,0.19683440857893794,1.230380206165646,9050.25725187392,0.8256544560826575,3,True,False,0,True,False,1,50,0.12222222222222222,24
3845,6227,41.17147986111111,-8.667250000000001,1.419593831792084,1,0.1332966659385867,1.2862971658534972,8959.983363829622,0.8174187743934715,3,True,True,1,True,False,1,50,0.07777777777777778,24
3846,6228,41.17147986111111,-8.666171276595746,1.2458587507694268,1,0.057916959820589045,1.1879417909488377,8869.711814519762,0.8091833060668956,3,True,False,0,True,False,1,57,0.07777777777777778,31
3847,6229,41.17147986111111,-8.66509255319149,1.2523083913157573,1,0.03767239008303324,1.2146360012327242,8779.44267609981,0.8009480576856695,3,True,False,0,True,False,1,57,0.05555555555555555,31
3848,6230,41.17147986111111,-8.664013829787235,1.1719338825982764,1,0.02438729352696199,1.1475465890713143,8689.17602372207,0.7927130361059332,3,True,False,0,True,False,1,62,0.05555555555555555,36
3849,6231,41.17147986111111,-8.66293510638298,1.1380622757718404,1,0.01573546441840793,1.1223268113534324,8598.911935691673,0.7844782484714599,3,True,False,0,True,False,1,62,0.07777777777777778,36
3850,6232,41.17147986111111,-8.661856382978725,1.040875022241003,1,0.004365763181540511,1.0365092590594625,8508.650493634677,0.7762437022289899,3,True,True,1,True,False,1,69,0.07777777777777778,43
3851,6233,41.17147986111111,-8.66077765957447,1.1137847842726423,1,0.005819503794879525,1.1079652804777627,8418.391782674758,0.7680094051443513,3,True,False,0,True,False,1,69,0.011111111111111112,43
3852,6234,41.17147986111111,-8.659698936170214,1.1030144023927309,1,0.007568369656832948,1.095446032735898,8328.135891623573,0.7597753653198268,3,True,False,0,True,False,1,70,0.011111111111111112,9
3853,6235,41.17147986111111,-8.658620212765959,1.117248499765421,1,0.009562973175953116,1.107685526589468,8237.882913181393,0.7515415912124567,3,True,False,0,True,False,1,70,0,9
3854,6236,41.17147986111111,-8.657541489361703,1.07121945069956,1,0.011686410628261252,1.0595330400712988,8147.632944153265,0.74330809165376,3,True,False,0,True,False,1,70,0.044444444444444446,9
3855,6237,41.17147986111111,-8.656462765957448,1.0261983293244215,1,0.01374772052732525,1.0124506087970961,8057.3860856774445,0.735074875870574,3,True,False,0,True,False,1,74,0.044444444444444446,13
3856,6238,41.17147986111111,-8.655384042553193,1.0622668313963481,1,0.015499094287187347,1.0467677371091608,7967.142443471539,0.72684195350751,3,True,False,0,True,False,1,74,0.011111111111111112,13
3857,6239,41.17147986111111,-8.654305319148937,1.0754140372470724,1,0.016683369753900272,1.0587306674931722,7876.902128093316,0.7186093346507468,3,True,False,0,True,False,1,73,0.011111111111111112,12
3858,6240,41.17147986111111,-8.65322659574468,1.0876629077604951,1,0.01710296971439092,1.0705599380461042,7786.665255221665,0.7103770298536632,3,True,False,0,True,False,1,73,0,12
3859,6241,41.17147986111111,-8.652147872340425,1.0872433078000043,1,0.016683369753900272,1.0705599380461042,7696.43194595578,0.7021450501641316,3,True,False,0,True,False,1,73,0,12
3860,6242,41.17147986111111,-8.65106914893617,1.0395204419606465,1,0.015499094287189576,1.024021347673457,7606.202327136378,0.6939134071538234,3,True,False,0,True,False,1,73,0.044444444444444446,12
3861,6243,41.17147986111111,-8.649990425531914,0.9922646687137142,1,0.01374772052732525,0.978516948186389,7515.976531689203,0.6856821129495467,3,True,False,0,True,False,1,77,0.044444444444444446,16
3862,6244,41.17147986111111,-8.64891170212766,1.034673915534786,1,0.011686410628264395,1.0229875049065216,7425.754698994999,0.677451180266999,3,True,False,0,True,False,1,77,0,16
3863,6245,41.17147986111111,-8.647832978723404,0.9990129585134557,1,0.009562973175953116,0.9894499853375026,7335.536975284656,0.6692206224468161,3,True,False,0,True,False,1,77,0.03333333333333333,16
3864,6246,41.17147986111111,-8.646754255319149,1.0313311587285425,1,0.007568369656835724,1.0237627890717067,7245.323514065987,0.6609904534935069,3,True,False,0,True,False,1,74,0.03333333333333333,13
3865,6247,41.17147986111111,-8.645675531914893,1.0295822928665863,1,0.005819503794879525,1.0237627890717067,7155.114476580511,0.6527606881171262,3,True,False,0,True,False,1,74,0.03333333333333333,13
3866,6248,41.17147986111111,-8.644596808510638,1.063631278184178,1,0.00436576318154243,1.0592655150026355,7064.910032297312,0.6445313417783287,3,True,False,0,True,False,1,71,0.03333333333333333,10
3867,6249,41.17147986111111,-8.643518085106383,1.0743080097794935,1,0.0032072483359233935,1.0711007614435701,6974.710359442923,0.6363024307367112,3,True,False,0,False,False,0.55,71,0.022222222222222223,10
3868,6250,41.17147986111111,-8.642439361702127,1.062115309735275,1,0.0023146770299468096,1.0598006327053282,6884.515645574926,0.6280739721031412,3,True,True,1,True,False,1,69,0.05555555555555555,8
3869,6251,41.17147986111111,-8.641360638297872,1.0029089733557328,1,0.0016455496449761667,1.0012634237107567,6794.326088198894,0.6198459838960407,3,True,False,0,False,False,0.55,74,0.05555555555555555,13
3870,6252,41.17147986111111,-8.640281914893617,0.9071356151274665,1,0.0011550040431803762,0.9059806110842862,6704.141895437048,0.6116184851023886,3,True,False,0,False,False,0.55,74,0.15555555555555556,13
3871,6253,41.17147986111111,-8.639203191489361,0.7727420126096511,1,1.4101243255911876e-05,0.7727279113663952,6613.963286750031,0.6033914957435664,3,True,False,0,True,False,1,88,0.15555555555555556,27
3872,6254,41.17147986111111,-8.638124468085106,0.8445702155643506,1,1.0128269523571554e-05,0.844560087294827,6523.790493718361,0.5951650369466519,3,True,False,0,True,False,1,88,0.06666666666666667,27
3873,6255,41.17147986111111,-8.63704574468085,0.9045286480709679,1,0.0003764533404053311,0.9041521947305625,6433.623760890757,0.5869391310218107,3,True,False,0,True,False,1,82,0.06666666666666667,21
3874,6256,41.17147986111111,-8.635967021276596,0.9247245230551224,1,0.00025514696208143415,0.924469376093041,6343.463346702456,0.5787138015460751,3,True,False,0,True,False,1,82,0.044444444444444446,21
3875,6257,41.17147986111111,-8.63488829787234,0.8835606699438496,1,0.00017190598733694926,0.8833887639565127,6253.30952447491,0.5704890734545455,3,True,False,0,True,False,1,86,0.044444444444444446,25
3876,6258,41.17147986111111,-8.633809574468085,0.8640896422647667,1,0.00011522581939747904,0.8639744164453692,6163.1625835006635,0.5622649731393643,3,True,False,0,True,False,1,86,0.06666666666666667,25
3877,6259,41.17147986111111,-8.63273085106383,0.9250132843708955,1,7.688662772204671e-05,0.9249363977431734,6073.02283022669,0.5540415285576716,3,True,False,0,True,False,1,80,0.06666666666666667,19
3878,6260,41.17147986111111,-8.631652127659574,0.9670229864263633,1,5.1101597770651965e-05,0.9669718848285926,5982.890589542057,0.5458187693490786,3,True,False,0,True,False,1,80,0.022222222222222223,19
3879,6261,41.17147986111111,-8.630573404255319,0.9142881952148544,1,3.3845837332053986e-05,0.9142543493775224,5892.766206185482,0.537596726964079,3,True,False,0,True,False,1,82,0.05555555555555555,21
3880,6262,41.17147986111111,-8.629494680851064,0.8637786165871472,1,2.2347954391250327e-05,0.8637562686327559,5802.650046281273,0.5293754348041726,3,True,False,0,True,False,1,87,0.05555555555555555,26
3881,6263,41.17147986111111,-8.628415957446808,0.8930520915622495,1,1.8706156125132127e-05,0.8930333854061244,5712.5424990222355,0.5211549283753969,3,True,False,0,True,False,1,87,0.022222222222222223,7
3882,6264,41.17147986111111,-8.627337234042553,0.8729853103586728,1,1.923685054313001e-05,0.8729660735081296,5622.44397851143,0.5129352454563508,3,True,False,0,True,False,1,89,0.022222222222222223,9
3883,6265,41.17147986111111,-8.626258510638298,0.8443662588564472,1,1.9417384826138875e-05,0.8443468414716211,5532.35492578528,0.5047164262827621,3,True,False,0,True,False,1,89,0.05555555555555555,9
3884,6266,41.17147986111111,-8.625179787234043,0.7977292807983103,1,1.9236850543129498e-05,0.7977100439477671,5442.275811034413,0.4964985137500952,3,True,False,0,True,False,1,94,0.05555555555555555,14
3885,6267,41.17147986111111,-8.624101063829787,0.8433001258872173,1,1.8706156125132127e-05,0.8432814197310922,5352.207136049865,0.48828155363671777,3,True,False,0,True,False,1,94,0,14
3886,6268,41.17147986111111,-8.623022340425532,0.8156532232413539,1,1.7856840117270588e-05,0.8156353664012367,5262.149436916974,0.48006559484966493,3,True,False,0,True,False,1,94,0.03333333333333333,14
3887,6269,41.17147986111111,-8.621943617021277,0.8439372490466263,1,1.6737705541972267e-05,0.8439205113410843,5172.103286991425,0.4718506896961432,3,True,False,0,True,False,1,91,0.03333333333333333,11
3888,6270,41.17147986111111,-8.620864893617021,0.7468442931589986,1,1.5409815197029896e-05,0.7468288833438016,5082.069300187706,0.46363689418353654,3,True,False,0,True,False,1,91,0.15555555555555556,11
3889,6271,41.17147986111111,-8.619786170212766,0.6369983485734615,1,1.3940613914005346e-05,0.6369844079595475,4992.048134623574,0.4554242683518906,3,True,False,0,True,False,1,105,0.15555555555555556,25
3890,6272,41.17147986111111,-8.61870744680851,0.6659457692926715,1,1.239801009995411e-05,0.6659333712825715,4902.040496661489,0.44721287664261267,3,True,False,0,True,False,1,105,0.1111111111111111,25
3891,6273,41.17147986111111,-8.617628723404255,0.5944009624243826,1,5.074843767381291e-07,0.5944004549400058,4812.047145403017,0.4390027883084955,3,True,False,0,True,False,1,115,0.1111111111111111,35
3892,6274,41.17147986111111,-8.61655,0.6353784090151603,1,5.182558341044837e-07,0.6353778907593262,4722.068897691642,0.43079407787012386,3,True,False,0,True,False,1,115,0.044444444444444446,35
3893,6275,41.17147986111111,-8.615471276595745,0.6071438653601208,1,2.388884008522793e-07,0.6071436264717199,4632.10663369701,0.4225868256253247,3,True,False,0,True,False,1,119,0.044444444444444446,39
3894,6276,41.17147986111111,-8.61439255319149,0.6352177225785853,1,2.6052456989020903e-07,0.6352174620540154,4542.161303155951,0.4143811182185351,3,True,False,0,True,False,1,116,0.03333333333333333,36
3895,6277,41.17147986111111,-8.613313829787234,0.5497828960739735,1,2.804648610282518e-07,0.5497826156091125,4452.233932366826,0.4061770492788964,3,True,False,0,True,False,1,116,0.17777777777777778,36
3896,6278,41.17147986111111,-8.612235106382979,0.4583828600711028,1,0,0.4583828600711028,4362.3256320402415,0.3979747201364744,3,True,False,0,True,False,1,132,0.17777777777777778,52
3897,6279,41.17147986111111,-8.611156382978724,0.5237623795162893,1,0,0.5237623795162893,4272.437606135593,0.3897742406284163,3,True,False,0,True,False,1,132,0.044444444444444446,52
3898,6280,41.17147986111111,-8.610077659574468,0.5481191293896363,1,0,0.5481191293896363,4182.57116182553,0.3815757300080089,3,True,False,0,True,False,1,128,0.044444444444444446,45
3899,6281,41.17147986111111,-8.608998936170213,0.5666976894992595,1,0,0.5666976894992595,4092.727720764362,0.3733793179726942,3,True,False,0,True,False,1,128,0.011111111111111112,45
3900,6282,41.17147986111111,-8.607920212765958,0.5731741644305389,1,0,0.5731741644305389,4002.908831858291,0.36518514582909734,3,True,True,1,True,False,1,127,0.011111111111111112,44
3901,6283,41.17147986111111,-8.606841489361702,0.5244241133253726,1,0,0.5244241133253726,3913.1161857804072,0.35699336781722846,3,True,False,0,True,False,1,127,0.1,44
3902,6284,41.17147986111111,-8.605762765957447,0.5808973322199749,1,3.320949446141275e-07,0.5808970001250302,3823.351631509014,0.3488041526192734,3,True,False,0,True,False,1,118,0.1,35
3903,6285,41.17147986111111,-8.604684042553192,0.6348970582496645,1,3.320949446141275e-07,0.6348967261547198,3733.617195229842,0.3406176850840414,3,True,False,0,True,False,1,118,0.011111111111111112,35
3904,6286,41.17147986111111,-8.603605319148937,0.6421529400584318,1,3.29845801338922e-07,0.6421526102126305,3643.9151019993215,0.3324341682033045,3,True,False,0,True,False,1,117,0.011111111111111112,34
3905,6287,41.17147986111111,-8.602526595744681,0.6007385755055483,1,3.231953467715195e-07,0.6007382523102015,3554.247800654109,0.3242538253842922,3,True,False,0,True,False,1,117,0.07777777777777778,34
3906,6288,41.17147986111111,-8.601447872340426,0.5548034266773281,1,0,0.5548034266773281,3464.617992541279,0.3160769030707448,3,True,False,0,True,False,1,124,0.07777777777777778,83
3907,6289,41.17147986111111,-8.60036914893617,0.5605774427303164,1,0,0.5605774427303164,3375.0286647724615,0.30790367377668715,3,True,False,0,True,False,1,127,0.03333333333333333,86
3908,6290,41.17147986111111,-8.599290425531915,0.5795782787848095,1,0,0.5795782787848095,3285.483128846043,0.29973443960992924,3,True,False,0,True,False,1,127,0,86
3909,6291,41.17147986111111,-8.59821170212766,0.5668408130468001,1,0,0.5668408130468001,3195.9850656757985,0.29156953638002614,3,True,False,0,True,False,1,127,0.022222222222222223,74
3910,6292,41.17147986111111,-8.597132978723405,0.5798710690179301,1,0,0.5798710690179301,3106.5385782886174,0.28340933840588833,3,True,False,0,True,False,1,125,0.022222222222222223,72
3911,6293,41.17147986111111,-8.59605425531915,0.5798710690179301,1,0,0.5798710690179301,3017.1482537552615,0.27525426416572146,3,True,False,0,True,False,1,125,0.022222222222222223,72
3912,6294,41.17147986111111,-8.594975531914894,0.5668408130468001,1,0,0.5668408130468001,2927.819236280495,0.2671047829650346,3,True,False,0,True,False,1,127,0.022222222222222223,74
3913,6295,41.17147986111111,-8.593896808510639,0.5543832802175378,1,0,0.5543832802175378,2838.5573138595682,0.25896142284230633,3,True,False,0,True,False,1,127,0.044444444444444446,74
3914,6296,41.17147986111111,-8.592818085106384,0.5297481705010415,1,0,0.5297481705010415,2749.369021504865,0.25082477998634595,3,True,False,0,True,False,1,131,0.044444444444444446,69
3915,6297,41.17147986111111,-8.591739361702128,0.46362146463432574,1,0,0.46362146463432574,2660.2617648357586,0.24269553001138913,3,True,False,0,False,False,0.55,131,0.17777777777777778,69
3916,6298,41.17147986111111,-8.590660638297873,0.3865457490211582,1,0,0.3865457490211582,2571.243968830575,0.23457444152773096,3,True,False,0,False,False,0.55,147,0.17777777777777778,85
3917,6299,41.17147986111111,-8.589581914893618,0.4516040426316166,1,0,0.4516040426316166,2482.325257875197,0.22646239256755007,3,True,True,1,True,False,1,147,0.022222222222222223,85
3918,6300,41.17147986111111,-8.588503191489362,0.4619852927774157,1,0,0.4619852927774157,2393.516674984207,0.21836039058444073,3,True,False,0,True,False,1,145,0.022222222222222223,83
3919,6301,41.17147986111111,-8.587424468085107,0.4724858522864701,1,0,0.4724858522864701,2304.830950404448,0.2102695969581009,3,True,False,0,True,False,1,144,0.011111111111111112,58
3920,6302,41.17147986111111,-8.586345744680852,0.46210197046154816,1,0,0.46210197046154816,2216.2828329192107,0.20219135721919418,3,True,False,0,True,False,1,144,0.03333333333333333,58
3921,6303,41.17147986111111,-8.585267021276596,0.47812704949798623,1,0,0.47812704949798623,2127.8895013934657,0.19412723859459802,3,True,False,0,True,False,1,141,0.03333333333333333,55
3922,6304,41.17147986111111,-8.584188297872341,0.47812704949798623,1,0,0.47812704949798623,2039.6710798421705,0.18607907699705628,3,True,False,0,True,False,1,141,0.03333333333333333,55
3923,6305,41.17147986111111,-8.583109574468086,0.49470785686829766,1,0,0.49470785686829766,1951.6512872339526,0.17804903630673238,3,True,False,0,True,False,1,138,0.03333333333333333,52
3924,6306,41.17147986111111,-8.58203085106383,0.4628026556503142,1,0,0.4628026556503142,1863.8582642587737,0.1700396837971764,3,True,False,0,True,False,1,138,0.1,56
3925,6307,41.17147986111111,-8.580952127659575,0.5126398033310224,1,0,0.5126398033310224,1776.3256348001983,0.16205408697337997,3,True,False,0,True,False,1,129,0.1,47
3926,6308,41.17147986111111,-8.57987340425532,0.4795781168214064,1,0,0.4795781168214064,1689.0938818839388,0.15409593909948413,3,True,False,0,False,False,0.55,129,0.16666666666666666,47
3927,6309,41.17147986111111,-8.578794680851065,0.5687047958729425,1,8.401727816234202e-08,0.5687047118556644,1602.2121495610156,0.14616972358447775,3,True,False,0,True,False,1,114,0.16666666666666666,32
3928,6310,41.17147986111111,-8.57771595744681,0.5879810945834423,1,7.196372577237001e-08,0.5879810226197165,1515.7406282217862,0.13828093159426127,3,True,False,0,True,False,1,114,0.13333333333333333,32
3929,6311,41.17147986111111,-8.576637234042552,0.6815096864713995,1,0.007625470821837013,0.6738842156495625,1429.7537485111734,0.13043635343235202,3,True,False,0,True,False,1,102,0.13333333333333333,102
3930,6312,41.17147986111111,-8.575558510638297,0.6924225142401257,1,0.011008943908560914,0.6814135703315648,1344.344509513861,0.12264447339997414,3,True,False,0,False,False,0.55,102,0.12222222222222222,102
3931,6313,41.17147986111111,-8.574479787234042,0.7877785521330644,1,0.01563581901310863,0.7721427331199557,1259.6304175084174,0.11491601158826063,3,True,False,0,False,False,0.55,91,0.12222222222222222,91
3932,6314,41.17147986111111,-8.573401063829786,0.8380024001698304,1,0.02174889407372659,0.8162535060961038,1175.7617389477293,0.10726467679719068,3,True,False,0,False,False,0.10000000000000003,91,0.06666666666666667,91
3933,6315,41.17147986111111,-8.572322340425531,0.9033026262892683,1,0.029454323373108025,0.8738483029161602,1092.9331152791176,0.09970822615497024,3,True,False,0,False,False,0.10000000000000003,85,0.06666666666666667,85
3934,6316,41.17147986111111,-8.571243617021276,0.9320332170271666,1,0.03854869074384147,0.8934845262833251,1011.4001047275203,0.09226997422397437,3,True,False,0,False,False,0.10000000000000003,85,0.044444444444444446,85
3935,6317,41.17147986111111,-8.57016489361702,0.9833467812430683,1,0.04831215519410701,0.9350346260489613,931.5029784743617,0.0849809639247964,3,True,False,0,False,False,0.55,81,0.044444444444444446,81
3936,6318,41.17147986111111,-8.569086170212765,0.4548218728646416,1,0.05738822114301023,0.39743365172163136,853.7011629893261,0.07788310870822346,3,True,True,1,True,False,1,81,0.9,81
3937,6319,41.17147986111111,-8.56800744680851,0.4439275745537112,1,0.06396281465730097,0.3799647598964102,778.6230167493957,0.0710337336824927,3,True,False,0,True,False,1,83,0.9222222222222223,83
3938,6348,41.172295138888884,-8.688824468085107,2.4723225702223828,1,0.2791403990986812,2.1931821711237016,10762.316915060994,0.9818455621086317,3,True,False,0,True,False,1,5,0.05555555555555555,-7
3939,6349,41.172295138888884,-8.687745744680852,2.3486862494414913,1,0.364212956439421,1.9844732930020703,10671.98063011702,0.9736041879538251,3,True,False,0,True,False,1,5,0.15555555555555556,-7
3940,6350,41.172295138888884,-8.686667021276596,2.3858698374150005,1,0.40490135315193615,1.9809684842630644,10581.645230680067,0.9653628945837739,3,True,False,0,False,False,0.55,12,0.07777777777777778,0
3941,6351,41.172295138888884,-8.685588297872341,2.2174228105949063,1,0.3642129564393132,1.853209854155593,10491.310739637904,0.9571216840865278,3,True,False,0,False,False,0.55,12,0.14444444444444443,0
3942,6352,41.172295138888884,-8.684509574468086,2.1318823300514396,1,0.27914039909855043,1.8527419309528892,10400.977180673468,0.94888055862268,3,True,False,0,False,False,0.55,13,0.13333333333333333,1
3943,6353,41.172295138888884,-8.68343085106383,1.840685347294954,1,0.2395594450000675,1.6011259022948865,10310.6445782993,0.940639520428508,3,True,False,0,False,False,0.55,19,0.2111111111111111,6
3944,6354,41.172295138888884,-8.682352127659575,1.8587721620667947,1,0.25764625977190825,1.6011259022948865,10220.31295789376,0.9323985718192783,3,True,False,0,True,False,1,19,0.2111111111111111,6
3945,6355,41.172295138888884,-8.68127340425532,1.63870059747561,1,0.2395594450001176,1.3991411524754922,10129.982345740578,0.9241577151928542,3,True,False,0,True,False,1,25,0.2777777777777778,12
3946,6361,41.172295138888884,-8.674801063829788,1.2890244921420426,1,0.19634124742970405,1.0926832447123387,9588.021442733077,0.8747146527320526,3,True,False,0,True,False,1,36,0.4,0
3947,6362,41.172295138888884,-8.673722340425533,1.3322426897124564,1,0.2395594450001176,1.0926832447123387,9497.698709419199,0.8664745148916915,3,True,False,0,True,False,1,36,0.4,0
3948,6363,41.172295138888884,-8.672643617021278,1.7490942815667663,1,0.25764625977190825,1.491448021794858,9407.37723258359,0.8582344916797717,3,True,False,0,True,False,1,36,0.08888888888888889,0
3949,6364,41.172295138888884,-8.671564893617022,1.6208648099905152,1,0.25764625977190825,1.363218550218607,9317.057048781735,0.8499945864312478,3,True,False,0,True,False,1,40,0.13333333333333333,14
3950,6365,41.172295138888884,-8.670486170212767,1.6031222857965686,1,0.2395594450001176,1.3635628407964508,9226.73819600036,0.841754802611647,3,True,False,0,False,False,0.55,39,0.14444444444444443,13
3951,6366,41.172295138888884,-8.669407446808512,1.5599040882261548,1,0.19634124742970405,1.3635628407964508,9136.420713727019,0.8335151438234164,3,True,False,0,False,False,0.55,39,0.14444444444444443,13
3952,6367,41.172295138888884,-8.668328723404256,1.3778596417983038,1,0.14747943563265783,1.230380206165646,9046.104643026056,0.8252756138128539,3,True,False,0,True,False,1,50,0.12222222222222222,24
3953,6368,41.172295138888884,-8.667250000000001,1.3217131944613612,1,0.10492821059430953,1.2167849838670517,8955.790026616956,0.8170362164772556,3,True,False,0,False,False,0.55,50,0.13333333333333333,24
3954,6369,41.172295138888884,-8.666171276595746,1.1976635251156253,1,0.04866709847448034,1.148996426641145,8865.476908959678,0.808796955872701,3,True,False,0,True,False,1,57,0.1111111111111111,31
3955,6370,41.172295138888884,-8.66509255319149,1.194185984265197,1,0.03235174153691384,1.161834242728283,8775.165336343045,0.800557836222117,3,True,False,0,True,False,1,57,0.1,31
3956,6371,41.172295138888884,-8.664013829787235,1.1688522479234633,1,0.021305658852148957,1.1475465890713143,8684.855356980861,0.7923188619240459,3,True,False,0,True,False,1,62,0.05555555555555555,36
3957,6372,41.172295138888884,-8.66293510638298,1.1362654070001872,1,0.013938595646754731,1.1223268113534324,8594.547021111855,0.7840800375617644,3,True,False,0,True,False,1,62,0.07777777777777778,36
3958,6373,41.172295138888884,-8.661856382978725,1.0395974078876589,1,0.003088148828196334,1.0365092590594625,8504.240381108206,0.7758413679131831,3,True,False,0,True,False,1,69,0.07777777777777778,43
3959,6374,41.172295138888884,-8.66077765957447,1.052132909935552,1,0.0040426616476726285,1.0480902482878796,8413.935491588825,0.7676028579611827,3,True,False,0,True,False,1,69,0.06666666666666667,43
3960,6375,41.172295138888884,-8.659698936170214,1.0299600859214195,1,0.005162670571812834,1.0247974153496067,8323.632409542237,0.7593645129048224,3,True,False,0,True,False,1,70,0.07777777777777778,44
3961,6376,41.172295138888884,-8.658620212765959,1.1018545161340005,1,0.006408483398102661,1.095446032735898,8233.331194455292,0.7511263381710847,3,True,False,0,True,False,1,70,0.011111111111111112,9
3962,6377,41.172295138888884,-8.657541489361703,1.0555287314013855,1,0.007703118953101516,1.0478256124482839,8143.031908452667,0.7428883394276001,3,True,False,0,True,False,1,70,0.05555555555555555,9
3963,6378,41.172295138888884,-8.656462765957448,1.0213831158034792,1,0.008932507006383044,1.0124506087970961,8052.734616443523,0.7346505225960277,3,True,False,0,True,False,1,74,0.044444444444444446,13
3964,6379,41.172295138888884,-8.655384042553193,1.045159338528249,1,0.009957977413826164,1.0352013611144228,7962.439386280323,0.726412893866544,3,True,False,0,True,False,1,74,0.022222222222222223,13
3965,6380,41.172295138888884,-8.654305319148937,1.0461050151029927,1,0.010642206493782162,1.0354628086092106,7872.146288926372,0.7181754597131271,3,True,False,0,True,False,1,73,0.03333333333333333,12
3966,6381,41.172295138888884,-8.65322659574468,1.0463457462521766,1,0.01088293764296592,1.0354628086092106,7781.855398637064,0.7099382269100926,3,True,False,0,True,False,1,73,0.03333333333333333,12
3967,6382,41.172295138888884,-8.652147872340425,1.0461050151029927,1,0.010642206493782162,1.0354628086092106,7691.566793152362,0.7017012025496526,3,True,True,1,True,False,1,73,0.03333333333333333,12
3968,6383,41.172295138888884,-8.65106914893617,1.02266428784078,1,0.009957977413827446,1.0127063104269525,7601.280553903777,0.6934643940607996,3,True,False,0,False,False,0.55,73,0.05555555555555555,12
3969,6384,41.172295138888884,-8.649990425531914,0.987449455192772,1,0.008932507006383044,0.978516948186389,7510.996766235471,0.6852278092294763,3,True,False,0,True,False,1,77,0.044444444444444446,16
3970,6385,41.172295138888884,-8.64891170212766,1.019387010173226,1,0.007703118953103411,1.0116838912201227,7420.715519642949,0.676991456220353,3,True,False,0,True,False,1,77,0.011111111111111112,16
3971,6386,41.172295138888884,-8.647832978723404,0.9958584687356052,1,0.006408483398102661,0.9894499853375026,7330.4369080273045,0.6687553436000206,3,True,False,0,False,False,0.55,77,0.03333333333333333,16
3972,6387,41.172295138888884,-8.646754255319149,1.0176132793689108,1,0.005162670571814591,1.0124506087970961,7240.161029970656,0.6605194803621207,3,True,False,0,False,False,0.55,74,0.044444444444444446,13
3973,6388,41.172295138888884,-8.645675531914893,1.0278054507193792,1,0.0040426616476726285,1.0237627890717067,7149.887989030212,0.6522838759541711,3,True,False,0,True,False,1,74,0.03333333333333333,13
3974,6389,41.172295138888884,-8.644596808510638,1.0276268096241103,1,0.003088148828197615,1.0245386607959128,7059.6178940570535,0.6440485403066502,3,True,False,0,True,False,1,71,0.06666666666666667,10
3975,6390,41.172295138888884,-8.643518085106383,1.0615743816634402,1,0.002308866660804661,1.0592655150026355,6969.350859537433,0.635813483864132,3,True,False,0,True,False,1,71,0.03333333333333333,10
3976,6391,41.172295138888884,-8.642439361702127,1.0154242754755358,1,0.0016945125733153262,1.0137297629022204,6879.087005963118,0.6275787176190736,3,True,False,0,True,False,1,69,0.1,8
3977,6392,41.172295138888884,-8.641360638297872,0.9914237658836712,1,0.001223913219152849,0.9901998526645184,6788.826460228994,0.6193442531480884,3,True,False,0,True,False,1,74,0.06666666666666667,13
3978,6393,41.172295138888884,-8.640281914893617,0.9068525332363152,1,0.0008719221520290299,0.9059806110842862,6698.569356064817,0.6111101026513344,3,True,False,0,True,False,1,74,0.15555555555555556,13
3979,6394,41.172295138888884,-8.639203191489361,0.7557558554041572,1,1.0283880569588271e-05,0.7557455715235877,6608.315834500899,0.6028762789949988,3,True,False,0,True,False,1,88,0.17777777777777778,27
3980,6395,41.172295138888884,-8.638124468085106,0.7557530236096013,1,7.4520860135488614e-06,0.7557455715235877,6518.066044372391,0.5946427957573044,3,True,False,0,True,False,1,88,0.17777777777777778,27
3981,6396,41.172295138888884,-8.63704574468085,0.8651429612481707,1,0.00029540246530928004,0.8648475587828615,6427.82014286735,0.5864096672785083,3,True,False,0,True,False,1,82,0.1111111111111111,21
3982,6397,41.172295138888884,-8.635967021276596,0.9043546400260185,1,0.00020244529545593868,0.9041521947305625,6337.578296119429,0.5781769087149744,3,True,False,0,True,False,1,82,0.06666666666666667,21
3983,6398,41.172295138888884,-8.63488829787234,0.8265541661986602,1,0.00013780701889553538,0.8264163591797646,6247.340679854039,0.5699445360981221,3,True,False,0,True,False,1,86,0.1111111111111111,25
3984,6399,41.172295138888884,-8.633809574468085,0.8640676708464051,1,9.32544010359086e-05,0.8639744164453692,6157.1074800889755,0.5617125663983442,3,True,False,0,True,False,1,86,0.06666666666666667,25
3985,6400,41.172295138888884,-8.63273085106383,0.884791024984974,1,6.27787011982657e-05,0.8847282462837757,6066.878893899627,0.5534810175948173,3,True,False,0,True,False,1,80,0.1111111111111111,19
3986,6401,41.172295138888884,-8.631652127659574,0.8369591313483604,1,4.2069366945810976e-05,0.8369170619814146,5976.655130251097,0.5452499087514159,3,True,False,0,True,False,1,80,0.16666666666666666,19
3987,6402,41.172295138888884,-8.630573404255319,0.7569195859726183,1,2.807748643066462e-05,0.7568915084861877,5886.4364109088765,0.5370192600997931,3,True,False,0,True,False,1,82,0.24444444444444444,21
3988,6403,41.172295138888884,-8.629494680851064,0.7559551122254586,1,1.8671761977866754e-05,0.7559364404634807,5796.222971432092,0.5287890931299948,3,True,False,0,True,False,1,87,0.18888888888888888,26
3989,6404,41.172295138888884,-8.628415957446808,0.7559488175015626,1,1.2377038081863984e-05,0.7559364404634807,5706.015062262949,0.5205594306898491,3,True,False,0,True,False,1,87,0.18888888888888888,7
3990,6405,41.172295138888884,-8.627337234042553,0.7555669961147103,1,1.2245337873804375e-05,0.7555547507768365,5615.81294991864,0.5123302970937045,3,True,False,0,True,False,1,89,0.16666666666666666,9
3991,6406,41.172295138888884,-8.626258510638298,0.8258028789123876,1,1.2355643012951884e-05,0.8257905232693746,5525.6169183018565,0.5041017182419874,3,True,False,0,True,False,1,89,0.07777777777777778,9
3992,6407,41.172295138888884,-8.625179787234043,0.7977222892856409,1,1.2245337873804027e-05,0.7977100439477671,5435.427270139166,0.4958737217524252,3,True,False,0,False,False,0.55,94,0.05555555555555555,14
3993,6408,41.172295138888884,-8.624101063829787,0.8247604372414984,1,1.1920803203606037e-05,0.8247485164382948,5345.244328566757,0.4876463371047144,3,True,False,0,True,False,1,94,0.022222222222222223,14
3994,6409,41.172295138888884,-8.623022340425532,0.797721444466256,1,1.140051848891361e-05,0.7977100439477671,5255.068438876695,0.47941959579983034,3,True,True,1,True,False,1,94,0.05555555555555555,14
3995,6410,41.172295138888884,-8.621943617021277,0.7983253118849386,1,1.0713177200643702e-05,0.7983145987077379,5164.899970447709,0.47119353153617355,3,True,False,0,True,False,1,91,0.08888888888888889,11
3996,6411,41.172295138888884,-8.620864893617021,0.7468387782121297,1,9.894868328168914e-06,0.7468288833438016,5074.739318878862,0.46296818040422416,3,True,False,0,True,False,1,91,0.15555555555555556,11
3997,6412,41.172295138888884,-8.619786170212766,0.6369933936963139,1,8.985736766462771e-06,0.6369844079595475,4984.58690835615,0.45474358110244656,3,True,False,0,True,False,1,105,0.15555555555555556,25
3998,6413,41.172295138888884,-8.61870744680851,0.6659413978596956,1,8.026577124226907e-06,0.6659333712825715,4894.4431942774345,0.4465197751767617,3,True,False,0,False,False,0.55,105,0.1111111111111111,25
3999,6414,41.172295138888884,-8.617628723404255,0.5749140133473677,1,3.2319556497247703e-07,0.5749136901518027,4804.308666173944,0.43829680728707604,3,True,False,0,True,False,1,115,0.14444444444444443,35
4000,6415,41.172295138888884,-8.61655,0.5622790685188448,1,3.2984585708675117e-07,0.5622787386729877,4714.183850963317,0.4300747255040557,3,True,False,0,True,False,1,115,0.16666666666666666,35
4001,6416,41.172295138888884,-8.615471276595745,0.5139361376510655,1,1.5345894127938526e-07,0.5139359841921242,4624.069316583698,0.4218535816406655,3,True,False,0,False,False,0.55,119,0.2111111111111111,39
4002,6417,41.172295138888884,-8.61439255319149,0.5497827825556635,1,1.6694655107243363e-07,0.5497826156091125,4533.96567605704,0.4136334316228633,3,True,False,0,False,False,0.55,116,0.17777777777777778,36
4003,6418,41.172295138888884,-8.613313829787234,0.5497827949540688,1,1.793449563453899e-07,0.5497826156091125,4443.8735920467125,0.405414335905391,3,True,False,0,True,False,1,116,0.17777777777777778,36
4004,6419,41.172295138888884,-8.612235106382979,0.43845637917025226,1,0,0.43845637917025226,4353.79378197602,0.3971963599387358,3,True,False,0,True,False,1,132,0.2222222222222222,52
4005,6420,41.172295138888884,-8.611156382978724,0.47391979914588966,1,0,0.47391979914588966,4263.727023794579,0.38897957469519717,3,True,False,0,True,False,1,132,0.14444444444444443,52
4006,6421,41.172295138888884,-8.610077659574468,0.518498480535059,1,0,0.518498480535059,4173.674162485191,0.3807640572625082,3,True,False,0,True,False,1,128,0.1,45
4007,6422,41.172295138888884,-8.608998936170213,0.5301496469278361,1,0,0.5301496469278361,4083.636117429279,0.37254989151578405,3,True,False,0,True,False,1,128,0.07777777777777778,45
4008,6423,41.172295138888884,-8.607920212765958,0.5421995281757915,1,0,0.5421995281757915,3993.613890760782,0.3643371688796471,3,True,False,0,True,False,1,127,0.06666666666666667,44
4009,6424,41.172295138888884,-8.606841489361702,0.5128987777146706,1,0,0.5128987777146706,3903.6085768714165,0.3561259891953916,3,True,False,0,True,False,1,127,0.12222222222222222,44
4010,6425,41.172295138888884,-8.605762765957447,0.5808972114432185,1,2.1131818825234219e-07,0.5808970001250302,3813.621373251391,0.3479164617099815,3,True,False,0,True,False,1,118,0.1,35
4011,6426,41.172295138888884,-8.604684042553192,0.6140825469983483,1,2.1131818825234219e-07,0.61408233568016,3723.65359289414,0.33970870620773325,3,True,False,0,True,False,1,118,0.044444444444444446,35
4012,6427,41.172295138888884,-8.603605319148937,0.6280401503426108,1,2.0992897013341155e-07,0.6280399404136408,3633.706678529115,0.331502854308773,3,True,False,0,True,False,1,117,0.03333333333333333,34
4013,6428,41.172295138888884,-8.602526595744681,0.6007384581295637,1,2.0581936219912314e-07,0.6007382523102015,3543.7822190090096,0.323299050964042,3,True,False,0,True,False,1,117,0.07777777777777778,34
4014,6429,41.172295138888884,-8.601447872340426,0.5366148068848997,1,0,0.5366148068848997,3453.88196823555,0.3150974561818952,3,True,False,0,True,False,1,124,0.1111111111111111,83
4015,6430,41.172295138888884,-8.60036914893617,0.5186294310282473,1,0,0.5186294310282473,3364.0078670984644,0.30689824702959256,3,True,False,0,True,False,1,127,0.1111111111111111,74
4016,6431,41.172295138888884,-8.599290425531915,0.5302835400062827,1,0,0.5302835400062827,3274.16206899564,0.2987016199615012,3,True,False,0,True,False,1,127,0.08888888888888889,74
4017,6432,41.172295138888884,-8.59821170212766,0.5302835400062827,1,0,0.5302835400062827,3184.3469696382663,0.2905077935382172,3,True,False,0,True,False,1,127,0.08888888888888889,74
4018,6433,41.172295138888884,-8.597132978723405,0.5546633424900462,1,0,0.5546633424900462,3094.5652419962917,0.2823170116146374,3,True,False,0,True,False,1,125,0.06666666666666667,72
4019,6434,41.172295138888884,-8.59605425531915,0.5734637194455648,1,0,0.5734637194455648,3004.819877450153,0.2741295470942295,3,True,False,0,True,False,1,125,0.03333333333333333,72
4020,6435,41.172295138888884,-8.594975531914894,0.5482575607891756,1,0,0.5482575607891756,2915.1142344633504,0.26594570636942827,3,True,False,0,True,False,1,127,0.05555555555555555,65
4021,6436,41.172295138888884,-8.593896808510639,0.5482575607891756,1,0,0.5482575607891756,2825.452096427863,0.2577658345988695,3,True,False,0,True,False,1,127,0.05555555555555555,65
4022,6437,41.172295138888884,-8.592818085106384,0.5011202980214958,1,0,0.5011202980214958,2735.8377407496932,0.24959032201006026,3,True,False,0,True,False,1,131,0.1,69
4023,6438,41.172295138888884,-8.591739361702128,0.46362146463432574,1,0,0.46362146463432574,2646.2760218001126,0.24141961146701657,3,True,False,0,True,False,1,131,0.17777777777777778,69
4024,6439,41.172295138888884,-8.590660638297873,0.3865457490211582,1,0,0.3865457490211582,2556.7724710683124,0.23325420760718377,3,True,False,0,True,False,1,147,0.17777777777777778,85
4025,6440,41.172295138888884,-8.589581914893618,0.43679870107606167,1,0,0.43679870107606167,2467.3334188064064,0.2250946879391034,3,True,False,0,True,False,1,147,0.05555555555555555,61
4026,6441,41.172295138888884,-8.588503191489362,0.45688053514029203,1,0,0.45688053514029203,2377.9661427069104,0.2169417164062511,3,True,False,0,True,False,1,145,0.03333333333333333,59
4027,6442,41.172295138888884,-8.587424468085107,0.46726506755457525,1,0,0.46726506755457525,2288.6790508467925,0.2087960600770121,3,True,False,0,True,False,1,144,0.022222222222222223,58
4028,6443,41.172295138888884,-8.586345744680852,0.46210197046154816,1,0,0.46210197046154816,2199.4819084037676,0.2006586098279958,3,True,False,0,True,False,1,144,0.03333333333333333,58
4029,6444,41.172295138888884,-8.585267021276596,0.46761919036260724,1,0,0.46761919036260724,2110.386120773774,0.19253040617282713,3,True,False,0,True,False,1,141,0.05555555555555555,55
4030,6445,41.172295138888884,-8.584188297872341,0.4522888098130738,1,0,0.4522888098130738,2021.4050900104446,0.18441267178009935,3,True,True,1,True,False,1,141,0.08888888888888889,59
4031,6446,41.172295138888884,-8.583109574468086,0.4526315826726218,1,0,0.4526315826726218,1932.5546675190612,0.1763068527726178,3,True,False,0,True,False,1,138,0.12222222222222222,56
4032,6447,41.172295138888884,-8.58203085106383,0.4526315826726218,1,0,0.4526315826726218,1843.8537344096057,0.16821467167297582,3,True,False,0,True,False,1,138,0.12222222222222222,56
4033,6448,41.172295138888884,-8.580952127659575,0.4536614606876843,1,0,0.4536614606876843,1755.3249530534788,0.16013819596803178,3,True,False,0,True,False,1,129,0.2222222222222222,47
4034,6449,41.172295138888884,-8.57987340425532,0.4795781168214064,1,0,0.4795781168214064,1666.9957509680617,0.15207992786864158,3,True,False,0,False,False,0.55,129,0.16666666666666666,47
4035,6450,41.172295138888884,-8.578794680851065,0.4922156859468756,1,5.481133456954365e-08,0.492215631135541,1578.8996240240515,0.1440429232011903,3,True,False,0,True,False,1,114,0.3111111111111111,114
4036,6451,41.172295138888884,-8.57771595744681,0.5379716543240769,1,4.7132317642728905e-08,0.5379716071917593,1491.077884568635,0.13603095088877,3,True,False,0,False,False,0.55,114,0.2222222222222222,114
4037,6452,41.172295138888884,-8.576637234042552,0.5454536013063792,1,0.005849304600518228,0.539604296705861,1403.5820386087123,0.12804870982147065,3,True,False,0,True,False,1,102,0.35555555555555557,102
4038,6453,41.172295138888884,-8.575558510638297,0.6747125675725648,1,0.008274510166900433,0.6664380574056644,1316.477066473106,0.12010212815100733,3,True,False,0,True,False,1,102,0.14444444444444443,102
4039,6454,41.172295138888884,-8.574479787234042,0.6797826244377566,1,0.011490776689150323,0.6682918477486063,1229.8460229715474,0.11219878296296396,3,True,False,0,True,False,1,91,0.26666666666666666,91
4040,6455,41.172295138888884,-8.573401063829786,0.8139109529504577,1,0.015596354242719717,0.7983145987077379,1143.7965991151652,0.10434849890218144,3,True,False,0,False,False,0.55,91,0.08888888888888889,91
4041,6456,41.172295138888884,-8.572322340425531,0.8201037659696506,1,0.020578682886069236,0.7995250830835814,1058.4706544660896,0.09656421780847171,3,True,False,0,False,False,0.55,85,0.15555555555555556,85
4042,6457,41.172295138888884,-8.571243617021276,0.843716802059386,1,0.026225610823293246,0.8174911912360928,974.0583344460006,0.08886328663787643,3,True,False,0,False,False,0.10000000000000003,85,0.13333333333333333,85
4043,6458,41.172295138888884,-8.57016489361702,0.8503619019328811,1,0.0320445448335306,0.8183173570993505,890.8193968402379,0.081269403078428,3,True,False,0,False,False,0.55,81,0.17777777777777778,81
4044,6459,41.172295138888884,-8.569086170212765,0.8927601475721461,1,0.03725280770202809,0.855507339870118,809.1160627743365,0.07381561254287679,3,True,False,0,False,False,0.55,81,0.13333333333333333,81
4045,6460,41.172295138888884,-8.56800744680851,0.42087955614997685,1,0.04091479625356666,0.3799647598964102,729.4644985758806,0.0665490048560299,3,True,False,0,True,False,1,83,0.9222222222222223,83
4046,6489,41.17311041666667,-8.688824468085107,2.2465259472197747,1,0.1963424644621636,2.0501834827576113,10759.571022961403,0.9815950545280346,3,True,False,0,True,False,1,8,0.08888888888888889,-4
4047,6490,41.17311041666667,-8.687745744680852,2.222530341379743,1,0.23955986791430797,1.982970473465435,10669.212617841284,0.973351662350812,3,True,False,0,True,False,1,8,0.12222222222222222,-4
4048,6491,41.17311041666667,-8.686667021276596,1.8587721620667947,1,0.25764625977190825,1.6011259022948865,10578.854711021486,0.9651083156334996,3,True,False,0,True,False,1,19,0.2111111111111111,7
4049,6492,41.17311041666667,-8.685588297872341,1.8406857702091444,1,0.23955986791425782,1.6011259022948865,10488.497315394312,0.9568650155522613,3,True,False,0,True,False,1,19,0.2111111111111111,7
4050,6493,41.17311041666667,-8.684509574468086,1.5954836169375837,1,0.19634246446209153,1.3991411524754922,10398.140444300385,0.9486217633241615,3,True,False,0,True,False,1,25,0.2777777777777778,13
4051,6494,41.17311041666667,-8.68343085106383,1.7206812639752314,1,0.1551388987051574,1.565542365270074,10307.784111547904,0.9403785602089212,3,True,True,1,True,False,1,20,0.2222222222222222,7
4052,6503,41.17311041666667,-8.673722340425533,1.247822143417521,1,0.15513889870518235,1.0926832447123387,9494.603880531187,0.8661921738276658,3,True,False,0,True,False,1,36,0.4,0
4053,6504,41.17311041666667,-8.672643617021278,1.2566283504960292,1,0.1639451057836906,1.0926832447123387,9404.253809828384,0.8579495419988626,3,True,False,0,True,False,1,36,0.4,0
4054,6505,41.17311041666667,-8.671564893617022,1.5257873627823386,1,0.1639451057836906,1.3618422569986481,9313.904467015223,0.8497069765753903,3,True,False,0,True,False,1,44,0.08888888888888889,18
4055,6506,41.17311041666667,-8.670486170212767,1.3314386850767455,1,0.15513889870518235,1.1762997863715632,9223.555873496198,0.8414644795099794,3,True,False,0,False,False,0.55,52,0.14444444444444443,26
4056,6507,41.17311041666667,-8.669407446808512,1.3089508640282306,1,0.13265107765666742,1.1762997863715632,9133.208051521888,0.8332220528325492,3,True,False,0,False,False,0.55,52,0.14444444444444443,26
4057,6508,41.17311041666667,-8.668328723404256,1.4208608564251866,1,0.10466259682530181,1.3161982595998847,9042.86102423231,0.8249796986541621,3,True,False,0,True,False,1,47,0.08888888888888889,21
4058,6509,41.17311041666667,-8.667250000000001,1.295626502379858,1,0.07791936244941092,1.217707139930447,8952.5148157007,0.816737419171018,3,True,False,0,True,False,1,47,0.16666666666666666,21
4059,6510,41.17311041666667,-8.666171276595746,1.0656146726020628,1,0.03874486682482727,1.0268698057772354,8862.169450982128,0.8084952166688895,3,True,False,0,True,False,1,62,0.16666666666666666,36
4060,6511,41.17311041666667,-8.66509255319149,1.17396868609264,1,0.02642209702132561,1.1475465890713143,8771.824956162965,0.8002530935276347,3,True,False,0,True,False,1,62,0.05555555555555555,36
4061,6512,41.17311041666667,-8.664013829787235,1.0532064882588206,1,0.004321931370605717,1.0488845568882148,8681.481358415598,0.7920110522261891,3,True,False,0,True,False,1,66,0.1,40
4062,6513,41.17311041666667,-8.66293510638298,1.111665808979856,1,0.002860842842777439,1.1088049661370785,8591.138686054426,0.7837690953476736,3,True,False,0,True,False,1,66,0.044444444444444446,40
4063,6514,41.17311041666667,-8.661856382978725,1.1241979680491976,1,0.0021545367753992017,1.1220434312737984,8500.796968597591,0.7755272255850266,3,True,False,0,True,False,1,63,0.06666666666666667,37
4064,6515,41.17311041666667,-8.66077765957447,1.1124196256128571,1,0.0027743374499458575,1.1096452881629113,8410.456236830512,0.7672854457468002,3,True,False,0,True,False,1,63,0.07777777777777778,37
4065,6516,41.17311041666667,-8.659698936170214,1.0282831076672683,1,0.003485692317661522,1.0247974153496067,8320.116522875749,0.7590437587635337,3,True,False,0,True,False,1,70,0.07777777777777778,44
4066,6517,41.17311041666667,-8.658620212765959,1.0997059737119295,1,0.004259940976031466,1.095446032735898,8229.777860265249,0.7508021676943446,3,True,False,0,True,False,1,70,0.011111111111111112,9
4067,6518,41.17311041666667,-8.657541489361703,1.0526092294307434,1,0.005048186003260097,1.0475610434274834,8139.440284019623,0.7425606757341615,3,True,False,0,True,False,1,71,0.044444444444444446,10
4068,6519,41.17311041666667,-8.656462765957448,0.9957329398851865,1,0.0057831061191414524,0.9899498337660451,8049.103830730534,0.7343192862212397,3,True,False,0,True,False,1,75,0.05555555555555555,14
4069,6520,41.17311041666667,-8.655384042553193,1.0298912553212,1,0.0063869595669110045,1.023504295754289,7958.768538650919,0.7260780026453922,3,True,False,0,True,False,1,75,0.022222222222222223,14
4070,6521,41.17311041666667,-8.654305319148937,1.0075434238260879,1,0.006785561035519313,1.0007578627905684,7868.434447789184,0.7178368286565838,3,True,False,0,True,False,1,76,0.03333333333333333,15
4071,6522,41.17311041666667,-8.65322659574468,1.0076828783708174,1,0.006925015580249042,1.0007578627905684,7778.101600012059,0.709595768074314,3,True,False,0,True,False,1,76,0.03333333333333333,15
4072,6523,41.17311041666667,-8.652147872340425,1.0075434238260879,1,0.006785561035519313,1.0007578627905684,7687.770039153153,0.7013548248975204,3,True,False,0,True,False,1,76,0.03333333333333333,15
4073,6524,41.17311041666667,-8.65106914893617,1.0071448223574802,1,0.006386959566911758,1.0007578627905684,7597.439811130081,0.6931140033152644,3,True,False,0,True,False,1,76,0.03333333333333333,15
4074,6525,41.17311041666667,-8.649990425531914,0.9625534233845697,1,0.0057831061191414524,0.9567703172654283,7507.110964069229,0.6848733077181134,3,True,False,0,True,False,1,78,0.05555555555555555,17
4075,6526,41.17311041666667,-8.64891170212766,1.0053007431429721,1,0.00504818600326124,1.000252557139711,7416.783548441128,0.6766327427104911,3,True,False,0,False,False,0.55,78,0.011111111111111112,17
4076,6527,41.17311041666667,-8.647832978723404,0.9717203187898573,1,0.004259940976031466,0.9674603778138259,7326.457617203761,0.6683923131237514,3,True,False,0,False,False,0.55,78,0.044444444444444446,17
4077,6528,41.17311041666667,-8.646754255319149,0.9929356776551652,1,0.003485692317662628,0.9894499853375026,7236.1332259588135,0.6601520240304327,3,True,False,0,True,False,1,77,0.03333333333333333,16
4078,6529,41.17311041666667,-8.645675531914893,0.959786293890063,1,0.0027743374499458575,0.9570119564401172,7145.810433117536,0.6519118807593904,3,True,False,0,False,False,0.55,77,0.06666666666666667,16
4079,6530,41.17311041666667,-8.644596808510638,1.026693197571313,1,0.0021545367754000413,1.0245386607959128,7055.4893000815655,0.643671888912292,3,True,False,0,False,False,0.55,71,0.06666666666666667,10
4080,6531,41.17311041666667,-8.643518085106383,1.0609028403592504,1,0.0016373253566147898,1.0592655150026355,6965.169891435556,0.6354320543811921,3,True,False,0,True,False,1,71,0.03333333333333333,10
4081,6532,41.17311041666667,-8.642439361702127,1.0152066253128635,1,0.001220837721284708,1.0139857875915788,6874.85227515723,0.6271923833676943,3,True,False,0,True,False,1,68,0.1111111111111111,7
4082,6533,41.17311041666667,-8.641360638297872,0.9059612208511978,1,0.0008952796650356757,0.9050659411861621,6784.536522841946,0.6189528824034393,3,True,False,0,True,False,1,78,0.1111111111111111,17
4083,6534,41.17311041666667,-8.640281914893617,0.9057130128025943,1,0.0006470716164321806,0.9050659411861621,6694.222709947511,0.6107135583724383,3,True,False,0,True,False,1,78,0.1111111111111111,17
4084,6535,41.17311041666667,-8.639203191489361,0.9069000763297003,1,0.0004617837138043001,0.9064382926158959,6603.910916057656,0.6024744185351107,3,True,False,0,True,False,1,72,0.17777777777777778,11
4085,6536,41.17311041666667,-8.638124468085106,0.9067642131107262,1,0.0003259204948302633,0.9064382926158959,6513.601225167432,0.5942354705543202,3,True,False,0,True,False,1,72,0.17777777777777778,11
4086,6537,41.17311041666667,-8.63704574468085,0.9057509699100074,1,0.0002278092634044032,0.905523160646603,6423.293725994017,0.58599672252373,3,True,True,1,True,False,1,76,0.13333333333333333,15
4087,6538,41.17311041666667,-8.635967021276596,0.9260290317626511,1,0.00015788281274666956,0.9258711489499044,6332.988512312003,0.5777581829983908,3,True,False,0,True,False,1,76,0.1111111111111111,15
4088,6539,41.17311041666667,-8.63488829787234,0.845308752377925,1,0.0001086044185378535,0.8452001479593871,6242.68568331997,0.5695198610281833,3,True,False,0,True,False,1,85,0.1,24
4089,6540,41.17311041666667,-8.633809574468085,0.8836860853232973,1,7.42152273072673e-05,0.8836118700959901,6152.385344037078,0.5612817661939996,3,True,False,0,True,False,1,85,0.05555555555555555,24
4090,6541,41.17311041666667,-8.63273085106383,0.78969871184475,1,5.7864451533140535e-06,0.7896929253995967,6062.087605737266,0.553043908647355,3,True,False,0,True,False,1,90,0.1111111111111111,29
4091,6542,41.17311041666667,-8.631652127659574,0.7896992747321184,1,6.349332521701941e-06,0.7896929253995967,5971.792586420575,0.5448062991533863,3,True,False,0,True,False,1,90,0.1111111111111111,29
4092,6543,41.17311041666667,-8.630573404255319,0.7057634622893711,1,6.854064509363392e-06,0.7057566082248617,5881.5004113300465,0.5365689491380092,3,True,False,0,False,False,0.55,95,0.16666666666666666,34
4093,6544,41.17311041666667,-8.629494680851064,0.5894749762104052,1,7.27670126549012e-06,0.5894676995091398,5791.211213514656,0.5283318707392742,3,True,False,0,True,False,1,104,0.24444444444444444,43
4094,6545,41.17311041666667,-8.628415957446808,0.6231502556517658,1,7.595860664239218e-06,0.6231426597911016,5700.925134447914,0.5200950768638016,3,True,False,0,True,False,1,104,0.18888888888888888,43
4095,6546,41.17311041666667,-8.627337234042553,0.7458943072611686,1,7.794622967682535e-06,0.7458865126382009,5610.642324703837,0.5118585812484504,3,True,False,0,True,False,1,96,0.1,16
4096,6547,41.17311041666667,-8.626258510638298,0.7626551719406787,1,7.86212539074776e-06,0.7626473098152879,5520.362944701382,0.5036223985282329,3,True,False,0,True,False,1,96,0.07777777777777778,16
4097,6548,41.17311041666667,-8.625179787234043,0.8251729559205212,1,7.794622967682342e-06,0.8251651612975536,5430.087165520782,0.4953865443107892,3,True,False,0,True,False,1,92,0.044444444444444446,12
4098,6549,41.17311041666667,-8.624101063829787,0.8437150228672307,1,7.595860664239218e-06,0.8437074270065664,5339.815169804763,0.48715103525860476,3,True,False,0,True,False,1,92,0.022222222222222223,12
4099,6550,41.17311041666667,-8.623022340425532,0.7981203062650908,1,7.2767012654895655e-06,0.7981130295638253,5249.54715275035,0.47891588917949307,3,True,False,0,True,False,1,92,0.07777777777777778,12
4100,6551,41.17311041666667,-8.621943617021277,0.7289484859631318,1,6.854064509363392e-06,0.7289416318986224,5159.283323206803,0.4706811251267604,3,True,False,0,True,False,1,99,0.08888888888888889,19
4101,6552,41.17311041666667,-8.620864893617021,0.7289479812311441,1,6.349332521701152e-06,0.7289416318986224,5069.023904888424,0.4624467635098497,3,True,False,0,True,False,1,99,0.08888888888888889,19
4102,6553,41.17311041666667,-8.619786170212766,0.6514683450876093,1,5.7864451533140535e-06,0.651462558642456,4978.769137721212,0.45421282621719633,3,True,False,0,True,False,1,104,0.14444444444444443,24
4103,6554,41.17311041666667,-8.61870744680851,0.6661067474447574,1,5.1899346966435576e-06,0.6661015575100607,4888.519279336153,0.4459793367524605,3,True,False,0,False,False,0.55,104,0.12222222222222222,24
4104,6555,41.17311041666667,-8.617628723404255,0.6664426405371906,1,4.583131526219423e-06,0.6664380574056644,4798.274606732911,0.4377463203863059,3,True,False,0,False,False,0.55,102,0.14444444444444443,22
4105,6556,41.17311041666667,-8.61655,0.6374711414595486,1,3.9867190363876365e-06,0.6374671547405123,4708.035418132149,0.4295138043253867,3,True,False,0,True,False,1,102,0.18888888888888888,22
4106,6557,41.17311041666667,-8.615471276595745,0.6377926069067106,1,3.417742764559962e-06,0.637789189163946,4617.802035046789,0.42128181790130853,3,True,False,0,False,False,0.55,100,0.2111111111111111,20
4107,6558,41.17311041666667,-8.61439255319149,0.6014974680675853,1,2.2880545656599732e-07,0.6014972392621287,4527.574804598063,0.41305039278192174,3,True,False,0,True,False,1,112,0.13333333333333333,32
4108,6559,41.17311041666667,-8.613313829787234,0.5503384379711463,1,2.058194970827657e-07,0.5503382321516492,4437.354102115667,0.4048195632085332,3,True,False,0,True,False,1,112,0.2222222222222222,32
4109,6560,41.17311041666667,-8.612235106382979,0.5493663927549491,1,1.2140128896984823e-07,0.5493662713536601,4347.140334058563,0.396589366262371,3,True,False,0,True,False,1,119,0.14444444444444443,39
4110,6561,41.17311041666667,-8.611156382978724,0.5493663982964323,1,1.2694277219626605e-07,0.5493662713536601,4256.933941308396,0.3883598421650426,3,True,False,0,True,False,1,119,0.14444444444444443,39
4111,6562,41.17311041666667,-8.610077659574468,0.5489503734563421,1,1.310652636129701e-07,0.5489502423910785,4166.735402887209,0.38013103461770176,3,True,False,0,True,False,1,122,0.1111111111111111,42
4112,6563,41.17311041666667,-8.608998936170213,0.5738984598671569,1,1.336068833292814e-07,0.5738983262602736,4076.5452401694674,0.37190299118531156,3,True,False,0,True,False,1,122,0.06666666666666667,39
4113,6564,41.17311041666667,-8.607920212765958,0.5740434028457313,1,1.3446569244870327e-07,0.5740432683800388,3986.3640216617955,0.36367576373269894,3,True,False,0,True,False,1,121,0.07777777777777778,38
4114,6565,41.17311041666667,-8.606841489361702,0.5804572277581947,1,1.3446569244870327e-07,0.5804570932925023,3896.1923684465673,0.3554494089211738,3,True,False,0,True,False,1,121,0.06666666666666667,38
4115,6566,41.17311041666667,-8.605762765957447,0.5811905910129376,1,1.3446569244870327e-07,0.5811904565472451,3806.0309603943656,0.34722398877529087,3,True,False,0,True,False,1,116,0.12222222222222222,33
4116,6567,41.17311041666667,-8.604684042553192,0.642314924904816,1,1.3446569244870327e-07,0.6423147904391235,3715.880543279869,0.33899957133203173,3,True,False,0,True,False,1,116,0.022222222222222223,33
4117,6568,41.17311041666667,-8.603605319148937,0.6426394082474695,1,1.3446569244870327e-07,0.642639273781777,3625.74193695301,0.3307762313862593,3,True,False,0,True,False,1,114,0.044444444444444446,31
4118,6569,41.17311041666667,-8.602526595744681,0.601193663944191,1,1.3446569244870327e-07,0.6011935294784986,3535.6160447573607,0.3225540513499564,3,True,False,0,False,False,0.55,114,0.1111111111111111,31
4119,6570,41.17311041666667,-8.601447872340426,0.5810438367526206,1,1.2694277219626605e-07,0.5810437098098484,3445.5038644182246,0.314333122245546,3,True,False,0,True,False,1,117,0.1111111111111111,64
4120,6571,41.17311041666667,-8.60036914893617,0.5807504488847238,1,1.2140128896984823e-07,0.5807503274834348,3355.4065006797564,0.3061135448587746,3,True,False,0,True,False,1,119,0.08888888888888889,66
4121,6572,41.17311041666667,-8.599290425531915,0.5807504421349212,1,1.1465148643769897e-07,0.5807503274834348,3265.3251800222233,0.2978954310813676,3,True,False,0,True,False,1,119,0.08888888888888889,66
4122,6573,41.17311041666667,-8.59821170212766,0.5807504344222871,1,1.0693885234680922e-07,0.5807503274834348,3175.261267874488,0.28967890548132263,3,True,False,0,True,False,1,119,0.08888888888888889,66
4123,6574,41.17311041666667,-8.597132978723405,0.5801640878396876,1,8.067743397622679e-08,0.5801640071622537,3085.2162888234566,0.28146410714661674,3,True,False,0,True,False,1,123,0.044444444444444446,61
4124,6575,41.17311041666667,-8.59605425531915,0.5801640788935195,1,7.173126584983126e-08,0.5801640071622537,2995.191950451336,0.27325119185987795,3,True,False,0,True,False,1,123,0.044444444444444446,61
4125,6576,41.17311041666667,-8.594975531914894,0.5803105947785011,1,6.305403523484973e-08,0.5803105317244659,2905.1901715769095,0.26504033467483495,3,True,True,1,True,False,1,122,0.05555555555555555,60
4126,6577,41.17311041666667,-8.593896808510639,0.5489502972036039,1,5.4812525394082515e-08,0.5489502423910785,2815.2131158831507,0.2568317329841629,3,True,False,0,True,False,1,122,0.1111111111111111,60
4127,6578,41.17311041666667,-8.592818085106384,0.4899833645342698,1,0,0.4899833645342698,2725.2632321605874,0.24862561019088278,3,True,False,0,True,False,1,132,0.1111111111111111,70
4128,6579,41.17311041666667,-8.591739361702128,0.463504403287988,1,0,0.463504403287988,2635.343302737364,0.24042222012663347,3,True,False,0,True,False,1,132,0.16666666666666666,46
4129,6580,41.17311041666667,-8.590660638297873,0.43251800944956936,1,0,0.43251800944956936,2545.456502095855,0.23222185239926213,3,True,False,0,True,False,1,142,0.12222222222222222,56
4130,6581,41.17311041666667,-8.589581914893618,0.46233541424060165,1,0,0.46233541424060165,2455.606468263482,0.22402483890580419,3,True,False,0,True,False,1,142,0.05555555555555555,56
4131,6582,41.17311041666667,-8.588503191489362,0.46210197046154816,1,0,0.46210197046154816,2365.797390330911,0.2158315618167636,3,True,False,0,True,False,1,144,0.03333333333333333,58
4132,6583,41.17311041666667,-8.587424468085107,0.4567651758339638,1,0,0.4567651758339638,2276.0341165033446,0.20764246343362625,3,True,False,0,True,False,1,146,0.022222222222222223,60
4133,6584,41.17311041666667,-8.586345744680852,0.44179063220610426,1,0,0.44179063220610426,2186.322288504618,0.19945805845053774,3,True,False,0,True,False,1,146,0.05555555555555555,64
4134,6585,41.17311041666667,-8.585267021276596,0.4518321830878073,1,0,0.4518321830878073,2096.668510121227,0.19127894933056586,3,True,False,0,True,False,1,145,0.044444444444444446,63
4135,6586,41.17311041666667,-8.584188297872341,0.43701936219846077,1,0,0.43701936219846077,2007.080560393804,0.18310584575514646,3,True,False,0,True,False,1,145,0.07777777777777778,63
4136,6587,41.17311041666667,-8.583109574468086,0.3994459697205519,1,0,0.3994459697205519,1917.5676658203904,0.17493958945717294,3,True,False,0,True,False,1,149,0.12222222222222222,67
4137,6588,41.17311041666667,-8.58203085106383,0.3614336598868143,1,0,0.3614336598868143,1828.1408514264888,0.1667811862490969,2,True,False,0,True,False,1,149,0.2222222222222222,149
4138,6589,41.17311041666667,-8.580952127659575,0.4230125060031894,1,0,0.4230125060031894,1738.8133985355282,0.15863184778530195,3,True,False,0,True,False,1,142,0.14444444444444443,142
4139,6590,41.17311041666667,-8.57987340425532,0.358072355731881,1,0,0.358072355731881,1649.6014487944647,0.1504930466673249,2,True,False,0,True,False,1,142,0.3111111111111111,142
4140,6591,41.17311041666667,-8.578794680851065,0.428603846153837,1,0,0.428603846153837,1560.524811566819,0.14236659010227692,3,True,False,0,True,False,1,134,0.2222222222222222,134
4141,6592,41.17311041666667,-8.57771595744681,0.37510265059302633,1,0,0.37510265059302633,1471.6080585276677,0.13425471976268238,3,True,False,0,True,False,1,134,0.35555555555555557,134
4142,6593,41.17311041666667,-8.576637234042552,0.5378357992575025,1,2.6330187782043502e-08,0.5378357729273147,1382.882030806969,0.12616024928307917,3,True,False,0,True,False,1,115,0.2111111111111111,115
4143,6594,41.17311041666667,-8.575558510638297,0.5087708643827815,1,2.226539935520136e-08,0.5087708421173822,1294.385949851035,0.11808675683379115,3,True,False,0,True,False,1,115,0.26666666666666666,115
4144,6595,41.17311041666667,-8.574479787234042,0.6751967196189931,1,0.008253593607402082,0.666943126011591,1206.1704299508292,0.1100388599537138,3,True,True,1,True,False,1,99,0.17777777777777778,99
4145,6596,41.17311041666667,-8.573401063829786,0.6928838067691881,1,0.010953818447680745,0.6819299883215074,1118.301867972754,0.10202261602520547,3,True,False,0,True,False,1,99,0.15555555555555556,99
4146,6597,41.17311041666667,-8.572322340425531,0.727405330066714,1,0.014123589015267946,0.713281741051446,1030.86898909284,0.09404611944104604,3,True,False,0,True,False,1,97,0.13333333333333333,97
4147,6598,41.17311041666667,-8.571243617021276,0.6998704412298455,1,0.017595956836692322,0.6822744843931532,943.9928603559556,0.08612041514087634,3,True,False,0,False,False,0.55,97,0.17777777777777778,97
4148,6599,41.17311041666667,-8.57016489361702,0.767509919318254,1,0.02105812704613766,0.7464517922721163,857.8426493981164,0.07826093627854092,3,True,False,0,True,False,1,93,0.13333333333333333,93
4149,6600,41.17311041666667,-8.569086170212765,0.7705197398417978,1,0.024067947569681433,0.7464517922721163,772.66120963051,0.0704898383569765,3,True,False,0,True,False,1,93,0.13333333333333333,93
4150,6601,41.17311041666667,-8.56800744680851,0.3813284324047412,1,0.026137931120274842,0.35519050128446633,688.808044122495,0.06283991882082256,3,True,False,0,True,False,1,86,0.9555555555555556,86
4151,6645,41.17392569444444,-8.672643617021278,1.1970045639285196,1,0.10432131921618089,1.0926832447123387,9402.005448085687,0.8577444240845228,3,True,False,0,True,False,1,36,0.4,0
4152,6646,41.17392569444444,-8.671564893617022,1.0171914836207938,1,0.10432131921618089,0.912870164404613,9311.635419944707,0.849499971539766,3,True,False,0,True,False,1,44,0.4888888888888889,18
4153,6647,41.17392569444444,-8.670486170212767,1.289232822142383,1,0.09979015736786187,1.189442664774521,9221.265724864264,0.8412555493801032,3,True,False,0,True,False,1,52,0.13333333333333333,26
4154,6648,41.17392569444444,-8.669407446808512,1.1640212815830828,1,0.08776905188669354,1.0762522296963892,9130.896372747207,0.8330111585089706,3,True,False,0,False,False,0.55,52,0.23333333333333334,26
4155,6649,41.17392569444444,-8.668328723404256,1.1494665063955325,1,0.07185451411338975,1.0776119922821428,9040.527373892719,0.8247667998659621,3,True,False,0,False,False,0.55,47,0.28888888888888886,21
4156,6650,41.17392569444444,-8.667250000000001,1.13318659972986,1,0.0555746074477172,1.0776119922821428,8950.158739015204,0.8165224744285522,3,True,False,0,True,False,1,47,0.28888888888888886,21
4157,6651,41.17392569444444,-8.666171276595746,1.0564015596693328,1,0.029531753892097327,1.0268698057772354,8859.790479266578,0.8082781832141297,3,True,False,0,True,False,1,62,0.16666666666666666,36
4158,6652,41.17392569444444,-8.66509255319149,1.0942222764717808,1,0.020684426746358817,1.073537849725422,8769.422606257694,0.800033927281952,3,True,False,0,True,False,1,62,0.12222222222222222,36
4159,6653,41.17392569444444,-8.664013829787235,1.0759831324819362,1,0.003529116939748341,1.0724540155421878,8679.055132083333,0.791789707735425,3,True,False,0,True,False,1,66,0.07777777777777778,40
4160,6654,41.17392569444444,-8.66293510638298,1.0748225731923704,1,0.002368557650182566,1.0724540155421878,8588.688069346563,0.7835455257243262,3,True,False,0,True,False,1,66,0.07777777777777778,40
4161,6655,41.17392569444444,-8.661856382978725,1.0748457019872946,1,0.0015789134521318055,1.0732667885351628,8498.321431186849,0.7753013824473682,3,True,False,0,True,False,1,63,0.1111111111111111,37
4162,6656,41.17392569444444,-8.66077765957447,1.0871434824994537,1,0.001885010331361008,1.0852584721680927,8407.955231307775,0.7670572791547281,3,True,False,0,True,False,1,63,0.1,37
4163,6657,41.17392569444444,-8.659698936170214,1.027131479698027,1,0.002334064348420533,1.0247974153496067,8317.589484008784,0.7588132171509434,3,True,False,0,True,False,1,70,0.07777777777777778,44
4164,6658,41.17392569444444,-8.658620212765959,1.0741849301138995,1,0.0028136545256770037,1.0713712755882225,8227.22420421679,0.7505691977977955,3,True,False,0,True,False,1,70,0.03333333333333333,9
4165,6659,41.17392569444444,-8.657541489361703,1.0165113153725034,1,0.0032934079317114185,1.0132179074407919,8136.859407522121,0.7423252225175891,3,True,True,1,True,False,1,71,0.07777777777777778,10
4166,6660,41.17392569444444,-8.656462765957448,1.0047444609437157,1,0.0037338496097778346,1.0010106113339379,8046.495110214646,0.7340812927964482,3,True,False,0,True,False,1,75,0.044444444444444446,14
4167,6661,41.17392569444444,-8.655384042553193,1.0162862133909119,1,0.004091241660705763,1.0121949717302061,7956.131329324603,0.7258374101880403,3,True,False,0,True,False,1,75,0.03333333333333333,14
4168,6662,41.17392569444444,-8.654305319148937,1.0162644786484745,1,0.004325079438493446,1.011939399209981,7865.768082664018,0.7175935763173555,3,True,False,0,True,False,1,76,0.022222222222222223,15
4169,6663,41.17392569444444,-8.65322659574468,0.9616601728204098,1,0.004406516177905044,0.9572536566425048,7775.4053888730805,0.7093497928849374,3,True,False,0,True,False,1,76,0.07777777777777778,15
4170,6664,41.17392569444444,-8.652147872340425,0.9615787360809983,1,0.004325079438493446,0.9572536566425048,7685.043267468261,0.7011060616712723,3,True,False,0,True,False,1,76,0.07777777777777778,15
4171,6665,41.17392569444444,-8.65106914893617,0.961344898303211,1,0.004091241660706214,0.9572536566425048,7594.681738894711,0.6928623845415705,3,True,False,0,True,False,1,76,0.07777777777777778,15
4172,6666,41.17392569444444,-8.649990425531914,0.9605041668752061,1,0.0037338496097778346,0.9567703172654283,7504.320824581613,0.6846187634508147,3,True,False,0,True,False,1,78,0.05555555555555555,17
4173,6667,41.17392569444444,-8.64891170212766,0.9815632870755592,1,0.0032934079317121063,0.9782698791438471,7413.960547003085,0.6763752004493178,3,True,False,0,False,False,0.55,78,0.03333333333333333,17
4174,6668,41.17392569444444,-8.647832978723404,0.9810835336695242,1,0.0028136545256770037,0.9782698791438471,7323.600929741527,0.6681316976885006,3,True,False,0,True,False,1,78,0.03333333333333333,17
4175,6669,41.17392569444444,-8.646754255319149,0.9808510125348102,1,0.002334064348421224,0.978516948186389,7233.24199755793,0.6598882574273068,3,True,False,0,False,False,0.55,77,0.044444444444444446,16
4176,6670,41.17392569444444,-8.645675531914893,0.9483223572117532,1,0.001885010331361008,0.9464373468803922,7142.8837764652935,0.6516448820389013,3,True,False,0,False,False,0.55,77,0.07777777777777778,16
4177,6671,41.17392569444444,-8.644596808510638,1.0035082455710052,1,0.0014860015678607745,1.0020222440031443,7052.526293809915,0.6434015740180847,3,True,False,0,True,False,1,71,0.08888888888888889,10
4178,6672,41.17392569444444,-8.643518085106383,1.0604119124349733,1,0.0011463974323378129,1.0592655150026355,6962.169578356763,0.6351583359890839,3,True,False,0,True,False,1,71,0.03333333333333333,10
4179,6673,41.17392569444444,-8.642439361702127,1.0148533447656314,1,0.000867557174052673,1.0139857875915788,6871.813660383841,0.6269151707141593,3,True,False,0,True,False,1,68,0.1111111111111111,7
4180,6674,41.17392569444444,-8.641360638297872,0.9057113852270632,1,0.0006454440409010006,0.9050659411861621,6781.458571781831,0.6186720811026959,3,True,False,0,True,False,1,78,0.1111111111111111,17
4181,6675,41.17392569444444,-8.640281914893617,0.9258766697224889,1,0.00047301440008979296,0.9254036553223991,6691.104346163922,0.6104290702212232,3,True,False,0,True,False,1,78,0.08888888888888889,17
4182,6676,41.17392569444444,-8.639203191489361,1.013304142710212,1,0.00034206607413113605,1.012962076636081,6600.751018983225,0.6021861413041263,3,True,False,0,True,False,1,72,0.06666666666666667,11
4183,6677,41.17392569444444,-8.638124468085106,0.969171816764712,1,0.0002444788408153448,0.9689273379238966,6510.398627660008,0.5939432977652543,3,True,False,0,True,False,1,72,0.1111111111111111,11
4184,6678,41.17392569444444,-8.63704574468085,0.9681220442021383,1,0.00017292662713854447,0.9679491175749998,6420.047211721028,0.585700543210631,3,True,False,0,True,False,1,76,0.06666666666666667,15
4185,6679,41.17392569444444,-8.635967021276596,0.9363371678148223,1,0.00012119684893228329,0.93621597096589,6329.696812948708,0.5774578814520644,3,True,False,0,True,False,1,76,0.1,15
4186,6680,41.17392569444444,-8.63488829787234,0.8452844005514741,1,8.425259208702365e-05,0.8452001479593871,6239.347475545493,0.5692153165221411,3,True,False,0,True,False,1,85,0.1,24
4187,6681,41.17392569444444,-8.633809574468085,0.8836700179030292,1,5.814780703914639e-05,0.8836118700959901,6148.999246310469,0.5609728526903391,3,True,False,0,True,False,1,85,0.05555555555555555,24
4188,6682,41.17392569444444,-8.63273085106383,0.7985199418193824,1,3.7230600054180345e-06,0.798516218759377,6058.6521748339965,0.552730494480784,3,True,False,0,True,False,1,90,0.1,29
4189,6683,41.17392569444444,-8.631652127659574,0.8164637285162865,1,4.071769404022567e-06,0.8164596567468825,5968.306313707779,0.5444882466914142,3,True,False,0,False,False,0.55,90,0.07777777777777778,29
4190,6684,41.17392569444444,-8.630573404255319,0.7544152210248648,1,4.383353771556682e-06,0.7544108376710933,5877.961718756518,0.5362461144151138,3,True,False,0,False,False,0.55,95,0.1,34
4191,6685,41.17392569444444,-8.629494680851064,0.6810741524665463,1,4.6435113262951904e-06,0.68106950895522,5787.618449289038,0.5280041030626237,3,True,False,0,False,False,0.55,104,0.1,43
4192,6686,41.17392569444444,-8.628415957446808,0.688683984957356,1,4.839543923378725e-06,0.6886791454134327,5697.276568375494,0.5197622183878304,3,True,False,0,True,False,1,104,0.08888888888888889,43
4193,6687,41.17392569444444,-8.627337234042553,0.7542253153829918,1,4.9614472001727386e-06,0.7542203539357916,5606.936143149149,0.5115204665152978,3,True,False,0,True,False,1,96,0.08888888888888889,35
4194,6688,41.17392569444444,-8.626258510638298,0.762652312631863,1,5.002816575006487e-06,0.7626473098152879,5516.597245139994,0.5032788539707028,3,True,False,0,True,False,1,96,0.07777777777777778,16
4195,6689,41.17392569444444,-8.625179787234043,0.7634230112775847,1,4.961447200172607e-06,0.7634180498303845,5426.259950639448,0.4950373877141074,3,True,False,0,True,False,1,92,0.12222222222222222,12
4196,6690,41.17392569444444,-8.624101063829787,0.8070352408703755,1,4.839543923378725e-06,0.8070304013264521,5335.924341104303,0.4867960751768099,3,True,False,0,True,False,1,92,0.06666666666666667,12
4197,6691,41.17392569444444,-8.623022340425532,0.7892988347990231,1,4.6435113262948525e-06,0.7892941912876967,5245.590503600141,0.4785549243017987,3,True,False,0,True,False,1,92,0.08888888888888889,12
4198,6692,41.17392569444444,-8.621943617021277,0.7370905302322439,1,4.383353771556682e-06,0.7370861468784724,5155.2585312935635,0.4703139435886573,3,True,False,0,True,False,1,99,0.07777777777777778,19
4199,6693,41.17392569444444,-8.620864893617021,0.7536532630260001,1,4.071769404022067e-06,0.7536491912565961,5064.92852399481,0.4620731421430683,3,True,False,0,True,False,1,99,0.05555555555555555,19
4200,6694,41.17392569444444,-8.619786170212766,0.7120257262816576,1,3.7230600054180345e-06,0.7120220032216522,4974.600588761681,0.4538325297319088,3,True,False,0,True,False,1,104,0.05555555555555555,24
4201,6695,41.17392569444444,-8.61870744680851,0.7361594218392736,1,3.351994261138788e-06,0.7361560698450125,4884.274840568165,0.4455921168442492,3,True,False,0,True,False,1,104,0.022222222222222223,24
4202,6696,41.17392569444444,-8.617628723404255,0.7530814338669178,1,2.9727543775441858e-06,0.7530784611125403,4793.95140305083,0.43735191475944657,3,True,True,1,True,False,1,102,0.022222222222222223,22
4203,6697,41.17392569444444,-8.61655,0.7045127587167272,1,2.5980690842949752e-06,0.7045101606476429,4703.630409338869,0.42911193562286976,3,True,False,0,True,False,1,102,0.08888888888888889,22
4204,6698,41.17392569444444,-8.615471276595745,0.666776965890929,1,2.238597295004298e-06,0.6667747272936341,4613.312002983803,0.4208721925307158,3,True,False,0,True,False,1,100,0.16666666666666666,20
4205,6699,41.17392569444444,-8.61439255319149,0.601497388348062,1,1.4908593321398465e-07,0.6014972392621287,4522.996338998199,0.4126326996247724,3,True,False,0,True,False,1,112,0.13333333333333333,32
4206,6700,41.17392569444444,-8.613313829787234,0.6288335520310087,1,1.3106534706109236e-07,0.6288334209656616,4432.6835850234775,0.4043934721989569,3,True,False,0,True,False,1,112,0.08888888888888889,32
4207,6701,41.17392569444444,-8.612235106382979,0.5872391682967515,1,7.746827095547254e-08,0.5872390908284806,4342.37392264102,0.3961545268189283,3,True,False,0,True,False,1,119,0.07777777777777778,39
4208,6702,41.17392569444444,-8.611156382978724,0.6139273648662689,1,8.090493657168713e-08,0.6139272839613323,4252.067548852403,0.38791588145712946,3,True,False,0,True,False,1,119,0.03333333333333333,39
4209,6703,41.17392569444444,-8.610077659574468,0.5933507586326728,1,8.345855708359898e-08,0.5933506751741158,4161.764677749853,0.3796775556451819,3,True,False,0,True,False,1,122,0.03333333333333333,42
4210,6704,41.17392569444444,-8.608998936170213,0.5867944662329311,1,8.503167753584302e-08,0.5867943812012535,4071.4655424109505,0.3714395706467402,3,True,False,0,True,False,1,122,0.044444444444444446,39
4211,6705,41.17392569444444,-8.607920212765958,0.6001318379224313,1,8.556302036898869e-08,0.600131752359411,3981.1703970485587,0.3632019496536294,3,True,False,0,True,False,1,121,0.03333333333333333,38
4212,6706,41.17392569444444,-8.606841489361702,0.5310876944676844,1,8.556302036898869e-08,0.5310876089046641,3890.8795194619483,0.35496471800946117,3,True,False,0,True,False,1,121,0.15555555555555556,38
4213,6707,41.17392569444444,-8.605762765957447,0.5942504583286082,1,8.556302036898869e-08,0.5942503727655879,3800.5932138344933,0.34672790346486754,3,True,False,0,True,False,1,116,0.1,33
4214,6708,41.17392569444444,-8.604684042553192,0.5942504583286082,1,8.556302036898869e-08,0.5942503727655879,3710.311813941463,0.3384915364701474,3,True,False,0,True,False,1,116,0.1,33
4215,6709,41.17392569444444,-8.603605319148937,0.621571137966819,1,8.556302036898869e-08,0.6215710524037986,3620.0356868347294,0.33025565051142225,3,True,True,1,True,False,1,114,0.07777777777777778,31
4216,6710,41.17392569444444,-8.602526595744681,0.621571137966819,1,8.556302036898869e-08,0.6215710524037986,3529.7652370941933,0.32202028249849346,3,True,False,0,True,False,1,114,0.07777777777777778,31
4217,6711,41.17392569444444,-8.601447872340426,0.581043790714785,1,8.090493657168713e-08,0.5810437098098484,3439.500911745155,0.3137854732134539,3,True,False,0,True,False,1,117,0.1111111111111111,64
4218,6712,41.17392569444444,-8.60036914893617,0.5555044559496721,1,7.746827095547254e-08,0.5555043784814012,3349.2432059715925,0.3055512678319097,3,True,False,0,True,False,1,119,0.13333333333333333,66
4219,6713,41.17392569444444,-8.599290425531915,0.5938004268482663,1,7.327567744832957e-08,0.5938003535725889,3258.992669774562,0.29731771653042616,3,True,False,0,True,False,1,119,0.06666666666666667,57
4220,6714,41.17392569444444,-8.59821170212766,0.5938004220483261,1,6.847573723457692e-08,0.5938003535725889,3168.749915768281,0.2890848751977636,3,True,False,0,True,False,1,119,0.06666666666666667,57
4221,6715,41.17392569444444,-8.597132978723405,0.5427475332125741,1,5.20483522083731e-08,0.5427474811642219,3078.515628341975,0.2808528062707122,3,True,False,0,True,False,1,123,0.1111111111111111,61
4222,6716,41.17392569444444,-8.59605425531915,0.5674137152152575,1,4.641825379214612e-08,0.5674136687970037,2988.290574479911,0.2726215797212032,3,True,False,0,True,False,1,123,0.06666666666666667,61
4223,6717,41.17392569444444,-8.594975531914894,0.5803105726624432,1,4.0937977326890557e-08,0.5803105317244659,2898.075616595096,0.2643912742271264,3,True,False,0,True,False,1,122,0.05555555555555555,60
4224,6718,41.17392569444444,-8.593896808510639,0.548950278104068,1,3.571298953155267e-08,0.5489502423910785,2807.8717278326035,0.2561619785684515,3,True,False,0,True,False,1,122,0.1111111111111111,36
4225,6719,41.17392569444444,-8.592818085106384,0.4899833645342698,1,0,0.4899833645342698,2717.6800104094013,0.24793379330037027,3,True,False,0,True,False,1,132,0.1111111111111111,46
4226,6720,41.17392569444444,-8.591739361702128,0.4899833645342698,1,0,0.4899833645342698,2627.501717722117,0.23970683277018578,3,True,False,0,False,False,0.55,132,0.1111111111111111,46
4227,6721,41.17392569444444,-8.590660638297873,0.4183383824880518,1,0,0.4183383824880518,2537.338281151287,0.23148122756266334,3,True,False,0,True,False,1,142,0.15555555555555556,56
4228,6722,41.17392569444444,-8.589581914893618,0.42773885382178395,1,0,0.42773885382178395,2447.191342772576,0.22325712748427273,3,True,False,0,True,False,1,142,0.13333333333333333,56
4229,6723,41.17392569444444,-8.588503191489362,0.40893792004456475,1,0,0.40893792004456475,2357.0627955436858,0.2150347052294378,3,True,False,0,True,False,1,144,0.15555555555555556,62
4230,6724,41.17392569444444,-8.587424468085107,0.39096336691464256,1,0,0.39096336691464256,2266.954833041251,0.20681416091803054,3,True,True,1,True,False,1,146,0.17777777777777778,64
4231,6725,41.17392569444444,-8.586345744680852,0.44672678932006693,1,0,0.44672678932006693,2176.870011494126,0.19859572775466452,3,True,False,0,True,False,1,146,0.044444444444444446,146
4232,6726,41.17392569444444,-8.585267021276596,0.4468396133602098,1,0,0.4468396133602098,2086.811327810676,0.19037967914711992,3,True,False,0,True,False,1,145,0.05555555555555555,145
4233,6727,41.17392569444444,-8.584188297872341,0.4321904683751494,1,0,0.4321904683751494,1996.782318610747,0.1821663377410249,3,True,False,0,True,False,1,145,0.08888888888888889,145
4234,6728,41.17392569444444,-8.583109574468086,0.43175413275511254,1,0,0.43175413275511254,1906.7871871587188,0.1739560869999505,3,True,False,0,True,False,1,149,0.044444444444444446,149
4235,6729,41.17392569444444,-8.58203085106383,0.4175995486503903,1,0,0.4175995486503903,1816.830967789889,0.16574938620602062,3,True,False,0,True,False,1,149,0.07777777777777778,149
4236,6730,41.17392569444444,-8.580952127659575,0.43251800944956936,1,0,0.43251800944956936,1726.9197413869633,0.15754679011781977,3,True,False,0,True,False,1,142,0.12222222222222222,142
4237,6731,41.17392569444444,-8.57987340425532,0.44717825647652754,1,0,0.44717825647652754,1637.0609213391201,0.1493489750584225,3,True,False,0,True,False,1,142,0.08888888888888889,142
4238,6732,41.17392569444444,-8.578794680851065,0.4843245689553624,1,0,0.4843245689553624,1547.2636383364938,0.1411567740201722,3,True,False,0,True,False,1,134,0.1,134
4239,6733,41.17392569444444,-8.57771595744681,0.43339266640043067,1,0,0.43339266640043067,1457.5392661139942,0.13297122462825997,3,True,False,0,True,False,1,134,0.2111111111111111,134
4240,6734,41.17392569444444,-8.576637234042552,0.49209136721280555,1,1.7261084752614593e-08,0.4920913499517208,1367.9021520026436,0.12479363578888171,3,True,False,0,True,False,1,115,0.3,115
4241,6735,41.17392569444444,-8.575558510638297,0.5378357875811067,1,1.4653792055537484e-08,0.5378357729273147,1278.370651308421,0.11662568205556144,3,True,False,0,True,False,1,115,0.2111111111111111,115
4242,6736,41.17392569444444,-8.574479787234042,0.5458331658509159,1,0.005819923126950817,0.5400132427239651,1188.968622933001,0.1084695400745465,3,True,False,0,True,False,1,99,0.3888888888888889,99
4243,6737,41.17392569444444,-8.573401063829786,0.547582034598352,1,0.00756879187438691,0.5400132427239651,1099.727643585195,0.10032809058719187,3,True,False,0,True,False,1,99,0.3888888888888889,99
4244,6738,41.17392569444444,-8.572322340425531,0.5498494078586984,1,0.009563362289953041,0.5402860455687454,1010.6903746431148,0.09220522558860447,3,True,False,0,True,False,1,97,0.4111111111111111,97
4245,6739,41.17392569444444,-8.571243617021276,0.6499592745304693,1,0.01168672867182894,0.6382725458586403,921.9158401616727,0.08410632983996821,3,True,False,0,True,False,1,97,0.24444444444444444,97
4246,6740,41.17392569444444,-8.57016489361702,0.6526655302831188,1,0.013747938955492152,0.6389175913276266,833.4879956697567,0.0760390625994246,3,True,False,0,True,False,1,93,0.28888888888888886,93
4247,6741,41.17392569444444,-8.569086170212765,0.7374793986017245,1,0.015499206882483744,0.7219801917192408,745.5302147963574,0.06801467923615312,3,True,False,0,True,False,1,93,0.16666666666666666,93
4248,6742,41.17392569444444,-8.56800744680851,0.37187390188294916,1,0.016683400598482858,0.35519050128446633,658.2309648657339,0.06005037361346284,3,True,False,0,True,False,1,86,0.9555555555555556,86
4249,6787,41.17474097222222,-8.671564893617022,0.93912725053617,1,0.0663815951744536,0.8727456553617163,9310.250553561962,0.8493736302581681,3,True,True,1,True,False,1,46,0.5111111111111111,20
4250,6788,41.17474097222222,-8.670486170212767,0.6029454509394764,1,0.020579685476793907,0.5823657654626825,9219.868414933157,0.8411280728742935,3,True,False,0,False,False,0.55,64,0.7111111111111111,38
4251,6789,41.17474097222222,-8.669407446808512,0.9973319053306432,1,0.015597375537215772,0.9817345297934275,9129.486361817473,0.8328825232917761,3,True,False,0,False,False,0.55,64,0.18888888888888888,38
4252,6790,41.17474097222222,-8.668328723404256,0.802132375695121,1,0.00018081470459945675,0.8019515609905216,9039.104396794417,0.8246369817459442,3,True,False,0,False,False,0.55,73,0.28888888888888886,47
4253,6791,41.17474097222222,-8.667250000000001,0.8022014756442943,1,0.0002499146537727328,0.8019515609905216,8948.722522547017,0.8163914484815703,3,True,False,0,True,False,1,73,0.28888888888888886,47
4254,6792,41.17474097222222,-8.666171276595746,0.8832361475226919,1,0.005850002048945859,0.877386145473746,8858.3407418682,0.8081459237534527,3,True,False,0,True,False,1,69,0.24444444444444444,43
4255,6793,41.17474097222222,-8.66509255319149,1.0405831834644328,1,0.004073924404970432,1.0365092590594625,8767.959057665366,0.7999004078268338,3,True,False,0,True,False,1,69,0.07777777777777778,43
4256,6794,41.17474097222222,-8.664013829787235,0.9480030722592331,1,0.0006092450692211954,0.9473938271900119,8677.577472967436,0.7916549009780415,3,True,False,0,True,False,1,73,0.12222222222222222,47
4257,6795,41.17474097222222,-8.66293510638298,0.958773138488286,1,0.0007940149182761722,0.9579791235700099,8587.195990930159,0.7834094034949748,3,True,False,0,True,False,1,73,0.1111111111111111,47
4258,6796,41.17474097222222,-8.661856382978725,0.9807683115077496,1,0.0010150818076446032,0.9797532297001049,8496.814614843954,0.7751639156778184,3,True,True,1,True,False,1,72,0.1,46
4259,6797,41.17474097222222,-8.66077765957447,0.9810234667676436,1,0.001270237067538665,0.9797532297001049,8406.433348140037,0.766918437839602,3,True,False,0,True,False,1,72,0.1,46
4260,6798,41.17474097222222,-8.659698936170214,1.0263498510978497,1,0.0015524357482430337,1.0247974153496067,8316.052194399193,0.7586729703070003,3,True,False,0,True,False,1,70,0.07777777777777778,44
4261,6799,41.17474097222222,-8.658620212765959,1.0732201468578948,1,0.0018488712696722248,1.0713712755882225,8225.671157358875,0.7504275134209809,3,True,False,0,True,False,1,70,0.03333333333333333,44
4262,6800,41.17474097222222,-8.657541489361703,1.0148472548688705,1,0.00214094444191808,1.0127063104269525,8135.290240923009,0.742182067537699,3,True,False,0,True,False,1,73,0.05555555555555555,12
4263,6801,41.17474097222222,-8.656462765957448,0.9381488340718769,1,0.002405580071939966,0.935743253999937,8044.909449170259,0.7339366330292505,3,True,False,0,True,False,1,78,0.07777777777777778,17
4264,6802,41.17474097222222,-8.655384042553193,0.9808879437420425,1,0.002618064598195318,0.9782698791438471,7954.528786365029,0.7256912102846771,3,True,False,0,True,False,1,78,0.03333333333333333,17
4265,6803,41.17474097222222,-8.654305319148937,1.0146954681358065,1,0.0027560689258254545,1.011939399209981,7864.148256967064,0.7174457997108408,3,True,False,0,True,False,1,76,0.022222222222222223,15
4266,6804,41.17474097222222,-8.65322659574468,0.9600576048215459,1,0.0028039481790410746,0.9572536566425048,7773.767865643745,0.7092004017335466,3,True,False,0,True,False,1,76,0.07777777777777778,15
4267,6805,41.17474097222222,-8.652147872340425,0.8868143203561472,1,0.0027560689258254545,0.8840582514303217,7683.387617281754,0.7009550167986064,3,True,False,0,True,False,1,83,0.07777777777777778,22
4268,6806,41.17474097222222,-8.65106914893617,0.8866763160285173,1,0.002618064598195581,0.8840582514303217,7593.0075170004075,0.6927096453730549,3,True,False,0,True,False,1,83,0.07777777777777778,22
4269,6807,41.17474097222222,-8.649990425531914,0.9271084375063571,1,0.002405580071939966,0.9247028574344172,7502.62757016511,0.6844642879463778,3,True,False,0,True,False,1,81,0.05555555555555555,20
4270,6808,41.17474097222222,-8.64891170212766,0.9476227766666317,1,0.0021409444419184962,0.9454818322247133,7412.2477824033285,0.6762189450319686,3,True,False,0,True,False,1,81,0.03333333333333333,20
4271,6809,41.17474097222222,-8.647832978723404,0.9368834973186335,1,0.0018488712696722248,0.9350346260489613,7321.868159619655,0.6679736171685027,3,True,True,1,True,False,1,81,0.044444444444444446,20
4272,6810,41.17474097222222,-8.646754255319149,0.979575308232844,1,0.0015524357482434652,0.9780228724846005,7231.488708014227,0.6597283049216185,3,True,False,0,False,False,0.55,79,0.022222222222222223,18
4273,6811,41.17474097222222,-8.645675531914893,0.9061076551034982,1,0.001270237067538665,0.9048374180359595,7141.109434100336,0.6514830088855232,3,True,False,0,True,False,1,79,0.1,18
4274,6812,41.17474097222222,-8.644596808510638,1.0032903936826614,1,0.001015081807644955,1.0022753118750165,7050.7303447255845,0.6432377296849231,3,True,False,0,True,False,1,70,0.1,9
4275,6813,41.17474097222222,-8.643518085106383,1.0841357954429252,1,0.0007940149182761722,1.083341780524649,6960.351447092489,0.6349924679769033,3,True,False,0,True,False,1,70,0.022222222222222223,9
4276,6814,41.17474097222222,-8.642439361702127,1.0145950326608002,1,0.000609245069221441,1.0139857875915788,6869.972748782939,0.6267472244531593,3,True,False,0,True,False,1,68,0.1111111111111111,7
4277,6815,41.17474097222222,-8.641360638297872,1.013933271467679,1,0.0004594686102801487,1.0134738028573989,6779.594257782365,0.6185019998422017,3,True,False,0,True,False,1,70,0.08888888888888889,9
4278,6816,41.17474097222222,-8.640281914893617,1.0138150077322698,1,0.0003412048748709146,1.0134738028573989,6689.215982507973,0.6102567949119312,3,True,False,0,True,False,1,70,0.08888888888888889,9
4279,6817,41.17474097222222,-8.639203191489361,0.9681990322287726,1,0.0002499146537727328,0.9679491175749998,6598.837931837881,0.6020116104722982,3,True,False,0,True,False,1,76,0.06666666666666667,15
4280,6818,41.17474097222222,-8.638124468085106,0.9681299322795992,1,0.00018081470459945675,0.9679491175749998,6508.460115142724,0.5937664473781854,3,True,False,0,True,False,1,76,0.06666666666666667,15
4281,6819,41.17474097222222,-8.63704574468085,0.8649769544687131,1,0.00012939568585172337,0.8648475587828615,6418.082542321281,0.5855213065326577,3,True,False,0,True,False,1,82,0.1111111111111111,21
4282,6820,41.17474097222222,-8.635967021276596,0.9042438934649325,1,9.169873436995387e-05,0.9041521947305625,6327.705223837083,0.5772761888903024,3,True,False,0,True,False,1,82,0.06666666666666667,21
4283,6821,41.17474097222222,-8.63488829787234,0.9247672771111359,1,6.441967671881921e-05,0.9247028574344172,6237.328170760442,0.5690310954610635,3,True,False,0,True,False,1,81,0.05555555555555555,20
4284,6822,41.17474097222222,-8.633809574468085,0.8845497623902593,1,4.490412354806046e-05,0.8845048582667112,6146.951394811936,0.5607860273142086,3,True,False,0,True,False,1,81,0.1,20
4285,6823,41.17474097222222,-8.63273085106383,0.8166682530873615,1,2.3936248817131363e-06,0.8166658594624797,6056.574908412027,0.5525409855828558,3,True,False,0,True,False,1,89,0.08888888888888889,28
4286,6824,41.17474097222222,-8.631652127659574,0.8166684692345988,1,2.609772119023792e-06,0.8166658594624797,5966.198724732965,0.5442959714687088,3,True,False,0,False,False,0.55,89,0.08888888888888889,28
4287,6825,41.17474097222222,-8.630573404255319,0.7457009835169345,1,2.8022784747163916e-06,0.7456981812384598,5875.8228577577,0.5360509862474311,3,True,True,1,True,False,1,97,0.08888888888888889,36
4288,6826,41.17474097222222,-8.629494680851064,0.7536521538419106,1,2.962585314486095e-06,0.7536491912565961,5785.44732234209,0.527806031274322,3,True,False,0,False,False,0.55,99,0.05555555555555555,38
4289,6827,41.17474097222222,-8.628415957446808,0.7536522743916497,1,3.083135053542862e-06,0.7536491912565961,5695.0721342852585,0.5195611079907346,3,True,False,0,False,False,0.55,99,0.05555555555555555,38
4290,6828,41.17474097222222,-8.627337234042553,0.7043354344996895,1,3.157997205924105e-06,0.7043322765024835,5604.697310404532,0.5113162179309126,3,True,False,0,True,False,1,103,0.07777777777777778,42
4291,6829,41.17474097222222,-8.626258510638298,0.673717247737696,1,3.1833852093639653e-06,0.6737140643524867,5514.322868619974,0.5030713627297024,3,True,False,0,True,False,1,103,0.12222222222222222,23
4292,6830,41.17474097222222,-8.625179787234043,0.7538426887378913,1,3.1579972059240266e-06,0.7538395307406853,5423.948828045129,0.49482654413083155,3,True,False,0,True,False,1,98,0.06666666666666667,18
4293,6831,41.17474097222222,-8.624101063829787,0.7538426138757389,1,3.083135053542862e-06,0.7538395307406853,5333.57520908924,0.48658176399623426,3,True,False,0,True,False,1,98,0.06666666666666667,18
4294,6832,41.17474097222222,-8.623022340425532,0.7538424933259998,1,2.962585314485884e-06,0.7538395307406853,5243.2020335677835,0.478337024316135,3,True,False,0,True,False,1,98,0.06666666666666667,18
4295,6833,41.17474097222222,-8.621943617021277,0.7207078937006997,1,2.8022784747163916e-06,0.7207050914222249,5152.829324826876,0.47009232722039873,3,True,False,0,True,False,1,100,0.08888888888888889,20
4296,6834,41.17474097222222,-8.620864893617021,0.753461509604084,1,2.609772119023491e-06,0.7534588998319649,5062.457107878772,0.4618476749908922,3,True,False,0,True,False,1,100,0.044444444444444446,20
4297,6835,41.17474097222222,-8.619786170212766,0.712024396846534,1,2.3936248817131363e-06,0.7120220032216522,4972.085409554367,0.45360307007539624,3,True,False,0,True,False,1,104,0.05555555555555555,24
4298,6836,41.17474097222222,-8.61870744680851,0.7361582325823703,1,2.162737357825353e-06,0.7361560698450125,4881.7142586703885,0.44535851510285934,3,True,False,0,True,False,1,104,0.022222222222222223,24
4299,6837,41.17474097222222,-8.617628723404255,0.7528902395265759,1,1.925733088747404e-06,0.7528883137934871,4791.343686217768,0.43711401290058244,3,True,False,0,True,False,1,103,0.011111111111111112,23
4300,6838,41.17474097222222,-8.61655,0.7043339669415761,1,1.6904390926250575e-06,0.7043322765024835,4700.973725569457,0.4288695665131781,3,True,False,0,True,False,1,103,0.07777777777777778,23
4301,6839,41.17474097222222,-8.615471276595745,0.6291512646319319,1,1.7081575465954543e-07,0.6291510938161773,4610.604412714958,0.4206251792239664,3,True,False,0,True,False,1,110,0.1111111111111111,30
4302,6840,41.17474097222222,-8.61439255319149,0.5622788237046784,1,8.503169071059328e-08,0.5622787386729877,4520.235786520706,0.4123808545787302,3,True,False,0,True,False,1,115,0.16666666666666666,35
4303,6841,41.17474097222222,-8.613313829787234,0.6283572958737956,1,8.345860874928161e-08,0.6283572124151868,4429.8678890245765,0.40413659641258237,3,True,False,0,True,False,1,115,0.05555555555555555,35
4304,6842,41.17474097222222,-8.612235106382979,0.5741882965323447,1,4.9426373501317117e-08,0.5741882471059712,4339.500765764917,0.3958924088799838,3,True,True,1,True,False,1,120,0.08888888888888889,40
4305,6843,41.17474097222222,-8.611156382978724,0.6137723229510759,1,5.155904015951459e-08,0.6137722713920357,4249.134466153817,0.3876482964887966,3,True,False,0,True,False,1,120,0.022222222222222223,40
4306,6844,41.17474097222222,-8.610077659574468,0.613927337103283,1,5.31419506531196e-08,0.6139272839613323,4158.769043896758,0.3794042641385689,3,True,False,0,True,False,1,119,0.03333333333333333,39
4307,6845,41.17474097222222,-8.608998936170213,0.6139273380776809,1,5.411634849741686e-08,0.6139272839613323,4068.404557470447,0.3711603171641273,3,True,False,0,True,False,1,119,0.03333333333333333,39
4308,6846,41.17474097222222,-8.607920212765958,0.6140823901255008,1,5.444534082499189e-08,0.61408233568016,3978.0410706634675,0.3629164613849006,3,True,False,0,True,False,1,118,0.044444444444444446,35
4309,6847,41.17474097222222,-8.606841489361702,0.5681306071253103,1,5.444534082499189e-08,0.5681305526799695,3887.6786531945954,0.3546727031613288,3,True,False,0,True,False,1,118,0.12222222222222222,35
4310,6848,41.17474097222222,-8.605762765957447,0.6226710607988907,1,3.000081673106346e-07,0.6226707607907234,3797.3173814170727,0.3464290494591139,3,True,False,0,True,False,1,107,0.15555555555555556,24
4311,6849,41.17474097222222,-8.604684042553192,0.6582427907412363,1,2.53658398289583e-07,0.658242537082838,3706.9573391281274,0.3381855079230722,3,True,False,0,True,False,1,107,0.1,24
4312,6850,41.17474097222222,-8.603605319148937,0.658076547251229,1,2.120453220886091e-07,0.6580763352059069,3616.598618497516,0.32994208696184546,3,True,False,0,True,False,1,108,0.08888888888888889,25
4313,6851,41.17474097222222,-8.602526595744681,0.6508050538886155,1,2.060016160446165e-07,0.6508048478869994,3526.241321141053,0.32169879584583855,3,True,False,0,False,False,0.55,108,0.1,55
4314,6852,41.17474097222222,-8.601447872340426,0.6366630935824518,1,3.136938070517354e-07,0.6366627798886447,3435.8855593611565,0.31345564482039473,3,True,False,0,True,False,1,107,0.13333333333333333,45
4315,6853,41.17474097222222,-8.60036914893617,0.635698922874376,1,5.31419506531196e-08,0.6356988697324254,3345.5314575906214,0.3052126452375109,3,True,False,0,True,False,1,113,0.06666666666666667,51
4316,6854,41.17474097222222,-8.599290425531915,0.6356989212914655,1,5.155904015951459e-08,0.6356988697324254,3255.1791540744157,0.2969698097092676,3,True,False,0,True,False,1,113,0.06666666666666667,51
4317,6855,41.17474097222222,-8.59821170212766,0.6080642877407514,1,4.9426373501317117e-08,0.6080642383143778,3164.8288028417155,0.2887271522877378,3,True,False,0,True,False,1,113,0.1111111111111111,51
4318,6856,41.17474097222222,-8.597132978723405,0.6074503826724724,1,4.055863945992454e-08,0.607450342113833,3074.480576023131,0.28048468867638743,3,True,False,0,True,False,1,117,0.06666666666666667,55
4319,6857,41.17474097222222,-8.59605425531915,0.5875357882360828,1,3.710028088925426e-08,0.5875357511358019,2984.134666590952,0.2722424364800674,3,True,False,0,True,False,1,117,0.1,31
4320,6858,41.17474097222222,-8.594975531914894,0.5304174669003826,1,0,0.5304174669003826,2893.7912916100427,0.2640004155015931,3,True,False,0,True,False,1,126,0.1,40
4321,6859,41.17474097222222,-8.593896808510639,0.5483960271505535,1,0,0.5483960271505535,2803.450696119223,0.2557586480958421,3,True,False,0,True,False,1,126,0.06666666666666667,40
4322,6860,41.17474097222222,-8.592818085106384,0.5360730453894105,1,0,0.5360730453894105,2713.1131577851957,0.24751715959433196,3,True,False,0,True,False,1,128,0.06666666666666667,42
4323,6861,41.17474097222222,-8.591739361702128,0.4904785472759092,1,0,0.4904785472759092,2622.7789925198754,0.23927597881768878,3,True,False,0,True,False,1,128,0.15555555555555556,42
4324,6862,41.17474097222222,-8.590660638297873,0.4899833645342698,1,0,0.4899833645342698,2532.4485612966023,0.2310351386974899,3,True,False,0,True,False,1,132,0.1111111111111111,132
4325,6863,41.17474097222222,-8.589581914893618,0.4792149376514757,1,0,0.4792149376514757,2442.1222784801434,0.22279467703620953,3,True,False,0,True,False,1,132,0.13333333333333333,132
4326,6864,41.17474097222222,-8.588503191489362,0.4689199383160526,1,0,0.4689199383160526,2351.800622072105,0.21455463744190711,3,True,False,0,True,False,1,130,0.17777777777777778,130
4327,6865,41.17474097222222,-8.587424468085107,0.42773885382178395,1,0,0.42773885382178395,2261.4841464114015,0.2063150704868904,3,True,False,0,False,False,0.55,142,0.13333333333333333,142
4328,6866,41.17474097222222,-8.586345744680852,0.44717825647652754,1,0,0.44717825647652754,2171.1734980387755,0.1980760351550347,3,True,False,0,True,False,1,142,0.08888888888888889,142
4329,6867,41.17474097222222,-8.585267021276596,0.4083187862945706,1,0,0.4083187862945706,2080.869435690022,0.18983760066576352,3,True,False,0,True,False,1,150,0.08888888888888889,150
4330,6868,41.17474097222222,-8.584188297872341,0.42215879790574984,1,0,0.42215879790574984,1990.5728557219136,0.1815998487936545,3,True,False,0,True,False,1,150,0.05555555555555555,150
4331,6869,41.17474097222222,-8.583109574468086,0.39463342624371534,1,0,0.39463342624371534,1900.2848247795534,0.17336287684867988,3,True,False,0,True,False,1,153,0.08888888888888889,153
4332,6870,41.17474097222222,-8.58203085106383,0.3816958036512997,1,0,0.3816958036512997,1810.0066222236692,0.16512680154684636,3,True,False,0,True,False,1,153,0.12222222222222222,153
4333,6871,41.17474097222222,-8.580952127659575,0.4324088015194717,1,0,0.4324088015194717,1719.7397959015718,0.15689176409817635,3,True,False,0,True,False,1,143,0.1111111111111111,143
4334,6872,41.17474097222222,-8.57987340425532,0.4372401347940185,1,0,0.4372401347940185,1629.4862364185851,0.1486579369824864,3,True,True,1,True,False,1,143,0.1,143
4335,6873,41.17474097222222,-8.578794680851065,0.44717825647652754,1,0,0.44717825647652754,1539.2482774882458,0.14042553310433015,3,True,False,0,True,False,1,142,0.08888888888888889,142
4336,6874,41.17474097222222,-8.57771595744681,0.36207312278579795,1,0,0.36207312278579795,1449.0288336919596,0.13219481836080405,2,True,False,0,True,False,1,142,0.3,142
4337,6875,41.17474097222222,-8.576637234042552,0.49085026271646165,1,0,0.49085026271646165,1358.8315929791725,0.12396612920332703,3,True,False,0,True,False,1,125,0.18888888888888888,125
4338,6876,41.17474097222222,-8.575558510638297,0.44413968435863566,1,0,0.44413968435863566,1268.6612910520448,0.11573989766973872,3,True,False,0,True,False,1,125,0.28888888888888886,125
4339,6877,41.17474097222222,-8.574479787234042,0.36280532298705126,1,0,0.36280532298705126,1178.5241112987783,0.10751668787019424,2,True,False,0,False,False,0.55,134,0.3888888888888889,134
4340,6878,41.17474097222222,-8.573401063829786,0.3548319041404992,1,0,0.3548319041404992,1088.4282827127647,0.09929725053529431,2,True,False,0,True,False,1,134,0.4111111111111111,134
4341,6879,41.17474097222222,-8.572322340425531,0.4970871609701768,1,2.4424885486993547e-09,0.49708715852768826,998.3850001547833,0.09108260697155322,3,True,False,0,True,False,1,119,0.24444444444444444,119
4342,6880,41.17474097222222,-8.571243617021276,0.475478154913819,1,1.9430217450670955e-09,0.47547815297079726,908.4098891563356,0.08287418269532415,3,True,False,0,True,False,1,119,0.28888888888888886,119
4343,6881,41.17474097222222,-8.57016489361702,0.6177651170496651,1,0.008932635958937547,0.6088324810907275,818.5254309939236,0.07467402867218804,3,True,False,0,True,False,1,108,0.16666666666666666,108
4344,6882,41.17474097222222,-8.569086170212765,0.5732315875367597,1,0.009958042811725588,0.5632735447250341,728.7651692820265,0.06648520508419244,3,True,False,0,True,False,1,108,0.24444444444444444,108
4345,6883,41.17474097222222,-8.56800744680851,0.26994795784681497,1,0.010642224222196859,0.2593057336246181,639.1814289093294,0.0583124855279661,2,True,False,0,True,False,1,100,1.1111111111111112,100
4346,6929,41.17555625,-8.670486170212767,0.5964899817754594,1,0.014124216312776966,0.5823657654626825,9219.364349665506,0.8410820870284982,3,True,False,0,True,False,1,64,0.7111111111111111,38
4347,6930,41.17555625,-8.669407446808512,0.5933202450495784,1,0.010954479586895875,0.5823657654626825,9128.97843653242,0.832836185296812,3,True,False,0,True,False,1,64,0.7111111111111111,38
4348,6931,41.17555625,-8.668328723404256,0.9688147318006369,1,0.0001320416062633951,0.9686826901943736,9038.592523048817,0.8245902835331482,3,True,False,0,True,False,1,73,0.1,47
4349,6932,41.17555625,-8.667250000000001,1.024201706741618,1,0.00018035906816110493,1.024021347673457,8948.2066092179,0.8163443817377989,3,True,False,0,True,False,1,73,0.044444444444444446,47
4350,6933,41.17555625,-8.666171276595746,1.076019583453495,1,0.004377725400341366,1.0716418580531535,8857.820695043409,0.8080984799111055,3,True,True,1,True,False,1,69,0.044444444444444446,43
4351,6934,41.17555625,-8.66509255319149,1.074746301784833,1,0.0031044437316795123,1.0716418580531535,8767.43478052855,0.7998525780533603,3,True,False,0,True,False,1,69,0.044444444444444446,43
4352,6935,41.17555625,-8.664013829787235,1.02444483674498,1,0.0004234890715230788,1.024021347673457,8677.048865677058,0.791606676164904,3,True,False,0,True,False,1,73,0.044444444444444446,47
4353,6936,41.17555625,-8.66293510638298,1.0592755531645928,1,0.0005448856714205496,1.0587306674931722,8586.66295049214,0.7833607742460293,3,True,False,0,True,False,1,73,0.011111111111111112,47
4354,6937,41.17555625,-8.661856382978725,1.0715181058947496,1,0.0006877902928035668,1.070830315601946,8496.27703497754,0.7751148722970778,3,True,False,0,True,False,1,72,0.011111111111111112,46
4355,6938,41.17555625,-8.66077765957447,1.0598481624544334,1,0.000850104972154999,1.0589980574822784,8405.891119136453,0.7668689703183408,3,True,False,0,True,False,1,72,0.022222222222222223,46
4356,6939,41.17555625,-8.659698936170214,1.0843686401587793,1,0.0010268596341303647,1.083341780524649,8315.505202972625,0.7586230683101602,3,True,False,0,True,False,1,70,0.022222222222222223,44
4357,6940,41.17555625,-8.658620212765959,1.0725811205063318,1,0.00120984491810919,1.0713712755882225,8225.119286489256,0.7503771662728279,3,True,False,0,False,False,0.55,70,0.03333333333333333,44
4358,6941,41.17555625,-8.657541489361703,1.0140940863677808,1,0.0013877759408282508,1.0127063104269525,8134.73336969009,0.7421312642066854,3,True,False,0,True,False,1,73,0.05555555555555555,12
4359,6942,41.17555625,-8.656462765957448,0.9583174950908636,1,0.0015471778254353902,0.9567703172654283,8044.347452578329,0.7338853621120249,3,True,False,0,True,False,1,78,0.05555555555555555,17
4360,6943,41.17555625,-8.655384042553193,0.9908741776501083,1,0.0016740218745499764,0.9892001557755583,7953.961535157709,0.7256394599891873,3,True,False,0,False,False,0.55,78,0.022222222222222223,17
4361,6944,41.17555625,-8.654305319148937,1.0136952906255587,1,0.0017558914155776561,1.011939399209981,7863.575617431439,0.7173935578384653,3,True,False,0,True,False,1,76,0.022222222222222223,15
4362,6945,41.17555625,-8.65322659574468,0.9590378610056182,1,0.0017842043631133553,0.9572536566425048,7773.189699403123,0.7091476556601876,3,True,False,0,True,False,1,76,0.07777777777777778,15
4363,6946,41.17555625,-8.652147872340425,0.8858141428458993,1,0.0017558914155776561,0.8840582514303217,7682.8037810762335,0.700901753454671,3,True,False,0,True,False,1,83,0.07777777777777778,22
4364,6947,41.17555625,-8.65106914893617,0.936236527445764,1,0.001674021874550131,0.9345625055712139,7592.417862454374,0.6926558512222443,3,True,False,0,False,False,0.55,83,0.022222222222222223,22
4365,6948,41.17555625,-8.649990425531914,0.9575929435789184,1,0.0015471778254353902,0.9560457657534831,7502.031943540752,0.6844099489632002,3,True,False,0,True,False,1,81,0.022222222222222223,20
4366,6949,41.17555625,-8.64891170212766,0.9789168221938205,1,0.0013877759408285034,0.977529046252992,7411.646024339103,0.6761640466778793,3,True,False,0,False,False,0.55,81,0,20
4367,6950,41.17555625,-8.647832978723404,0.9572556106715923,1,0.00120984491810919,0.9560457657534831,7321.260104852633,0.6679181443665744,3,True,False,0,False,False,0.55,81,0.022222222222222223,20
4368,6951,41.17555625,-8.646754255319149,0.9790497321187311,1,0.0010268596341306319,0.9780228724846005,7230.874185085082,0.6596722420296263,3,True,False,0,True,False,1,79,0.022222222222222223,18
4369,6952,41.17555625,-8.645675531914893,0.9056875230081145,1,0.000850104972154999,0.9048374180359595,7140.488265039655,0.6514263396673277,3,True,False,0,False,False,0.55,79,0.1,18
4370,6953,41.17555625,-8.644596808510638,1.0029631021678203,1,0.0006877902928037929,1.0022753118750165,7050.102344720089,0.6431804372800193,3,True,False,0,True,False,1,70,0.1,9
4371,6954,41.17555625,-8.643518085106383,1.0838866661960695,1,0.0005448856714205496,1.083341780524649,6959.716424129589,0.6349345348679937,3,True,False,0,True,False,1,70,0.022222222222222223,9
4372,6955,41.17555625,-8.642439361702127,1.1086685940914223,1,0.00042348907152324207,1.108245105019899,6869.330503271894,0.6266886324315919,3,True,True,1,True,False,1,68,0.022222222222222223,7
4373,6956,41.17555625,-8.641360638297872,1.0836652613499198,1,0.0003234808252707272,1.083341780524649,6778.944582150211,0.6184427299711065,3,True,False,0,True,False,1,70,0.022222222222222223,9
4374,6957,41.17555625,-8.640281914893617,1.0364907989219276,1,0.00024325157905457883,1.0362475473428732,6688.558660768143,0.6101968274868662,3,True,False,0,True,False,1,70,0.06666666666666667,9
4375,6958,41.17555625,-8.639203191489361,0.9681294766431608,1,0.00018035906816110493,0.9679491175749998,6598.172739129293,0.6019509249791997,3,True,False,0,True,False,1,76,0.06666666666666667,15
4376,6959,41.17555625,-8.638124468085106,0.9680811591812631,1,0.0001320416062633951,0.9679491175749998,6507.786817236872,0.5937050224483997,3,True,False,0,True,False,1,76,0.06666666666666667,15
4377,6960,41.17555625,-8.63704574468085,0.9042477667892755,1,9.557205871298342e-05,0.9041521947305625,6417.400895094614,0.5854591198948074,3,True,False,0,True,False,1,82,0.06666666666666667,21
4378,6961,41.17555625,-8.635967021276596,0.9558728403615627,1,6.846982602483016e-05,0.9558043705355379,6327.014972705725,0.5772132173187149,3,True,False,0,True,False,1,82,0.011111111111111112,21
4379,6962,41.17555625,-8.63488829787234,0.9667763339496159,1,4.860311160294153e-05,0.966727730838013,6236.629050073944,0.5689673147204632,3,True,False,0,True,False,1,81,0.011111111111111112,20
4380,6963,41.17555625,-8.633809574468085,0.8944217075976167,1,3.421572533149358e-05,0.8943874918722853,6146.243127202477,0.5607214121003451,3,True,False,0,True,False,1,81,0.08888888888888889,20
4381,6964,41.17555625,-8.63273085106383,0.816667397308628,1,1.5378461483615008e-06,0.8166658594624797,6055.85720409506,0.5524755094587014,3,True,False,0,True,False,1,89,0.08888888888888889,28
4382,6965,41.17555625,-8.631652127659574,0.816667531361158,1,1.671898678229299e-06,0.8166658594624797,5965.4712807549,0.5442296067958244,3,True,False,0,True,False,1,89,0.08888888888888889,28
4383,6966,41.17555625,-8.630573404255319,0.745699972166213,1,1.790927753205258e-06,0.7456981812384598,5875.085357185735,0.5359837041120553,3,True,False,0,True,False,1,97,0.08888888888888889,36
4384,6967,41.17555625,-8.629494680851064,0.7791961059468416,1,1.889803189841925e-06,0.7791942161436518,5784.699433390771,0.5277378014076867,3,True,False,0,True,False,1,99,0.022222222222222223,38
4385,6968,41.17555625,-8.628415957446808,0.7620717295138121,1,1.9640176110649863e-06,0.762069765496201,5694.313509373744,0.5194918986830591,3,True,False,0,True,False,1,99,0.044444444444444446,38
4386,6969,41.17555625,-8.627337234042553,0.7282077090129252,1,2.010047115943095e-06,0.7282056989658092,5603.927585137862,0.5112459959384654,3,True,False,0,True,False,1,103,0.044444444444444446,42
4387,6970,41.17555625,-8.626258510638298,0.7201613351254905,1,2.0256472007839136e-06,0.7201593094782898,5513.541660686861,0.5030000931742467,3,True,False,0,True,False,1,103,0.05555555555555555,42
4388,6971,41.17555625,-8.625179787234043,0.7622642417035509,1,2.0100471159430523e-06,0.7622622316564349,5423.155736023948,0.49475419039069496,3,True,False,0,True,False,1,98,0.05555555555555555,18
4389,6972,41.17555625,-8.624101063829787,0.8058105178844831,1,1.9640176110649863e-06,0.805808553866872,5332.769811152861,0.4865082875881516,3,True,False,0,True,False,1,98,0,18
4390,6973,41.17555625,-8.623022340425532,0.7881010863287299,1,1.8898031898418012e-06,0.7880991965255401,5242.383886076805,0.47826238476690897,3,True,False,0,True,False,1,98,0.022222222222222223,18
4391,6974,41.17555625,-8.621943617021277,0.7703916468601137,1,1.790927753205258e-06,0.7703898559323605,5151.997960799517,0.470016481927308,3,True,False,0,True,False,1,100,0.022222222222222223,20
4392,6975,41.17555625,-8.620864893617021,0.7534605717306432,1,1.6718986782291147e-06,0.7534588998319649,5061.612035324204,0.46177057906964114,3,True,False,0,True,False,1,100,0.044444444444444446,20
4393,6976,41.17555625,-8.619786170212766,0.7199790118729417,1,1.5378461483615008e-06,0.7199774740267934,4971.226109654604,0.4535246761942495,3,True,False,0,True,False,1,104,0.044444444444444446,24
4394,6977,41.17555625,-8.61870744680851,0.744382586376255,1,1.3941401069332405e-06,0.7443811922361481,4880.840183793923,0.4452787733014255,3,True,False,0,True,False,1,104,0.011111111111111112,24
4395,6978,41.17555625,-8.617628723404255,0.752889559819572,1,1.2460260848614098e-06,0.7528883137934871,4790.454257745898,0.43703287039151023,3,True,False,0,True,False,1,103,0.011111111111111112,23
4396,6979,41.17555625,-8.61655,0.7043333748167067,1,1.0983142230894964e-06,0.7043322765024835,4700.068331513734,0.42878696746479594,3,True,False,0,True,False,1,103,0.07777777777777778,23
4397,6980,41.17555625,-8.615471276595745,0.6504763523100687,1,1.1075180273187729e-07,0.650476241558266,4609.68240510117,0.4205410645216237,3,True,False,0,True,False,1,110,0.07777777777777778,30
4398,6981,41.17555625,-8.61439255319149,0.6283572665315434,1,5.4116356655729306e-08,0.6283572124151868,4519.296478511412,0.4122951615622861,3,True,False,0,True,False,1,115,0.05555555555555555,35
4399,6982,41.17555625,-8.613313829787234,0.6283572655571695,1,5.3141982664595386e-08,0.6283572124151868,4428.910551748198,0.40404925858712415,3,True,False,0,True,False,1,115,0.05555555555555555,35
4400,6983,41.17555625,-8.612235106382979,0.5936504544504493,1,3.1530661043736494e-08,0.5936504229197882,4338.524624814731,0.39580335559643004,3,True,False,0,True,False,1,120,0.05555555555555555,40
4401,6984,41.17555625,-8.611156382978724,0.6206300240420822,1,3.2854911802366663e-08,0.6206299911871704,4248.138697714753,0.3875574525905451,3,True,False,0,True,False,1,120,0.011111111111111112,40
4402,6985,41.17555625,-8.610077659574468,0.6277228624467824,1,3.383676034366276e-08,0.627722828610022,4157.752770451468,0.37931154956976165,3,True,False,0,True,False,1,119,0.011111111111111112,39
4403,6986,41.17555625,-8.608998936170213,0.6277228630507543,1,3.444073221917529e-08,0.627722828610022,4067.366843028612,0.3710656465344206,3,True,False,0,True,False,1,119,0.011111111111111112,39
4404,6987,41.17555625,-8.607920212765958,0.6348967607993026,1,3.464458272704807e-08,0.6348967261547198,3976.9809154493933,0.36281974348481455,3,True,False,0,True,False,1,118,0.011111111111111112,35
4405,6988,41.17555625,-8.606841489361702,0.5681305873245522,1,3.464458272704807e-08,0.5681305526799695,3886.5949877175485,0.3545738404212845,3,True,False,0,True,False,1,118,0.12222222222222222,35
4406,6989,41.17555625,-8.605762765957447,0.6437764535109063,1,1.9660159769454732e-07,0.6437762569093086,3796.209059836284,0.34632793734412276,3,True,False,0,True,False,1,107,0.12222222222222222,24
4407,6990,41.17555625,-8.604684042553192,0.7194324100844931,1,1.66985079875485e-07,0.7194322430994132,3705.8231318093362,0.33808203425367045,3,True,False,0,False,False,0.55,107,0.011111111111111112,24
4408,6991,41.17555625,-8.603605319148937,0.7113032924495793,1,1.402554004484658e-07,0.711303152194179,3615.4372036399122,0.32983613115022004,3,True,False,0,True,False,1,108,0.011111111111111112,25
4409,6992,41.17555625,-8.602526595744681,0.7113033268696273,1,1.7467544829706407e-07,0.711303152194179,3525.0512753317503,0.3215902280341125,3,True,False,0,False,False,0.55,108,0.011111111111111112,46
4410,6993,41.17555625,-8.601447872340426,0.6805540073707136,1,2.64773989752634e-07,0.6805537425967239,3434.6653468880545,0.3133443249056403,3,True,False,0,False,False,0.55,107,0.06666666666666667,45
4411,6994,41.17555625,-8.60036914893617,0.6356989035691858,1,3.383676034366276e-08,0.6356988697324254,3344.2794183125634,0.3050984217651444,3,True,False,0,True,False,1,113,0.06666666666666667,51
4412,6995,41.17555625,-8.599290425531915,0.679523414191226,1,3.2854911802366663e-08,0.6795233813363142,3253.893489608484,0.2968525186129174,3,True,False,0,True,False,1,113,0,51
4413,6996,41.17555625,-8.59821170212766,0.6499836746713125,1,3.1530661043736494e-08,0.6499836431406514,3163.5075607795525,0.2886066154493001,3,True,False,0,False,False,0.55,113,0.044444444444444446,27
4414,6997,41.17555625,-8.597132978723405,0.621100369569913,1,2.600571112103349e-08,0.6211003435642019,3073.1216318289753,0.28036071227458514,3,True,False,0,True,False,1,117,0.044444444444444446,31
4415,6998,41.17555625,-8.59605425531915,0.5875357749778217,1,2.3842019825585916e-08,0.5875357511358019,2982.7357027604903,0.2721148090891134,3,True,False,0,False,False,0.55,117,0.1,31
4416,6999,41.17555625,-8.594975531914894,0.5304174669003826,1,0,0.5304174669003826,2892.349773577303,0.2638689058931774,3,True,False,0,True,False,1,126,0.1,126
4417,7000,41.17555625,-8.593896808510639,0.5733189236580636,1,0,0.5733189236580636,2801.963844283152,0.2556230026871182,3,True,False,0,True,False,1,126,0.022222222222222223,126
4418,7001,41.17555625,-8.592818085106384,0.5604359006422589,1,0,0.5604359006422589,2711.5779148812408,0.24737709947122805,3,True,False,0,True,False,1,128,0.022222222222222223,128
4419,7002,41.17555625,-8.591739361702128,0.5481191293896363,1,0,0.5481191293896363,2621.19198537531,0.2391311962458482,3,True,False,0,True,False,1,128,0.044444444444444446,128
4420,7003,41.17555625,-8.590660638297873,0.5237623795162893,1,0,0.5237623795162893,2530.8060557685644,0.23088529301127098,3,True,True,1,True,False,1,132,0.044444444444444446,132
4421,7004,41.17555625,-8.589581914893618,0.5355318308514674,1,0,0.5355318308514674,2440.420126064741,0.22263938976783737,3,True,False,0,True,False,1,132,0.022222222222222223,132
4422,7005,41.17555625,-8.588503191489362,0.49023089338201736,1,0,0.49023089338201736,2350.034196267047,0.21439348651583995,3,True,False,0,True,False,1,130,0.13333333333333333,130
4423,7006,41.17555625,-8.587424468085107,0.42773885382178395,1,0,0.42773885382178395,2259.6482663792185,0.20614758325561958,3,True,False,0,True,False,1,142,0.13333333333333333,142
4424,7007,41.17555625,-8.586345744680852,0.44717825647652754,1,0,0.44717825647652754,2169.2623364044625,0.19790167998746883,3,True,False,0,True,False,1,142,0.08888888888888889,142
4425,7008,41.17555625,-8.585267021276596,0.4083187862945706,1,0,0.4083187862945706,2078.876406346517,0.18965577671172867,3,True,False,0,True,False,1,150,0.08888888888888889,150
4426,7009,41.17555625,-8.584188297872341,0.4316451176988164,1,0,0.4316451176988164,1988.4904762085864,0.1814098734286915,3,True,False,0,True,False,1,150,0.03333333333333333,150
4427,7010,41.17555625,-8.583109574468086,0.417177943892024,1,0,0.417177943892024,1898.10454599441,0.17316397013869841,3,True,False,0,True,False,1,153,0.03333333333333333,153
4428,7011,41.17555625,-8.58203085106383,0.38596051711331825,1,0,0.38596051711331825,1807.7186157071924,0.1649180668420418,3,True,False,0,True,False,1,153,0.1111111111111111,153
4429,7012,41.17555625,-8.580952127659575,0.4324088015194717,1,0,0.4324088015194717,1717.3326853506726,0.15667216353906274,3,True,False,0,True,False,1,143,0.1111111111111111,143
4430,7013,41.17555625,-8.57987340425532,0.4778856321592651,1,0,0.4778856321592651,1626.9467549280553,0.14842626023005362,3,True,False,0,True,False,1,143,0.011111111111111112,143
4431,7014,41.17555625,-8.578794680851065,0.4833471231341673,1,0,0.4833471231341673,1536.5608244429457,0.1401803569153433,3,True,False,0,False,False,0.55,142,0.011111111111111112,142
4432,7015,41.17555625,-8.57771595744681,0.4046236189920434,1,0,0.4046236189920434,1446.174893898949,0.13193445359526074,3,True,False,0,True,False,1,142,0.18888888888888888,142
4433,7016,41.17555625,-8.576637234042552,0.49085026271646165,1,0,0.49085026271646165,1355.788963299137,0.12368855027008617,3,True,False,0,False,False,0.55,125,0.18888888888888888,125
4434,7017,41.17555625,-8.575558510638297,0.5364793152035378,1,0,0.5364793152035378,1265.4030326475147,0.11544264694018491,3,True,False,0,True,False,1,125,0.1,125
4435,7018,41.17555625,-8.574479787234042,0.4843245689553624,1,0,0.4843245689553624,1175.0171019471538,0.10719674360583725,3,True,False,0,True,False,1,134,0.1,134
4436,7019,41.17555625,-8.573401063829786,0.45308901728016904,1,0,0.45308901728016904,1084.6311712017932,0.09895084026738428,3,True,False,0,True,False,1,134,0.16666666666666666,134
4437,7020,41.17555625,-8.572322340425531,0.5372927804044945,1,1.649033146398897e-09,0.5372927787554613,994.2452404146377,0.09070493692511834,3,True,False,0,True,False,1,119,0.16666666666666666,119
4438,7021,41.17555625,-8.571243617021276,0.561711068419778,1,1.3176020948018948e-09,0.5617110671021759,903.859309589426,0.08245903357938054,3,True,False,0,True,False,1,119,0.12222222222222222,119
4439,7022,41.17555625,-8.57016489361702,0.6422852093193615,1,0.005783182562014668,0.6365020267573468,813.4733787293625,0.07421313023046323,3,True,True,1,True,False,1,108,0.12222222222222222,108
4440,7023,41.17555625,-8.569086170212765,0.6644633330322142,1,0.006386997826307221,0.6580763352059069,723.0874478381867,0.06596722687870754,3,True,False,0,True,False,1,108,0.08888888888888889,108
4441,7024,41.17555625,-8.56800744680851,0.2660913049450979,1,0.006785571320479812,0.2593057336246181,632.7015169191031,0.05772132352440582,2,True,False,0,True,False,1,100,1.1111111111111112,100
4442,7025,41.17555625,-8.566928723404255,0.26623074920486717,1,0.006925015580249042,0.2593057336246181,542.3155859758502,0.04947542016789914,2,True,False,0,True,False,1,100,1.1111111111111112,100
4443,7071,41.176371527777775,-8.669407446808512,0.5899349795878466,1,0.007569214125164051,0.5823657654626825,9129.372747458396,0.8328721582602376,3,True,False,0,True,False,1,64,0.7111111111111111,38
4444,7072,41.176371527777775,-8.668328723404256,0.47581368511845507,1,9.533101461347968e-05,0.4757183541038416,9038.99190744194,0.824626719348694,3,True,False,0,True,False,1,73,0.8111111111111111,47
4445,7073,41.176371527777775,-8.667250000000001,0.47584709945973486,1,0.00012874535589323227,0.4757183541038416,8948.611158202268,0.8163812887187113,3,True,False,0,True,False,1,73,0.8111111111111111,47
4446,7074,41.176371527777775,-8.666171276595746,1.0748497912276536,1,0.00320793317449999,1.0716418580531535,8858.23050253234,0.8081358666250911,3,True,False,0,True,False,1,69,0.044444444444444446,43
4447,7075,41.176371527777775,-8.66509255319149,1.0739571124852787,1,0.002315254432125299,1.0716418580531535,8767.849943339594,0.7998904533330786,3,True,False,0,True,False,1,69,0.044444444444444446,43
4448,7076,41.176371527777775,-8.664013829787235,1.0243131201198779,1,0.00029177244642090847,1.024021347673457,8677.469483652985,0.7916450491190055,3,True,False,0,True,False,1,73,0.044444444444444446,47
4449,7077,41.176371527777775,-8.66293510638298,0.47608932488836714,1,0.0003709707845255001,0.4757183541038416,8587.089126628307,0.7833996542707744,3,True,False,0,True,False,1,73,0.8111111111111111,47
4450,7078,41.176371527777775,-8.661856382978725,0.4869938842323049,1,0.0004628290210635987,0.4865310552112413,8496.708875556014,0.7751542690885734,3,True,False,0,True,False,1,72,0.8,46
4451,7079,41.176371527777775,-8.66077765957447,0.4870967181106078,1,0.0005656628993664885,0.4865310552112413,8406.328733867369,0.7669088938854365,3,True,False,0,True,False,1,72,0.8,46
4452,7080,41.176371527777775,-8.659698936170214,0.5095754396878132,1,0.0006761038617775546,0.5088993358260356,8315.948705143199,0.7586635289880421,3,True,False,0,True,False,1,70,0.7777777777777778,44
4453,7081,41.176371527777775,-8.658620212765959,0.5096883097681194,1,0.0007889739420838168,0.5088993358260356,8225.568793121005,0.7504181747373625,3,True,False,0,True,False,1,70,0.7777777777777778,44
4454,7082,41.176371527777775,-8.657541489361703,1.0136037771603084,1,0.0008974667333559201,1.0127063104269525,8135.189001704762,0.7421728314895569,3,True,False,0,True,False,1,73,0.05555555555555555,47
4455,7083,41.176371527777775,-8.656462765957448,0.9577640286627261,1,0.000993711397297917,0.9567703172654283,8044.809334973183,0.7339274996167261,3,True,False,0,True,False,1,78,0.05555555555555555,17
4456,7084,41.176371527777775,-8.655384042553193,0.9902698631814758,1,0.001069707405917532,0.9892001557755583,7954.429797190728,0.7256821795079167,3,True,False,0,True,False,1,78,0.022222222222222223,17
4457,7085,41.176371527777775,-8.654305319148937,1.0130578951859064,1,0.0011184959759254673,1.011939399209981,7864.050392817192,0.7174368715699954,3,True,False,0,True,False,1,76,0.022222222222222223,15
4458,7086,41.176371527777775,-8.65322659574468,0.9583889790543665,1,0.0011353224118616386,0.9572536566425048,7773.671126520017,0.7091915762287726,3,True,True,1,True,False,1,76,0.07777777777777778,15
4459,7087,41.176371527777775,-8.652147872340425,0.8851767474062472,1,0.0011184959759254673,0.8840582514303217,7683.29200318595,0.700946293930066,3,True,False,0,True,False,1,83,0.07777777777777778,22
4460,7088,41.176371527777775,-8.65106914893617,0.9356322129771315,1,0.0010697074059176242,0.9345625055712139,7592.913027934364,0.6927010251409158,3,True,False,0,True,False,1,83,0.022222222222222223,22
4461,7089,41.176371527777775,-8.649990425531914,0.957039477150781,1,0.000993711397297917,0.9560457657534831,7502.534206130737,0.6844557703508143,3,True,False,0,True,False,1,81,0.022222222222222223,20
4462,7090,41.176371527777775,-8.64891170212766,0.9784265129863481,1,0.0008974667333560725,0.977529046252992,7412.1555434026,0.6762105300731606,3,True,False,0,False,False,0.55,81,0,20
4463,7091,41.176371527777775,-8.647832978723404,0.9568347396955669,1,0.0007889739420838168,0.9560457657534831,7321.777045654623,0.6679653048466375,3,True,False,0,True,False,1,81,0.022222222222222223,20
4464,7092,41.176371527777775,-8.646754255319149,0.9786989763463783,1,0.0006761038617777211,0.9780228724846005,7231.398719087019,0.6597200952368903,3,True,False,0,True,False,1,79,0.022222222222222223,18
4465,7093,41.176371527777775,-8.645675531914893,0.905403080935326,1,0.0005656628993664885,0.9048374180359595,7141.02057021316,0.6514749018381333,3,True,False,0,True,False,1,79,0.1,18
4466,7094,41.176371527777775,-8.644596808510638,1.0027381408960803,1,0.00046282902106374265,1.0022753118750165,7050.642605880734,0.6432297252750807,3,True,False,0,True,False,1,70,0.1,9
4467,7095,41.176371527777775,-8.643518085106383,1.0837127513091744,1,0.0003709707845255001,1.083341780524649,6960.264833292348,0.6349845662048261,3,True,False,0,True,False,1,70,0.022222222222222223,9
4468,7096,41.176371527777775,-8.642439361702127,1.10853687746632,1,0.00029177244642101526,1.108245105019899,6869.887260029983,0.6267394253190731,3,True,False,0,True,False,1,68,0.022222222222222223,7
4469,7097,41.176371527777775,-8.641360638297872,1.0835673285430454,1,0.00022554801839637525,1.083341780524649,6779.509894079171,0.6184943033463414,3,True,False,0,True,False,1,70,0.022222222222222223,9
4470,7098,41.176371527777775,-8.640281914893617,1.0364191771950562,1,0.00017162985218288876,1.0362475473428732,6689.132743857223,0.6102492010545416,3,True,False,0,False,False,0.55,70,0.06666666666666667,9
4471,7099,41.176371527777775,-8.639203191489361,0.968077862930893,1,0.00012874535589323227,0.9679491175749998,6598.755818242369,0.6020041192536342,3,True,False,0,True,False,1,76,0.06666666666666667,15
4472,7100,41.176371527777775,-8.638124468085106,0.9680444485896132,1,9.533101461347968e-05,0.9679491175749998,6508.379126605357,0.5937590587985121,3,True,False,0,True,False,1,76,0.06666666666666667,15
4473,7101,41.176371527777775,-8.63704574468085,0.9042219587659008,1,6.976403533832526e-05,0.9041521947305625,6418.002678845089,0.5855140205922517,3,True,False,0,True,False,1,82,0.06666666666666667,21
4474,7102,41.176371527777775,-8.635967021276596,0.9558548839881266,1,5.0513452588697086e-05,0.9558043705355379,6327.626485425231,0.5772690055894524,3,True,False,0,True,False,1,82,0.011111111111111112,21
4475,7103,41.176371527777775,-8.63488829787234,0.9667639550031425,1,3.6224165129466786e-05,0.966727730838013,6237.250557416228,0.5690240148000703,3,True,False,0,True,False,1,81,0.011111111111111112,20
4476,7104,41.176371527777775,-8.633809574468085,0.894413243255248,1,2.5751382962663732e-05,0.8943874918722853,6146.874906538804,0.5607790492933864,3,True,False,0,True,False,1,81,0.08888888888888889,20
4477,7105,41.176371527777775,-8.63273085106383,0.8166668468761947,1,9.87413715057955e-07,0.8166658594624797,6056.499545213576,0.5525341102025331,3,True,False,0,True,False,1,89,0.08888888888888889,28
4478,7106,41.176371527777775,-8.631652127659574,0.8166669300591352,1,1.0705966554490645e-06,0.8166658594624797,5966.124486612961,0.5442891987292289,3,True,False,0,True,False,1,89,0.08888888888888889,28
4479,7107,41.176371527777775,-8.630573404255319,0.7456993254870803,1,1.1442486205195598e-06,0.7456981812384598,5875.749744720079,0.5360443161491534,3,True,False,0,True,False,1,97,0.08888888888888889,36
4480,7108,41.176371527777775,-8.629494680851064,0.7791954214333046,1,1.2052896527651599e-06,0.7791942161436518,5785.375334390974,0.5277994638176223,3,True,False,0,True,False,1,99,0.022222222222222223,38
4481,7109,41.176371527777775,-8.628415957446808,0.7620710165224848,1,1.251026283813481e-06,0.762069765496201,5695.001271424965,0.5195546431760069,3,True,False,0,True,False,1,99,0.044444444444444446,38
4482,7110,41.176371527777775,-8.627337234042553,0.7282069783257508,1,1.2793599415879656e-06,0.7282056989658092,5604.62757263959,0.51130985575857,3,True,False,0,True,False,1,103,0.044444444444444446,42
4483,7111,41.176371527777775,-8.626258510638298,0.7201605984352687,1,1.288956978875328e-06,0.7201593094782898,5514.254255955132,0.5030651032001782,3,True,False,0,True,False,1,103,0.05555555555555555,42
4484,7112,41.176371527777775,-8.625179787234043,0.7622635110163765,1,1.2793599415879385e-06,0.7622622316564349,5423.881340485376,0.49482038724458083,3,True,True,1,True,False,1,98,0.05555555555555555,18
4485,7113,41.176371527777775,-8.624101063829787,0.8058098048931558,1,1.251026283813481e-06,0.805808553866872,5333.508846639817,0.4865757097537351,3,True,False,0,True,False,1,98,0,18
4486,7114,41.176371527777775,-8.623022340425532,0.7881004018151928,1,1.2052896527650786e-06,0.7880991965255401,5243.136796234204,0.47833107271789044,3,True,False,0,True,False,1,98,0.022222222222222223,18
4487,7115,41.176371527777775,-8.621943617021277,0.7703910001809811,1,1.1442486205195598e-06,0.7703898559323605,5152.765212614942,0.4700864782669382,3,True,False,0,True,False,1,100,0.022222222222222223,20
4488,7116,41.176371527777775,-8.620864893617021,0.7534599704286203,1,1.0705966554489484e-06,0.7534588998319649,5062.394120794598,0.46184192868277335,3,True,False,0,True,False,1,100,0.044444444444444446,20
4489,7117,41.176371527777775,-8.619786170212766,0.7199784614405084,1,9.87413715057955e-07,0.7199774740267934,4972.0235476044,0.4535974264132073,3,True,False,0,True,False,1,104,0.044444444444444446,24
4490,7118,41.176371527777775,-8.61870744680851,0.7443820901792688,1,8.979431207206232e-07,0.7443811922361481,4881.6535218614345,0.4453529740872213,3,True,False,0,True,False,1,104,0.011111111111111112,24
4491,7119,41.176371527777775,-8.617628723404255,0.7528891191705379,1,8.053770508309568e-07,0.7528883137934871,4791.284074557016,0.4371085745321511,3,True,False,0,True,False,1,103,0.011111111111111112,23
4492,7120,41.176371527777775,-8.61655,0.7043329891729484,1,7.126704648872433e-07,0.7043322765024835,4700.915239064511,0.4288642307926471,3,True,False,0,True,False,1,103,0.07777777777777778,23
4493,7121,41.176371527777775,-8.615471276595745,0.6504763132939317,1,7.173566573938128e-08,0.650476241558266,4610.547051373872,0.4206199461520706,3,True,False,0,True,False,1,110,0.07777777777777778,30
4494,7122,41.176371527777775,-8.61439255319149,0.6283572468559241,1,3.444073727487784e-08,0.6283572124151868,4520.179550352013,0.41237572415624807,3,True,False,0,True,False,1,115,0.05555555555555555,35
4495,7123,41.176371527777775,-8.613313829787234,0.628357246251967,1,3.383678019140431e-08,0.6283572124151868,4429.812778037336,0.40413156864034033,3,True,False,0,True,False,1,115,0.05555555555555555,35
4496,7124,41.176371527777775,-8.612235106382979,0.5936504430316122,1,2.0111823934655523e-08,0.5936504229197882,4339.446779968751,0.39588748375885974,3,True,False,0,True,False,1,120,0.05555555555555555,40
4497,7125,41.176371527777775,-8.611156382978724,0.6206300121217427,1,2.0934572245317584e-08,0.6206299911871704,4249.081605558961,0.3876434740197243,3,True,False,0,True,False,1,120,0.011111111111111112,40
4498,7126,41.176371527777775,-8.610077659574468,0.6277228501540002,1,2.1543978117671895e-08,0.627722828610022,4158.717308514118,0.3793995443225432,3,True,False,0,True,False,1,119,0.011111111111111112,39
4499,7127,41.176371527777775,-8.608998936170213,0.6277228505286173,1,2.191859521987085e-08,0.627722828610022,4068.35394731165,0.371155700002209,3,True,False,0,True,False,1,119,0.011111111111111112,39
4500,7128,41.176371527777775,-8.607920212765958,0.634896748199712,1,2.2044992172857548e-08,0.6348967261547198,3977.991585740936,0.36291194687822304,3,True,False,0,True,False,1,118,0.011111111111111112,35
4501,7129,41.176371527777775,-8.606841489361702,0.5681305747249616,1,2.2044992172857548e-08,0.5681305526799695,3887.630293521617,0.3546682913111043,3,True,False,0,True,False,1,118,0.12222222222222222,35
4502,7130,41.176371527777775,-8.605762765957447,0.6437763855375898,1,1.2862828116299216e-07,0.6437762569093086,3797.2701470078828,0.34642474026664094,3,True,False,0,True,False,1,107,0.12222222222222222,24
4503,7131,41.176371527777775,-8.604684042553192,0.7194323528242502,1,1.0972483699246124e-07,0.7194322430994132,3706.9112299979993,0.33818130138974434,3,True,False,0,False,False,0.55,107,0.011111111111111112,24
4504,7132,41.176371527777775,-8.603605319148937,0.7113032490739902,1,9.687981129610581e-08,0.711303152194179,3616.553634662869,0.3299379830891605,3,True,False,0,True,False,1,108,0.011111111111111112,46
4505,7133,41.176371527777775,-8.602526595744681,0.711303298648622,1,1.4645444306524784e-07,0.711303152194179,3526.1974626195674,0.3216947946354095,3,True,False,0,True,False,1,108,0.011111111111111112,46
4506,7134,41.176371527777775,-8.601447872340426,0.6805539635326509,1,2.2093592702021602e-07,0.6805537425967239,3435.842826171906,0.3134517462739617,3,True,False,0,True,False,1,107,0.06666666666666667,45
4507,7135,41.176371527777775,-8.60036914893617,0.6356988912764036,1,2.1543978117671895e-08,0.6356988697324254,3345.489849754221,0.3052088493569546,3,True,False,0,True,False,1,113,0.06666666666666667,27
4508,7136,41.176371527777775,-8.599290425531915,0.6795234022708865,1,2.0934572245317584e-08,0.6795233813363142,3255.138671613197,0.2969661164966253,3,True,True,1,True,False,1,113,0,27
4509,7137,41.176371527777775,-8.59821170212766,0.6499836632524754,1,2.0111823934655523e-08,0.6499836431406514,3164.789445779918,0.28872356174522096,3,True,False,0,True,False,1,113,0.044444444444444446,113
4510,7138,41.176371527777775,-8.597132978723405,0.6211003602323889,1,1.6668187071969535e-08,0.6211003435642019,3074.442344387131,0.28048120080640226,3,True,False,0,True,False,1,117,0.044444444444444446,117
4511,7139,41.176371527777775,-8.59605425531915,0.5875357664500486,1,1.531424664214071e-08,0.5875357511358019,2984.0975604095147,0.27223905128523823,3,True,False,0,True,False,1,117,0.1,117
4512,7140,41.176371527777775,-8.594975531914894,0.5304174669003826,1,0,0.5304174669003826,2893.755310914624,0.26399713298478955,3,True,False,0,True,False,1,126,0.1,126
4513,7141,41.176371527777775,-8.593896808510639,0.5733189236580636,1,0,0.5733189236580636,2803.415840944313,0.2557554682602108,3,True,False,0,True,False,1,126,0.022222222222222223,126
4514,7142,41.176371527777775,-8.592818085106384,0.5604359006422589,1,0,0.5604359006422589,2713.0794281687245,0.24751408244333323,3,True,False,0,True,False,1,128,0.022222222222222223,128
4515,7143,41.176371527777775,-8.591739361702128,0.5481191293896363,1,0,0.5481191293896363,2622.7463885036823,0.2392730043551396,3,True,False,0,True,False,1,128,0.044444444444444446,128
4516,7144,41.176371527777775,-8.590660638297873,0.5237623795162893,1,0,0.5237623795162893,2532.417082926993,0.23103226692761475,3,True,False,0,True,False,1,132,0.044444444444444446,132
4517,7145,41.176371527777775,-8.589581914893618,0.5355318308514674,1,0,0.5355318308514674,2442.0919258085505,0.22279190796370063,3,True,False,0,True,False,1,132,0.022222222222222223,132
4518,7146,41.176371527777775,-8.588503191489362,0.49023089338201736,1,0,0.49023089338201736,2351.771395155869,0.2145519710719956,3,True,False,0,True,False,1,130,0.13333333333333333,130
4519,7147,41.176371527777775,-8.587424468085107,0.42773885382178395,1,0,0.42773885382178395,2261.4560453147137,0.20631250682543245,3,True,False,0,True,False,1,142,0.13333333333333333,142
4520,7148,41.176371527777775,-8.586345744680852,0.44717825647652754,1,0,0.44717825647652754,2171.146522833811,0.19807357420861485,3,True,False,0,True,False,1,142,0.08888888888888889,142
4521,7149,41.176371527777775,-8.585267021276596,0.4083187862945706,1,0,0.4083187862945706,2080.84358645832,0.1898352424418206,3,True,True,1,True,False,1,150,0.08888888888888889,150
4522,7150,41.176371527777775,-8.584188297872341,0.4316451176988164,1,0,0.4316451176988164,1990.5481325560672,0.18159759330063574,3,True,False,0,True,False,1,150,0.03333333333333333,150
4523,7151,41.176371527777775,-8.583109574468086,0.417177943892024,1,0,0.417177943892024,1900.2612277852984,0.17336072409623157,3,True,False,0,True,False,1,153,0.03333333333333333,153
4524,7152,41.176371527777775,-8.58203085106383,0.38596051711331825,1,0,0.38596051711331825,1809.984151522491,0.1651247515460516,3,True,False,0,True,False,1,153,0.1111111111111111,153
4525,7153,41.176371527777775,-8.580952127659575,0.4324088015194717,1,0,0.4324088015194717,1719.718451633988,0.15688981686185455,3,True,False,0,True,False,1,143,0.1111111111111111,143
4526,7154,41.176371527777775,-8.57987340425532,0.4778856321592651,1,0,0.4778856321592651,1629.4660187483305,0.14865609252557507,3,True,False,0,True,False,1,143,0.011111111111111112,143
4527,7155,41.176371527777775,-8.578794680851065,0.4833471231341673,1,0,0.4833471231341673,1539.2291866076716,0.14042379144437753,3,True,False,0,True,False,1,142,0.011111111111111112,142
4528,7156,41.176371527777775,-8.57771595744681,0.4046236189920434,1,0,0.4046236189920434,1449.0108698290912,0.13219317951861284,3,True,False,0,False,False,0.55,142,0.18888888888888888,142
4529,7157,41.176371527777775,-8.576637234042552,0.49085026271646165,1,0,0.49085026271646165,1358.814756407081,0.12396459320380948,3,True,False,0,False,False,0.55,125,0.18888888888888888,125
4530,7158,41.176371527777775,-8.575558510638297,0.5364793152035378,1,0,0.5364793152035378,1268.6455821014965,0.11573846454307064,3,True,False,0,True,False,1,125,0.1,125
4531,7159,41.176371527777775,-8.574479787234042,0.4843245689553624,1,0,0.4843245689553624,1178.5095303756386,0.10751535765340271,3,True,False,0,True,False,1,134,0.1,134
4532,7160,41.176371527777775,-8.573401063829786,0.45308901728016904,1,0,0.45308901728016904,1088.4148303224579,0.09929602327448915,3,True,False,0,True,False,1,134,0.16666666666666666,134
4533,7161,41.176371527777775,-8.572322340425531,0.5372927798660984,1,1.1106370162049735e-09,0.5372927787554613,998.3726769375218,0.09108148272514098,3,True,False,0,True,False,1,119,0.16666666666666666,119
4534,7162,41.176371527777775,-8.571243617021276,0.5617110679933782,1,8.912023634375598e-10,0.5617110671021759,908.398695939298,0.0828731615387683,3,True,False,0,True,False,1,119,0.12222222222222222,119
4535,7163,41.176371527777775,-8.57016489361702,0.6402359218597878,1,0.003733895102440995,0.6365020267573468,818.5153688710981,0.07467311070529303,3,True,False,0,True,False,1,108,0.12222222222222222,108
4536,7164,41.176371527777775,-8.569086170212765,0.6621675993890515,1,0.004091264183144512,0.6580763352059069,728.7562397411214,0.06648439044268183,3,True,False,0,True,False,1,108,0.08888888888888889,108
4537,7165,41.176371527777775,-8.56800744680851,0.2636308190763087,1,0.004325085451690575,0.2593057336246181,639.1736340427634,0.05831177440273113,2,True,False,0,True,False,1,100,1.1111111111111112,100
4538,7166,41.176371527777775,-8.566928723404255,0.26371224980252317,1,0.004406516177905044,0.2593057336246181,549.8538365591533,0.05016313434131482,2,True,False,0,True,False,1,100,1.1111111111111112,100
4539,7214,41.17718680555555,-8.667250000000001,0.4758093640881222,1,9.100998428057453e-05,0.4757183541038416,8949.936044681757,0.8165021580371351,3,True,False,0,False,False,0.55,73,0.8111111111111111,47
4540,7215,41.17718680555555,-8.666171276595746,1.0273655682310194,1,0.0023093329774093235,1.0250562352536101,8859.570035301207,0.8082580721236646,3,True,False,0,True,False,1,69,0.08888888888888889,43
4541,7216,41.17718680555555,-8.66509255319149,1.0267511498632058,1,0.001694914609595692,1.0250562352536101,8769.20441267001,0.8000140214933156,3,True,False,0,False,False,0.55,69,0.08888888888888889,43
4542,7217,41.17718680555555,-8.664013829787235,0.47591783577965013,1,0.00019948167580854551,0.4757183541038416,8678.839188883245,0.7917700072495215,3,True,False,0,True,False,1,73,0.8111111111111111,47
4543,7218,41.17718680555555,-8.66293510638298,0.47596920201214354,1,0.00025084790830195097,0.4757183541038416,8588.474376544295,0.7835260305420882,3,True,False,0,True,False,1,73,0.8111111111111111,47
4544,7222,41.17718680555555,-8.658620212765959,0.5094123836068138,1,0.0005130477807781554,0.5088993358260356,8227.019513114778,0.7505505238401616,3,True,True,1,True,False,1,70,0.7777777777777778,44
4545,7223,41.17718680555555,-8.657541489361703,0.47629762334216785,1,0.0005792692383262565,0.4757183541038416,8136.65696687423,0.7423067538687572,3,True,False,0,True,False,1,73,0.8111111111111111,47
4546,7224,41.17718680555555,-8.656462765957448,0.42579184883113924,1,0.0006375119187874061,0.4251543369123518,8046.294920033285,0.7340630294575502,3,True,False,0,True,False,1,78,0.8666666666666667,17
4547,7225,41.17718680555555,-8.655384042553193,0.42583752930182317,1,0.0006831923894713238,0.4251543369123518,7955.933389622605,0.7258193521602471,3,True,False,0,True,False,1,78,0.8666666666666667,17
4548,7226,41.17718680555555,-8.654305319148937,0.9579660397386363,1,0.0007123830961314047,0.9572536566425048,7865.572393454655,0.7175757236018778,3,True,False,0,True,False,1,76,0.07777777777777778,15
4549,7227,41.17718680555555,-8.65322659574468,0.9579760834034315,1,0.000722426760926734,0.9572536566425048,7775.2119501700845,0.7093321454830279,3,True,False,0,False,False,0.55,76,0.07777777777777778,15
4550,7228,41.17718680555555,-8.652147872340425,0.8847706345264531,1,0.0007123830961314047,0.8840582514303217,7684.852079285856,0.701088619584229,3,True,False,0,True,False,1,83,0.07777777777777778,22
4551,7229,41.17718680555555,-8.65106914893617,0.9249191460936269,1,0.0006831923894713795,0.9242359537041556,7594.492801247625,0.6928451477707366,3,True,False,0,True,False,1,83,0.03333333333333333,22
4552,7230,41.17718680555555,-8.649990425531914,0.9253403693532045,1,0.0006375119187874061,0.9247028574344172,7504.1341374851045,0.6846017319975825,3,True,False,0,False,False,0.55,81,0.05555555555555555,20
4553,7231,41.17718680555555,-8.64891170212766,0.9252821266727435,1,0.0005792692383263506,0.9247028574344172,7413.776110472971,0.6763583743151301,3,True,False,0,True,False,1,81,0.05555555555555555,20
4554,7232,41.17718680555555,-8.647832978723404,0.9252159052151954,1,0.0005130477807781554,0.9247028574344172,7323.418743794211,0.6681150768748539,3,True,False,0,True,False,1,81,0.05555555555555555,20
4555,7233,41.17718680555555,-8.646754255319149,0.9256134469670998,1,0.00044344993289782583,0.925169997034202,7233.062062210429,0.6598718419357539,3,True,False,0,True,False,1,79,0.07777777777777778,18
4556,7234,41.17718680555555,-8.645675531914893,0.9052119835789948,1,0.0003745655430353128,0.9048374180359595,7142.706091735274,0.6516286718710534,3,True,True,1,True,False,1,79,0.1,18
4557,7235,41.17718680555555,-8.644596808510638,1.0025849357613081,1,0.0003096238862915253,1.0022753118750165,7052.350859715714,0.6433855691756152,3,True,False,0,True,False,1,70,0.1,9
4558,7236,41.17718680555555,-8.643518085106383,1.036498395251175,1,0.00025084790830195097,1.0362475473428732,6961.996394917438,0.6351425364737311,3,True,False,0,True,False,1,70,0.06666666666666667,9
4559,7237,41.17718680555555,-8.642439361702127,1.0369705185490228,1,0.00019948167580861498,1.0367710368732141,6871.642727619198,0.6268995765277301,3,True,False,0,True,False,1,68,0.08888888888888889,7
4560,7238,41.17718680555555,-8.641360638297872,1.036403483141227,1,0.0001559357983538867,1.0362475473428732,6781.289889712469,0.6186566922470695,3,True,False,0,True,False,1,70,0.06666666666666667,9
4561,7239,41.17718680555555,-8.640281914893617,1.036367538311708,1,0.00011999096883466421,1.0362475473428732,6690.937914811272,0.610413886698355,3,True,False,0,False,False,0.55,70,0.06666666666666667,9
4562,7240,41.17718680555555,-8.639203191489361,0.9680401275592804,1,9.100998428057453e-05,0.9679491175749998,6600.586838369598,0.6021711631160516,3,True,False,0,True,False,1,76,0.06666666666666667,15
4563,7241,41.17718680555555,-8.638124468085106,0.9467445017095873,1,6.812531995170826e-05,0.9466763763896356,6510.236697808643,0.5939285249140932,3,True,False,0,True,False,1,76,0.08888888888888889,15
4564,7242,41.17718680555555,-8.63704574468085,0.8273019308610489,1,5.038594214532154e-05,0.8272515449189035,6419.887532656145,0.585685975698593,3,True,True,1,True,False,1,82,0.15555555555555556,21
4565,7243,41.17718680555555,-8.635967021276596,0.8272884048149105,1,3.6859896007012645e-05,0.8272515449189035,6329.53938469556,0.5774435192814534,3,True,False,0,True,False,1,82,0.15555555555555556,21
4566,7244,41.17718680555555,-8.63488829787234,0.8460810140397054,1,2.669723134437732e-05,0.846054316808361,6239.192298130433,0.5692011596953613,3,True,False,0,True,False,1,81,0.14444444444444443,20
4567,7245,41.17718680555555,-8.633809574468085,0.8944066534689659,1,1.9161596680614912e-05,0.8943874918722853,6148.846319761008,0.5609589012099003,3,True,False,0,True,False,1,81,0.08888888888888889,20
4568,7246,41.17718680555555,-8.63273085106383,0.8166664930988295,1,6.336363498847095e-07,0.8166658594624797,6058.501499178876,0.5527167483493083,3,True,False,0,True,False,1,89,0.08888888888888889,28
4569,7247,41.17718680555555,-8.631652127659574,0.8166665447430321,1,6.852805524270882e-07,0.8166658594624797,5968.157888977041,0.5444747059116423,3,True,False,0,True,False,1,89,0.08888888888888889,28
4570,7248,41.17718680555555,-8.630573404255319,0.7374592375183486,1,7.30886804079349e-07,0.7374585066315446,5877.815544981591,0.5362327789899131,3,True,False,0,True,False,1,97,0.1,36
4571,7249,41.17718680555555,-8.629494680851064,0.728942400501858,1,7.686032356071041e-07,0.7289416318986224,5787.474526502818,0.527990972994995,3,True,False,0,True,False,1,99,0.08888888888888889,38
4572,7250,41.17718680555555,-8.628415957446808,0.7620705623135473,1,7.968173463376273e-07,0.762069765496201,5697.134896612441,0.5197492936809176,3,True,False,0,True,False,1,99,0.044444444444444446,38
4573,7251,41.17718680555555,-8.627337234042553,0.7122026437389678,1,8.142767708132105e-07,0.712201829462197,5606.796722445382,0.5115077471723961,3,True,False,0,True,False,1,103,0.06666666666666667,42
4574,7252,41.17718680555555,-8.626258510638298,0.7201601296655824,1,8.20187292608731e-07,0.7201593094782898,5516.460075533409,0.5032663399952694,3,True,False,0,True,False,1,103,0.05555555555555555,42
4575,7253,41.17718680555555,-8.625179787234043,0.7622630459332057,1,8.14276770813193e-07,0.7622622316564349,5426.125032169825,0.49502507910977145,3,True,False,0,True,False,1,98,0.05555555555555555,37
4576,7254,41.17718680555555,-8.624101063829787,0.8058093506842183,1,7.968173463376273e-07,0.805808553866872,5335.791673813443,0.4867839719473849,3,True,False,0,True,False,1,98,0,18
4577,7255,41.17718680555555,-8.623022340425532,0.7880999651287757,1,7.686032356070577e-07,0.7880991965255401,5245.4600875319975,0.47854302645129443,3,True,False,0,True,False,1,98,0.022222222222222223,18
4578,7256,41.17718680555555,-8.621943617021277,0.753459630718769,1,7.30886804079349e-07,0.7534588998319649,5155.130366494396,0.47030225112129415,3,True,False,0,True,False,1,100,0.044444444444444446,20
4579,7257,41.17718680555555,-8.620864893617021,0.7451341575863444,1,6.852805524270163e-07,0.745133472305792,5064.802610513348,0.4620616550632918,3,True,False,0,True,False,1,100,0.05555555555555555,20
4580,7258,41.17718680555555,-8.619786170212766,0.6886797790497825,1,6.336363498847095e-07,0.6886791454134327,4974.4769266492995,0.4538212480444059,3,True,False,0,True,False,1,104,0.08888888888888889,24
4581,7259,41.17718680555555,-8.61870744680851,0.7361566477601895,1,5.77915177041366e-07,0.7361560698450125,4884.153429879084,0.44558104055396636,3,True,False,0,True,False,1,104,0.022222222222222223,24
4582,7260,41.17718680555555,-8.617628723404255,0.7363425113770087,1,5.200606151870441e-07,0.7363419913163934,4793.832243842328,0.43734104387160944,3,True,False,0,True,False,1,103,0.03333333333333333,23
4583,7261,41.17718680555555,-8.61655,0.6662702481017093,1,4.618875268562589e-07,0.6662697862141824,4703.513501671513,0.4291012701430037,3,True,False,0,True,False,1,103,0.13333333333333333,23
4584,7262,41.17718680555555,-8.615471276595745,0.6504762879792937,1,4.6421027633248893e-08,0.650476241558266,4613.197346921708,0.42086173246467007,3,True,False,0,True,False,1,110,0.07777777777777778,30
4585,7263,41.17718680555555,-8.61439255319149,0.6283572343337852,1,2.191859835495519e-08,0.6283572124151868,4522.88393460931,0.4126224449787456,3,True,False,0,True,False,1,115,0.05555555555555555,35
4586,7264,41.17718680555555,-8.613313829787234,0.6283572339591773,1,2.154399043164441e-08,0.6283572124151868,4432.573432379879,0.4043834229795253,3,True,False,0,True,False,1,115,0.05555555555555555,35
4587,7265,41.17718680555555,-8.612235106382979,0.587090829677818,1,1.2826791857250101e-08,0.5870908168510262,4342.266021819279,0.39614468303307715,3,True,False,0,True,False,1,120,0.06666666666666667,40
4588,7266,41.17718680555555,-8.611156382978724,0.5741882604442117,1,1.3338240518225994e-08,0.5741882471059712,4251.961899933949,0.38790624311228755,3,True,False,0,True,False,1,120,0.08888888888888889,40
4589,7267,41.17718680555555,-8.610077659574468,0.5872391045451895,1,1.37167089214974e-08,0.5872390908284806,4161.661280821396,0.37966812274925976,3,True,False,0,True,False,1,119,0.07777777777777778,39
4590,7268,41.17718680555555,-8.608998936170213,0.5743332763965309,1,1.3949215124757347e-08,0.5743332624473158,4071.3643975649493,0.3714303432081728,3,True,False,0,True,False,1,119,0.1,39
4591,7269,41.17718680555555,-8.607920212765958,0.587387416281225,1,1.4027638425615433e-08,0.5873874022535867,3981.071504383739,0.3631929276814235,3,True,True,1,True,False,1,118,0.08888888888888889,38
4592,7270,41.17718680555555,-8.606841489361702,0.5374284899104894,1,1.4027638425615433e-08,0.537428475882851,3890.7828790838807,0.354955901513248,3,True,False,0,True,False,1,118,0.17777777777777778,35
4593,7271,41.17718680555555,-8.605762765957447,0.6437763409397003,1,8.403039165071891e-08,0.6437762569093086,3800.498825856238,0.34671929245496164,3,True,False,0,True,False,1,107,0.12222222222222222,24
4594,7272,41.17718680555555,-8.604684042553192,0.6881576883387297,1,7.197678401591459e-08,0.6881576163619457,3710.219678484297,0.3384831309576128,3,True,False,0,True,False,1,107,0.05555555555555555,24
4595,7273,41.17718680555555,-8.603605319148937,0.6728640328110748,1,8.072976120974534e-08,0.6728639520813136,3619.9458040289605,0.3302474505081469,3,True,False,0,True,False,1,108,0.06666666666666667,46
4596,7274,41.17718680555555,-8.602526595744681,0.6654291888159525,1,1.214632902122576e-07,0.6654290673526623,3529.6776070800747,0.32201228801727266,3,True,False,0,True,False,1,108,0.07777777777777778,22
4597,7275,41.17718680555555,-8.601447872340426,0.665597308542533,1,1.8232793970556585e-07,0.6655971262145932,3439.415534673927,0.3137776842680853,3,True,False,0,False,False,0.55,107,0.08888888888888889,107
4598,7276,41.17718680555555,-8.60036914893617,0.6356988834491343,1,1.37167089214974e-08,0.6356988697324254,3349.1600820066515,0.30554368443729996,3,True,False,0,True,False,1,113,0.06666666666666667,113
4599,7277,41.17718680555555,-8.599290425531915,0.6720149258451109,1,1.3338240518225994e-08,0.6720149125068704,3258.9117990927984,0.297310338702713,3,True,False,0,True,False,1,113,0.011111111111111112,113
4600,7278,41.17718680555555,-8.59821170212766,0.6356988825592172,1,1.2826791857250101e-08,0.6356988697324254,3168.6712985616086,0.28907770295445523,3,True,False,0,True,False,1,113,0.06666666666666667,113
4601,7279,41.17718680555555,-8.597132978723405,0.6211003542437855,1,1.0679583674522543e-08,0.6211003435642019,3078.4392648190665,0.28084583963084586,3,True,False,0,True,False,1,117,0.044444444444444446,117
4602,7280,41.17718680555555,-8.59605425531915,0.58104371964204,1,9.832191650162912e-09,0.5810437098098484,2988.216464868211,0.2726148187055286,3,True,False,0,True,False,1,117,0.1111111111111111,117
4603,7281,41.17718680555555,-8.594975531914894,0.5304174669003826,1,0,0.5304174669003826,2898.0037611431303,0.2643847188583166,3,True,False,0,True,False,1,126,0.1,126
4604,7282,41.17718680555555,-8.593896808510639,0.5733189236580636,1,0,0.5733189236580636,2807.8021268126613,0.25615562887134746,3,True,False,0,True,False,1,126,0.022222222222222223,126
4605,7283,41.17718680555555,-8.592818085106384,0.5604359006422589,1,0,0.5604359006422589,2717.61266412065,0.24792764930226496,3,True,False,0,True,False,1,128,0.022222222222222223,128
4606,7284,41.17718680555555,-8.591739361702128,0.5481191293896363,1,0,0.5481191293896363,2627.4366264942496,0.23970089450115709,3,True,False,0,True,False,1,128,0.044444444444444446,128
4607,7285,41.17718680555555,-8.590660638297873,0.5122515869138907,1,0,0.5122515869138907,2537.275445348804,0.23147549505596463,3,True,False,0,True,False,1,132,0.06666666666666667,132
4608,7286,41.17718680555555,-8.589581914893618,0.5065914062949218,1,0,0.5065914062949218,2447.1307627998385,0.22325160077679382,3,True,False,0,True,False,1,132,0.07777777777777778,132
4609,7287,41.17718680555555,-8.588503191489362,0.49023089338201736,1,0,0.49023089338201736,2357.0044718509225,0.21502938436225302,3,True,False,0,True,False,1,130,0.13333333333333333,130
4610,7288,41.17718680555555,-8.587424468085107,0.4046236189920434,1,0,0.4046236189920434,2266.898766131727,0.20680904593705277,3,True,False,0,True,False,1,142,0.18888888888888888,142
4611,7289,41.17718680555555,-8.586345744680852,0.44717825647652754,1,0,0.44717825647652754,2176.81620193277,0.19859081871143217,3,True,False,0,True,False,1,142,0.08888888888888889,142
4612,7290,41.17718680555555,-8.585267021276596,0.3862530222278671,1,0,0.3862530222278671,2086.7597762345154,0.19037497609974893,3,True,False,0,True,False,1,150,0.14444444444444443,150
4613,7291,41.17718680555555,-8.584188297872341,0.41288096017242754,1,0,0.41288096017242754,1996.7330257416377,0.18216184075537015,3,True,False,0,True,False,1,150,0.07777777777777778,150
4614,7292,41.17718680555555,-8.583109574468086,0.38596051711331825,1,0,0.38596051711331825,1906.7401538189902,0.1739517961510331,3,True,False,0,True,False,1,153,0.1111111111111111,153
4615,7293,41.17718680555555,-8.58203085106383,0.38596051711331825,1,0,0.38596051711331825,1816.7861949217356,0.1657453015797969,3,True,False,0,False,False,0.55,153,0.1111111111111111,153
4616,7294,41.17718680555555,-8.580952127659575,0.4324088015194717,1,0,0.4324088015194717,1726.8772300767073,0.15754291181339483,3,True,False,0,True,False,1,143,0.1111111111111111,143
4617,7295,41.17718680555555,-8.57987340425532,0.4520604387955522,1,0,0.4520604387955522,1637.02067284787,0.1493453031908472,3,True,False,0,True,False,1,143,0.06666666666666667,143
4618,7296,41.17718680555555,-8.578794680851065,0.452174609886951,1,0,0.452174609886951,1547.2256541393024,0.14115330872401552,3,True,False,0,True,False,1,142,0.07777777777777778,142
4619,7297,41.17718680555555,-8.57771595744681,0.4046236189920434,1,0,0.4046236189920434,1457.5035479504745,0.13296796606222672,3,True,False,0,False,False,0.55,142,0.18888888888888888,142
4620,7298,41.17718680555555,-8.576637234042552,0.49085026271646165,1,0,0.49085026271646165,1367.8687019432252,0.12479058414185706,3,True,False,0,True,False,1,125,0.18888888888888888,125
4621,7299,41.17718680555555,-8.575558510638297,0.5364793152035378,1,0,0.5364793152035378,1278.339471842306,0.11662283755463515,3,True,True,1,True,False,1,125,0.1,125
4622,7300,41.17718680555555,-8.574479787234042,0.45308901728016904,1,0,0.45308901728016904,1188.9397170867012,0.10846690299582708,3,True,False,0,True,False,1,134,0.16666666666666666,134
4623,7301,41.17718680555555,-8.573401063829786,0.42386794050670945,1,0,0.42386794050670945,1099.7010150849194,0.10032566127062115,3,True,False,0,True,False,1,134,0.23333333333333334,134
4624,7302,41.17718680555555,-8.572322340425531,0.5372927795017731,1,7.463117620239332e-10,0.5372927787554613,1010.6660281411638,0.09220300445861154,3,True,False,0,True,False,1,119,0.16666666666666666,119
4625,7303,41.17718680555555,-8.571243617021276,0.5617110677035094,1,6.013334954020968e-10,0.5617110671021759,921.893781557902,0.08410431743479659,3,True,False,0,True,False,1,119,0.12222222222222222,119
4626,7304,41.17718680555555,-8.57016489361702,0.6389076340016021,1,0.0024056072442553288,0.6365020267573468,833.4682325764642,0.07603725961354377,3,True,False,0,True,False,1,108,0.12222222222222222,108
4627,7305,41.17718680555555,-8.569086170212765,0.21925219292069215,1,0.0026180779285827948,0.21663411499210936,745.5127572214724,0.06801308658258592,2,True,False,0,True,False,1,108,1.2,108
4628,7306,41.17718680555555,-8.56800744680851,0.262061806089286,1,0.0027560724646678624,0.2593057336246181,658.2158262253638,0.06004899251616,2,True,False,0,True,False,1,100,1.1111111111111112,100
4629,7355,41.17800208333333,-8.667250000000001,0.5226210910601106,1,0.002154876713260064,0.5204662143468505,8952.180860037766,0.8167069524148185,3,True,False,0,False,False,0.55,69,0.7666666666666667,43
4630,7356,41.17800208333333,-8.666171276595746,0.43490096844901904,1,8.321046011870399e-05,0.4348177579889003,8861.83887174542,0.8084650579438631,3,True,False,0,False,False,0.55,77,0.8555555555555555,51
4631,7357,41.17800208333333,-8.66509255319149,0.9360865903531345,1,0.00010700771346372504,0.9359795826396707,8771.497753384863,0.8002232428367357,3,True,False,0,False,False,0.55,77,0.08888888888888889,51
4632,7358,41.17800208333333,-8.664013829787235,0.44483629204391156,1,0.00013547107716922022,0.44470082096674235,8681.157532129495,0.7919815095724637,3,True,False,0,True,False,1,76,0.8444444444444444,50
4633,7366,41.17800208333333,-8.655384042553193,0.4255904854724946,1,0.0004361485601427872,0.4251543369123518,7958.471725639129,0.7260509244111512,3,True,False,0,True,False,1,78,0.8666666666666667,17
4634,7367,41.17800208333333,-8.654305319148937,0.38041843538915077,1,0.0004536754927405398,0.3799647598964102,7868.141011623153,0.71781005849179,3,True,False,0,True,False,1,83,0.9222222222222223,22
4635,7368,41.17800208333333,-8.65322659574468,0.3804244534772351,1,0.0004596935808248759,0.3799647598964102,7777.81154073803,0.7095693059831861,3,True,False,0,True,False,1,83,0.9222222222222223,22
4636,7369,41.17800208333333,-8.652147872340425,0.38041843538915077,1,0.0004536754927405398,0.3799647598964102,7687.4833568189915,0.7013286708844252,3,True,False,0,True,False,1,83,0.9222222222222223,22
4637,7370,41.17800208333333,-8.65106914893617,0.9246721022642984,1,0.0004361485601428202,0.9242359537041556,7597.1565057853595,0.6930881573847244,3,True,False,0,True,False,1,83,0.03333333333333333,22
4638,7371,41.17800208333333,-8.649990425531914,0.874036271371517,1,0.0004086093588470464,0.87362766201267,7506.83103576531,0.6848477698748143,3,True,False,0,True,False,1,86,0.05555555555555555,25
4639,7372,41.17800208333333,-8.64891170212766,0.874000950788821,1,0.000373288776151039,0.87362766201267,7416.506997231237,0.6766075129592888,3,True,False,0,True,False,1,86,0.05555555555555555,25
4640,7373,41.17800208333333,-8.647832978723404,0.8453195645952978,1,0.00033282407019114116,0.8449867405251066,7326.184443143096,0.6683673914696816,3,True,False,0,False,False,0.55,86,0.08888888888888889,25
4641,7374,41.17800208333333,-8.646754255319149,0.9256935659790368,1,0.00028991065663772775,0.9254036553223991,7235.86342910463,0.6601274104787188,3,True,False,0,True,False,1,78,0.08888888888888889,17
4642,7375,41.17800208333333,-8.645675531914893,0.9256506558210058,1,0.00024700049860668766,0.9254036553223991,7145.544013529258,0.6518875753154536,3,True,False,0,True,False,1,78,0.08888888888888889,17
4643,7376,41.17800208333333,-8.644596808510638,0.9681552090786611,1,0.00020609150366131387,0.9679491175749998,7055.226257820889,0.6436478915817608,3,True,False,0,True,False,1,76,0.06666666666666667,15
4644,7377,41.17800208333333,-8.643518085106383,0.9468449998909284,1,0.00016862350129280692,0.9466763763896356,6964.910226566577,0.6354083651699141,3,True,False,0,True,False,1,76,0.08888888888888889,15
4645,7378,41.17800208333333,-8.642439361702127,0.9468118474668049,1,0.0001354710771692657,0.9466763763896356,6874.595987746561,0.6271690022817464,3,True,False,0,True,False,1,76,0.08888888888888889,15
4646,7379,41.17800208333333,-8.641360638297872,1.0128133181404162,1,0.00010700771346372504,1.0127063104269525,6784.2836129588495,0.6189298094491403,3,True,False,0,True,False,1,73,0.05555555555555555,12
4647,7380,41.17800208333333,-8.640281914893617,1.0355460190693293,1,8.321046011870399e-05,1.0354628086092106,6693.973177664048,0.6106907935563625,3,True,False,0,True,False,1,73,0.03333333333333333,12
4648,7381,41.17800208333333,-8.639203191489361,1.0360496790877674,1,6.377738101004653e-05,1.0359859017067572,6603.664761448833,0.6024519618641008,3,True,False,0,True,False,1,71,0.05555555555555555,10
4649,7382,41.17800208333333,-8.638124468085106,0.9692202849646693,1,4.8237523718736834e-05,0.9691720474409505,6513.358448311367,0.594213322035503,3,True,False,0,False,False,0.55,71,0.12222222222222222,10
4650,7383,41.17800208333333,-8.63704574468085,0.9699425885844065,1,3.604171104162034e-05,0.9699065468733649,6423.05432697211,0.5859748821645316,3,True,False,0,True,False,1,68,0.15555555555555556,7
4651,7384,41.17800208333333,-8.635967021276596,0.9699331766562408,1,2.6629782875975146e-05,0.9699065468733649,6332.7524912091285,0.5777366508065542,3,True,False,0,True,False,1,68,0.15555555555555556,7
4652,7385,41.17800208333333,-8.63488829787234,0.827271019957877,1,1.947503897346115e-05,0.8272515449189035,6242.453040224668,0.5694986370117862,3,True,False,0,True,False,1,82,0.15555555555555556,21
4653,7386,41.17800208333333,-8.633809574468085,0.8941757744606407,1,1.4109500896520652e-05,0.8941616649597441,6152.156079041775,0.5612608503614739,3,True,False,0,True,False,1,82,0.07777777777777778,21
4654,7387,41.17800208333333,-8.63273085106383,0.8352284335162232,1,4.06403894749385e-07,0.8352280271123285,6061.861718938505,0.5530233010075082,3,True,True,1,True,False,1,88,0.07777777777777778,27
4655,7388,41.17800208333333,-8.631652127659574,0.8168725527396727,1,4.3848362755459034e-07,0.8168721142560452,5971.570077919261,0.5447859997154242,3,True,False,0,True,False,1,88,0.1,27
4656,7389,41.17800208333333,-8.630573404255319,0.798315065450535,1,4.667427970472953e-07,0.7983145987077379,5881.28128123171,0.5365489579115591,3,True,False,0,True,False,1,91,0.08888888888888889,30
4657,7390,41.17800208333333,-8.629494680851064,0.7624552364917071,1,4.90066335558765e-07,0.7624547464253716,5790.995461929747,0.5283121877344126,3,True,False,0,True,False,1,97,0.06666666666666667,36
4658,7391,41.17800208333333,-8.628415957446808,0.7624552539125747,1,5.074872031028032e-07,0.7624547464253716,5700.712761492103,0.5200757020910811,3,True,True,1,True,False,1,97,0.06666666666666667,36
4659,7392,41.17800208333333,-8.627337234042553,0.7620702837527578,1,5.182565567387562e-07,0.762069765496201,5610.4333304983575,0.5118395147189311,3,True,False,0,True,False,1,99,0.044444444444444446,38
4660,7393,41.17800208333333,-8.626258510638298,0.7620702873966259,1,5.219004248994121e-07,0.762069765496201,5520.157329373387,0.5036036402535151,3,True,False,0,True,False,1,99,0.044444444444444446,38
4661,7394,41.17800208333333,-8.625179787234043,0.7622627499129917,1,5.182565567387469e-07,0.7622622316564349,5429.884929203735,0.49536809430304857,3,True,False,0,False,False,0.55,98,0.05555555555555555,37
4662,7395,41.17800208333333,-8.624101063829787,0.8058090613540752,1,5.074872031028032e-07,0.805808553866872,5339.616312638865,0.4871328935306319,3,True,False,0,True,False,1,98,0,37
4663,7396,41.17800208333333,-8.623022340425532,0.7880996865918756,1,4.900663355587372e-07,0.7880991965255401,5249.351674882993,0.47889805574473465,3,True,False,0,True,False,1,98,0.022222222222222223,18
4664,7397,41.17800208333333,-8.621943617021277,0.7884977936950961,1,4.667427970472953e-07,0.788497326952299,5159.091224793081,0.4706635999993654,3,True,False,0,True,False,1,96,0.044444444444444446,16
4665,7398,41.17800208333333,-8.620864893617021,0.7458869511218285,1,4.3848362755454513e-07,0.7458865126382009,5068.835186091664,0.4624295467047186,3,True,False,0,True,False,1,96,0.1,16
4666,7399,41.17800208333333,-8.619786170212766,0.6733742970376055,1,4.06403894749385e-07,0.6733738906337108,4978.583798713574,0.45419591775003526,3,True,True,1,True,False,1,105,0.1,25
4667,7400,41.17800208333333,-8.61870744680851,0.7278383828585258,1,3.716904902772374e-07,0.7278380111680355,4888.337320299276,0.4459627366398404,3,True,False,0,True,False,1,105,0.022222222222222223,25
4668,7401,41.17800208333333,-8.617628723404255,0.7116628224713186,1,3.355274197877478e-07,0.7116624869438989,4798.09602785862,0.4377300286457269,3,True,False,0,True,False,1,106,0.03333333333333333,26
4669,7402,41.17800208333333,-8.61655,0.6657655265501934,1,2.9902920348897906e-07,0.6657652275209899,4707.860219623228,0.4294978209753488,3,True,False,0,True,False,1,106,0.1,26
4670,7403,41.17800208333333,-8.615471276595745,0.5813372543742162,1,1.4027638425516458e-08,0.5813372403465779,4617.630217117829,0.4212661429613888,3,True,False,0,True,False,1,115,0.13333333333333333,35
4671,7404,41.17800208333333,-8.61439255319149,0.6143925639440335,1,7.3380722431897525e-09,0.6143925566059613,4527.406367476393,0.4130350262728595,3,True,False,0,True,False,1,116,0.06666666666666667,36
4672,7405,41.17800208333333,-8.613313829787234,0.6281985641736406,1,7.789024765272092e-09,0.6281985563846159,4437.189046042386,0.4048045051523238,3,True,False,0,False,False,0.55,116,0.044444444444444446,36
4673,7406,41.17800208333333,-8.612235106382979,0.6285159218537284,1,1.3338257218122153e-08,0.6285159085154712,4346.978659289664,0.39657461668236876,3,True,False,0,True,False,1,114,0.06666666666666667,34
4674,7407,41.17800208333333,-8.611156382978724,0.6285159213422916,1,1.2826820346209428e-08,0.6285159085154712,4256.775648116019,0.3883454010860747,3,True,False,0,False,False,0.55,114,0.06666666666666667,34
4675,7408,41.17800208333333,-8.610077659574468,0.6288334331651333,1,1.2199471600839675e-08,0.6288334209656616,4166.580491561019,0.3801169020661945,3,True,False,0,False,False,0.55,112,0.08888888888888889,32
4676,7409,41.17800208333333,-8.608998936170213,0.6358594314970539,1,1.1476371324832527e-08,0.6358594200206826,4076.393711018193,0.37188916718943005,3,True,False,0,True,False,1,112,0.07777777777777778,32
4677,7410,41.17800208333333,-8.607920212765958,0.6361806552133985,1,1.2961596415295462e-08,0.636180642251802,3986.2158750149265,0.36366224832250266,3,True,False,0,True,False,1,110,0.1,30
4678,7411,41.17800208333333,-8.606841489361702,0.6432887518870488,1,1.9571554244228466e-08,0.6432887323154945,3896.047604656256,0.35543620212878957,3,True,False,0,True,False,1,110,0.08888888888888889,27
4679,7412,41.17800208333333,-8.605762765957447,0.6445896739163809,1,5.481967101414792e-08,0.6445896190967099,3805.8895798375424,0.3472110906351059,3,True,False,0,True,False,1,102,0.17777777777777778,19
4680,7413,41.17800208333333,-8.604684042553192,0.7123817482597984,1,4.714065553126267e-08,0.7123817011191429,3715.7425463606146,0.33898698188091037,3,True,False,0,True,False,1,102,0.07777777777777778,19
4681,7414,41.17800208333333,-8.603605319148937,0.6579102418726499,1,6.657880164345595e-08,0.6579101752938482,3625.6073241052127,0.33076395066378517,3,True,False,0,False,False,0.55,109,0.07777777777777778,109
4682,7415,41.17800208333333,-8.602526595744681,0.665261150608136,1,9.968365617461141e-08,0.6652610509244797,3535.484816447711,0.32254207939870566,3,True,False,0,True,False,1,109,0.06666666666666667,109
4683,7416,41.17800208333333,-8.601447872340426,0.6077572215793194,1,8.877358999305762e-09,0.6077572127019605,3445.376021149588,0.3143214591113949,3,True,False,0,False,False,0.55,115,0.08888888888888889,115
4684,7417,41.17800208333333,-8.60036914893617,0.6215710611367653,1,8.732966653621282e-09,0.6215710524037986,3355.2820429949893,0.3061021905912481,3,True,False,0,True,False,1,114,0.07777777777777778,114
4685,7418,41.17800208333333,-8.599290425531915,0.6644216134126775,1,8.497786181561788e-09,0.6644216049148913,3265.2041085085093,0.2978843857340343,3,True,False,0,True,False,1,114,0.011111111111111112,114
4686,7419,41.17800208333333,-8.59821170212766,0.6355383681617371,1,8.179685311753782e-09,0.6355383599820519,3175.143583168264,0.2896681691122447,3,True,False,0,True,False,1,114,0.05555555555555555,114
4687,7420,41.17800208333333,-8.597132978723405,0.5938003604129262,1,6.840337350363553e-09,0.5938003535725889,3085.101991616049,0.2814536798188638,3,True,False,0,True,False,1,119,0.06666666666666667,119
4688,7421,41.17800208333333,-8.59605425531915,0.5807503337933144,1,6.3098795909167334e-09,0.5807503274834348,2995.0810414954112,0.2732410736421157,3,True,False,0,False,False,0.55,119,0.08888888888888889,119
4689,7422,41.17800208333333,-8.594975531914894,0.5186294310282473,1,0,0.5186294310282473,2905.082651693902,0.26503052564200286,3,True,False,0,True,False,1,127,0.1111111111111111,127
4690,7423,41.17800208333333,-8.593896808510639,0.5731741644305389,1,0,0.5731741644305389,2815.108985971834,0.256822233218256,3,True,False,0,True,False,1,127,0.011111111111111112,127
4691,7424,41.17800208333333,-8.592818085106384,0.5604359006422589,1,0,0.5604359006422589,2725.162493207017,0.24861641978185886,3,True,False,0,True,False,1,128,0.022222222222222223,128
4692,7425,41.17800208333333,-8.591739361702128,0.5481191293896363,1,0,0.5481191293896363,2635.2459558264513,0.24041333917346894,3,True,False,0,True,False,1,128,0.044444444444444446,128
4693,7426,41.17800208333333,-8.590660638297873,0.5483960271505535,1,0,0.5483960271505535,2545.3625484249083,0.23221328101118735,3,True,False,0,True,False,1,126,0.06666666666666667,126
4694,7427,41.17800208333333,-8.589581914893618,0.5483960271505535,1,0,0.5483960271505535,2455.515909158122,0.22401657720375548,3,True,False,0,False,False,0.55,126,0.06666666666666667,126
4695,7428,41.17800208333333,-8.588503191489362,0.49085026271646165,1,0,0.49085026271646165,2365.7102272638685,0.21582360993509808,3,True,False,0,False,False,0.55,125,0.18888888888888888,125
4696,7429,41.17800208333333,-8.587424468085107,0.4527458980104843,1,0,0.4527458980104843,2275.950351116786,0.20763482152215865,3,True,False,0,True,False,1,137,0.13333333333333333,137
4697,7430,41.17800208333333,-8.586345744680852,0.44774323208869493,1,0,0.44774323208869493,2186.241922636811,0.1994507266769732,3,True,False,0,True,False,1,137,0.14444444444444443,137
4698,7431,41.17800208333333,-8.585267021276596,0.4470653469312428,1,0,0.4470653469312428,2096.5915458385757,0.19127192788342223,3,True,False,0,True,False,1,143,0.07777777777777778,143
4699,7432,41.17800208333333,-8.584188297872341,0.4324088015194717,1,0,0.4324088015194717,2007.0070000295832,0.18309913484728832,3,True,False,0,True,False,1,143,0.1111111111111111,143
4700,7433,41.17800208333333,-8.583109574468086,0.38596051711331825,1,0,0.38596051711331825,1917.4975120218912,0.17493318933011245,3,True,False,0,True,False,1,153,0.1111111111111111,153
4701,7434,41.17800208333333,-8.58203085106383,0.38596051711331825,1,0,0.38596051711331825,1828.074107212812,0.1667750971782665,3,True,False,0,True,False,1,153,0.1111111111111111,153
4702,7435,41.17800208333333,-8.580952127659575,0.4222654171242527,1,0,0.4222654171242527,1738.7500673689485,0.15862607008656476,3,True,False,0,True,False,1,149,0.06666666666666667,149
4703,7436,41.17800208333333,-8.57987340425532,0.4175995486503903,1,0,0.4175995486503903,1649.5415346692464,0.15048758070507745,3,True,False,0,True,False,1,149,0.07777777777777778,149
4704,7437,41.17800208333333,-8.578794680851065,0.452174609886951,1,0,0.452174609886951,1560.4683191206377,0.14236143629961404,3,True,False,0,True,False,1,142,0.07777777777777778,142
4705,7438,41.17800208333333,-8.57771595744681,0.4046236189920434,1,0,0.4046236189920434,1471.5549931825494,0.13424987861425522,3,True,False,0,True,False,1,142,0.18888888888888888,142
4706,7439,41.17800208333333,-8.576637234042552,0.4843245689553624,1,0,0.4843245689553624,1382.832398949037,0.1261557213714934,3,True,False,0,True,False,1,134,0.1,134
4707,7440,41.17800208333333,-8.575558510638297,0.45308901728016904,1,0,0.45308901728016904,1294.3397590615698,0.1180825428506865,3,True,False,0,True,False,1,134,0.16666666666666666,134
4708,7441,41.17800208333333,-8.574479787234042,0.5372927795030772,1,7.476159062326268e-10,0.5372927787554613,1206.1276893053455,0.11003496072704905,3,True,False,0,True,False,1,119,0.16666666666666666,119
4709,7442,41.17800208333333,-8.573401063829786,0.5372927793694596,1,6.13998341312588e-10,0.5372927787554613,1118.2625884299975,0.10201903255474631,3,True,False,0,True,False,1,119,0.16666666666666666,119
4710,7443,41.17800208333333,-8.572322340425531,0.5381074768444086,1,1.0822913153975363e-09,0.5381074757621173,1030.8331840010094,0.09404285294454792,3,True,False,0,True,False,1,113,0.23333333333333334,113
4711,7444,41.17800208333333,-8.571243617021276,0.1936081152790959,1,9.031686369020621e-10,0.1936081143759273,943.9605461061277,0.08611746711369625,2,True,False,0,True,False,1,113,1.2555555555555555,113
4712,7445,41.17800208333333,-8.57016489361702,0.21818130910184919,1,0.0015471941097398207,0.21663411499210936,857.8138462451925,0.07825830856853236,2,True,False,0,True,False,1,108,1.2,108
4713,7446,41.17800208333333,-8.569086170212765,0.21830814479398475,1,0.0016740298018753895,0.21663411499210936,772.6359426514811,0.07048753325191193,2,True,False,0,True,False,1,108,1.2,108
4714,7497,41.17881736111111,-8.666171276595746,0.4348750477965228,1,5.72898076224641e-05,0.4348177579889003,8865.036298352445,0.8087567589919787,3,True,True,1,True,False,1,77,0.8555555555555555,51
4715,7498,41.17881736111111,-8.66509255319149,0.4348907088965081,1,7.295090760775804e-05,0.4348177579889003,8774.729229341065,0.8005180502050466,3,True,False,0,True,False,1,77,0.8555555555555555,51
4716,7499,41.17881736111111,-8.664013829787235,0.4447922825879194,1,9.146162117709392e-05,0.44470082096674235,8684.423753663035,0.7922794867778258,3,True,False,0,True,False,1,76,0.8444444444444444,50
4717,7510,41.17881736111111,-8.652147872340425,0.380253653184642,1,0.00028889328823175994,0.3799647598964102,7691.184736359829,0.7016663475301264,3,True,False,0,True,False,1,83,0.9222222222222223,22
4718,7511,41.17881736111111,-8.65106914893617,0.3802430962667244,1,0.0002783363703142256,0.3799647598964102,7600.903001970135,0.6934299500192946,3,True,False,0,True,False,1,83,0.9222222222222223,22
4719,7512,41.17881736111111,-8.649990425531914,0.8836504534498252,1,0.0002616894933124622,0.8833887639565127,7510.623719281927,0.6851937761770505,3,True,False,0,True,False,1,86,0.044444444444444446,25
4720,7513,41.17881736111111,-8.64891170212766,0.8836289911163051,1,0.00024022715979240473,0.8833887639565127,7420.346977795119,0.6769578341684659,3,True,True,1,True,False,1,86,0.044444444444444446,25
4721,7514,41.17881736111111,-8.647832978723404,0.8452022136215441,1,0.0002154730964375083,0.8449867405251066,7330.0728714154175,0.6687221325605534,3,True,False,0,True,False,1,86,0.08888888888888889,25
4722,7515,41.17881736111111,-8.646754255319149,0.9255926641520563,1,0.0001890088296572593,0.9254036553223991,7239.801498729796,0.6604866803473967,3,True,False,0,True,False,1,78,0.08888888888888889,17
4723,7516,41.17881736111111,-8.645675531914893,0.9676226803823283,1,0.00016230256850247678,0.9674603778138259,7149.532963300552,0.6522514869769787,3,True,False,0,True,False,1,78,0.044444444444444446,17
4724,7517,41.17881736111111,-8.644596808510638,0.968085700920494,1,0.00013658334549412153,0.9679491175749998,7059.267373984115,0.6440165623802648,3,True,False,0,True,False,1,76,0.06666666666666667,15
4725,7518,41.17881736111111,-8.643518085106383,0.968061888859842,1,0.00011277128484223333,0.9679491175749998,6969.004845272366,0.6357819170023433,3,True,False,0,True,False,1,76,0.06666666666666667,15
4726,7519,41.17881736111111,-8.642439361702127,0.9680405791961769,1,9.146162117712333e-05,0.9679491175749998,6878.74549766299,0.627547561836211,3,True,False,0,True,False,1,76,0.06666666666666667,15
4727,7520,41.17881736111111,-8.641360638297872,0.9795787994122842,1,7.295090760775804e-05,0.9795058485046765,6788.489458057102,0.6193135084590493,3,True,False,0,True,False,1,73,0.08888888888888889,12
4728,7521,41.17881736111111,-8.640281914893617,0.968739980001996,1,5.72898076224641e-05,0.9686826901943736,6698.236860191024,0.6110797690716154,3,True,False,0,False,False,0.55,73,0.1,12
4729,7522,41.17881736111111,-8.639203191489361,0.969216394694994,1,4.434725404343308e-05,0.9691720474409505,6607.987845101986,0.6028463565407278,3,True,False,0,True,False,1,71,0.12222222222222222,10
4730,7523,41.17881736111111,-8.638124468085106,0.9692059213878632,1,3.387394691266581e-05,0.9691720474409505,6517.742561632441,0.5946132844452751,3,True,False,0,True,False,1,71,0.12222222222222222,10
4731,7524,41.17881736111111,-8.63704574468085,0.9699321042987147,1,2.5557425349821082e-05,0.9699065468733649,6427.501166978148,0.5863805671262172,3,True,False,0,True,False,1,68,0.15555555555555556,7
4732,7525,41.17881736111111,-8.635967021276596,0.9699256118595742,1,1.9064986209300252e-05,0.9699065468733649,6337.2638272809045,0.5781482197406612,3,True,False,0,True,False,1,68,0.15555555555555556,7
4733,7526,41.17881736111111,-8.63488829787234,0.8272656187434865,1,1.4073824582979413e-05,0.8272515449189035,6247.030718274727,0.5699162583208114,3,True,False,0,True,False,1,82,0.15555555555555556,21
4734,7527,41.17881736111111,-8.633809574468085,0.3886113474444105,1,1.0289737199431977e-05,0.3886010577072111,6156.802025986517,0.5616846998378913,3,True,False,0,True,False,1,82,0.9111111111111111,21
4735,7528,41.17881736111111,-8.63273085106383,0.3395786353274864,1,2.6053861506652854e-07,0.3395783747888713,6066.577947501309,0.5534535622719575,2,True,False,0,True,False,1,88,0.9777777777777777,27
4736,7529,41.17881736111111,-8.631652127659574,0.3395786552642837,1,2.8047541239124384e-07,0.3395783747888713,5976.358691794426,0.5452228646878171,2,True,False,0,True,False,1,88,0.9777777777777777,27
4737,7530,41.17881736111111,-8.630573404255319,0.3174376656085409,1,2.979971159560232e-07,0.31743736761142494,5886.144480642197,0.5369926273181117,2,True,False,0,True,False,1,91,1.011111111111111,30
4738,7531,41.17881736111111,-8.629494680851064,0.27739241740080073,1,3.1243138372929647e-07,0.277392104969417,5795.935549615256,0.5287628716539371,2,True,False,0,True,False,1,97,1.0777777777777777,36
4739,7532,41.17881736111111,-8.628415957446808,0.27739242816672766,1,3.231973106261667e-07,0.277392104969417,5705.7321491680395,0.5205336205442372,2,True,False,0,True,False,1,97,1.0777777777777777,36
4740,7533,41.17881736111111,-8.627337234042553,0.26519987725575994,1,3.298463030878562e-07,0.26519954740945684,5615.534545830741,0.5123048983045466,2,True,False,0,True,False,1,99,1.1,38
4741,7534,41.17881736111111,-8.626258510638298,0.7536495233515408,1,3.320949446141275e-07,0.7536491912565961,5525.343023519897,0.5040767308365547,3,True,False,0,True,False,1,99,0.05555555555555555,38
4742,7535,41.17881736111111,-8.625179787234043,0.7707793698350175,1,3.2984630308785033e-07,0.7707790399887144,5435.157884976826,0.49584914575933486,3,True,False,0,True,False,1,98,0.044444444444444446,37
4743,7536,41.17881736111111,-8.624101063829787,0.770779363186025,1,3.231973106261667e-07,0.7707790399887144,5344.97945335345,0.4876221725540186,3,True,False,0,True,False,1,98,0.044444444444444446,37
4744,7537,41.17881736111111,-8.623022340425532,0.7707793524200982,1,3.1243138372927815e-07,0.7707790399887144,5254.808073958638,0.47939584272311453,3,True,False,0,True,False,1,98,0.044444444444444446,18
4745,7538,41.17881736111111,-8.621943617021277,0.8062159286696127,1,2.979971159560232e-07,0.8062156306724967,5164.6441161890725,0.47117018996666105,3,True,False,0,True,False,1,96,0.022222222222222223,16
4746,7539,41.17881736111111,-8.620864893617021,0.7458867931136133,1,2.804754123912154e-07,0.7458865126382009,5074.487975663035,0.46294525037689144,3,True,False,0,True,False,1,96,0.1,16
4747,7540,41.17881736111111,-8.619786170212766,0.6659336318211865,1,2.6053861506652854e-07,0.6659333712825715,4984.340076587112,0.45472106265414863,3,True,False,0,True,False,1,105,0.1111111111111111,25
4748,7541,41.17881736111111,-8.61870744680851,0.6885054974005022,1,2.3890583075542774e-07,0.6885052584946714,4894.200874381242,0.4464976683463678,3,True,False,0,True,False,1,105,0.07777777777777778,25
4749,7542,41.17881736111111,-8.617628723404255,0.6732040844890718,1,2.1629875336904971e-07,0.6732038681903184,4804.0708586003675,0.43827511211561854,3,True,False,0,True,False,1,106,0.08888888888888889,26
4750,7543,41.17881736111111,-8.61655,0.6657654209228004,1,1.9340181054760267e-07,0.6657652275209899,4713.950556187625,0.43005344203489343,3,True,False,0,True,False,1,106,0.1,26
4751,7544,41.17881736111111,-8.615471276595745,0.5499214760600205,1,8.926047160982395e-09,0.5499214671339734,4623.84053510861,0.4218327099196615,3,True,False,0,True,False,1,115,0.18888888888888888,35
4752,7545,41.17881736111111,-8.61439255319149,0.5747685329472823,1,4.690971860495964e-09,0.5747685282563104,4533.741408414871,0.4136129716985807,3,True,True,1,True,False,1,116,0.13333333333333333,36
4753,7546,41.17881736111111,-8.613313829787234,0.6076037630070551,1,4.972301426540525e-09,0.6076037580347536,4443.6538388017325,0.405394287829308,3,True,False,0,False,False,0.55,116,0.07777777777777778,36
4754,7547,41.17881736111111,-8.612235106382979,0.6355383684798485,1,8.497796563024013e-09,0.6355383599820519,4353.578543727045,0.3971767237654824,3,True,False,0,True,False,1,114,0.05555555555555555,34
4755,7548,41.17881736111111,-8.611156382978724,0.6215710605835016,1,8.179703040430364e-09,0.6215710524037986,4263.516301177838,0.3889603504828165,3,True,False,0,True,False,1,114,0.07777777777777778,34
4756,7549,41.17881736111111,-8.610077659574468,0.650147808939473,1,7.789051074207297e-09,0.6501478011504219,4173.467956177483,0.38074524507274465,3,True,False,0,True,False,1,112,0.05555555555555555,32
4757,7550,41.17881736111111,-8.608998936170213,0.6429639283844052,1,7.3381078210593076e-09,0.6429639210462974,4083.4344281514805,0.37253149141440306,3,True,False,0,True,False,1,112,0.06666666666666667,32
4758,7551,41.17881736111111,-8.607920212765958,0.6725242183802133,1,1.0776446793879393e-08,0.6725242076037664,3993.4167192817276,0.36431918093678944,3,True,False,0,True,False,1,110,0.044444444444444446,30
4759,7552,41.17881736111111,-8.606841489361702,0.6432887485185882,1,1.620309363790223e-08,0.6432887323154945,3903.4159240122244,0.3561084134859679,3,True,False,0,True,False,1,110,0.08888888888888889,30
4760,7553,41.17881736111111,-8.605762765957447,0.7045101963651719,1,3.571752893199046e-08,0.7045101606476429,3813.433239890272,0.34789929831411076,3,True,False,0,True,False,1,102,0.08888888888888889,19
4761,7554,41.17881736111111,-8.604684042553192,0.6234574941916846,1,3.639778336615353e-08,0.6234574577939013,3723.469979971775,0.33969195521123385,3,True,False,0,True,False,1,102,0.2111111111111111,102
4762,7555,41.17881736111111,-8.603605319148937,0.622356414371356,1,5.4362030495150557e-08,0.6223563600093255,3633.527587054676,0.33148651580371163,3,True,False,0,False,False,0.55,109,0.13333333333333333,109
4763,7556,41.17881736111111,-8.602526595744681,0.6019531726234695,1,8.098507416267046e-08,0.6019530916383953,3543.607650066911,0.32328312504934964,3,True,False,0,True,False,1,109,0.16666666666666666,109
4764,7557,41.17881736111111,-8.601447872340426,0.6010417377473575,1,5.6495644430688455e-09,0.601041732097793,3453.711922993051,0.3150819429640609,3,True,False,0,True,False,1,115,0.1,115
4765,7558,41.17881736111111,-8.60036914893617,0.6011935350383399,1,5.559841387999359e-09,0.6011935294784986,3363.8423468142396,0.30688314662344507,3,True,False,0,True,False,1,114,0.1111111111111111,114
4766,7559,41.17881736111111,-8.599290425531915,0.6498195319933104,1,5.413620257513393e-09,0.6498195265796902,3274.0010750294823,0.29868693249109446,3,True,False,0,True,False,1,114,0.03333333333333333,114
4767,7560,41.17881736111111,-8.59821170212766,0.607910711340914,1,5.215674779851768e-09,0.6079107061252392,3184.1905034620904,0.29049351913783383,3,True,False,0,True,False,1,114,0.1,114
4768,7561,41.17881736111111,-8.597132978723405,0.5807503318633719,1,4.3799370948400564e-09,0.5807503274834348,3094.4133052066622,0.2823031504299319,3,True,False,0,True,False,1,119,0.08888888888888889,119
4769,7562,41.17881736111111,-8.59605425531915,0.5807503315312484,1,4.047813679221573e-09,0.5807503274834348,3004.6724717825814,0.27411609928353253,3,True,False,0,False,False,0.55,119,0.08888888888888889,119
4770,7563,41.17881736111111,-8.594975531914894,0.5302835400062827,1,0,0.5302835400062827,2914.9713618086757,0.2659326721052409,3,True,False,0,False,False,0.55,127,0.08888888888888889,127
4771,7564,41.17881736111111,-8.593896808510639,0.5605774427303164,1,0,0.5605774427303164,2825.313758851081,0.2577532140695812,3,True,True,1,True,False,1,127,0.03333333333333333,127
4772,7565,41.17881736111111,-8.592818085106384,0.5481191293896363,1,0,0.5481191293896363,2735.703940511671,0.24957811542192984,3,True,False,0,True,False,1,128,0.044444444444444446,128
4773,7566,41.17881736111111,-8.591739361702128,0.5360730453894105,1,0,0.5360730453894105,2646.14676138274,0.24140781904646666,3,True,False,0,True,False,1,128,0.06666666666666667,128
4774,7567,41.17881736111111,-8.590660638297873,0.5607190205658388,1,0,0.5607190205658388,2556.6477532037316,0.2332428296034676,3,True,False,0,True,False,1,126,0.044444444444444446,126
4775,7568,41.17881736111111,-8.589581914893618,0.5607190205658388,1,0,0.5607190205658388,2467.2132465111276,0.22508372462741696,3,True,False,0,True,False,1,126,0.044444444444444446,126
4776,7569,41.17881736111111,-8.588503191489362,0.5188914312404227,1,0,0.5188914312404227,2377.8505193217998,0.21693116809138147,3,True,False,0,True,False,1,125,0.13333333333333333,125
4777,7570,41.17881736111111,-8.587424468085107,0.44774323208869493,1,0,0.44774323208869493,2288.5679800841417,0.2087859270976314,3,True,False,0,False,False,0.55,137,0.14444444444444443,137
4778,7571,41.17881736111111,-8.586345744680852,0.4839577953500611,1,0,0.4839577953500611,2199.3753944029513,0.20064889256173898,3,True,False,0,True,False,1,137,0.06666666666666667,137
4779,7572,41.17881736111111,-8.585267021276596,0.42763085259680006,1,0,0.42763085259680006,2110.284168167365,0.19252110504232353,3,True,False,0,True,False,1,143,0.12222222222222222,143
4780,7573,41.17881736111111,-8.584188297872341,0.4324088015194717,1,0,0.4324088015194717,2021.3077040031133,0.18440378726017076,3,True,False,0,True,False,1,143,0.1111111111111111,143
4781,7574,41.17881736111111,-8.583109574468086,0.34923151776863864,1,0,0.34923151776863864,1932.4618539821784,0.17629838539890902,2,True,False,0,True,False,1,153,0.2111111111111111,153
4782,7575,41.17881736111111,-8.58203085106383,0.3691823267779554,1,0,0.3691823267779554,1843.765499995178,0.16820662205234907,3,True,False,0,True,False,1,153,0.15555555555555556,153
4783,7576,41.17881736111111,-8.580952127659575,0.40390900700867616,1,0,0.40390900700867616,1755.241305331971,0.1601305647911401,3,True,True,1,True,False,1,149,0.1111111111111111,149
4784,7577,41.17881736111111,-8.57987340425532,0.40390900700867616,1,0,0.40390900700867616,1666.9166985957308,0.15207271592519486,3,True,False,0,True,False,1,149,0.1111111111111111,149
4785,7578,41.17881736111111,-8.578794680851065,0.452174609886951,1,0,0.452174609886951,1578.8251769467133,0.1440361313985447,3,True,False,0,True,False,1,142,0.07777777777777778,142
4786,7579,41.17881736111111,-8.57771595744681,0.3870341200857637,1,0,0.3870341200857637,1491.0080542701269,0.1360245802745954,3,True,False,0,True,False,1,142,0.23333333333333334,142
4787,7580,41.17881736111111,-8.576637234042552,0.46327036925949105,1,0,0.46327036925949105,1403.5168384135134,0.12804276161135847,3,True,False,0,True,False,1,134,0.14444444444444443,134
4788,7581,41.17881736111111,-8.575558510638297,0.40997189653623844,1,0,0.40997189653623844,1316.4165119128706,0.12009660376190955,3,True,False,0,True,False,1,134,0.26666666666666666,134
4789,7582,41.17881736111111,-8.574479787234042,0.5372927792519708,1,4.965094953697985e-10,0.5372927787554613,1229.7901322231621,0.11219368405315688,3,True,False,0,True,False,1,119,0.16666666666666666,119
4790,7583,41.17881736111111,-8.573401063829786,0.16918412258749668,1,4.0929476323331666e-10,0.16918412217820192,1143.7453935096946,0.10434382741769689,2,True,False,0,True,False,1,119,1.3222222222222222,119
4791,7584,41.17881736111111,-8.572322340425531,0.1936081150895495,1,7.1362221273026e-10,0.1936081143759273,1058.4241590455022,0.09655997603388707,2,True,False,0,True,False,1,113,1.2555555555555555,113
4792,7585,41.17881736111111,-8.571243617021276,0.1936081149735605,1,5.976332289156255e-10,0.1936081143759273,974.0165784895462,0.08885947724433599,2,True,False,0,True,False,1,113,1.2555555555555555,113
4793,7652,41.17963263888889,-8.65106914893617,0.3634412715925041,1,0.00017757175800225573,0.36326369983450185,7605.730689689788,0.6938703796963054,2,True,False,0,True,False,1,85,0.9444444444444444,24
4794,7653,41.17963263888889,-8.649990425531914,0.38876854228584246,1,0.0001674845786313479,0.3886010577072111,7515.51052907946,0.6856395995578749,3,True,False,0,True,False,1,82,0.9111111111111111,21
4795,7654,41.17963263888889,-8.64891170212766,0.924623795001919,1,0.00015441890887806127,0.924469376093041,7425.294331466006,0.6774091809634245,3,True,False,0,True,False,1,82,0.044444444444444446,21
4796,7655,41.17963263888889,-8.647832978723404,0.9246086346370189,1,0.00013925854397784458,0.924469376093041,7335.082243089246,0.6691791372544049,3,True,False,0,True,False,1,82,0.044444444444444446,21
4797,7656,41.17963263888889,-8.646754255319149,0.9250593310619932,1,0.0001229333188198064,0.9249363977431734,7244.874417466371,0.6609494824361806,3,True,False,0,True,False,1,80,0.06666666666666667,19
4798,7657,41.17963263888889,-8.645675531914893,0.9458269423523435,1,0.00010632194043495409,0.9457206204119086,7154.671015848734,0.6527202312197032,3,True,False,0,True,False,1,80,0.044444444444444446,19
4799,7658,41.17963263888889,-8.644596808510638,0.9042423721074776,1,9.017737691503949e-05,0.9041521947305625,7064.47220771576,0.6444913990665715,3,True,False,0,True,False,1,82,0.06666666666666667,21
4800,7659,41.17963263888889,-8.643518085106383,0.9042272765511831,1,7.508182062050167e-05,0.9041521947305625,6974.278171304843,0.6362630022373724,3,True,True,1,True,False,1,82,0.06666666666666667,21
4801,7660,41.17963263888889,-8.642439361702127,0.9147776419585162,1,6.143133828647385e-05,0.9147162106202297,6884.089094185,0.6280350578440169,3,True,False,0,True,False,1,80,0.07777777777777778,19
4802,7661,41.17963263888889,-8.641360638297872,0.8944369369957768,1,4.944512349149095e-05,0.8943874918722853,6793.905173873827,0.6198075839060241,3,True,False,0,True,False,1,81,0.08888888888888889,20
4803,7662,41.17963263888889,-8.640281914893617,0.8747706154491868,1,3.919153395705225e-05,0.8747314239152297,6703.7266185062135,0.6115805994115281,3,True,False,0,False,False,0.55,81,0.1111111111111111,20
4804,7663,41.17963263888889,-8.639203191489361,0.8553219526330679,1,3.062269485841952e-05,0.8552913299382094,6613.55364755615,0.6033541243831286,3,True,False,0,False,False,0.55,82,0.12222222222222222,21
4805,7664,41.17963263888889,-8.638124468085106,0.8272751556177738,1,2.36106988702607e-05,0.8272515449189035,6523.386492618232,0.5951281799491875,3,True,False,0,False,False,0.55,82,0.15555555555555556,21
4806,7665,41.17963263888889,-8.63704574468085,0.8653024412938148,1,1.7980495093439275e-05,0.8652844607987213,6433.225398256038,0.5869027884212261,3,True,False,0,True,False,1,80,0.13333333333333333,19
4807,7666,41.17963263888889,-8.635967021276596,0.8652979975196802,1,1.3536720958817276e-05,0.8652844607987213,6343.070622920486,0.5786779733777072,3,True,False,0,True,False,1,80,0.13333333333333333,19
4808,7667,41.17963263888889,-8.63488829787234,0.42516442045279157,1,1.0083540439728901e-05,0.4251543369123518,6252.922439949612,0.5704537597552441,3,True,False,0,True,False,1,78,0.8666666666666667,17
4809,7668,41.17963263888889,-8.633809574468085,0.42516177472803024,1,7.437815678428039e-06,0.4251543369123518,6162.781138653498,0.5622301739475792,3,True,False,0,True,False,1,78,0.8666666666666667,17
4810,7674,41.17963263888889,-8.627337234042553,0.296740196445563,1,2.0992928008519824e-07,0.2967399865162829,5622.09638170503,0.5129035342194062,2,True,False,0,True,False,1,94,1.0444444444444445,33
4811,7675,41.17963263888889,-8.626258510638298,0.29674019783447114,1,2.113181882515967e-07,0.2967399865162829,5532.012972194811,0.504685229876087,2,True,False,0,True,False,1,94,1.0444444444444445,33
4812,7676,41.17963263888889,-8.625179787234043,0.296740196445563,1,2.0992928008519376e-07,0.2967399865162829,5441.93950126584,0.4964678322289717,2,True,False,0,True,False,1,94,1.0444444444444445,33
4813,7677,41.17963263888889,-8.624101063829787,0.2967401923368591,1,2.058205761797223e-07,0.2967399865162829,5351.876470739311,0.4882513870591794,2,True,False,0,True,False,1,94,1.0444444444444445,33
4814,7678,41.17963263888889,-8.623022340425532,0.29674018567814714,1,1.9916186424637804e-07,0.2967399865162829,5261.824416732749,0.4800359432766816,2,True,False,0,True,False,1,94,1.0444444444444445,33
4815,7679,41.17963263888889,-8.621943617021277,0.29014540597024924,1,1.9022234257778414e-07,0.29014521574790664,5171.783912636212,0.47182155319182056,2,True,False,0,True,False,1,95,1.0555555555555556,15
4816,7680,41.17963263888889,-8.620864893617021,0.2901453950994159,1,1.7935150927341768e-07,0.29014521574790664,5081.755572400944,0.4636082728153336,2,True,False,0,True,False,1,95,1.0555555555555556,15
4817,7681,41.17963263888889,-8.619786170212766,0.7455100643464433,1,1.6695529469952598e-07,0.7455098973911486,4991.740054184059,0.45539616219085693,3,True,False,0,True,False,1,98,0.07777777777777778,18
4818,7682,41.17963263888889,-8.61870744680851,0.7372724567172706,1,1.5346982221331273e-07,0.7372723032474484,4901.738064390183,0.4471852857636446,3,True,False,0,True,False,1,98,0.08888888888888889,18
4819,7683,41.17963263888889,-8.617628723404255,0.7372724425826989,1,1.3933525050158944e-07,0.7372723032474484,4811.75036216614,0.43897571279061814,3,True,False,0,True,False,1,98,0.08888888888888889,18
4820,7684,41.17963263888889,-8.61655,0.6671116922317628,1,1.2497191661697247e-07,0.6671115672598462,4721.777764404024,0.4307675177967972,3,True,False,0,True,False,1,98,0.18888888888888888,18
4821,7685,41.17963263888889,-8.615471276595745,0.6587415053693875,1,1.107605249369657e-07,0.6587413946088625,4631.82115132577,0.42256078108477885,3,True,False,0,True,False,1,104,0.13333333333333333,24
4822,7686,41.17963263888889,-8.61439255319149,0.6579102247209332,1,4.942708499774715e-08,0.6579101752938482,4541.8814727245335,0.41435558930413885,3,True,False,0,True,False,1,109,0.07777777777777778,29
4823,7687,41.17963263888889,-8.613313829787234,0.6579102221156525,1,4.6821804271111765e-08,0.6579101752938482,4451.959754959407,0.4061520360895592,3,True,False,0,True,False,1,109,0.07777777777777778,29
4824,7688,41.17963263888889,-8.612235106382979,0.6499836485542781,1,5.41362671446249e-09,0.6499836431406514,4362.057108806605,0.39795022277709075,3,True,False,0,True,False,1,113,0.044444444444444446,33
4825,7689,41.17963263888889,-8.611156382978724,0.6356988749481112,1,5.21568581758298e-09,0.6356988697324254,4272.174738296469,0.3897502592103534,3,True,False,0,True,False,1,113,0.06666666666666667,33
4826,7690,41.17963263888889,-8.610077659574468,0.6730339257788474,1,3.7102381365874845e-08,0.673033888676466,4182.3139506784955,0.3815522646496447,3,True,False,0,True,False,1,107,0.07777777777777778,27
4827,7691,41.17963263888889,-8.608998936170213,0.6881576499189699,1,3.3557024167367326e-08,0.6881576163619457,4092.4761676903636,0.3733563688000124,3,True,False,0,True,False,1,107,0.05555555555555555,27
4828,7692,41.17963263888889,-8.607920212765958,0.6883314503882121,1,3.490700787600677e-08,0.6883314154812042,4002.662938328865,0.3651627129763461,3,True,False,0,False,False,0.55,106,0.06666666666666667,26
4829,7693,41.17963263888889,-8.606841489361702,0.7037989219342454,1,2.8425195684865244e-08,0.7037988935090498,3912.875953365683,0.3569714514276506,3,True,False,0,False,False,0.55,106,0.044444444444444446,26
4830,7694,41.17963263888889,-8.605762765957447,0.6579101985379042,1,2.3244056021132113e-08,0.6579101752938482,3823.117061886612,0.34878275284591803,3,True,False,0,True,False,1,109,0.07777777777777778,109
4831,7695,41.17963263888889,-8.604684042553192,0.622356389588351,1,2.95790255523603e-08,0.6223563600093255,3733.3882901947877,0.34059680209066867,3,True,False,0,True,False,1,109,0.13333333333333333,109
4832,7696,41.17963263888889,-8.603605319148937,0.5023873559110473,1,3.4486273345068843e-09,0.50238735246242,3643.69186347511,0.3324138021653948,3,True,True,1,True,False,1,121,0.2111111111111111,121
4833,7697,41.17963263888889,-8.602526595744681,0.5430216686116773,1,3.3253920721427735e-09,0.5430216652862853,3554.030230705081,0.32423397649017516,3,True,False,0,False,False,0.55,121,0.13333333333333333,121
4834,7698,41.17963263888889,-8.601447872340426,0.5076158577283463,1,0,0.5076158577283463,3464.406093386499,0.31605757152286557,3,True,False,0,False,False,0.55,124,0.16666666666666666,124
4835,7699,41.17963263888889,-8.60036914893617,0.6016492935138223,1,1.418294015733329e-07,0.6016491516844208,3374.82243880132,0.30788485979302965,3,True,False,0,False,False,0.55,111,0.14444444444444443,111
4836,7700,41.17963263888889,-8.599290425531915,0.6723546079058681,1,2.0820616183715348e-07,0.6723543996997062,3285.2825786358344,0.2997161434256199,3,True,False,0,True,False,1,111,0.03333333333333333,111
4837,7701,41.17963263888889,-8.59821170212766,0.6083717235518118,1,3.0452241219083413e-07,0.6083714190293996,3195.7901940115803,0.2915517582491456,3,True,False,0,True,False,1,111,0.13333333333333333,111
4838,7702,41.17963263888889,-8.597132978723405,0.5308194529414818,1,2.3794679038218424e-09,0.5308194505620139,3106.3493881857003,0.2833920786035233,3,True,False,0,False,False,0.55,123,0.13333333333333333,123
4839,7703,41.17963263888889,-8.59605425531915,0.5801640093222334,1,2.1599797306603367e-09,0.5801640071622537,3016.964748484756,0.2752375229902951,3,True,False,0,True,False,1,123,0.044444444444444446,123
4840,7704,41.17963263888889,-8.594975531914894,0.5302835400062827,1,0,0.5302835400062827,2927.6414193984033,0.26708856074096077,3,True,False,0,True,False,1,127,0.08888888888888889,127
4841,7705,41.17963263888889,-8.593896808510639,0.5605774427303164,1,0,0.5605774427303164,2838.3851892400126,0.25894571992302096,3,True,False,0,False,False,0.55,127,0.03333333333333333,127
4842,7706,41.17963263888889,-8.592818085106384,0.15120157265378656,1,0,0.15120157265378656,2749.202593378149,0.2508095967577794,2,True,False,0,True,False,1,124,1.3777777777777778,124
4843,7707,41.17963263888889,-8.591739361702128,0.15120157265378656,1,0,0.15120157265378656,2660.1010378320925,0.24268086689595533,2,True,False,0,True,False,1,124,1.3777777777777778,124
4844,7708,41.17963263888889,-8.590660638297873,0.15815307088313457,1,1.1557446107414785e-09,0.15815306972738996,2571.0889480304654,0.2345602989889242,2,True,False,0,True,False,1,122,1.3555555555555556,122
4845,7709,41.17963263888889,-8.589581914893618,0.15815307071999354,1,9.926035795963717e-10,0.15815306972738996,2482.1759488676753,0.2264487711152573,2,True,False,0,True,False,1,122,1.3555555555555556,122
4846,7710,41.17963263888889,-8.588503191489362,0.15120157265378656,1,0,0.15120157265378656,2393.373083934327,0.21834729078109952,2,True,False,0,True,False,1,124,1.3777777777777778,124
4847,7711,41.17963263888889,-8.587424468085107,0.12631968610723546,1,0,0.12631968610723546,2304.6930841317476,0.21025701942585728,1,True,True,1,True,False,1,132,1.4666666666666666,132
4848,7712,41.17963263888889,-8.586345744680852,0.12631968610723546,1,0,0.12631968610723546,2216.1506989891545,0.20217930264824505,1,True,False,0,True,False,1,132,1.4666666666666666,132
4849,7713,41.17963263888889,-8.585267021276596,0.12076740103413154,1,0,0.12076740103413154,2127.7631082242774,0.19411570775293743,1,True,False,0,True,False,1,134,1.488888888888889,134
4850,7714,41.17963263888889,-8.584188297872341,0.43339266640043067,1,0,0.43339266640043067,2039.5504368298725,0.18606807074188286,3,True,False,0,True,False,1,134,0.2111111111111111,134
4851,7715,41.17963263888889,-8.583109574468086,0.4326272449609093,1,0,0.4326272449609093,1951.5364048989056,0.17803855559781806,3,True,False,0,True,False,1,141,0.13333333333333333,141
4852,7716,41.17963263888889,-8.58203085106383,0.4326272449609093,1,0,0.4326272449609093,1863.7491544174195,0.17002972971253447,3,True,False,0,True,False,1,141,0.13333333333333333,141
4853,7717,41.17963263888889,-8.580952127659575,0.4328457987551819,1,0,0.4328457987551819,1776.2223107660466,0.16204466072760115,3,True,False,0,True,False,1,139,0.15555555555555556,139
4854,7718,41.17963263888889,-8.57987340425532,0.45251729619862413,1,0,0.45251729619862413,1688.9963587018315,0.15408704206510848,3,True,False,0,True,False,1,139,0.1111111111111111,139
4855,7719,41.17963263888889,-8.578794680851065,0.4524030385812035,1,0,0.4524030385812035,1602.1204442779838,0.14616135731670496,3,True,False,0,True,False,1,140,0.1,140
4856,7720,41.17963263888889,-8.57771595744681,0.4048280259687491,1,0,0.4048280259687491,1515.6547601956422,0.13827309785910352,3,True,False,0,False,False,0.55,140,0.2111111111111111,140
4857,7721,41.17963263888889,-8.576637234042552,0.49134632202508866,1,4.698592540375381e-10,0.4913463215552294,1429.673739752881,0.13042905423786824,3,True,False,0,True,False,1,121,0.23333333333333334,121
4858,7722,41.17963263888889,-8.575558510638297,0.16174776403603053,1,3.948406186424494e-10,0.1617477636411899,1344.2703850489766,0.12263771102924441,2,True,False,0,True,False,1,121,1.3444444444444446,121
4859,7723,41.17963263888889,-8.574479787234042,0.2073591362063068,1,0.00024700785034750117,0.2071121283559593,1259.5622057211929,0.11490978863077866,2,True,False,0,True,False,1,110,1.2222222222222223,110
4860,7724,41.17963263888889,-8.573401063829786,0.20740204547684868,1,0.000289917120889394,0.2071121283559593,1175.6994718286076,0.10725899617144274,2,True,False,0,True,False,1,110,1.2222222222222223,110
4861,7794,41.180447916666665,-8.649990425531914,0.38870818899233484,1,0.00010713128512374916,0.3886010577072111,7521.489332553677,0.6861850454599245,3,True,False,0,True,False,1,82,0.9111111111111111,21
4862,7795,41.180447916666665,-8.64891170212766,0.38870022119247427,1,9.916348526317047e-05,0.3886010577072111,7431.346846572419,0.6779613515735011,3,True,False,0,True,False,1,82,0.9111111111111111,21
4863,7796,41.180447916666665,-8.647832978723404,0.38869092599409927,1,8.986828688814921e-05,0.3886010577072111,7341.210263493235,0.6697381962084995,3,True,False,0,True,False,1,82,0.9111111111111111,21
4864,7797,41.180447916666665,-8.646754255319149,0.9670516783501856,1,7.979352159288083e-05,0.9669718848285926,7251.079803463554,0.6615155994489568,3,True,False,0,True,False,1,80,0.022222222222222223,19
4865,7798,41.180447916666665,-8.645675531914893,0.9670413499195522,1,6.946509095954816e-05,0.9669718848285926,7160.955697698173,0.653293582388586,3,True,False,0,True,False,1,80,0.022222222222222223,19
4866,7799,41.180447916666665,-8.644596808510638,0.9453024472942614,1,5.934296430897055e-05,0.9452431043299524,7070.838189183692,0.6450721671950409,3,True,False,0,True,False,1,82,0.022222222222222223,21
4867,7800,41.180447916666665,-8.643518085106383,0.9452928971086461,1,4.97927786936142e-05,0.9452431043299524,6980.727533435038,0.6368513771789337,3,True,False,0,True,False,1,82,0.022222222222222223,21
4868,7801,41.180447916666665,-8.642439361702127,0.9670129586177695,1,4.107378917684745e-05,0.9669718848285926,6890.623999313328,0.628631236868449,3,True,False,0,False,False,0.55,80,0.022222222222222223,19
4869,7802,41.180447916666665,-8.641360638297872,0.9667610718607278,1,3.3341022714805e-05,0.966727730838013,6800.527869906218,0.6204117720896575,3,True,False,0,False,False,0.55,81,0.011111111111111112,20
4870,7803,41.180447916666665,-8.640281914893617,0.9667543886027543,1,2.6657764741335113e-05,0.966727730838013,6710.4394434809265,0.6121930100534606,3,True,False,0,True,False,1,81,0.011111111111111112,20
4871,7804,41.180447916666665,-8.639203191489361,0.9558253845265936,1,2.101399105570035e-05,0.9558043705355379,6620.359034513297,0.6039749794494719,3,True,False,0,False,False,0.55,82,0.011111111111111112,21
4872,7805,41.180447916666665,-8.638124468085106,0.9452594511099227,1,1.634677997026922e-05,0.9452431043299524,6530.28697480163,0.5957577105476313,3,True,False,0,False,False,0.55,82,0.022222222222222223,21
4873,7806,41.180447916666665,-8.63704574468085,0.40647956330050145,1,1.2559703717561518e-05,0.4064670035967839,6440.223614674889,0.5875412353084303,3,True,False,0,True,False,1,80,0.8888888888888888,19
4874,7807,41.180447916666665,-8.635967021276596,0.40647654292450414,1,9.539327720221142e-06,0.4064670035967839,6350.169324301101,0.5793255875022771,3,True,False,0,True,False,1,80,0.8888888888888888,19
4875,7808,41.180447916666665,-8.63488829787234,0.4251615048835806,1,7.167971228771645e-06,0.4251543369123518,6260.124495110305,0.571110802839312,3,True,False,0,True,False,1,78,0.8666666666666667,17
4876,7821,41.180447916666665,-8.620864893617021,0.29014533040346496,1,1.1465555831427439e-07,0.29014521574790664,5090.631060212139,0.4644179830652498,2,True,False,0,True,False,1,95,1.0555555555555556,15
4877,7822,41.180447916666665,-8.619786170212766,0.27122742985415127,1,1.0694429772597292e-07,0.2712273229098535,5000.776434637938,0.4562205506674451,2,True,False,0,True,False,1,98,1.0888888888888888,18
4878,7823,41.180447916666665,-8.61870744680851,0.8058086524019056,1,9.853503356035069e-08,0.805808553866872,4910.941184367915,0.4480248858775424,3,True,False,0,False,False,0.55,98,0,18
4879,7824,41.180447916666665,-8.617628723404255,0.8058086435632515,1,8.969637950810843e-08,0.805808553866872,4821.1263925153935,0.43983108750790856,3,True,True,1,True,False,1,98,0,18
4880,7825,41.180447916666665,-8.61655,0.7538396114272035,1,8.068651809704209e-08,0.7538395307406853,4731.33322417947,0.4316392618504683,3,True,False,0,False,False,0.55,98,0.06666666666666667,18
4881,7826,41.180447916666665,-8.615471276595745,0.7041545090130574,1,7.174116609884673e-08,0.7041544372718913,4641.562934325383,0.4234495233956292,3,True,False,0,False,False,0.55,104,0.06666666666666667,24
4882,7827,41.180447916666665,-8.61439255319149,0.6726940899251284,1,3.1531103118174856e-08,0.6726940583940252,4551.816876585835,0.41526199563522587,3,True,False,0,False,False,0.55,109,0.05555555555555555,29
4883,7828,41.180447916666665,-8.613313829787234,0.6802101452782938,1,2.9911125267323855e-08,0.6802101153671686,4462.096513115645,0.40707681196155965,3,True,False,0,True,False,1,109,0.044444444444444446,29
4884,7829,41.180447916666665,-8.612235106382979,0.6499836465892828,1,3.4486313526034223e-09,0.6499836431406514,4372.403425644374,0.3988941166757286,3,True,False,0,True,False,1,113,0.044444444444444446,33
4885,7830,41.180447916666665,-8.611156382978724,0.6356988730578244,1,3.325398947327147e-09,0.6356988697324254,4282.739327904432,0.3907140661214435,3,True,False,0,True,False,1,113,0.06666666666666667,33
4886,7831,41.180447916666665,-8.610077659574468,0.6805537664400595,1,2.384333566549509e-08,0.6805537425967239,4193.106079632815,0.38253682996240496,3,True,False,0,True,False,1,107,0.06666666666666667,27
4887,7832,41.180447916666665,-8.608998936170213,0.7194322647187261,1,2.1619312846547657e-08,0.7194322430994132,4103.505702387747,0.37436259262525534,3,True,False,0,True,False,1,107,0.011111111111111112,27
4888,7833,41.180447916666665,-8.607920212765958,0.7276542601591977,1,2.326393081485319e-08,0.7276542368952669,4013.940397454425,0.36619155493311817,3,True,False,0,True,False,1,106,0.011111111111111112,26
4889,7834,41.180447916666665,-8.606841489361702,0.7116625059770657,1,1.9033166822695016e-08,0.7116624869438989,3924.412566172297,0.3580239359600553,3,True,False,0,False,False,0.55,106,0.03333333333333333,26
4890,7835,41.180447916666665,-8.605762765957447,0.6878101658233235,1,1.6061598908411273e-08,0.6878101497617246,3834.924833067683,0.34985997514145406,3,True,False,0,False,False,0.55,109,0.03333333333333333,109
4891,7836,41.180447916666665,-8.604684042553192,0.6223563838270512,1,2.3817725718098608e-08,0.6223563600093255,3745.480072256402,0.3416999346827378,3,True,False,0,True,False,1,109,0.13333333333333333,109
4892,7837,41.180447916666665,-8.603605319148937,0.5430216674830464,1,2.1967610900169546e-09,0.5430216652862853,3656.0814376604208,0.3335441023160287,3,True,False,0,False,False,0.55,121,0.13333333333333333,121
4893,7838,41.180447916666665,-8.602526595744681,0.6001317544794139,1,2.1200029546682366e-09,0.600131752359411,3566.732397698014,0.32539279446492936,3,True,False,0,False,False,0.10000000000000003,121,0.03333333333333333,121
4894,7839,41.180447916666665,-8.601447872340426,0.5190224809761174,1,0,0.5190224809761174,3477.436775229379,0.3172463598887589,3,True,False,0,False,False,0.10000000000000003,124,0.14444444444444443,124
4895,7840,41.180447916666665,-8.60036914893617,0.6016492634875523,1,1.1180313151239294e-07,0.6016491516844208,3388.1987937089534,0.30910518389302627,3,True,False,0,False,False,0.10000000000000003,111,0.14444444444444443,111
4896,7841,41.180447916666665,-8.599290425531915,0.6951440915691098,1,1.631702311422733e-07,0.6951439283988787,3299.0231306858545,0.3009696932102723,3,True,False,0,False,False,0.55,111,0,111
4897,7842,41.180447916666665,-8.59821170212766,0.6083716562353886,1,2.3720598893677481e-07,0.6083714190293996,3209.9149800484665,0.2928403616786398,3,True,False,0,True,False,1,111,0.13333333333333333,111
4898,7843,41.180447916666665,-8.597132978723405,0.5308194520902776,1,1.5282637550705508e-09,0.5308194505620139,3120.8801247077686,0.28471771687276964,3,True,False,0,False,False,0.55,123,0.13333333333333333,123
4899,7844,41.180447916666665,-8.59605425531915,0.5801640085524657,1,1.3902121067499402e-09,0.5801640071622537,3031.9250218067486,0.2766023478774507,3,True,False,0,True,False,1,123,0.044444444444444446,123
4900,7845,41.180447916666665,-8.594975531914894,0.14134300875833802,1,0,0.14134300875833802,2943.05690301898,0.268494914437853,2,True,False,0,True,False,1,127,1.4111111111111112,127
4901,7846,41.180447916666665,-8.593896808510639,0.14134300875833802,1,0,0.14134300875833802,2854.2838931207557,0.26039615777685726,2,True,False,0,True,False,1,127,1.4111111111111112,127
4902,7847,41.180447916666665,-8.592818085106384,0.15120157265378656,1,0,0.15120157265378656,2765.615150793424,0.25230691344044376,2,True,False,0,True,False,1,124,1.3777777777777778,124
4903,7854,41.180447916666665,-8.585267021276596,0.12076740103413154,1,0,0.12076740103413154,2148.935976939916,0.1960473073656999,1,True,False,0,True,False,1,134,1.488888888888889,134
4904,7855,41.180447916666665,-8.584188297872341,0.12076740103413154,1,0,0.12076740103413154,2061.630555773075,0.18808243874147926,1,True,False,0,True,False,1,134,1.488888888888889,134
4905,7856,41.180447916666665,-8.583109574468086,0.10318702906257739,1,0,0.10318702906257739,1974.6020551636118,0.18014283356401128,1,True,False,0,True,False,1,141,1.5666666666666667,141
4906,7857,41.180447916666665,-8.58203085106383,0.10318702906257739,1,0,0.10318702906257739,1887.8887722313357,0.17223198567736522,1,True,False,0,True,False,1,141,1.5666666666666667,141
4907,7858,41.180447916666665,-8.580952127659575,0.10793105597957768,1,0,0.10793105597957768,1801.536224651614,0.16435404765648473,1,True,False,0,True,False,1,139,1.5444444444444445,139
4908,7859,41.180447916666665,-8.57987340425532,0.10793105597957768,1,0,0.10793105597957768,1715.5988848063892,0.1565139890136867,1,True,False,0,True,False,1,139,1.5444444444444445,139
4909,7860,41.180447916666665,-8.578794680851065,0.10553238844127116,1,0,0.10553238844127116,1630.1424204083733,0.14871780061067955,1,True,False,0,True,False,1,140,1.5555555555555556,140
4910,7861,41.180447916666665,-8.57771595744681,0.10553238844127116,1,0,0.10553238844127116,1545.2466148075337,0.14097276107795836,1,True,False,0,True,False,1,140,1.5555555555555556,140
4911,7862,41.180447916666665,-8.576637234042552,0.1617477639501328,1,3.0894290043036327e-10,0.1617477636411899,1461.0092069754417,0.1332877871363593,2,True,False,0,True,False,1,121,1.3444444444444446,121
4912,7863,41.180447916666665,-8.575558510638297,0.16174776390166629,1,2.60476385840475e-10,0.1617477636411899,1377.55098552971,0.12567389832462042,2,True,False,0,True,False,1,121,1.3444444444444446,121
4913,7937,41.18126319444444,-8.647832978723404,0.3886589783865681,1,5.792067935698253e-05,0.3886010577072111,7348.454134038461,0.670399054107728,3,True,False,0,True,False,1,82,0.9111111111111111,21
4914,7938,41.18126319444444,-8.646754255319149,0.40651870389155653,1,5.170029477265849e-05,0.4064670035967839,7258.414752204935,0.6621847664068579,3,True,True,1,True,False,1,80,0.8888888888888888,19
4915,7939,41.18126319444444,-8.645675531914893,0.9147614903500607,1,4.5279729831031714e-05,0.9147162106202297,7168.38399302326,0.6539712653500274,3,True,False,0,True,False,1,80,0.07777777777777778,19
4916,7940,41.18126319444444,-8.644596808510638,0.9142932887757055,1,3.893939818312858e-05,0.9142543493775224,7078.362185526249,0.6457585809548814,3,True,False,0,True,False,1,82,0.05555555555555555,21
4917,7941,41.18126319444444,-8.643518085106383,0.9142872570161116,1,3.290763858920926e-05,0.9142543493775224,6988.349675666426,0.6375467447826489,3,True,False,0,True,False,1,82,0.05555555555555555,21
4918,7942,41.18126319444444,-8.642439361702127,0.9147435627044262,1,2.7352084196618185e-05,0.9147162106202297,6898.346827416531,0.6293357900385426,3,True,False,0,True,False,1,80,0.07777777777777778,19
4919,7943,41.18126319444444,-8.641360638297872,0.9145076300160601,1,2.2379175090801575e-05,0.9144852508409692,6808.354023954564,0.6211257516798695,3,True,False,0,False,False,0.55,81,0.06666666666666667,20
4920,7944,41.18126319444444,-8.640281914893617,0.9350526659695975,1,1.803992063616702e-05,0.9350346260489613,6718.3716689455505,0.6129166665329672,3,True,False,0,True,False,1,81,0.044444444444444446,20
4921,7945,41.18126319444444,-8.639203191489361,0.9348128755964128,1,1.4339591910644448e-05,0.9347985360045021,6628.400187925609,0.6047085734194715,3,True,False,0,True,False,1,82,0.03333333333333333,21
4922,7946,41.18126319444444,-8.638124468085106,0.3886123068266864,1,1.124911947530221e-05,0.3886010577072111,6538.44002979957,0.5965015132929445,3,True,False,0,False,False,0.55,82,0.9111111111111111,21
4923,7947,41.18126319444444,-8.63704574468085,0.4064757200013296,1,8.716404545711731e-06,0.4064670035967839,6448.491668464428,0.5882955293869826,3,True,True,1,True,False,1,80,0.8888888888888888,19
4924,7963,41.18126319444444,-8.619786170212766,0.27122739138898333,1,6.847912983568618e-08,0.2712273229098535,5011.440365915512,0.4571934205134227,2,True,False,0,True,False,1,98,1.0888888888888888,18
4925,7964,41.18126319444444,-8.61870744680851,0.27122738614348363,1,6.323363008722353e-08,0.2712273229098535,4921.8008891139725,0.4490156161259524,2,True,False,0,True,False,1,98,1.0888888888888888,18
4926,7965,41.18126319444444,-8.617628723404255,0.27122738061558926,1,5.770573575403679e-08,0.2712273229098535,4832.18907420455,0.440840335331332,2,True,False,0,True,False,1,98,1.0888888888888888,18
4927,7966,41.18126319444444,-8.61655,0.753839582794745,1,5.2054059596352435e-08,0.7538395307406853,4742.606489220388,0.4326677211811362,3,True,False,0,True,False,1,98,0.06666666666666667,18
4928,7967,41.18126319444444,-8.615471276595745,0.6963738512875751,1,4.642449524137224e-08,0.6963738048630799,4653.0548224169825,0.4244979276948183,3,True,False,0,True,False,1,104,0.07777777777777778,24
4929,7968,41.18126319444444,-8.61439255319149,0.657910195405947,1,2.0112098757696564e-08,0.6579101752938482,4563.535893959471,0.41633112092594055,3,True,False,0,True,False,1,109,0.07777777777777778,29
4930,7969,41.18126319444444,-8.613313829787234,0.680210134471452,1,1.9104283355842155e-08,0.6802101153671686,4474.051668995355,0.4081674801547981,3,True,False,0,True,False,1,109,0.044444444444444446,29
4931,7970,41.18126319444444,-8.612235106382979,0.6286746468923522,1,2.196763591631871e-09,0.6286746446955886,4384.60427230221,0.4000071992247288,3,True,False,0,True,False,1,113,0.07777777777777778,33
4932,7971,41.18126319444444,-8.611156382978724,0.6286746468155959,1,2.120007238946525e-09,0.6286746446955886,4295.19600473978,0.39185048804303657,3,True,False,0,True,False,1,113,0.07777777777777778,33
4933,7972,41.18126319444444,-8.610077659574468,0.6805537579117948,1,1.5315071043806722e-08,0.6805537425967239,4205.82936176474,0.38369757427009255,3,True,True,1,True,False,1,107,0.06666666666666667,27
4934,7973,41.18126319444444,-8.608998936170213,0.6582425510027003,1,1.3919862320352126e-08,0.658242537082838,4116.507054319144,0.37554870522498657,3,True,False,0,True,False,1,107,0.1,27
4935,7974,41.18126319444444,-8.607920212765958,0.6732038836604838,1,1.5470165361347536e-08,0.6732038681903184,4027.232032447998,0.3674041500401573,3,True,False,0,True,False,1,106,0.08888888888888889,26
4936,7975,41.18126319444444,-8.606841489361702,0.6732038809042525,1,1.2713934092754076e-08,0.6732038681903184,3938.007512073094,0.35926420210396753,3,True,False,0,False,False,0.55,106,0.08888888888888889,26
4937,7976,41.18126319444444,-8.605762765957447,0.6293100032989064,1,1.2882028840716032e-08,0.6293099904168775,3848.837005417749,0.35112918183635144,3,True,False,0,True,False,1,109,0.12222222222222222,109
4938,7977,41.18126319444444,-8.604684042553192,0.6223563790188024,1,1.9009476891912245e-08,0.6223563600093255,3759.7243556769945,0.3429994398517739,3,True,False,0,True,False,1,109,0.13333333333333333,109
4939,7978,41.18126319444444,-8.603605319148937,0.5430216666855469,1,1.3992616360666818e-09,0.5430216652862853,3670.673776630048,0.334875360573074,3,True,False,0,False,False,0.55,121,0.13333333333333333,121
4940,7979,41.18126319444444,-8.602526595744681,0.5869425816631991,1,1.3514310502255476e-09,0.586942580311768,3581.6898980345577,0.3267573663727796,3,True,False,0,False,False,0.10000000000000003,121,0.05555555555555555,121
4941,7980,41.18126319444444,-8.601447872340426,0.5190224809761174,1,0,0.5190224809761174,3492.7778177974574,0.3186459223326513,3,True,False,0,False,False,0.10000000000000003,124,0.14444444444444443,124
4942,7981,41.18126319444444,-8.60036914893617,0.6016492390202143,1,8.733579344492179e-08,0.6016491516844208,3403.9431621258755,0.3105415417312465,3,True,False,0,False,False,0.55,111,0.14444444444444443,111
4943,7982,41.18126319444444,-8.599290425531915,0.6503121273331084,1,1.2671363873338414e-07,0.6503120006194697,3315.192155099271,0.30244479239098143,3,True,False,0,False,False,0.55,111,0.06666666666666667,111
4944,7983,41.18126319444444,-8.59821170212766,0.6083716021162169,1,1.8308681721772476e-07,0.6083714190293996,3226.531699415967,0.29435630404463287,3,True,True,1,True,False,1,111,0.13333333333333333,111
4945,7984,41.18126319444444,-8.597132978723405,0.15463826553042045,1,9.811656298428764e-10,0.15463826454925483,3137.9694704352905,0.2862767769147971,2,True,False,0,True,False,1,123,1.3666666666666667,123
4946,7985,41.18126319444444,-8.59605425531915,0.15463826544358952,1,8.943346868387746e-10,0.15463826454925483,3049.514026113598,0.27820699174334745,2,True,False,0,True,False,1,123,1.3666666666666667,123
4947,7986,41.18126319444444,-8.594975531914894,0.14134300875833802,1,0,0.14134300875833802,2961.174936010614,0.2701478215606751,2,True,False,0,True,False,1,127,1.4111111111111112,127
4948,7996,41.18126319444444,-8.584188297872341,0.12076740103413154,1,0,0.12076740103413154,2087.4262925038047,0.1904357823412153,1,True,False,0,True,False,1,134,1.488888888888889,134
4949,8079,41.18207847222222,-8.646754255319149,0.36329714577211825,1,3.3445937616368555e-05,0.36326369983450185,7266.8758432594195,0.662956671264149,2,True,False,0,True,False,1,85,0.9444444444444444,24
4950,8080,41.18207847222222,-8.645675531914893,0.36329315479275204,1,2.945495825021344e-05,0.36326369983450185,7176.952350833568,0.654752956147372,2,True,False,0,True,False,1,85,0.9444444444444444,24
4951,8081,41.18207847222222,-8.644596808510638,0.8447988732965132,1,2.5486321724722607e-05,0.8447733869747884,7087.040508505489,0.6465503038683543,3,True,False,0,True,False,1,87,0.07777777777777778,26
4952,8082,41.18207847222222,-8.643518085106383,0.8447950689852235,1,2.1682010435027835e-05,0.8447733869747884,6997.1407653932,0.6383487554001074,3,True,False,0,False,False,0.55,87,0.07777777777777778,26
4953,8083,41.18207847222222,-8.642439361702127,0.8447915363787556,1,1.8149403967197365e-05,0.8447733869747884,6907.2535939346135,0.6301483538431151,3,True,False,0,False,False,0.55,87,0.07777777777777778,26
4954,8084,41.18207847222222,-8.641360638297872,0.903710627557007,1,1.4960054678099116e-05,0.903695667502329,6817.379491415449,0.6219491445647254,3,True,False,0,False,False,0.55,84,0.044444444444444446,23
4955,8085,41.18207847222222,-8.640281914893617,0.37153254798455787,1,1.2152196253712659e-05,0.37152039578830415,6727.518981620692,0.6137511753498129,3,True,False,0,True,False,1,84,0.9333333333333333,23
4956,8086,41.18207847222222,-8.639203191489361,0.36327343560341907,1,9.73576891720436e-06,0.36326369983450185,6637.672616617639,0.6055544965634458,2,True,False,0,False,False,0.55,85,0.9444444444444444,24
4957,8087,41.18207847222222,-8.638124468085106,0.36327139856093477,1,7.698726432920175e-06,0.36326369983450185,6547.840978684488,0.5973591613268312,2,True,False,0,True,False,1,85,0.9444444444444444,24
4958,8106,41.18207847222222,-8.617628723404255,0.2773921420728487,1,3.710343166969859e-08,0.277392104969417,4844.926853582725,0.44200240222197323,2,True,False,0,True,False,1,97,1.0777777777777777,17
4959,8107,41.18207847222222,-8.61655,0.7540299518545898,1,3.3558219424691205e-08,0.7540299182963703,4755.585343207902,0.43385178129472235,3,True,False,0,True,False,1,97,0.07777777777777778,17
4960,8108,41.18207847222222,-8.615471276595745,0.7123817311350716,1,3.001592878893659e-08,0.7123817011191429,4666.2838854075135,0.42570481436156676,3,True,False,0,True,False,1,102,0.07777777777777778,22
4961,8109,41.18207847222222,-8.61439255319149,0.7037989200652179,1,2.6556168140785333e-08,0.7037988935090498,4577.024824570422,0.4175617153009696,3,True,False,0,True,False,1,106,0.044444444444444446,26
4962,8110,41.18207847222222,-8.613313829787234,0.6807256445488709,1,2.3245497156095077e-08,0.6807256213033737,4487.810690439517,0.4094227149012311,3,True,False,0,True,False,1,106,0.07777777777777778,26
4963,8111,41.18207847222222,-8.612235106382979,0.6805537540733801,1,1.1476656345694568e-08,0.6805537425967239,4398.644216665365,0.40128806255313765,3,True,False,0,True,False,1,107,0.06666666666666667,27
4964,8112,41.18207847222222,-8.611156382978724,0.6805537532767391,1,1.0680015191552145e-08,0.6805537425967239,4309.528361619092,0.3931580281487193,3,True,False,0,True,False,1,107,0.06666666666666667,27
4965,8113,41.18207847222222,-8.610077659574468,0.6807256359617773,1,1.4658403549450021e-08,0.6807256213033737,4220.46633178458,0.3850329042153189,3,True,False,0,True,False,1,106,0.07777777777777778,26
4966,8114,41.18207847222222,-8.608998936170213,0.6732038805153595,1,1.2325041044495161e-08,0.6732038681903184,4131.46160811234,0.37691300831985425,3,True,False,0,True,False,1,106,0.08888888888888889,26
4967,8115,41.18207847222222,-8.607920212765958,0.7291257415784443,1,1.0266253534152682e-08,0.7291257313121908,4042.5179757730734,0.36879868578323377,3,True,False,0,True,False,1,98,0.1,18
4968,8116,41.18207847222222,-8.606841489361702,0.6821022230826335,1,8.47379227579772e-09,0.6821022146088412,3953.639557833732,0.3606903127526219,3,True,False,0,False,False,0.55,98,0.16666666666666666,98
4969,8117,41.18207847222222,-8.605762765957447,0.575204124918241,1,9.811752950864488e-10,0.5752041239370658,3864.830853461915,0.35258829968682365,3,True,False,0,False,False,0.55,113,0.16666666666666666,113
4970,8118,41.18207847222222,-8.604684042553192,0.6217280355420977,1,9.311770152195292e-10,0.6217280346109206,3776.0967813825314,0.3444930953208336,3,True,False,0,True,False,1,113,0.08888888888888889,113
4971,8119,41.18207847222222,-8.603605319148937,0.5430216661775278,1,8.912425110488871e-10,0.5430216652862853,3687.442729434449,0.33640519118688633,3,True,False,0,True,False,1,121,0.13333333333333333,121
4972,8120,41.18207847222222,-8.602526595744681,0.5869425811731931,1,8.614250145604056e-10,0.586942580311768,3598.87461124296,0.3283251267846819,3,True,False,0,False,False,0.55,121,0.05555555555555555,121
4973,8121,41.18207847222222,-8.601447872340426,0.6008899739361623,1,8.912425110488871e-10,0.6008899730449198,3510.3989312092926,0.32025349551037585,3,True,False,0,False,False,0.55,116,0.08888888888888889,116
4974,8122,41.18207847222222,-8.60036914893617,0.6007382531716265,1,8.614250145604056e-10,0.6007382523102015,3422.022859262633,0.3121909514762013,3,True,False,0,True,False,1,117,0.07777777777777778,117
4975,8123,41.18207847222222,-8.599290425531915,0.6074503429384495,1,8.246164395163607e-10,0.607450342113833,3333.754317100094,0.30413821737813684,3,True,False,0,True,False,1,117,0.06666666666666667,117
4976,8124,41.18207847222222,-8.59821170212766,0.6074503428956868,1,7.818538553832312e-10,0.607450342113833,3245.602078002051,0.2960960936020538,3,True,False,0,True,False,1,117,0.06666666666666667,117
4977,8125,41.18207847222222,-8.597132978723405,0.15463826517893908,1,6.296842599441176e-10,0.15463826454925483,3157.5758827376726,0.28806546879777134,2,True,False,0,True,False,1,123,1.3666666666666667,123
4978,8221,41.18289375,-8.645675531914893,0.3632828263193645,1,1.9126484862628325e-05,0.36326369983450185,7186.656693380122,0.6556382827678121,2,True,False,0,True,False,1,85,0.9444444444444444,24
4979,8222,41.18289375,-8.644596808510638,0.34731336579758676,1,1.664371886693817e-05,0.3472967220787198,7096.868923458225,0.6474469496073775,2,True,False,0,True,False,1,87,0.9666666666666667,26
4980,8223,41.18289375,-8.643518085106383,0.3473109690895777,1,1.424701085789631e-05,0.3472967220787198,7007.09640293882,0.6392570076490678,2,True,False,0,False,False,0.55,87,0.9666666666666667,26
4981,8224,41.18289375,-8.642439361702127,0.8542241027646069,1,1.2004645177174544e-05,0.8542120981194298,6917.339725551779,0.6310685110588257,3,True,False,0,False,False,0.55,87,0.06666666666666667,26
4982,8225,41.18289375,-8.641360638297872,0.3715303597618528,1,9.963973548614096e-06,0.37152039578830415,6827.599516139717,0.6228815168410073,3,True,False,0,True,False,1,84,0.9333333333333333,23
4983,8226,41.18289375,-8.640281914893617,0.3715285481896611,1,8.152401356956797e-06,0.37152039578830415,6737.876432716259,0.6146960850261586,3,True,False,0,False,False,0.55,84,0.9333333333333333,23
4984,8247,41.18289375,-8.617628723404255,0.27739212881341063,1,2.3843993625584332e-08,0.277392104969417,4859.326557839395,0.44331608642507475,2,True,False,0,True,False,1,97,1.0777777777777777,17
4985,8248,41.18289375,-8.61655,0.27739212658948076,1,2.162006371696572e-08,0.277392104969417,4770.2558645254185,0.43519017212293387,2,True,False,0,True,False,1,97,1.0777777777777777,17
4986,8249,41.18289375,-8.615471276595745,0.6590741957030448,1,1.939142765787451e-08,0.6590741763116171,4681.235395671765,0.42706883979546134,3,True,True,1,True,False,1,102,0.15555555555555556,22
4987,8250,41.18289375,-8.61439255319149,0.6584087981429744,1,1.7207734700660184e-08,0.6584087809352397,4592.268072075405,0.41895235590679925,3,True,False,0,True,False,1,106,0.1111111111111111,26
4988,8251,41.18289375,-8.613313829787234,0.6960222048313316,1,1.5110925018414676e-08,0.6960221897204065,4503.3570435295605,0.41084100781240457,3,True,False,0,True,False,1,106,0.05555555555555555,26
4989,8252,41.18289375,-8.612235106382979,0.6805537499350096,1,7.338285715179117e-09,0.6805537425967239,4414.505711506611,0.40273510582840977,3,True,False,0,True,False,1,107,0.06666666666666667,27
4990,8253,41.18289375,-8.611156382978724,0.6582425439234452,1,6.8406071906588615e-09,0.658242537082838,4325.717754567307,0.39463498554970355,3,True,False,0,True,False,1,107,0.1,27
4991,8254,41.18289375,-8.610077659574468,0.6732038778222303,1,9.631911977764381e-09,0.6732038681903184,4236.99715687741,0.38654101045150263,3,True,False,0,False,False,0.55,106,0.08888888888888889,26
4992,8255,41.18289375,-8.608998936170213,0.673203876320728,1,8.13040958314452e-09,0.6732038681903184,4148.34824028417,0.37845357481568653,3,True,False,0,True,False,1,106,0.08888888888888889,26
4993,8256,41.18289375,-8.607920212765958,0.7210691826251534,1,6.799746431399573e-09,0.721069175825407,4059.775700471074,0.37037310702919357,3,True,False,0,True,False,1,98,0.1111111111111111,18
4994,8257,41.18289375,-8.606841489361702,0.6821022204789131,1,5.8700718269651106e-09,0.6821022146088412,3971.284647806173,0.3623000733106114,3,True,False,0,True,False,1,98,0.16666666666666666,98
4995,8258,41.18289375,-8.605762765957447,0.5752041245667561,1,6.296903329774273e-10,0.5752041239370658,3882.880653596334,0.3542349819299498,3,True,False,0,False,False,0.55,113,0.16666666666666666,113
4996,8259,41.18289375,-8.604684042553192,0.6217280352034459,1,5.925252491484171e-10,0.6217280346109206,3794.569802594125,0.3461783879988405,3,True,False,0,False,False,0.55,113,0.08888888888888889,113
4997,8260,41.18289375,-8.603605319148937,0.5614274468391365,1,5.676425509563182e-10,0.5614274462714939,3706.3587527467926,0.3381308989214334,3,True,False,0,True,False,1,121,0.1,121
4998,8261,41.18289375,-8.602526595744681,0.5869425808608149,1,5.490468043436573e-10,0.586942580311768,3618.254803366804,0.3300931806135912,3,True,False,0,False,False,0.55,121,0.05555555555555555,121
4999,8262,41.18289375,-8.601447872340426,0.5942503733332305,1,5.676425509563182e-10,0.5942503727655879,3530.265973114355,0.32206596461722903,3,True,False,0,True,False,1,116,0.1,116
5000,8263,41.18289375,-8.60036914893617,0.5941003290349711,1,5.490468043436573e-10,0.5941003284859243,3442.4010894559556,0.31405005626161625,3,True,False,0,True,False,1,117,0.08888888888888889,117
5001,8264,41.18289375,-8.599290425531915,0.6007382528362719,1,5.260704508800739e-10,0.6007382523102015,3354.669891577234,0.30604634405210557,3,True,False,0,True,False,1,117,0.07777777777777778,117
5002,8265,41.18289375,-8.59821170212766,0.6007382528095493,1,4.993477682207962e-10,0.6007382523102015,3267.0831491292365,0.2980558105033515,3,True,False,0,True,False,1,117,0.07777777777777778,117
5003,8266,41.18289375,-8.597132978723405,0.15463826495322558,1,4.0397073479573164e-10,0.15463826454925483,3179.6527996596055,0.2900795446771488,2,True,False,0,True,False,1,123,1.3666666666666667,123
5004,8364,41.18370902777777,-8.643518085106383,0.3974429906607834,1,9.338939152083776e-06,0.39743365172163136,7018.211632420197,0.6402710494045969,3,True,True,1,True,False,1,81,0.9,20
5005,8365,41.18370902777777,-8.642439361702127,0.3246525839389128,1,1.1658056306174633e-07,0.32465246735834974,6928.600071778487,0.6320957918068055,2,True,False,0,True,False,1,90,1.0,29
5006,8366,41.18370902777777,-8.641360638297872,0.3103826241485835,1,7.3892122663230154e-09,0.31038261675937123,6839.008742789787,0.6239223799415714,2,True,False,0,True,False,1,92,1.0222222222222221,31
5007,8389,41.18370902777777,-8.61655,0.3395783887092053,1,1.3920334011949225e-08,0.3395783747888713,4786.602498757349,0.4366814746373185,2,True,False,0,True,False,1,88,0.9777777777777777,8
5008,8390,41.18370902777777,-8.615471276595745,0.283697020156961,1,1.2518322924732694e-08,0.2836970076386381,4697.89290766038,0.4285885036699664,2,True,False,0,True,False,1,96,1.0666666666666667,16
5009,8391,41.18370902777777,-8.61439255319149,0.25354291552094604,1,1.1140394651024814e-08,0.2535429043805514,4609.248231399886,0.4205014548794664,2,True,False,0,True,False,1,101,1.1222222222222222,21
5010,8392,41.18370902777777,-8.613313829787234,0.7285735823243321,1,9.812939187905945e-09,0.7285735725113929,4520.672288685735,0.41242067664650306,3,True,False,0,True,False,1,101,0.06666666666666667,21
5011,8393,41.18370902777777,-8.612235106382979,0.6960221982776333,1,8.557226831539389e-09,0.6960221897204065,4432.169200408759,0.40434654491971356,3,True,False,0,True,False,1,106,0.05555555555555555,26
5012,8394,41.18370902777777,-8.611156382978724,0.6732038755795307,1,7.3892122663230154e-09,0.6732038681903184,4343.743419778586,0.3962794659651598,3,True,False,0,True,False,1,106,0.08888888888888889,26
5013,8395,41.18370902777777,-8.610077659574468,0.7291257376318543,1,6.319663428914564e-09,0.7291257313121908,4255.399766092644,0.3882198794470729,3,True,False,0,True,False,1,98,0.1,18
5014,8396,41.18370902777777,-8.608998936170213,0.7210691811799591,1,5.354552108035859e-09,0.721069175825407,4167.143462654686,0.3801682618871582,3,True,False,0,True,False,1,98,0.1111111111111111,18
5015,8397,41.18370902777777,-8.607920212765958,0.6436137110266998,1,3.3544799615165492e-09,0.6436137076722199,4078.980179436383,0.3721251305566099,3,True,False,0,True,False,1,108,0.1111111111111111,108
5016,8398,41.18370902777777,-8.606841489361702,0.6436137123846373,1,4.712417377927878e-09,0.6436137076722199,3990.916081182707,0.36409104786476226,3,True,False,0,True,False,1,108,0.1111111111111111,108
5017,8399,41.18370902777777,-8.605762765957447,0.5882780640595953,1,6.324891041161252e-09,0.5882780577347042,3902.957881770749,0.3560666263182418,3,True,False,0,False,False,0.55,112,0.15555555555555556,112
5018,8400,41.18370902777777,-8.604684042553192,0.6218850656596482,1,9.194628116397672e-09,0.62188505646502,3815.112905779411,0.34805253413796655,3,True,True,1,True,False,1,112,0.1,112
5019,8401,41.18370902777777,-8.603605319148937,0.6005865702592403,1,3.7527755377451356e-10,0.6005865698839628,3727.3891583854734,0.34004950163576037,3,True,False,0,True,False,1,118,0.06666666666666667,118
5020,8402,41.18370902777777,-8.602526595744681,0.5939503224615036,1,3.7005693528251e-10,0.5939503220914466,3639.795404908753,0.33205832847125333,3,True,False,0,True,False,1,118,0.07777777777777778,118
5021,8403,41.18370902777777,-8.601447872340426,0.14784125804578208,1,0,0.14784125804578208,3552.341261559451,0.32407989193075704,2,True,False,0,True,False,1,125,1.3888888888888888,125
5022,8404,41.18370902777777,-8.60036914893617,0.20711216793442816,1,3.9578468869628354e-08,0.2071121283559593,3465.0372992360185,0.31611515639673793,2,True,False,0,True,False,1,110,1.2222222222222223,110
5023,8405,41.18370902777777,-8.599290425531915,0.20711218477368062,1,5.641772131929786e-08,0.2071121283559593,3377.8951625597215,0.308165184207334,2,True,False,0,True,False,1,110,1.2222222222222223,110
5024,8406,41.18370902777777,-8.59821170212766,0.20711220839918282,1,8.004322353536113e-08,0.2071121283559593,3290.9277067589524,0.3002311481443029,2,True,False,0,True,False,1,110,1.2222222222222223,110
5025,8407,41.18370902777777,-8.597132978723405,0.16542416239853608,1,3.002440272757717e-10,0.16542416209829205,3204.149155515764,0.292314345833352,2,True,False,0,True,False,1,120,1.3333333333333333,120
5026,8532,41.184524305555556,-8.61439255319149,0.25354291158702114,1,7.206469759504953e-09,0.2535429043805514,4627.946184142136,0.42220726804826497,2,True,False,0,True,False,1,101,1.1222222222222222,21
5027,8533,41.184524305555556,-8.613313829787234,0.25354291074694507,1,6.366393680010592e-09,0.2535429043805514,4539.736185482267,0.41415987487063055,2,True,False,0,True,False,1,101,1.1222222222222222,21
5028,8534,41.184524305555556,-8.612235106382979,0.2265938808333609,1,5.569058373528207e-09,0.22659387526430252,4451.613233108718,0.4061204229207631,2,True,False,0,True,False,1,106,1.1777777777777778,26
5029,8535,41.184524305555556,-8.611156382978724,0.22659388008907883,1,4.824776289691779e-09,0.22659387526430252,4363.582600762199,0.3980893933217284,2,True,False,0,True,False,1,106,1.1777777777777778,26
5030,8536,41.184524305555556,-8.610077659574468,0.27122732705054825,1,4.140694712643805e-09,0.2712273229098535,4275.649990744312,0.3900673062941785,2,True,False,0,True,False,1,98,1.0888888888888888,18
5031,8537,41.184524305555556,-8.608998936170213,0.2712273264308571,1,3.5210035873754335e-09,0.2712273229098535,4187.821577662949,0.38205472514724137,2,True,False,0,True,False,1,98,1.0888888888888888,18
5032,8538,41.184524305555556,-8.607920212765958,0.2166341175382617,1,2.5461523459549928e-09,0.21663411499210936,4100.104057551377,0.3740522607596525,2,True,False,0,True,False,1,108,1.2,108
5033,8539,41.184524305555556,-8.606841489361702,0.6879838648785567,1,3.75274419575591e-09,0.6879838611258124,4012.5047031368504,0.3660605766219069,3,True,False,0,True,False,1,108,0.044444444444444446,108
5034,8540,41.184524305555556,-8.605762765957447,0.6574119521539717,1,4.913012647166946e-09,0.6574119472409591,3925.0314261525,0.3580803945209697,3,True,False,0,True,False,1,112,0.044444444444444446,112
5035,8541,41.184524305555556,-8.604684042553192,0.6429639281525253,1,7.106227947847476e-09,0.6429639210462974,3837.6928477440924,0.35011250096348046,3,True,False,0,True,False,1,112,0.06666666666666667,112
5036,8542,41.184524305555556,-8.603605319148937,0.6005865701227816,1,2.388188622723205e-10,0.6005865698839628,3750.498378192134,0.3421577544487964,3,True,False,0,True,False,1,118,0.06666666666666667,118
5037,8543,41.184524305555556,-8.602526595744681,0.17302954340593416,1,2.3556387651902575e-10,0.17302954317037028,3663.4583073887125,0.3342170937231894,2,True,False,0,True,False,1,118,1.3111111111111111,118
5038,8544,41.184524305555556,-8.601447872340426,0.14784125804578208,1,0,0.14784125804578208,3576.583907751086,0.326291547168647,2,True,False,0,True,False,1,125,1.3888888888888888,125
5039,8676,41.18533958333333,-8.611156382978724,0.22659387841098935,1,3.1466868256759636e-09,0.22659387526430252,4385.210683945772,0.4000625221245971,2,True,False,0,False,False,0.55,106,1.1777777777777778,26
5040,8679,41.18533958333333,-8.607920212765958,0.21663411701326366,1,2.021154305247054e-09,0.21663411499210936,4123.117834076228,0.37615180628749917,2,True,False,0,True,False,1,108,1.2,108
5041,8680,41.18533958333333,-8.606841489361702,0.21663411795749135,1,2.9653820072406123e-09,0.21663411499210936,4036.019106849925,0.3682057943397576,2,True,False,0,True,False,1,108,1.2,108
5042,8681,41.18533958333333,-8.605762765957447,0.1980086771396435,1,3.788736663028652e-09,0.19800867335090686,3949.067811306422,0.3602732325760808,2,True,False,0,True,False,1,112,1.2444444444444445,112
5043,8682,41.18533958333333,-8.604684042553192,0.19800867880338954,1,5.4524826855494606e-09,0.19800867335090686,3862.2739048522526,0.3523550294101025,2,True,False,0,True,False,1,112,1.2444444444444445,112
5044,8683,41.18533958333333,-8.603605319148937,0.17302954332234907,1,1.5197879776637911e-10,0.17302954317037028,3775.648241610756,0.3444521750628796,2,True,False,0,True,False,1,118,1.3111111111111111,118
5045,8684,41.18533958333333,-8.602526595744681,0.1730295433203188,1,1.499485340249627e-10,0.17302954317037028,3689.202673102588,0.3365657507479698,2,True,False,0,True,False,1,118,1.3111111111111111,118
