id,id,lat,lon,risk,risk_all_pois,risk_river,river_dist,river_dist_normalized,RL,inside,has_edu,edu_type,is_road,is_river,urban_prob
0,787,41.13857727223259,-8.594406208512977,0.39279794649224403,17584.787610036783,0,None,None,3,True,False,0,False,True,0
1,788,41.13857727223259,-8.593209280013083,0.41052830401018525,18378.195677544503,0,None,None,3,True,False,0,True,True,0
2,906,41.13948364605137,-8.618344778510867,0.047178515358518906,2118.813803730359,0,None,None,1,True,False,0,False,True,0
3,907,41.13948364605137,-8.617147850010973,0.029027887288946154,1306.599231849391,0,None,None,1,True,False,0,True,True,0
4,908,41.13948364605137,-8.615950921511077,0.018722819168292437,845.462214455921,0,None,None,1,True,False,0,False,True,0
5,909,41.13948364605137,-8.614753993011183,0.03854555580706786,1732.5012464309257,0,None,None,1,True,False,0,False,True,0
6,910,41.13948364605137,-8.613557064511289,0.061023308485002634,2738.348437953749,0,None,None,1,True,False,0,False,False,0
7,911,41.13948364605137,-8.612360136011395,0.08125614149579244,3643.738694357399,0,None,None,1,True,False,0,False,False,0
8,912,41.13948364605137,-8.611163207511499,0.09834619422660007,4408.494041057797,0,None,None,1,True,False,0,False,True,0
9,925,41.13948364605137,-8.595603137012871,0.348616400518216,15607.726799205066,0,None,None,2,True,False,0,False,False,0
10,926,41.13948364605137,-8.594406208512977,0.3640842150933005,16299.88931528334,0,None,None,2,True,False,0,True,False,0
11,927,41.13948364605137,-8.593209280013083,0.3801142933119536,17017.2123229322,0,None,None,3,True,False,0,False,False,0
12,928,41.13948364605137,-8.592012351513189,0.3974302486889802,17792.07648902894,0,None,None,3,True,False,0,False,False,0
13,929,41.13948364605137,-8.590815423013293,0.41654278450055,18647.335052658316,0,None,None,3,True,False,0,False,False,0
14,930,41.13948364605137,-8.589618494513399,0.43767222485392265,19592.847201599783,0,None,None,3,True,False,0,False,True,0
15,1044,41.140390019870146,-8.619541707010761,0.05236236044694538,2350.783436023787,0,None,None,1,True,False,0,False,True,0
16,1045,41.140390019870146,-8.618344778510867,0.026906674744543575,1211.6780130344523,0,None,None,1,True,False,0,True,False,0
17,1046,41.140390019870146,-8.617147850010973,0.010914824042604876,496.06563192717726,0,None,None,1,True,False,0,True,False,0
18,1047,41.140390019870146,-8.615950921511077,0.00444294007768402,206.45810740060418,0,None,None,1,True,False,0,True,True,0
19,1048,41.140390019870146,-8.614753993011183,0.024373294165410238,1098.3128658557862,0,None,None,1,True,False,0,True,False,0
20,1049,41.140390019870146,-8.613557064511289,0.0436933423318826,1962.8573097230894,0,None,None,1,True,False,0,True,False,0
21,1050,41.140390019870146,-8.612360136011395,0.06436769814712921,2888.0050783308893,0,None,None,1,True,False,0,False,False,0
22,1051,41.140390019870146,-8.611163207511499,0.07932471038329465,3557.3099224084676,0,None,None,1,True,False,0,False,False,0
23,1052,41.140390019870146,-8.609966279011605,0.08778556960082694,3935.9212366160036,0,None,None,1,True,False,0,True,False,0
24,1053,41.140390019870146,-8.60876935051171,0.09704655002879238,4350.336827341897,0,None,None,1,True,False,0,True,True,0
25,1054,41.140390019870146,-8.607572422011817,0.11336284703290994,5080.467715104285,0,None,None,1,True,False,0,True,True,0
26,1062,41.140390019870146,-8.59799699401266,0.29393772016358527,13160.934281336116,0,None,None,2,True,False,0,True,True,0
27,1063,41.140390019870146,-8.596800065512767,0.308385345461872,13807.444790579384,0,None,None,2,True,False,0,True,False,0
28,1064,41.140390019870146,-8.595603137012871,0.3215612547197473,14397.047831091664,0,None,None,2,True,False,0,True,False,0
29,1065,41.140390019870146,-8.594406208512977,0.3344824205297927,14975.251467703127,0,None,None,2,True,False,0,False,False,0
30,1066,41.140390019870146,-8.593209280013083,0.3483100511352243,15594.018103726381,0,None,None,2,True,False,0,True,False,0
31,1067,41.140390019870146,-8.592012351513189,0.3640818852074102,16299.785056231603,0,None,None,2,True,False,0,True,False,0
32,1068,41.140390019870146,-8.590815423013293,0.3824575296113559,17122.06878632508,0,None,None,3,True,False,0,True,False,0
33,1069,41.140390019870146,-8.589618494513399,0.40360833537531376,18068.5370067449,0,None,None,3,True,False,0,True,False,0
34,1070,41.140390019870146,-8.588421566013505,0.4272883535145305,19128.18385319864,0,None,None,3,True,False,0,True,True,0
35,1182,41.141296393688926,-8.620738635510655,0.06686201301048675,2999.622090762237,0,None,None,1,True,False,0,True,False,0
36,1183,41.141296393688926,-8.619541707010761,0.044859873966100534,2015.0579271474662,0,None,None,1,True,False,0,False,False,0
37,1184,41.141296393688926,-8.618344778510867,0.01980391399968295,893.8396574994796,0,None,None,1,True,False,0,True,False,0
38,1185,41.141296393688926,-8.617147850010973,0.003883286076880583,181.4143936006368,0,None,None,1,True,False,0,True,False,0
39,1186,41.141296393688926,-8.615950921511077,0.008148447986376775,372.2742713440303,0,None,None,1,True,False,0,True,False,0
40,1187,41.141296393688926,-8.614753993011183,0.00846150782425684,386.28325005387103,0,None,None,1,True,False,0,True,False,0
41,1188,41.141296393688926,-8.613557064511289,0.028994630238453445,1305.1110265418708,0,None,None,1,True,False,0,True,False,0
42,1189,41.141296393688926,-8.612360136011395,0.05308531207953214,2383.134484621188,0,None,None,1,True,False,0,True,False,0
43,1190,41.141296393688926,-8.611163207511499,0.06270367041950364,2813.5422243067264,0,None,None,1,True,False,0,True,False,0
44,1191,41.141296393688926,-8.609966279011605,0.05924504709657279,2658.773791458885,0,None,None,1,True,False,0,True,False,0
45,1192,41.141296393688926,-8.60876935051171,0.061862725505157264,2775.91114559346,0,None,None,1,True,False,0,True,False,0
46,1193,41.141296393688926,-8.607572422011817,0.08131802865538608,3646.5080559817798,0,None,None,1,True,False,0,True,False,0
47,1194,41.141296393688926,-8.606375493511923,0.10975655976852643,4919.091532677227,0,None,None,1,True,False,0,True,True,0
48,1195,41.141296393688926,-8.605178565012027,0.14041412588929833,6290.973643106113,0,None,None,2,True,False,0,True,True,0
49,1196,41.141296393688926,-8.603981636512133,0.16981806273303432,7606.757641522439,0,None,None,2,True,False,0,False,True,0
50,1197,41.141296393688926,-8.602784708012239,0.1966314862718448,8806.619885228845,0,None,None,2,True,False,0,False,True,0
51,1198,41.141296393688926,-8.601587779512345,0.2204187109420926,9871.06407017525,0,None,None,2,True,False,0,True,True,0
52,1199,41.141296393688926,-8.600390851012449,0.2410047477234623,10792.259688696879,0,None,None,2,True,False,0,True,True,0
53,1200,41.141296393688926,-8.599193922512555,0.25831987305571663,11567.08671148063,0,None,None,2,True,False,0,True,True,0
54,1201,41.141296393688926,-8.59799699401266,0.27247371450056723,12200.450814669543,0,None,None,2,True,False,0,True,False,0
55,1202,41.141296393688926,-8.596800065512767,0.2839227772997582,12712.779953046409,0,None,None,2,True,False,0,True,False,0
56,1203,41.141296393688926,-8.595603137012871,0.29362953141595044,13147.143276927934,0,None,None,2,True,False,0,True,False,0
57,1204,41.141296393688926,-8.594406208512977,0.3030798008435797,13570.029278883369,0,None,None,2,True,False,0,False,False,0
58,1205,41.141296393688926,-8.593209280013083,0.31403235450902117,14060.140345689513,0,None,None,2,True,False,0,False,False,0
59,1206,41.141296393688926,-8.592012351513189,0.32802490734401013,14686.28701493036,0,None,None,2,True,False,0,True,False,0
60,1207,41.141296393688926,-8.590815423013293,0.34589629300461916,15486.00588953969,0,None,None,2,True,False,0,False,False,0
61,1208,41.141296393688926,-8.589618494513399,0.3676340013355976,16458.737158013893,0,None,None,2,True,False,0,True,False,0
62,1209,41.141296393688926,-8.588421566013505,0.39259784992485214,17575.833575653174,0,None,None,3,True,False,0,True,False,0
63,1210,41.141296393688926,-8.58722463751361,0.4198963317153132,18797.40148038087,0,None,None,3,True,False,0,True,False,0
64,1219,41.141296393688926,-8.57645228101456,0.680592934415062,30463.200522759875,0,None,None,3,True,False,0,False,True,0
65,1220,41.141296393688926,-8.575255352514665,0.7058235937042295,31592.236336522114,0,None,None,3,True,False,0,False,False,0
66,1320,41.142202767507705,-8.62193556401055,0.0745558632614939,3343.910853871973,0,None,None,1,True,False,0,False,False,0
67,1321,41.142202767507705,-8.620738635510655,0.06168730208277012,2768.061199059052,0,None,None,1,True,False,0,True,False,0
68,1322,41.142202767507705,-8.619541707010761,0.04496115640793978,2019.5901711459771,0,None,None,1,True,False,0,True,False,0
69,1323,41.142202767507705,-8.618344778510867,0.025253585037046687,1137.704619722172,0,None,None,1,True,False,0,True,False,0
70,1324,41.142202767507705,-8.617147850010973,0.00744080230672139,340.60814218631657,0,None,None,1,True,False,0,True,False,0
71,1325,41.142202767507705,-8.615950921511077,0.008923373989993207,406.95109849591665,0,None,None,1,True,False,0,True,False,0
72,1326,41.142202767507705,-8.614753993011183,0.010777719256351155,489.93038939765967,0,None,None,1,True,False,0,True,False,0
73,1327,41.142202767507705,-8.613557064511289,0.029720452596914675,1337.590536004548,0,None,None,1,True,False,0,False,False,0
74,1328,41.142202767507705,-8.612360136011395,0.049455014791290754,2220.6838880651085,0,None,None,1,True,False,0,False,False,0
75,1329,41.142202767507705,-8.611163207511499,0.04890736462840775,2196.1773287944557,0,None,None,1,True,False,0,True,False,0
76,1330,41.142202767507705,-8.609966279011605,0.02435456369066225,1097.4747039767453,0,None,None,1,True,False,0,True,False,0
77,1331,41.142202767507705,-8.60876935051171,0.021292773134378915,960.4639682419462,0,None,None,1,True,False,0,True,False,0
78,1332,41.142202767507705,-8.607572422011817,0.05041093177772306,2263.459802094795,0,None,None,1,True,False,0,True,False,0
79,1333,41.142202767507705,-8.606375493511923,0.08694908049839105,3898.4895490945673,0,None,None,1,True,False,0,True,False,0
80,1334,41.142202767507705,-8.605178565012027,0.12300730086901084,5512.0431908117125,0,None,None,1,True,False,0,True,False,0
81,1335,41.142202767507705,-8.603981636512133,0.15496579399051744,6942.139918547502,0,None,None,2,True,False,0,True,False,0
82,1336,41.142202767507705,-8.602784708012239,0.18255139236114015,8176.555878413681,0,None,None,2,True,False,0,True,False,0
83,1337,41.142202767507705,-8.601587779512345,0.2060072438481756,9226.17158871425,0,None,None,2,True,False,0,True,False,0
84,1338,41.142202767507705,-8.600390851012449,0.22539288593376,10093.651266377618,0,None,None,2,True,False,0,True,False,0
85,1339,41.142202767507705,-8.599193922512555,0.24062152570123266,10775.111052874056,0,None,None,2,True,False,0,True,False,0
86,1340,41.142202767507705,-8.59799699401266,0.25170077838479965,11270.891719011424,0,None,None,2,True,False,0,True,False,0
87,1341,41.142202767507705,-8.596800065512767,0.25907334894903533,11600.803676963516,0,None,None,2,True,False,0,True,False,0
88,1342,41.142202767507705,-8.595603137012871,0.26397869872974333,11820.311043694432,0,None,None,2,True,False,0,True,False,0
89,1343,41.142202767507705,-8.594406208512977,0.2686124540890329,12027.66494962652,0,None,None,2,True,False,0,False,False,0
90,1344,41.142202767507705,-8.593209280013083,0.2757532543541797,12347.205519132565,0,None,None,2,True,False,0,False,False,0
91,1345,41.142202767507705,-8.592012351513189,0.28779323096425996,12885.977202973443,0,None,None,2,True,False,0,False,False,0
92,1346,41.142202767507705,-8.590815423013293,0.3057618814368229,13690.048538406578,0,None,None,2,True,False,0,False,False,0
93,1347,41.142202767507705,-8.589618494513399,0.3291411630223694,14736.237855443043,0,None,None,2,True,False,0,True,False,0
94,1348,41.142202767507705,-8.588421566013505,0.35650396879348734,15960.684166042465,0,None,None,2,True,False,0,True,False,0
95,1349,41.142202767507705,-8.58722463751361,0.38630226636589166,17294.115241418014,0,None,None,3,True,False,0,True,False,0
96,1350,41.142202767507705,-8.586027709013715,0.41731347716556555,18681.822443979876,0,None,None,3,True,False,0,True,False,0
97,1351,41.142202767507705,-8.58483078051382,0.4487332200290305,20087.81087042114,0,None,None,3,True,False,0,False,False,0
98,1356,41.142202767507705,-8.578846138014349,0.6010469951879109,26903.63383853269,0,None,None,3,True,False,0,False,True,0
99,1357,41.142202767507705,-8.577649209514455,0.6295015708878889,28176.935287475677,0,None,None,3,True,False,0,False,True,0
100,1358,41.142202767507705,-8.57645228101456,0.6568465499591868,29400.583878827758,0,None,None,3,True,False,0,False,False,0
101,1359,41.142202767507705,-8.575255352514665,0.6827355506065443,30559.079524081455,0,None,None,3,True,False,0,False,True,0
102,1360,41.142202767507705,-8.57405842401477,0.7066939813090624,31631.184933403725,0,None,None,3,True,False,0,True,True,0
103,1424,41.143109141326484,-8.663828061506857,0.6356053929871003,28450.072571438835,0,None,None,3,True,False,0,False,False,0
104,1425,41.143109141326484,-8.662631133006963,0.612767313541714,27428.101273904853,0,None,None,3,True,False,0,False,False,0
105,1426,41.143109141326484,-8.661434204507067,0.5932431951320486,26554.424979361454,0,None,None,3,True,False,0,False,False,0
106,1427,41.143109141326484,-8.660237276007173,0.5757393530235948,25771.153151527426,0,None,None,3,True,False,0,False,False,0
107,1457,41.143109141326484,-8.624329421010339,0.07264640875467307,3258.465503505088,0,None,None,1,True,False,0,True,True,0
108,1458,41.143109141326484,-8.623132492510445,0.07019055802596588,3148.5697059285676,0,None,None,1,True,False,0,False,False,0
109,1459,41.143109141326484,-8.62193556401055,0.06465495352993121,2900.8593446884342,0,None,None,1,True,False,0,True,False,0
110,1460,41.143109141326484,-8.620738635510655,0.056722106653869155,2545.8758254107083,0,None,None,1,True,False,0,True,False,0
111,1461,41.143109141326484,-8.619541707010761,0.046531295646160285,2089.851649937592,0,None,None,1,True,False,0,False,False,0
112,1462,41.143109141326484,-8.618344778510867,0.03516834059676429,1581.3757098559713,0,None,None,1,True,False,0,True,False,0
113,1463,41.143109141326484,-8.617147850010973,0.026145015653942033,1177.594861210674,0,None,None,1,True,False,0,True,False,0
114,1464,41.143109141326484,-8.615950921511077,0.025917417553294003,1167.4101726604936,0,None,None,1,True,False,0,True,False,0
115,1465,41.143109141326484,-8.614753993011183,0.03204352957804672,1441.5448988202206,0,None,None,1,True,False,0,True,False,0
116,1466,41.143109141326484,-8.613557064511289,0.04252965376571351,1910.7839155159622,0,None,None,1,True,False,0,True,False,0
117,1467,41.143109141326484,-8.612360136011395,0.05164471565570511,2318.669860964809,0,None,None,1,True,False,0,False,False,0
118,1468,41.143109141326484,-8.611163207511499,0.044902911069072515,2016.9837757754806,0,None,None,1,True,False,0,True,False,0
119,1469,41.143109141326484,-8.609966279011605,0.01597965362303525,722.7094909468807,0,None,None,1,True,False,0,True,False,0
120,1470,41.143109141326484,-8.60876935051171,0.005901015463522852,271.7048895361791,0,None,None,1,True,False,0,True,False,0
121,1471,41.143109141326484,-8.607572422011817,0.030289008565991614,1363.0326001162757,0,None,None,1,True,False,0,True,False,0
122,1472,41.143109141326484,-8.606375493511923,0.07395235557087035,3316.904750353803,0,None,None,1,True,False,0,True,False,0
123,1473,41.143109141326484,-8.605178565012027,0.11286022641719366,5057.976163481512,0,None,None,1,True,False,0,True,False,0
124,1474,41.143109141326484,-8.603981636512133,0.1451705931424885,6503.818730279266,0,None,None,2,True,False,0,True,False,0
125,1475,41.143109141326484,-8.602784708012239,0.17209754331286747,7708.761127912194,0,None,None,2,True,False,0,True,False,0
126,1476,41.143109141326484,-8.601587779512345,0.19431940630934044,8703.157623223262,0,None,None,2,True,False,0,True,False,0
127,1477,41.143109141326484,-8.600390851012449,0.21185146604274036,9487.692149299866,0,None,None,2,True,False,0,True,False,0
128,1478,41.143109141326484,-8.599193922512555,0.2243450167779925,10046.760624661163,0,None,None,2,True,False,0,True,False,0
129,1479,41.143109141326484,-8.59799699401266,0.2314635445216514,10365.304530777068,0,None,None,2,True,False,0,True,False,0
130,1480,41.143109141326484,-8.596800065512767,0.23341467140062308,10452.614660025214,0,None,None,2,True,False,0,True,False,0
131,1481,41.143109141326484,-8.595603137012871,0.23165888417332015,10374.045700005117,0,None,None,2,True,False,0,False,False,0
132,1482,41.143109141326484,-8.594406208512977,0.22945592965753647,10275.466645216926,0,None,None,2,True,False,0,True,False,0
133,1483,41.143109141326484,-8.593209280013083,0.23141500302242846,10363.132368312017,0,None,None,2,True,False,0,False,False,0
134,1484,41.143109141326484,-8.592012351513189,0.24151094290869293,10814.911197178259,0,None,None,2,True,False,0,False,False,0
135,1485,41.143109141326484,-8.590815423013293,0.26089017080927573,11682.103849262947,0,None,None,2,True,False,0,False,False,0
136,1486,41.143109141326484,-8.589618494513399,0.28776327357629844,12884.636652831347,0,None,None,2,True,False,0,True,False,0
137,1487,41.143109141326484,-8.588421566013505,0.31919154218525353,14291.006594154449,0,None,None,2,True,False,0,True,False,0
138,1488,41.143109141326484,-8.58722463751361,0.3526630118909843,15788.806853906392,0,None,None,2,True,False,0,True,False,0
139,1489,41.143109141326484,-8.586027709013715,0.38659152906144195,17307.05933214187,0,None,None,3,True,False,0,True,False,0
140,1490,41.143109141326484,-8.58483078051382,0.42016843073625776,18809.577521284722,0,None,None,3,True,False,0,True,False,0
141,1491,41.143109141326484,-8.583633852013927,0.45306629593974235,20281.70980230694,0,None,None,3,True,False,0,False,False,0
142,1492,41.143109141326484,-8.582436923514033,0.48520036393452715,21719.66325378728,0,None,None,3,True,False,0,False,False,0
143,1493,41.143109141326484,-8.581239995014139,0.5165778384273629,23123.760231270247,0,None,None,3,True,False,0,True,False,0
144,1494,41.143109141326484,-8.580043066514243,0.5472119431402575,24494.592477348335,0,None,None,3,True,False,0,False,False,0
145,1495,41.143109141326484,-8.578846138014349,0.5770740779583343,25830.880177903204,0,None,None,3,True,False,0,False,True,0
146,1496,41.143109141326484,-8.577649209514455,0.6060654574103057,27128.20282478701,0,None,None,3,True,False,0,True,True,0
147,1497,41.143109141326484,-8.57645228101456,0.6339969619705352,28378.097590489855,0,None,None,3,True,False,0,False,False,0
148,1498,41.143109141326484,-8.575255352514665,0.6605705036708753,29567.225465997628,0,None,None,3,True,False,0,False,False,0
149,1499,41.143109141326484,-8.57405842401477,0.6853575714180914,30676.41119452011,0,None,None,3,True,False,0,True,True,0
150,1500,41.143109141326484,-8.572861495514877,0.7077716280872867,31679.40808101379,0,None,None,3,True,False,0,True,True,0
151,1557,41.14401551514526,-8.671009632506223,0.7712762259222907,34521.14774673352,0,None,None,3,True,False,0,False,False,0
152,1558,41.14401551514526,-8.669812704006329,0.7398779239345199,33116.11876872599,0,None,None,3,True,False,0,False,False,0
153,1559,41.14401551514526,-8.668615775506435,0.7070179808668231,31645.68344888691,0,None,None,3,True,False,0,False,False,0
154,1560,41.14401551514526,-8.667418847006541,0.6730783775479685,30126.93488141201,0,None,None,3,True,False,0,False,False,0
155,1561,41.14401551514526,-8.666221918506645,0.6393277117164277,28616.64099549317,0,None,None,3,True,False,0,False,False,0
156,1562,41.14401551514526,-8.665024990006751,0.6077557156328247,27203.83945583412,0,None,None,3,True,False,0,False,False,0
157,1563,41.14401551514526,-8.663828061506857,0.5805467048918085,25986.275252236872,0,None,None,3,True,False,0,False,False,0
158,1564,41.14401551514526,-8.662631133006963,0.5591997881895472,25031.03134861839,0,None,None,3,True,False,0,False,False,0
159,1565,41.14401551514526,-8.661434204507067,0.5436520861526136,24335.29398320842,0,None,None,3,True,False,0,False,False,0
160,1566,41.14401551514526,-8.660237276007173,0.5320170042786109,23814.640758048943,0,None,None,3,True,False,0,False,False,0
161,1567,41.14401551514526,-8.659040347507279,0.5212238607800432,23331.663067561494,0,None,None,3,True,False,0,False,False,0
162,1568,41.14401551514526,-8.657843419007385,0.5081090665808083,22744.79483826339,0,None,None,3,True,False,0,False,True,0
163,1569,41.14401551514526,-8.656646490507491,0.49020800608377374,21943.74805728792,0,None,None,3,True,False,0,False,True,0
164,1570,41.14401551514526,-8.655449562007595,0.4658992115500953,20855.96436906325,0,None,None,3,True,False,0,False,True,0
165,1592,41.14401551514526,-8.629117135009917,0.09998181889402981,4481.685898877937,0,None,None,1,True,False,0,True,True,0
166,1593,41.14401551514526,-8.627920206510023,0.07017263583442386,3147.7677135636377,0,None,None,1,True,False,0,False,True,0
167,1594,41.14401551514526,-8.626723278010129,0.038471912357492435,1729.2058076924166,0,None,None,1,True,False,0,False,True,0
168,1595,41.14401551514526,-8.625526349510233,0.038447520758970975,1728.1143186445079,0,None,None,1,True,False,0,False,False,0
169,1596,41.14401551514526,-8.624329421010339,0.0530856731384009,2383.150641487683,0,None,None,1,True,False,0,False,False,0
170,1597,41.14401551514526,-8.623132492510445,0.05488751585051155,2463.780518393548,0,None,None,1,True,False,0,True,False,0
171,1598,41.14401551514526,-8.62193556401055,0.05262105403945864,2362.359603233325,0,None,None,1,True,False,0,True,False,0
172,1599,41.14401551514526,-8.620738635510655,0.04883298029820258,2192.8487367104426,0,None,None,1,True,False,0,True,False,0
173,1600,41.14401551514526,-8.619541707010761,0.04300696792075355,1932.1430393216267,0,None,None,1,True,False,0,True,False,0
174,1601,41.14401551514526,-8.618344778510867,0.03736528028297455,1679.6856096480824,0,None,None,1,True,False,0,True,False,0
175,1602,41.14401551514526,-8.617147850010973,0.034824107292541866,1565.971763240764,0,None,None,1,True,False,0,True,False,0
176,1603,41.14401551514526,-8.615950921511077,0.036607926825850276,1645.7951287466553,0,None,None,1,True,False,0,True,False,0
177,1604,41.14401551514526,-8.614753993011183,0.04217455260000958,1894.893647687702,0,None,None,1,True,False,0,True,False,0
178,1605,41.14401551514526,-8.613557064511289,0.04978819696608263,2235.593312489413,0,None,None,1,True,False,0,False,False,0
179,1606,41.14401551514526,-8.612360136011395,0.055381668543687264,2485.893142628539,0,None,None,1,True,False,0,True,False,0
180,1607,41.14401551514526,-8.611163207511499,0.051627260222578915,2317.888755369496,0,None,None,1,True,False,0,True,False,0
181,1608,41.14401551514526,-8.609966279011605,0.03454636185655381,1553.5430533626136,0,None,None,1,True,False,0,True,False,0
182,1609,41.14401551514526,-8.60876935051171,0.015736409560886472,711.8246680612225,0,None,None,1,True,False,0,True,False,0
183,1610,41.14401551514526,-8.607572422011817,0.03753622718650996,1687.33523838474,0,None,None,1,True,False,0,True,False,0
184,1611,41.14401551514526,-8.606375493511923,0.07657828654330141,3434.4113948835025,0,None,None,1,True,False,0,True,False,0
185,1612,41.14401551514526,-8.605178565012027,0.11115207615341527,4981.5388892513765,0,None,None,1,True,False,0,True,False,0
186,1613,41.14401551514526,-8.603981636512133,0.1403511066334468,6288.153621798006,0,None,None,2,True,False,0,True,False,0
187,1614,41.14401551514526,-8.602784708012239,0.16495297954773394,7389.052147179893,0,None,None,2,True,False,0,True,False,0
188,1615,41.14401551514526,-8.601587779512345,0.18508385845327224,8289.88010361073,0,None,None,2,True,False,0,True,False,0
189,1616,41.14401551514526,-8.600390851012449,0.20023563091629576,8967.900188487174,0,None,None,2,True,False,0,True,False,0
190,1617,41.14401551514526,-8.599193922512555,0.20949040126779203,9382.037887198454,0,None,None,2,True,False,0,True,False,0
191,1618,41.14401551514526,-8.59799699401266,0.21184887715936956,9487.576300482371,0,None,None,2,True,False,0,True,False,0
192,1619,41.14401551514526,-8.596800065512767,0.2068953016604306,9265.910902032858,0,None,None,2,True,False,0,True,False,0
193,1620,41.14401551514526,-8.595603137012871,0.19603537664036835,8779.944834246153,0,None,None,2,True,False,0,False,False,0
194,1621,41.14401551514526,-8.594406208512977,0.18397458309493903,8240.241622407037,0,None,None,2,True,False,0,False,False,0
195,1622,41.14401551514526,-8.593209280013083,0.17865338321156882,8002.12556005381,0,None,None,2,True,False,0,False,False,0
196,1623,41.14401551514526,-8.592012351513189,0.1872367790655562,8386.220212983104,0,None,None,2,True,False,0,False,False,0
197,1624,41.14401551514526,-8.590815423013293,0.21063220620344839,9433.132020328776,0,None,None,2,True,False,0,True,False,0
198,1625,41.14401551514526,-8.589618494513399,0.243974071703959,10925.132677794041,0,None,None,2,True,False,0,True,False,0
199,1626,41.14401551514526,-8.588421566013505,0.2816368748192196,12610.489095811297,0,None,None,2,True,False,0,True,False,0
200,1627,41.14401551514526,-8.58722463751361,0.3199855561950086,14326.537582202287,0,None,None,2,True,False,0,True,False,0
201,1628,41.14401551514526,-8.586027709013715,0.3573409361926567,15998.137256656682,0,None,None,2,True,False,0,True,False,0
202,1629,41.14401551514526,-8.58483078051382,0.3931875149814762,17602.220241154955,0,None,None,3,True,False,0,True,False,0
203,1630,41.14401551514526,-8.583633852013927,0.4275457227487982,19139.700757276274,0,None,None,3,True,False,0,True,False,0
204,1631,41.14401551514526,-8.582436923514033,0.4606204656856669,20619.748063164032,0,None,None,3,True,False,0,True,False,0
205,1632,41.14401551514526,-8.581239995014139,0.4926329985995662,22052.26299409778,0,None,None,3,True,False,0,True,True,0
206,1633,41.14401551514526,-8.580043066514243,0.5237477868092433,23444.605137191713,0,None,None,3,True,False,0,True,False,0
207,1634,41.14401551514526,-8.578846138014349,0.5540423715160893,24800.244349987388,0,None,None,3,True,False,0,True,True,0
208,1635,41.14401551514526,-8.577649209514455,0.5834942374106074,26118.173104679496,0,None,None,3,True,False,0,True,True,0
209,1636,41.14401551514526,-8.57645228101456,0.6119724999950004,27392.53450772493,0,None,None,3,True,False,0,True,True,0
210,1637,41.14401551514526,-8.575255352514665,0.6392286546808692,28612.20833523373,0,None,None,3,True,False,0,True,False,0
211,1638,41.14401551514526,-8.57405842401477,0.6648833406629443,29760.21873530372,0,None,None,3,True,False,0,True,False,0
212,1695,41.14492188896404,-8.672206561006119,0.7487231566748428,33511.930246754804,0,None,None,3,True,False,0,False,False,0
213,1696,41.14492188896404,-8.671009632506223,0.7208825145159005,32266.101443181677,0,None,None,3,True,False,0,False,False,0
214,1697,41.14492188896404,-8.669812704006329,0.6906104147673187,30911.46840001718,0,None,None,3,True,False,0,False,False,0
215,1698,41.14492188896404,-8.668615775506435,0.6569372292597374,29404.641647462147,0,None,None,3,True,False,0,False,True,0
216,1699,41.14492188896404,-8.667418847006541,0.6201377004934508,27757.915518329668,0,None,None,3,True,False,0,False,True,0
217,1700,41.14492188896404,-8.666221918506645,0.5819877328788643,26050.75918772873,0,None,None,3,True,False,0,False,True,0
218,1701,41.14492188896404,-8.665024990006751,0.5457584041082962,24429.54869054209,0,None,None,3,True,False,0,False,True,0
219,1702,41.14492188896404,-8.663828061506857,0.5155829894906553,23079.242168307523,0,None,None,3,True,False,0,False,True,0
220,1703,41.14492188896404,-8.662631133006963,0.49488282410660983,22152.939458515757,0,None,None,3,True,False,0,False,True,0
221,1704,41.14492188896404,-8.661434204507067,0.48435915156149134,21682.02020668129,0,None,None,3,True,False,0,False,True,0
222,1705,41.14492188896404,-8.660237276007173,0.481116767432937,21536.92816762055,0,None,None,3,True,False,0,False,True,0
223,1706,41.14492188896404,-8.659040347507279,0.4799625178860695,21485.277155988373,0,None,None,3,True,False,0,False,True,0
224,1707,41.14492188896404,-8.657843419007385,0.4758008786623869,21299.049769948066,0,None,None,3,True,False,0,False,False,0
225,1708,41.14492188896404,-8.656646490507491,0.4651909844748103,20824.272223285032,0,None,None,3,True,False,0,False,False,0
226,1709,41.14492188896404,-8.655449562007595,0.4464314705585046,19984.81088311412,0,None,None,3,True,False,0,False,False,0
227,1710,41.14492188896404,-8.654252633507701,0.4188007652021209,18748.376450334043,0,None,None,3,True,False,0,False,False,0
228,1711,41.14492188896404,-8.653055705007807,0.38164859464646195,17085.870106936552,0,None,None,3,True,False,0,False,True,0
229,1712,41.14492188896404,-8.651858776507913,0.33361019633785716,14936.220686182967,0,None,None,2,True,False,0,False,True,0
230,1729,41.14492188896404,-8.631510992009707,0.131887212866858,5909.406515872777,0,None,None,1,True,False,0,True,False,0
231,1730,41.14492188896404,-8.630314063509811,0.11587442803346919,5192.857362409841,0,None,None,1,True,False,0,True,False,0
232,1731,41.14492188896404,-8.629117135009917,0.09200004262255577,4124.512859337076,0,None,None,1,True,False,0,True,False,0
233,1732,41.14492188896404,-8.627920206510023,0.056589142326749935,2539.9258624886197,0,None,None,1,True,False,0,True,True,0
234,1733,41.14492188896404,-8.626723278010129,0.009592678160522805,436.9015001151395,0,None,None,1,True,False,0,True,True,0
235,1734,41.14492188896404,-8.625526349510233,0.014318176092179575,648.3607545703132,0,None,None,1,True,False,0,True,False,0
236,1735,41.14492188896404,-8.624329421010339,0.03853673912497441,1732.1067125533932,0,None,None,1,True,False,0,True,False,0
237,1736,41.14492188896404,-8.623132492510445,0.03711086969493176,1668.3011007452992,0,None,None,1,True,False,0,True,False,0
238,1737,41.14492188896404,-8.62193556401055,0.03732837343452533,1678.034081117072,0,None,None,1,True,False,0,False,False,0
239,1738,41.14492188896404,-8.620738635510655,0.038163495305960686,1715.4045870123134,0,None,None,1,True,False,0,True,False,0
240,1739,41.14492188896404,-8.619541707010761,0.033239725356756386,1495.0729441620347,0,None,None,1,True,False,0,False,False,0
241,1740,41.14492188896404,-8.618344778510867,0.026932833483578892,1212.8485790856698,0,None,None,1,True,False,0,True,False,0
242,1741,41.14492188896404,-8.617147850010973,0.02704692371635799,1217.9539533579693,0,None,None,1,True,False,0,True,False,0
243,1742,41.14492188896404,-8.615950921511077,0.033184363602346605,1492.5955850599605,0,None,None,1,True,False,0,True,False,0
244,1743,41.14492188896404,-8.614753993011183,0.04166561960281755,1872.1196260480115,0,None,None,1,True,False,0,True,False,0
245,1744,41.14492188896404,-8.613557064511289,0.050595294697524114,2271.709778316167,0,None,None,1,True,False,0,True,False,0
246,1745,41.14492188896404,-8.612360136011395,0.05744091711150162,2578.0415623687713,0,None,None,1,True,False,0,True,False,0
247,1746,41.14492188896404,-8.611163207511499,0.059224816743915804,2657.8685121947565,0,None,None,1,True,False,0,True,False,0
248,1747,41.14492188896404,-8.609966279011605,0.05537315858075063,2485.512333993333,0,None,None,1,True,False,0,True,False,0
249,1748,41.14492188896404,-8.60876935051171,0.05305139713926867,2381.6168396900666,0,None,None,1,True,False,0,True,False,0
250,1749,41.14492188896404,-8.607572422011817,0.06515761425401018,2923.3526911029085,0,None,None,1,True,False,0,True,False,0
251,1750,41.14492188896404,-8.606375493511923,0.08869817083455897,3976.7588328420143,0,None,None,1,True,False,0,True,False,0
252,1751,41.14492188896404,-8.605178565012027,0.11438862340906074,5126.369736621524,0,None,None,1,True,False,0,True,False,0
253,1752,41.14492188896404,-8.603981636512133,0.13861787626296,6210.594048766153,0,None,None,2,True,False,0,True,False,0
254,1753,41.14492188896404,-8.602784708012239,0.16008544314987788,7171.236875094228,0,None,None,2,True,False,0,True,False,0
255,1754,41.14492188896404,-8.601587779512345,0.17776262165783704,7962.265258182211,0,None,None,2,True,False,0,False,False,0
256,1755,41.14492188896404,-8.600390851012449,0.19037115118620895,8526.478869616552,0,None,None,2,True,False,0,True,False,0
257,1756,41.14492188896404,-8.599193922512555,0.19625531405709623,8789.786718178957,0,None,None,2,True,False,0,True,False,0
258,1757,41.14492188896404,-8.59799699401266,0.1934845197212069,8665.7976459183,0,None,None,2,True,False,0,True,False,0
259,1758,41.14492188896404,-8.596800065512767,0.18050882195293644,8085.153782393818,0,None,None,2,True,False,0,True,False,0
260,1759,41.14492188896404,-8.595603137012871,0.1580202126559626,7078.820772741115,0,None,None,2,True,False,0,True,False,0
261,1760,41.14492188896404,-8.594406208512977,0.13213848784994758,5920.650710951438,0,None,None,1,True,False,0,False,False,0
262,1761,41.14492188896404,-8.593209280013083,0.11631459696164428,5212.554290592308,0,None,None,1,True,False,0,False,False,0
263,1762,41.14492188896404,-8.592012351513189,0.12462349367566801,5584.3655007342395,0,None,None,1,True,False,0,False,False,0
264,1763,41.14492188896404,-8.590815423013293,0.15659301966134828,7014.9559333168845,0,None,None,2,True,False,0,True,False,0
265,1764,41.14492188896404,-8.589618494513399,0.20027461792985263,8969.644801423081,0,None,None,2,True,False,0,True,False,0
266,1765,41.14492188896404,-8.588421566013505,0.24615620036012162,11022.779805235623,0,None,None,2,True,False,0,True,False,0
267,1766,41.14492188896404,-8.58722463751361,0.29000418449652127,12984.914202275671,0,None,None,2,True,False,0,True,False,0
268,1767,41.14492188896404,-8.586027709013715,0.3307203786179427,14806.905488207583,0,None,None,2,True,False,0,True,False,0
269,1768,41.14492188896404,-8.58483078051382,0.3685077796318519,16497.837483473195,0,None,None,3,True,False,0,True,False,0
270,1769,41.14492188896404,-8.583633852013927,0.4039443965649636,18083.575262954604,0,None,None,3,True,False,0,True,False,0
271,1770,41.14492188896404,-8.582436923514033,0.4376116131083289,19590.134912922516,0,None,None,3,True,False,0,True,False,0
272,1771,41.14492188896404,-8.581239995014139,0.4699729256331435,21038.257231175012,0,None,None,3,True,False,0,True,False,0
273,1772,41.14492188896404,-8.580043066514243,0.5013475267800296,22442.225630548095,0,None,None,3,True,False,0,True,True,0
274,1773,41.14492188896404,-8.578846138014349,0.531913602952158,23810.013697003178,0,None,None,3,True,False,0,True,True,0
275,1774,41.14492188896404,-8.577649209514455,0.5617171742112638,25143.680762294345,0,None,None,3,True,False,0,True,True,0
276,1775,41.14492188896404,-8.57645228101456,0.59067838378694,26439.653350487908,0,None,None,3,True,False,0,True,True,0
277,1776,41.14492188896404,-8.575255352514665,0.6185927903648436,27688.783006006044,0,None,None,3,True,False,0,True,True,0
278,1777,41.14492188896404,-8.57405842401477,0.6451269379033151,28876.14804927495,0,None,None,3,True,False,0,True,True,0
279,1778,41.14492188896404,-8.572861495514877,0.6698079293629849,29980.587016079553,0,None,None,3,True,False,0,True,True,0
280,1779,41.14492188896404,-8.571664567014983,0.6920070210133898,30973.964526316002,0,None,None,3,True,False,0,True,True,0
281,1780,41.14492188896404,-8.570467638515087,0.710918025944795,31820.204872122486,0,None,None,3,True,False,0,True,True,0
282,1834,41.14582826278282,-8.672206561006119,0.6922764834727576,30986.022584871025,0,None,None,3,True,False,0,False,True,0
283,1835,41.14582826278282,-8.671009632506223,0.6687385053389764,29932.73182492639,0,None,None,3,True,False,0,False,True,0
284,1836,41.14582826278282,-8.669812704006329,0.6406994687805853,28678.02515654362,0,None,None,3,True,False,0,False,True,0
285,1837,41.14582826278282,-8.668615775506435,0.6062088788940868,27134.620730470568,0,None,None,3,True,False,0,False,False,0
286,1838,41.14582826278282,-8.667418847006541,0.5650850923177735,25294.39026680976,0,None,None,3,True,False,0,False,False,0
287,1839,41.14582826278282,-8.666221918506645,0.5194610376137847,23252.77925936508,0,None,None,3,True,False,0,False,False,0
288,1840,41.14582826278282,-8.665024990006751,0.47428040189523446,21231.01061550371,0,None,None,3,True,False,0,False,False,0
289,1841,41.14582826278282,-8.663828061506857,0.436968008454025,19561.334527792464,0,None,None,3,True,False,0,False,False,0
290,1842,41.14582826278282,-8.662631133006963,0.41489563604896373,18573.627522026236,0,None,None,3,True,False,0,False,True,0
291,1843,41.14582826278282,-8.661434204507067,0.41078499590450257,18389.682271630896,0,None,None,3,True,False,0,False,False,0
292,1844,41.14582826278282,-8.660237276007173,0.41994136600372217,18799.41670019254,0,None,None,3,True,False,0,False,False,0
293,1845,41.14582826278282,-8.659040347507279,0.43300074819031514,19383.80532140477,0,None,None,3,True,False,0,False,False,0
294,1846,41.14582826278282,-8.657843419007385,0.44143404891832294,19761.18343273442,0,None,None,3,True,False,0,False,False,0
295,1847,41.14582826278282,-8.656646490507491,0.44051730390452565,19720.16040829409,0,None,None,3,True,False,0,True,False,0
296,1848,41.14582826278282,-8.655449562007595,0.42888355172311704,19199.566684970967,0,None,None,3,True,False,0,False,False,0
297,1849,41.14582826278282,-8.654252633507701,0.4068401422608041,18213.155729349925,0,None,None,3,True,False,0,False,False,0
298,1850,41.14582826278282,-8.653055705007807,0.3749934062378698,16788.059971477196,0,None,None,3,True,False,0,False,False,0
299,1851,41.14582826278282,-8.651858776507913,0.33349271948680964,14930.963765600729,0,None,None,2,True,False,0,False,False,0
300,1852,41.14582826278282,-8.650661848008017,0.2819060377474971,12622.533750779665,0,None,None,2,True,False,0,False,True,0
301,1853,41.14582826278282,-8.649464919508123,0.22044507345918624,9872.243755002291,0,None,None,2,True,False,0,False,True,0
302,1866,41.14582826278282,-8.633904849009495,0.15565666150511084,6973.0552488843405,0,None,None,2,True,False,0,False,True,0
303,1867,41.14582826278282,-8.632707920509601,0.14549421417054642,6518.300307101193,0,None,None,2,True,False,0,False,False,0
304,1868,41.14582826278282,-8.631510992009707,0.13188389669280556,5909.258121840462,0,None,None,1,True,False,0,True,False,0
305,1869,41.14582826278282,-8.630314063509811,0.11400753402928059,5109.316533489375,0,None,None,1,True,False,0,True,False,0
306,1870,41.14582826278282,-8.629117135009917,0.09150065892998736,4102.166155382311,0,None,None,1,True,False,0,True,False,0
307,1871,41.14582826278282,-8.627920206510023,0.06441368132327417,2890.062759507714,0,None,None,1,True,False,0,True,False,0
308,1872,41.14582826278282,-8.626723278010129,0.03862233455914645,1735.9369854593513,0,None,None,1,True,False,0,True,True,0
309,1873,41.14582826278282,-8.625526349510233,0.033879199277238786,1523.6884848784657,0,None,None,1,True,False,0,True,True,0
310,1874,41.14582826278282,-8.624329421010339,0.028462210497253514,1281.2860067958816,0,None,None,1,True,False,0,True,True,0
311,1875,41.14582826278282,-8.623132492510445,0.013954019625586052,632.0652750156542,0,None,None,1,True,False,0,True,False,0
312,1876,41.14582826278282,-8.62193556401055,0.01882130029790111,849.8691037501571,0,None,None,1,True,False,0,True,False,0
313,1877,41.14582826278282,-8.620738635510655,0.028242090234336322,1271.4359407583695,0,None,None,1,True,False,0,True,False,0
314,1878,41.14582826278282,-8.619541707010761,0.022270181827393935,1004.2016053147232,0,None,None,1,True,False,0,True,False,0
315,1879,41.14582826278282,-8.618344778510867,0.009336371378006263,425.43213922944966,0,None,None,1,True,False,0,True,True,0
316,1880,41.14582826278282,-8.617147850010973,0.011299718897726721,513.2891246225093,0,None,None,1,True,False,0,True,True,0
317,1881,41.14582826278282,-8.615950921511077,0.022443307699702625,1011.9487397785958,0,None,None,1,True,False,0,True,True,0
318,1882,41.14582826278282,-8.614753993011183,0.034842324357447677,1566.7869507657733,0,None,None,1,True,False,0,True,True,0
319,1883,41.14582826278282,-8.613557064511289,0.04711446608343385,2115.9476905389533,0,None,None,1,True,False,0,True,False,0
320,1884,41.14582826278282,-8.612360136011395,0.05621598184170343,2523.2274660230432,0,None,None,1,True,False,0,True,False,0
321,1885,41.14582826278282,-8.611163207511499,0.061091945822181186,2741.419860342982,0,None,None,1,True,False,0,True,False,0
322,1886,41.14582826278282,-8.609966279011605,0.06383234309178418,2864.0487074871544,0,None,None,1,True,False,0,True,False,0
323,1887,41.14582826278282,-8.60876935051171,0.06885802184917536,3088.9406233315763,0,None,None,1,True,False,0,True,False,0
324,1888,41.14582826278282,-8.607572422011817,0.07987405734518199,3581.8924110007724,0,None,None,1,True,False,0,True,False,0
325,1889,41.14582826278282,-8.606375493511923,0.09685217047006643,4341.638620895936,0,None,None,1,True,False,0,True,False,0
326,1890,41.14582826278282,-8.605178565012027,0.11694829815312027,5240.911509965777,0,None,None,1,True,False,0,True,False,0
327,1891,41.14582826278282,-8.603981636512133,0.13741551339771393,6156.790035147555,0,None,None,2,True,False,0,True,False,0
328,1892,41.14582826278282,-8.602784708012239,0.1562587545442059,6999.998048775707,0,None,None,2,True,False,0,True,False,0
329,1893,41.14582826278282,-8.601587779512345,0.17178158472633218,7694.622434357833,0,None,None,2,True,False,0,True,False,0
330,1894,41.14582826278282,-8.600390851012449,0.1821532497991034,8158.739569835667,0,None,None,2,True,False,0,True,False,0
331,1895,41.14582826278282,-8.599193922512555,0.1850986268570722,8290.540968497817,0,None,None,2,True,False,0,True,False,0
332,1896,41.14582826278282,-8.59799699401266,0.17774511431573145,7961.4818297345255,0,None,None,2,True,False,0,True,False,0
333,1897,41.14582826278282,-8.596800065512767,0.15708624185694997,7037.026919120091,0,None,None,2,True,False,0,True,False,0
334,1898,41.14582826278282,-8.595603137012871,0.1223586549966271,5483.0172184034245,0,None,None,1,True,False,0,True,False,0
335,1899,41.14582826278282,-8.594406208512977,0.08028115428828649,3600.109415287911,0,None,None,1,True,False,0,True,False,0
336,1900,41.14582826278282,-8.593209280013083,0.04995598639607735,2243.1016488140262,0,None,None,1,True,False,0,True,False,0
337,1901,41.14582826278282,-8.592012351513189,0.06029069777113513,2705.5651593234734,0,None,None,1,True,False,0,True,False,0
338,1902,41.14582826278282,-8.590815423013293,0.10642806609962906,4770.146215196783,0,None,None,1,True,False,0,True,False,0
339,1903,41.14582826278282,-8.589618494513399,0.16261943940864604,7284.629573053457,0,None,None,2,True,False,0,True,False,0
340,1904,41.14582826278282,-8.588421566013505,0.21660479639392327,9700.39686460759,0,None,None,2,True,False,0,True,False,0
341,1905,41.14582826278282,-8.58722463751361,0.26498928116306414,11865.53315806336,0,None,None,2,True,False,0,True,False,0
342,1906,41.14582826278282,-8.586027709013715,0.3079831467468556,13789.446974973445,0,None,None,2,True,False,0,True,False,0
343,1907,41.14582826278282,-8.58483078051382,0.3467772397518084,15525.426992896313,0,None,None,2,True,False,0,True,False,0
344,1908,41.14582826278282,-8.583633852013927,0.382563212075089,17126.7979249922,0,None,None,3,True,False,0,True,False,0
345,1909,41.14582826278282,-8.582436923514033,0.41627938200310755,18635.548168707384,0,None,None,3,True,False,0,True,False,0
346,1910,41.14582826278282,-8.581239995014139,0.44859482520159977,20081.617900399317,0,None,None,3,True,False,0,True,False,0
347,1911,41.14582826278282,-8.580043066514243,0.4799492682326992,21484.684253004605,0,None,None,3,True,False,0,True,False,0
348,1912,41.14582826278282,-8.578846138014349,0.5105942267349987,22856.0021905905,0,None,None,3,True,False,0,True,True,0
349,1913,41.14582826278282,-8.577649209514455,0.5406234341397742,24199.766149760686,0,None,None,3,True,False,0,True,False,0
350,1914,41.14582826278282,-8.57645228101456,0.5699923525978593,25513.983125647526,0,None,None,3,True,False,0,True,False,0
351,1915,41.14582826278282,-8.575255352514665,0.5985287541309875,26790.946163257646,0,None,None,3,True,False,0,True,False,0
352,1916,41.14582826278282,-8.57405842401477,0.6259361345649811,28017.38712608538,0,None,None,3,True,False,0,True,False,0
353,1917,41.14582826278282,-8.572861495514877,0.6517912513588702,29174.366517497445,0,None,None,3,True,False,0,True,True,0
354,1918,41.14582826278282,-8.571664567014983,0.67553703344313,30236.956206163784,0,None,None,3,True,False,0,True,True,0
355,1919,41.14582826278282,-8.570467638515087,0.696472853679431,31173.80413258402,0,None,None,3,True,False,0,True,True,0
356,1972,41.1467346366016,-8.673403489506013,0.6452859220990068,28883.262363994232,0,None,None,3,True,False,0,True,False,0
357,1973,41.1467346366016,-8.672206561006119,0.6311863392476135,28252.32625503708,0,None,None,3,True,False,0,False,True,0
358,1974,41.1467346366016,-8.671009632506223,0.6149339066279967,27525.053206877652,0,None,None,3,True,False,0,False,False,0
359,1975,41.1467346366016,-8.669812704006329,0.5912880279122918,26466.934050658412,0,None,None,3,True,False,0,False,False,0
360,1976,41.1467346366016,-8.668615775506435,0.5567485876942854,24921.343642318523,0,None,None,3,True,False,0,False,False,0
361,1977,41.1467346366016,-8.667418847006541,0.5101371055128854,22835.54667156971,0,None,None,3,True,False,0,False,False,0
362,1978,41.1467346366016,-8.666221918506645,0.45339080284761996,20296.231020980144,0,None,None,3,True,False,0,False,False,0
363,1979,41.1467346366016,-8.665024990006751,0.3930848403560554,17597.625698938038,0,None,None,3,True,False,0,False,False,0
364,1980,41.1467346366016,-8.663828061506857,0.341612291506001,15294.302967205527,0,None,None,2,True,False,0,False,False,0
365,1981,41.1467346366016,-8.662631133006963,0.31408056472107276,14062.297683528826,0,None,None,2,True,False,0,False,False,0
366,1982,41.1467346366016,-8.661434204507067,0.3182066307536738,14246.933220292405,0,None,None,2,True,False,0,True,False,0
367,1983,41.1467346366016,-8.660237276007173,0.3460232873041577,15491.688702290614,0,None,None,2,True,False,0,True,False,0
368,1984,41.1467346366016,-8.659040347507279,0.3798784996264789,17006.660893716307,0,None,None,3,True,False,0,True,False,0
369,1985,41.1467346366016,-8.657843419007385,0.40536792843319513,18147.276272224517,0,None,None,3,True,False,0,True,False,0
370,1986,41.1467346366016,-8.656646490507491,0.4164680377469753,18643.990242648357,0,None,None,3,True,False,0,True,False,0
371,1987,41.1467346366016,-8.655449562007595,0.41302545231896665,18489.939482594436,0,None,None,3,True,False,0,True,False,0
372,1988,41.1467346366016,-8.654252633507701,0.3971490951481632,17779.49527134809,0,None,None,3,True,False,0,False,False,0
373,1989,41.1467346366016,-8.653055705007807,0.3711863461002232,16617.69949094885,0,None,None,3,True,False,0,False,False,0
374,1990,41.1467346366016,-8.651858776507913,0.3370717516883442,15091.120323058414,0,None,None,2,True,False,0,False,False,0
375,1991,41.1467346366016,-8.650661848008017,0.29653331525882376,13277.083438873511,0,None,None,2,True,False,0,False,False,0
376,1992,41.1467346366016,-8.649464919508123,0.2522102223159165,11293.688604211397,0,None,None,2,True,False,0,True,False,0
377,1993,41.1467346366016,-8.648267991008229,0.21004260269664565,9406.748109093214,0,None,None,2,True,False,0,False,True,0
378,1994,41.1467346366016,-8.647071062508335,0.18096314835435606,8105.484237197299,0,None,None,2,True,False,0,False,True,0
379,1995,41.1467346366016,-8.645874134008439,0.17393005804656667,7790.763533789937,0,None,None,2,True,False,0,False,True,0
380,1996,41.1467346366016,-8.644677205508545,0.18252061469079447,8175.1786218114585,0,None,None,2,True,False,0,False,True,0
381,2004,41.1467346366016,-8.635101777509389,0.16930086248241605,7583.613672150004,0,None,None,2,True,False,0,False,True,0
382,2005,41.1467346366016,-8.633904849009495,0.15943565369857293,7142.159729169501,0,None,None,2,True,False,0,True,False,0
383,2006,41.1467346366016,-8.632707920509601,0.14695710670805887,6583.762649864712,0,None,None,2,True,False,0,True,False,0
384,2007,41.1467346366016,-8.631510992009707,0.13152634424593848,5893.258162696129,0,None,None,1,True,False,0,True,False,0
385,2008,41.1467346366016,-8.630314063509811,0.1132375145657511,5074.859266968716,0,None,None,1,True,False,0,True,False,0
386,2009,41.1467346366016,-8.629117135009917,0.09290632039266726,4165.067489636085,0,None,None,1,True,False,0,True,True,0
387,2010,41.1467346366016,-8.627920206510023,0.07249928924667916,3251.882116542246,0,None,None,1,True,False,0,True,True,0
388,2011,41.1467346366016,-8.626723278010129,0.05537621638472007,2485.649166335025,0,None,None,1,True,False,0,False,True,0
389,2012,41.1467346366016,-8.625526349510233,0.04198729628788696,1886.5141963100582,0,None,None,1,True,False,0,False,True,0
390,2013,41.1467346366016,-8.624329421010339,0.02336171121216558,1053.0459796553555,0,None,None,1,True,False,0,True,False,0
391,2014,41.1467346366016,-8.623132492510445,0.001916848918360277,93.41915130288672,0,None,None,1,True,False,0,True,False,0
392,2015,41.1467346366016,-8.62193556401055,0.009936564048139356,452.2899003355489,0,None,None,1,True,False,0,False,False,0
393,2016,41.1467346366016,-8.620738635510655,0.023901068988335796,1077.1814665147408,0,None,None,1,True,False,0,True,False,0
394,2017,41.1467346366016,-8.619541707010761,0.01758334002398279,794.4721571523812,0,None,None,1,True,False,0,True,False,0
395,2018,41.1467346366016,-8.618344778510867,0.004343758297363266,202.01986499197605,0,None,None,1,True,False,0,True,False,0
396,2019,41.1467346366016,-8.617147850010973,0.005212123235587934,240.87795044406775,0,None,None,1,True,False,0,True,False,0
397,2020,41.1467346366016,-8.615950921511077,0.011672657985429675,529.9776138745215,0,None,None,1,True,False,0,True,False,0
398,2021,41.1467346366016,-8.614753993011183,0.02748955762384852,1237.761185829175,0,None,None,1,True,False,0,True,False,0
399,2022,41.1467346366016,-8.613557064511289,0.04287075401123931,1926.047662248378,0,None,None,1,True,False,0,True,False,0
400,2023,41.1467346366016,-8.612360136011395,0.05239925744059343,2352.43452356658,0,None,None,1,True,False,0,True,False,0
401,2024,41.1467346366016,-8.611163207511499,0.05504208188045492,2470.697126532759,0,None,None,1,True,False,0,True,False,0
402,2025,41.1467346366016,-8.609966279011605,0.056163639878858786,2520.885238262091,0,None,None,1,True,False,0,True,False,0
403,2026,41.1467346366016,-8.60876935051171,0.06404730612374385,2873.667994836557,0,None,None,1,True,False,0,True,False,0
404,2027,41.1467346366016,-8.607572422011817,0.07880719220101058,3534.151726050012,0,None,None,1,True,False,0,True,False,0
405,2028,41.1467346366016,-8.606375493511923,0.09685149305620798,4341.608307597414,0,None,None,1,True,False,0,True,False,0
406,2029,41.1467346366016,-8.605178565012027,0.11615515073651274,5205.419300718301,0,None,None,1,True,False,0,True,False,0
407,2030,41.1467346366016,-8.603981636512133,0.1352606939951876,6060.364957635351,0,None,None,1,True,False,0,True,False,0
408,2031,41.1467346366016,-8.602784708012239,0.1526734333959004,6839.560069970531,0,None,None,2,True,False,0,True,False,0
409,2032,41.1467346366016,-8.601587779512345,0.16675225320696094,7469.567062654119,0,None,None,2,True,False,0,True,False,0
410,2033,41.1467346366016,-8.600390851012449,0.1755537728467453,7863.422442133428,0,None,None,2,True,False,0,True,False,0
411,2034,41.1467346366016,-8.599193922512555,0.17656635334022242,7908.733966828446,0,None,None,2,True,False,0,True,False,0
412,2035,41.1467346366016,-8.59799699401266,0.16640642060615726,7454.09154981084,0,None,None,2,True,False,0,True,False,0
413,2036,41.1467346366016,-8.596800065512767,0.14098915620741892,6316.705425051104,0,None,None,2,True,False,0,True,False,0
414,2037,41.1467346366016,-8.595603137012871,0.09817271335856288,4400.73102104426,0,None,None,1,True,False,0,True,False,0
415,2038,41.1467346366016,-8.594406208512977,0.04612249616239059,2071.5584593977132,0,None,None,1,True,False,0,True,False,0
416,2039,41.1467346366016,-8.593209280013083,0.005852259667425972,269.52313759339495,0,None,None,1,True,False,0,True,False,0
417,2040,41.1467346366016,-8.592012351513189,0.01994711480403158,900.2476880949614,0,None,None,1,True,False,0,True,False,0
418,2041,41.1467346366016,-8.590815423013293,0.07627458803245994,3420.8213221312817,0,None,None,1,True,False,0,True,False,0
419,2042,41.1467346366016,-8.589618494513399,0.1394525935438446,6247.94644981457,0,None,None,2,True,False,0,True,False,0
420,2043,41.1467346366016,-8.588421566013505,0.19716397785974493,8830.448120011617,0,None,None,2,True,False,0,True,False,0
421,2044,41.1467346366016,-8.58722463751361,0.24689046846884083,11055.637249908239,0,None,None,2,True,False,0,True,False,0
422,2045,41.1467346366016,-8.586027709013715,0.2899602105290787,12982.946430306385,0,None,None,2,True,False,0,True,False,0
423,2046,41.1467346366016,-8.58483078051382,0.32828256114840365,14697.816653112952,0,None,None,2,True,False,0,True,False,0
424,2047,41.1467346366016,-8.583633852013927,0.3634294978705989,16270.59165865673,0,None,None,2,True,False,0,True,False,0
425,2048,41.1467346366016,-8.582436923514033,0.39653120599675584,17751.845618087795,0,None,None,3,True,False,0,True,False,0
426,2049,41.1467346366016,-8.581239995014139,0.42835469030568746,19175.900895109844,0,None,None,3,True,False,0,True,False,0
427,2050,41.1467346366016,-8.580043066514243,0.4593913435988995,20564.746612764266,0,None,None,3,True,False,0,True,False,0
428,2051,41.1467346366016,-8.578846138014349,0.4899211709852292,21930.912598048064,0,None,None,3,True,False,0,True,True,0
429,2052,41.1467346366016,-8.577649209514455,0.5200552452922034,23279.369200676494,0,None,None,3,True,False,0,True,True,0
430,2053,41.1467346366016,-8.57645228101456,0.5497627079621433,24608.735544455205,0,None,None,3,True,False,0,True,False,0
431,2054,41.1467346366016,-8.575255352514665,0.5788872545443998,25912.017229411882,0,None,None,3,True,False,0,True,False,0
432,2055,41.1467346366016,-8.57405842401477,0.6071562608874448,27177.01471580229,0,None,None,3,True,False,0,True,False,0
433,2056,41.1467346366016,-8.572861495514877,0.6341846223838489,28386.49512481618,0,None,None,3,True,False,0,True,False,0
434,2057,41.1467346366016,-8.571664567014983,0.6594751244483126,29518.208816937837,0,None,None,3,True,False,0,True,False,0
435,2058,41.1467346366016,-8.570467638515087,0.682417801177305,30544.860692884773,0,None,None,3,True,False,0,True,True,0
436,2059,41.1467346366016,-8.569270710015193,0.7022924635146531,31434.223325391627,0,None,None,3,True,False,0,True,False,0
437,2061,41.1467346366016,-8.566876853015405,0.7295067262268413,32652.02254716569,0,None,None,3,True,False,0,True,True,0
438,2062,41.1467346366016,-8.565679924515509,0.7351041589471391,32902.49963275869,0,None,None,3,True,False,0,True,True,0
439,2063,41.1467346366016,-8.564482996015615,0.73436847827326,32869.57897782128,0,None,None,3,True,False,0,True,True,0
440,2110,41.14764101042038,-8.674600418005907,0.5731899047759563,25657.06899922971,0,None,None,3,True,False,0,True,False,0
441,2111,41.14764101042038,-8.673403489506013,0.5651854452479945,25298.880916496597,0,None,None,3,True,False,0,True,False,0
442,2112,41.14764101042038,-8.672206561006119,0.563825948937056,25238.04540656657,0,None,None,3,True,False,0,True,False,0
443,2113,41.14764101042038,-8.671009632506223,0.5594962292148832,25044.29665930397,0,None,None,3,True,False,0,True,False,0
444,2114,41.14764101042038,-8.669812704006329,0.5438876843813364,24345.836666015013,0,None,None,3,True,False,0,True,True,0
445,2115,41.14764101042038,-8.668615775506435,0.5114656168588038,22894.995648758162,0,None,None,3,True,False,0,True,False,0
446,2116,41.14764101042038,-8.667418847006541,0.4595893637023692,20573.607728365718,0,None,None,3,True,False,0,True,False,0
447,2117,41.14764101042038,-8.666221918506645,0.38908848216310804,17418.794401953386,0,None,None,3,True,False,0,True,False,0
448,2118,41.14764101042038,-8.665024990006751,0.3071437158844849,13751.88364791442,0,None,None,2,True,False,0,True,False,0
449,2119,41.14764101042038,-8.663828061506857,0.2321472999609478,10395.901605945524,0,None,None,2,True,False,0,True,False,0
450,2120,41.14764101042038,-8.662631133006963,0.192536770220477,8623.387215158817,0,None,None,2,True,False,0,True,False,0
451,2121,41.14764101042038,-8.661434204507067,0.2069236296705698,9267.178539854494,0,None,None,2,True,False,0,True,False,0
452,2122,41.14764101042038,-8.660237276007173,0.2616562796769895,11716.38612222999,0,None,None,2,True,False,0,True,False,0
453,2123,41.14764101042038,-8.659040347507279,0.3237731937208979,14496.028928713189,0,None,None,2,True,False,0,True,False,0
454,2124,41.14764101042038,-8.657843419007385,0.3701430825176338,16571.01494202614,0,None,None,3,True,False,0,True,False,0
455,2125,41.14764101042038,-8.656646490507491,0.39442540996982495,17657.614266317134,0,None,None,3,True,False,0,True,False,0
456,2126,41.14764101042038,-8.655449562007595,0.39913006353232494,17868.140765150525,0,None,None,3,True,False,0,True,False,0
457,2127,41.14764101042038,-8.654252633507701,0.38892361932814495,17411.417026558698,0,None,None,3,True,False,0,True,False,0
458,2128,41.14764101042038,-8.653055705007807,0.36805364329890683,16477.515533961327,0,None,None,3,True,False,0,False,False,0
459,2129,41.14764101042038,-8.651858776507913,0.3399508241284934,15219.954685176725,0,None,None,2,True,False,0,True,False,0
460,2130,41.14764101042038,-8.650661848008017,0.30761849876767916,13773.129500935698,0,None,None,2,True,False,0,True,False,0
461,2131,41.14764101042038,-8.649464919508123,0.2743031720568085,12282.316416241083,0,None,None,2,True,False,0,True,False,0
462,2132,41.14764101042038,-8.648267991008229,0.24408815754316285,10930.237855460151,0,None,None,2,True,False,0,True,False,0
463,2133,41.14764101042038,-8.647071062508335,0.22132255933194636,9911.509989192293,0,None,None,2,True,False,0,False,False,0
464,2134,41.14764101042038,-8.645874134008439,0.20758820148515528,9296.917175333041,0,None,None,2,True,False,0,True,False,0
465,2135,41.14764101042038,-8.644677205508545,0.19899168943008705,8912.235591218516,0,None,None,2,True,False,0,False,False,0
466,2136,41.14764101042038,-8.643480277008651,0.18967422012552965,8495.292204289575,0,None,None,2,True,False,0,True,False,0
467,2137,41.14764101042038,-8.642283348508757,0.17866135176756537,8002.48214150501,0,None,None,2,True,False,0,True,False,0
468,2138,41.14764101042038,-8.641086420008861,0.1710892591943957,7663.641859836188,0,None,None,2,True,False,0,True,True,0
469,2139,41.14764101042038,-8.639889491508967,0.17111417561788192,7664.75683404849,0,None,None,2,True,False,0,True,True,0
470,2140,41.14764101042038,-8.638692563009073,0.1755828948160437,7864.7256084886285,0,None,None,2,True,False,0,False,True,0
471,2141,41.14764101042038,-8.637495634509179,0.17845504423500097,7993.250175338588,0,None,None,2,True,False,0,False,False,0
472,2142,41.14764101042038,-8.636298706009283,0.17680372480956127,7919.355999609174,0,None,None,2,True,False,0,False,False,0
473,2143,41.14764101042038,-8.635101777509389,0.17057509761339457,7640.633866570624,0,None,None,2,True,False,0,True,True,0
474,2144,41.14764101042038,-8.633904849009495,0.1604825689688884,7189.007685880178,0,None,None,2,True,False,0,True,False,0
475,2145,41.14764101042038,-8.632707920509601,0.14708437415373374,6589.45768551345,0,None,None,2,True,False,0,True,False,0
476,2146,41.14764101042038,-8.631510992009707,0.13078062440508445,5859.8882694361955,0,None,None,1,True,False,0,True,False,0
477,2147,41.14764101042038,-8.630314063509811,0.11207638190691836,5022.900245948842,0,None,None,1,True,False,0,False,False,0
478,2148,41.14764101042038,-8.629117135009917,0.09186816198080149,4118.611389780692,0,None,None,1,True,False,0,True,False,0
479,2149,41.14764101042038,-8.627920206510023,0.07177342847066445,3219.400887949155,0,None,None,1,True,False,0,False,False,0
480,2150,41.14764101042038,-8.626723278010129,0.05446906922487938,2445.0556320926376,0,None,None,1,True,False,0,True,False,0
481,2151,41.14764101042038,-8.625526349510233,0.04215163586491907,1893.868156662868,0,None,None,1,True,False,0,False,True,0
482,2152,41.14764101042038,-8.624329421010339,0.03070281543971215,1381.549864174138,0,None,None,1,True,False,0,True,False,0
483,2153,41.14764101042038,-8.623132492510445,0.02000392877109717,902.7900316304116,0,None,None,1,True,False,0,True,False,0
484,2154,41.14764101042038,-8.62193556401055,0.02232579131608559,1006.6900501705752,0,None,None,1,True,False,0,True,False,0
485,2155,41.14764101042038,-8.620738635510655,0.02572739429303955,1158.906904322704,0,None,None,1,True,False,0,True,False,0
486,2156,41.14764101042038,-8.619541707010761,0.016792577408723825,759.0866643446299,0,None,None,1,True,False,0,True,False,0
487,2157,41.14764101042038,-8.618344778510867,0.005178509984070839,239.37380565162107,0,None,None,1,True,False,0,True,False,0
488,2158,41.14764101042038,-8.617147850010973,0.0006202361275065047,35.397588700096094,0,None,None,1,True,False,0,True,False,0
489,2159,41.14764101042038,-8.615950921511077,0.007305107787285087,334.5360070740717,0,None,None,1,True,False,0,True,False,0
490,2160,41.14764101042038,-8.614753993011183,0.025501712772699064,1148.8079799922518,0,None,None,1,True,False,0,True,False,0
491,2161,41.14764101042038,-8.613557064511289,0.041245639637914035,1853.326125014043,0,None,None,1,True,False,0,True,False,0
492,2162,41.14764101042038,-8.612360136011395,0.047661412438261476,2140.4227554086306,0,None,None,1,True,False,0,True,False,0
493,2163,41.14764101042038,-8.611163207511499,0.040292080827349926,1810.6557359720246,0,None,None,1,True,False,0,True,False,0
494,2164,41.14764101042038,-8.609966279011605,0.029911903677972237,1346.1576972752916,0,None,None,1,True,False,0,True,False,0
495,2165,41.14764101042038,-8.60876935051171,0.043256262804158604,1943.2986277795483,0,None,None,1,True,False,0,True,False,0
496,2166,41.14764101042038,-8.607572422011817,0.06816635469022105,3057.989510056551,0,None,None,1,True,False,0,True,False,0
497,2167,41.14764101042038,-8.606375493511923,0.0915149742113211,4102.806743688968,0,None,None,1,True,False,0,False,False,0
498,2168,41.14764101042038,-8.605178565012027,0.11273977288122228,5052.586040518519,0,None,None,1,True,False,0,True,False,0
499,2169,41.14764101042038,-8.603981636512133,0.1321620972783682,5921.7071990092345,0,None,None,1,True,False,0,True,False,0
500,2170,41.14764101042038,-8.602784708012239,0.14916590443905048,6682.603180152281,0,None,None,2,True,False,0,True,False,0
501,2171,41.14764101042038,-8.601587779512345,0.16251169877744426,7279.808334344233,0,None,None,2,True,False,0,True,False,0
502,2172,41.14764101042038,-8.600390851012449,0.17049553241275683,7637.073437965902,0,None,None,2,True,False,0,True,False,0
503,2173,41.14764101042038,-8.599193922512555,0.17085036573800805,7652.9517203180785,0,None,None,2,True,False,0,True,False,0
504,2174,41.14764101042038,-8.59799699401266,0.16048568245606654,7189.147009965589,0,None,None,2,True,False,0,True,False,0
505,2175,41.14764101042038,-8.596800065512767,0.13545996220562984,6069.281924233612,0,None,None,2,True,False,0,True,False,0
506,2176,41.14764101042038,-8.595603137012871,0.0929677854889538,4167.817964532857,0,None,None,1,True,False,0,True,False,0
507,2177,41.14764101042038,-8.594406208512977,0.039310786740199076,1766.7442330846584,0,None,None,1,True,False,0,True,False,0
508,2178,41.14764101042038,-8.593209280013083,0.0004909504630530578,29.61224065583557,0,None,None,1,True,False,0,True,False,0
509,2179,41.14764101042038,-8.592012351513189,0.024561311760684393,1106.72638356252,0,None,None,1,True,False,0,True,False,0
510,2180,41.14764101042038,-8.590815423013293,0.0760375250367589,3410.213093103388,0,None,None,1,True,False,0,True,False,0
511,2181,41.14764101042038,-8.589618494513399,0.1353457052053152,6064.169087353299,0,None,None,2,True,False,0,True,False,0
512,2182,41.14764101042038,-8.588421566013505,0.1894612720680458,8485.763084157801,0,None,None,2,True,False,0,True,False,0
513,2183,41.14764101042038,-8.58722463751361,0.2360170326908704,10569.066595084209,0,None,None,2,True,False,0,True,False,0
514,2184,41.14764101042038,-8.586027709013715,0.2764607873920255,12378.866607730868,0,None,None,2,True,False,0,True,False,0
515,2185,41.14764101042038,-8.58483078051382,0.3126779233386794,13999.531493536042,0,None,None,2,True,False,0,True,False,0
516,2186,41.14764101042038,-8.583633852013927,0.3461738483308252,15498.426092277778,0,None,None,2,True,False,0,True,False,0
517,2187,41.14764101042038,-8.582436923514033,0.37801993374993553,16923.49273656257,0,None,None,3,True,False,0,False,False,0
518,2188,41.14764101042038,-8.581239995014139,0.40894140432590065,18307.184192831755,0,None,None,3,True,False,0,True,False,0
519,2189,41.14764101042038,-8.580043066514243,0.43940086511494614,19670.201373816944,0,None,None,3,True,False,0,True,True,0
520,2190,41.14764101042038,-8.578846138014349,0.4696576200817905,21024.14776000838,0,None,None,3,True,False,0,True,True,0
521,2191,41.14764101042038,-8.577649209514455,0.49980763650853455,22373.31774963004,0,None,None,3,True,False,0,True,True,0
522,2192,41.14764101042038,-8.57645228101456,0.5298105343464939,23715.904393422155,0,None,None,3,True,False,0,False,True,0
523,2193,41.14764101042038,-8.575255352514665,0.5595079694706061,25044.822018908013,0,None,None,3,True,False,0,True,False,0
524,2194,41.14764101042038,-8.57405842401477,0.5886360972034917,26348.263955218747,0,None,None,3,True,False,0,True,False,0
525,2195,41.14764101042038,-8.572861495514877,0.6168339009891397,27610.075229294547,0,None,None,3,True,False,0,True,False,0
526,2196,41.14764101042038,-8.571664567014983,0.6436490293700923,28810.013762241484,0,None,None,3,True,False,0,True,False,0
527,2197,41.14764101042038,-8.570467638515087,0.6685433980866096,29924.001055233766,0,None,None,3,True,False,0,False,True,0
528,2198,41.14764101042038,-8.569270710015193,0.6909022130041382,30924.525952575998,0,None,None,3,True,False,0,True,True,0
529,2199,41.14764101042038,-8.568073781515299,0.7100522650162319,31781.463312367705,0,None,None,3,True,False,0,True,True,0
530,2200,41.14764101042038,-8.566876853015405,0.7252981537233424,32463.694964172035,0,None,None,3,True,False,0,False,True,0
531,2201,41.14764101042038,-8.565679924515509,0.7359876499814705,32942.034589315546,0,None,None,3,True,False,0,True,True,0
532,2202,41.14764101042038,-8.564482996015615,0.7416172424499055,33193.95077750957,0,None,None,3,True,False,0,False,True,0
533,2203,41.14764101042038,-8.56328606751572,0.7419807825033171,33210.21867345849,0,None,None,3,True,False,0,True,True,0
534,2249,41.14854738423916,-8.674600418005907,0.46422110136705513,20780.871345358362,0,None,None,3,True,False,0,True,False,0
535,2250,41.14854738423916,-8.673403489506013,0.47039195503586545,21057.008195914786,0,None,None,3,True,False,0,True,False,0
536,2251,41.14854738423916,-8.672206561006119,0.4883850368112426,21862.17279710598,0,None,None,3,True,False,0,True,True,0
537,2252,41.14854738423916,-8.671009632506223,0.5024848882265517,22493.120923913146,0,None,None,3,True,False,0,True,False,0
538,2253,41.14854738423916,-8.669812704006329,0.5001318625981181,22387.826402087376,0,None,None,3,True,False,0,True,False,0
539,2254,41.14854738423916,-8.668615775506435,0.47379716752669204,21209.386570635434,0,None,None,3,True,False,0,True,False,0
540,2255,41.14854738423916,-8.667418847006541,0.4196822813598768,18787.823033996792,0,None,None,3,True,False,0,True,False,0
541,2256,41.14854738423916,-8.666221918506645,0.33709810217729247,15092.299469643202,0,None,None,2,True,False,0,True,False,0
542,2257,41.14854738423916,-8.665024990006751,0.2322221449330406,10399.25081109329,0,None,None,2,True,False,0,True,False,0
543,2258,41.14854738423916,-8.663828061506857,0.12824505868306516,5746.425340247629,0,None,None,1,True,False,0,True,False,0
544,2259,41.14854738423916,-8.662631133006963,0.07077555974308869,3174.747693676499,0,None,None,1,True,False,0,True,False,0
545,2260,41.14854738423916,-8.661434204507067,0.09604353866934859,4305.4535076694465,0,None,None,1,True,False,0,True,False,0
546,2261,41.14854738423916,-8.660237276007173,0.18240125146151465,8169.837288509038,0,None,None,2,True,False,0,True,False,0
547,2262,41.14854738423916,-8.659040347507279,0.27503364293859256,12315.00394045488,0,None,None,2,True,False,0,True,False,0
548,2263,41.14854738423916,-8.657843419007385,0.3414507588987484,15287.07461472419,0,None,None,2,True,False,0,True,False,0
549,2264,41.14854738423916,-8.656646490507491,0.3770375878146608,16879.53416498037,0,None,None,3,True,False,0,True,False,0
550,2265,41.14854738423916,-8.655449562007595,0.38807565385202913,17373.471787776143,0,None,None,3,True,False,0,True,False,0
551,2266,41.14854738423916,-8.654252633507701,0.38189659587423114,17096.967806160315,0,None,None,3,True,False,0,True,False,0
552,2267,41.14854738423916,-8.653055705007807,0.36431276962352394,16310.11680268517,0,None,None,2,True,False,0,True,False,0
553,2268,41.14854738423916,-8.651858776507913,0.3396956395739465,15208.535542383015,0,None,None,2,True,False,0,True,False,0
554,2269,41.14854738423916,-8.650661848008017,0.3115754243559233,13950.196245419775,0,None,None,2,True,False,0,True,False,0
555,2270,41.14854738423916,-8.649464919508123,0.2830895994472294,12675.496439208846,0,None,None,2,True,False,0,True,False,0
556,2271,41.14854738423916,-8.648267991008229,0.2569685689512846,11506.617791041333,0,None,None,2,True,False,0,True,False,0
557,2272,41.14854738423916,-8.647071062508335,0.2348003635042211,10514.622394102991,0,None,None,2,True,False,0,True,False,0
558,2273,41.14854738423916,-8.645874134008439,0.21575937509623816,9662.565474160585,0,None,None,2,True,False,0,True,False,0
559,2274,41.14854738423916,-8.644677205508545,0.19612497718927693,8783.954330291861,0,None,None,2,True,False,0,True,False,0
560,2275,41.14854738423916,-8.643480277008651,0.1716552919983117,7688.971015926049,0,None,None,2,True,False,0,True,False,0
561,2276,41.14854738423916,-8.642283348508757,0.14408297787048435,6455.149506870797,0,None,None,2,True,False,0,True,False,0
562,2277,41.14854738423916,-8.641086420008861,0.12737403841281203,5707.44843249592,0,None,None,1,True,False,0,True,False,0
563,2278,41.14854738423916,-8.639889491508967,0.13432938748737203,6018.690327223887,0,None,None,1,True,False,0,True,True,0
564,2279,41.14854738423916,-8.638692563009073,0.15390443025171494,6894.645413596096,0,None,None,2,True,False,0,True,False,0
565,2280,41.14854738423916,-8.637495634509179,0.1686051592174917,7552.481948921982,0,None,None,2,True,False,0,True,False,0
566,2281,41.14854738423916,-8.636298706009283,0.17325103160499153,7760.378074486502,0,None,None,2,True,False,0,True,False,0
567,2282,41.14854738423916,-8.635101777509389,0.16960416040547813,7597.185819173677,0,None,None,2,True,False,0,True,False,0
568,2283,41.14854738423916,-8.633904849009495,0.16016337644003042,7174.724278045459,0,None,None,2,True,False,0,True,False,0
569,2284,41.14854738423916,-8.632707920509601,0.14660579174748714,6568.041809285401,0,None,None,2,True,False,0,True,False,0
570,2285,41.14854738423916,-8.631510992009707,0.12989331789682873,5820.182575893929,0,None,None,1,True,False,0,True,False,0
571,2286,41.14854738423916,-8.630314063509811,0.11056034993299843,4955.059989626284,0,None,None,1,True,False,0,False,False,0
572,2287,41.14854738423916,-8.629117135009917,0.0888158882710563,3982.026519278049,0,None,None,1,True,False,0,True,False,0
573,2288,41.14854738423916,-8.627920206510023,0.06448966296889368,2893.4628291654194,0,None,None,1,True,False,0,True,False,0
574,2289,41.14854738423916,-8.626723278010129,0.038925587158139124,1749.507104295929,0,None,None,1,True,False,0,True,False,0
575,2290,41.14854738423916,-8.625526349510233,0.027827688112316454,1252.8920401929024,0,None,None,1,True,False,0,True,False,0
576,2291,41.14854738423916,-8.624329421010339,0.03173590738240901,1427.7792468012792,0,None,None,1,True,False,0,True,False,0
577,2292,41.14854738423916,-8.623132492510445,0.03093845906033923,1392.0945782033432,0,None,None,1,True,False,0,True,False,0
578,2293,41.14854738423916,-8.62193556401055,0.03157588114594015,1420.6183022518635,0,None,None,1,True,False,0,False,False,0
579,2294,41.14854738423916,-8.620738635510655,0.029894532597173448,1345.38036632564,0,None,None,1,True,False,0,True,True,0
580,2295,41.14854738423916,-8.619541707010761,0.019398475704482093,875.6968753269581,0,None,None,1,True,False,0,True,True,0
581,2296,41.14854738423916,-8.618344778510867,0.00513917575402983,237.61365527607666,0,None,None,1,True,False,0,True,True,0
582,2297,41.14854738423916,-8.617147850010973,0.008519202628579223,388.8650097931396,0,None,None,1,True,False,0,True,True,0
583,2298,41.14854738423916,-8.615950921511077,0.017587200159288562,794.6448926705552,0,None,None,1,True,False,0,True,False,0
584,2299,41.14854738423916,-8.614753993011183,0.03152396688725039,1418.295213638368,0,None,None,1,True,False,0,True,False,0
585,2300,41.14854738423916,-8.613557064511289,0.04346783155908424,1952.766026100237,0,None,None,1,True,False,0,True,False,0
586,2301,41.14854738423916,-8.612360136011395,0.04478235770997243,2011.5891858706589,0,None,None,1,True,False,0,True,False,0
587,2302,41.14854738423916,-8.611163207511499,0.026328058098316152,1185.7857480507057,0,None,None,1,True,False,0,True,False,0
588,2303,41.14854738423916,-8.609966279011605,0.0003805337617801833,24.67125164933407,0,None,None,1,True,False,0,True,False,0
589,2304,41.14854738423916,-8.60876935051171,0.02424227458714887,1092.449927655649,0,None,None,1,True,False,0,True,False,0
590,2305,41.14854738423916,-8.607572422011817,0.05879320911117708,2638.5546897032305,0,None,None,1,True,False,0,True,False,0
591,2306,41.14854738423916,-8.606375493511923,0.08582681493286877,3848.2697747515804,0,None,None,1,True,False,0,True,False,0
592,2307,41.14854738423916,-8.605178565012027,0.10877176597651678,4875.023423017208,0,None,None,1,True,False,0,True,False,0
593,2308,41.14854738423916,-8.603981636512133,0.12891145423302164,5776.245585268165,0,None,None,1,True,False,0,True,False,0
594,2309,41.14854738423916,-8.602784708012239,0.14597189660259635,6539.675910774815,0,None,None,2,True,False,0,True,False,0
595,2310,41.14854738423916,-8.601587779512345,0.15901396351003824,7123.289698081086,0,None,None,2,True,False,0,True,False,0
596,2311,41.14854738423916,-8.600390851012449,0.16670964867269975,7467.66057085546,0,None,None,2,True,False,0,True,False,0
597,2312,41.14854738423916,-8.599193922512555,0.16739080279020443,7498.141240604926,0,None,None,2,True,False,0,True,False,0
598,2313,41.14854738423916,-8.59799699401266,0.15900315663924236,7122.806106113732,0,None,None,2,True,False,0,True,False,0
599,2314,41.14854738423916,-8.596800065512767,0.13918892121253074,6236.1474911849255,0,None,None,2,True,False,0,True,False,0
600,2315,41.14854738423916,-8.595603137012871,0.10651783886662984,4774.163417755098,0,None,None,1,True,False,0,True,False,0
601,2316,41.14854738423916,-8.594406208512977,0.06564914619411753,2945.34804039715,0,None,None,1,True,False,0,True,False,0
602,2317,41.14854738423916,-8.593209280013083,0.03902598059012349,1753.9995663785792,0,None,None,1,True,False,0,True,False,0
603,2318,41.14854738423916,-8.592012351513189,0.056052285455454584,2515.9022875352284,0,None,None,1,True,False,0,True,False,0
604,2319,41.14854738423916,-8.590815423013293,0.09852983014519585,4416.711485018002,0,None,None,1,True,False,0,True,False,0
605,2320,41.14854738423916,-8.589618494513399,0.14599723240744905,6540.80965170173,0,None,None,2,True,False,0,True,False,0
606,2321,41.14854738423916,-8.588421566013505,0.19051474109668465,8532.904312153109,0,None,None,2,True,False,0,True,False,0
607,2322,41.14854738423916,-8.58722463751361,0.23029601974146968,10313.059471495324,0,None,None,2,True,False,0,True,False,0
608,2323,41.14854738423916,-8.586027709013715,0.26603664361657137,11912.401125580453,0,None,None,2,True,False,0,True,False,0
609,2324,41.14854738423916,-8.58483078051382,0.29892612412909997,13384.158203708916,0,None,None,2,True,False,0,True,False,0
610,2325,41.14854738423916,-8.583633852013927,0.33002670194226225,14775.864451941401,0,None,None,2,True,False,0,True,False,0
611,2326,41.14854738423916,-8.582436923514033,0.36015460734912896,16124.045005138343,0,None,None,2,True,False,0,True,False,0
612,2327,41.14854738423916,-8.581239995014139,0.3898891371172364,17454.62256273653,0,None,None,3,True,False,0,True,False,0
613,2328,41.14854738423916,-8.580043066514243,0.41960470505543485,18784.35160564407,0,None,None,3,True,False,0,True,False,0
614,2329,41.14854738423916,-8.578846138014349,0.44950238193301323,20122.229762382118,0,None,None,3,True,False,0,True,True,0
615,2330,41.14854738423916,-8.577649209514455,0.47963665086833773,21470.695074350064,0,None,None,3,True,False,0,False,True,0
616,2331,41.14854738423916,-8.57645228101456,0.5099372322568004,22826.602630046782,0,None,None,3,True,False,0,False,True,0
617,2332,41.14854738423916,-8.575255352514665,0.5402267237961607,24182.013930902816,0,None,None,3,True,False,0,True,True,0
618,2333,41.14854738423916,-8.57405842401477,0.5702348441765096,25524.834275975947,0,None,None,3,True,False,0,True,False,0
619,2334,41.14854738423916,-8.572861495514877,0.5996099695087078,26839.329000576556,0,None,None,3,True,False,0,True,False,0
620,2335,41.14854738423916,-8.571664567014983,0.6279288573096816,28106.55861066214,0,None,None,3,True,False,0,False,True,0
621,2336,41.14854738423916,-8.570467638515087,0.6547061678612573,29304.804849988213,0,None,None,3,True,False,0,False,True,0
622,2337,41.14854738423916,-8.569270710015193,0.6794065856400778,30410.113116710796,0,None,None,3,True,False,0,False,True,0
623,2338,41.14854738423916,-8.568073781515299,0.7014638261413961,31397.14299148887,0,None,None,3,True,False,0,True,True,0
624,2339,41.14854738423916,-8.566876853015405,0.7203121938806767,32240.580412791016,0,None,None,3,True,False,0,True,True,0
625,2340,41.14854738423916,-8.565679924515509,0.73543677111564,32917.38355021906,0,None,None,3,True,False,0,True,False,0
626,2341,41.14854738423916,-8.564482996015615,0.7464460141392509,33410.03138449129,0,None,None,3,True,False,0,False,True,0
627,2342,41.14854738423916,-8.56328606751572,0.7531627074134397,33710.593774467,0,None,None,3,True,False,0,False,False,0
628,2387,41.14945375805794,-8.675797346505801,0.34848157016132025,15601.693334127003,0,None,None,2,True,False,0,True,False,0
629,2388,41.14945375805794,-8.674600418005907,0.33344321894299195,14928.748687265663,0,None,None,2,True,False,0,True,False,0
630,2389,41.14945375805794,-8.673403489506013,0.35895458624065224,16070.34578177629,0,None,None,2,True,False,0,True,False,0
631,2390,41.14945375805794,-8.672206561006119,0.40461742748019625,18113.692431053856,0,None,None,3,True,False,0,True,False,0
632,2391,41.14945375805794,-8.671009632506223,0.4448308067193161,19913.183472211946,0,None,None,3,True,False,0,True,False,0
633,2392,41.14945375805794,-8.669812704006329,0.46163339710640466,20665.075291350615,0,None,None,3,True,False,0,False,False,0
634,2393,41.14945375805794,-8.668615775506435,0.4465841000957507,19991.640835982726,0,None,None,3,True,False,0,False,False,0
635,2394,41.14945375805794,-8.667418847006541,0.3964953515472246,17750.241182898862,0,None,None,3,True,False,0,True,False,0
636,2395,41.14945375805794,-8.666221918506645,0.3106749562903501,13909.901591065744,0,None,None,2,True,False,0,True,False,0
637,2396,41.14945375805794,-8.665024990006751,0.19454940957135702,8713.449939294858,0,None,None,2,True,False,0,True,False,0
638,2397,41.14945375805794,-8.663828061506857,0.07327403194170748,3286.550740897742,0,None,None,1,True,False,0,True,False,0
639,2398,41.14945375805794,-8.662631133006963,0.0036035299419763557,168.89570783002037,0,None,None,1,True,False,0,True,False,0
640,2399,41.14945375805794,-8.661434204507067,0.03524684008756998,1584.8884494743047,0,None,None,1,True,False,0,True,False,0
641,2400,41.14945375805794,-8.660237276007173,0.14080509378417325,6308.4688956195705,0,None,None,2,True,False,0,True,False,0
642,2401,41.14945375805794,-8.659040347507279,0.2503322336015708,11209.651302925024,0,None,None,2,True,False,0,True,False,0
643,2402,41.14945375805794,-8.657843419007385,0.326659985697413,14625.208729011407,0,None,None,2,True,False,0,True,False,0
644,2403,41.14945375805794,-8.656646490507491,0.3672937075845177,16443.50950075114,0,None,None,2,True,False,0,True,False,0
645,2404,41.14945375805794,-8.655449562007595,0.3809296749947394,17053.69948369958,0,None,None,3,True,False,0,True,False,0
646,2405,41.14945375805794,-8.654252633507701,0.37623297485510243,16843.528889131372,0,None,None,3,True,False,0,True,False,0
647,2406,41.14945375805794,-8.653055705007807,0.3596084001383131,16099.603015903005,0,None,None,2,True,False,0,True,False,0
648,2407,41.14945375805794,-8.651858776507913,0.33565130758877415,15027.557487007183,0,None,None,2,True,False,0,True,False,0
649,2408,41.14945375805794,-8.650661848008017,0.3079411411027756,13787.56728265138,0,None,None,2,True,False,0,True,False,0
650,2409,41.14945375805794,-8.649464919508123,0.279570634092245,12518.027786977798,0,None,None,2,True,False,0,True,False,0
651,2410,41.14945375805794,-8.648267991008229,0.2531417948050943,11335.375136907312,0,None,None,2,True,False,0,False,False,0
652,2411,41.14945375805794,-8.647071062508335,0.22993941508460214,10297.101924594015,0,None,None,2,True,False,0,True,False,0
653,2412,41.14945375805794,-8.645874134008439,0.20833657986362636,9330.406034338082,0,None,None,2,True,False,0,True,False,0
654,2413,41.14945375805794,-8.644677205508545,0.1825787992076798,8177.782295485503,0,None,None,2,True,False,0,True,False,0
655,2414,41.14945375805794,-8.643480277008651,0.14430961254849806,6465.2910836399715,0,None,None,2,True,False,0,True,False,0
656,2415,41.14945375805794,-8.642283348508757,0.09230989277933714,4138.378209421535,0,None,None,1,True,False,0,True,False,0
657,2416,41.14945375805794,-8.641086420008861,0.05658955617940012,2539.9443818011086,0,None,None,1,True,False,0,True,False,0
658,2417,41.14945375805794,-8.639889491508967,0.07786707242602209,3492.082714573811,0,None,None,1,True,False,0,True,False,0
659,2418,41.14945375805794,-8.638692563009073,0.12511227373985295,5606.237707528088,0,None,None,1,True,False,0,True,False,0
660,2419,41.14945375805794,-8.637495634509179,0.15678350688128803,7023.479963185115,0,None,None,2,True,False,0,True,False,0
661,2420,41.14945375805794,-8.636298706009283,0.16880885097651557,7561.596862974383,0,None,None,2,True,False,0,True,False,0
662,2421,41.14945375805794,-8.635101777509389,0.16794668140571478,7523.016011328226,0,None,None,2,True,False,0,True,False,0
663,2422,41.14945375805794,-8.633904849009495,0.1593991801437553,7140.527589907011,0,None,None,2,True,False,0,True,False,0
664,2423,41.14945375805794,-8.632707920509601,0.14605495172241567,6543.392508257171,0,None,None,2,True,False,0,True,False,0
665,2424,41.14945375805794,-8.631510992009707,0.1293623935608927,5796.424473388575,0,None,None,1,True,False,0,True,False,0
666,2425,41.14945375805794,-8.630314063509811,0.10985737184485174,4923.602728493655,0,None,None,1,True,False,0,True,False,0
667,2426,41.14945375805794,-8.629117135009917,0.08717328807642823,3908.5225166210853,0,None,None,1,True,False,0,True,False,0
668,2427,41.14945375805794,-8.627920206510023,0.0593068172714339,2661.5379181842814,0,None,None,1,True,False,0,True,False,0
669,2428,41.14945375805794,-8.626723278010129,0.021737779901973925,980.3773827993315,0,None,None,1,True,False,0,True,False,0
670,2429,41.14945375805794,-8.625526349510233,0.00311099584705051,146.8555135450855,0,None,None,1,True,False,0,True,False,0
671,2430,41.14945375805794,-8.624329421010339,0.02242688538902017,1011.213864930788,0,None,None,1,True,False,0,True,False,0
672,2431,41.14945375805794,-8.623132492510445,0.022190906240297324,1000.65413650056,0,None,None,1,True,False,0,True,False,0
673,2432,41.14945375805794,-8.62193556401055,0.030048271079034242,1352.2599428751435,0,None,None,1,True,False,0,True,False,0
674,2433,41.14945375805794,-8.620738635510655,0.03456435244565503,1554.3481064202117,0,None,None,1,True,False,0,True,False,0
675,2434,41.14945375805794,-8.619541707010761,0.030052103801073038,1352.4314516889403,0,None,None,1,True,False,0,True,False,0
676,2435,41.14945375805794,-8.618344778510867,0.02322762430041998,1047.0457826814081,0,None,None,1,True,False,0,True,False,0
677,2436,41.14945375805794,-8.617147850010973,0.024164550949345102,1088.9719063463124,0,None,None,1,True,False,0,True,False,0
678,2437,41.14945375805794,-8.615950921511077,0.03166971760397003,1424.8173491550024,0,None,None,1,True,False,0,True,False,0
679,2438,41.14945375805794,-8.614753993011183,0.04144533577663549,1862.2622407890026,0,None,None,1,True,False,0,True,False,0
680,2439,41.14945375805794,-8.613557064511289,0.04822820504282638,2165.7859114877147,0,None,None,1,True,False,0,True,False,0
681,2440,41.14945375805794,-8.612360136011395,0.04611537413889364,2071.2397590616515,0,None,None,1,True,False,0,True,False,0
682,2441,41.14945375805794,-8.611163207511499,0.03290002166447175,1479.8716911840243,0,None,None,1,True,False,0,True,False,0
683,2442,41.14945375805794,-8.609966279011605,0.020102005922116792,907.1788434622316,0,None,None,1,True,False,0,True,False,0
684,2443,41.14945375805794,-8.60876935051171,0.033099367709983986,1488.792140790025,0,None,None,1,True,False,0,True,False,0
685,2444,41.14945375805794,-8.607572422011817,0.05756491416654367,2583.5902527275534,0,None,None,1,True,False,0,True,False,0
686,2445,41.14945375805794,-8.606375493511923,0.08242346994565657,3695.974968139036,0,None,None,1,True,False,0,True,False,0
687,2446,41.14945375805794,-8.605178565012027,0.10567285301741779,4736.35151300268,0,None,None,1,True,False,0,True,False,0
688,2447,41.14945375805794,-8.603981636512133,0.12627153921967585,5658.113174965447,0,None,None,1,True,False,0,True,False,0
689,2448,41.14945375805794,-8.602784708012239,0.14340794942514862,6424.942952164575,0,None,None,2,True,False,0,True,False,0
690,2449,41.14945375805794,-8.601587779512345,0.15622139632075935,6998.326321860993,0,None,None,2,True,False,0,True,False,0
691,2450,41.14945375805794,-8.600390851012449,0.163735092530182,7334.5534500125705,0,None,None,2,True,False,0,True,False,0
692,2451,41.14945375805794,-8.599193922512555,0.16495345970931544,7389.073633721948,0,None,None,2,True,False,0,True,False,0
693,2452,41.14945375805794,-8.59799699401266,0.1590612330721187,7125.404943183404,0,None,None,2,True,False,0,True,False,0
694,2453,41.14945375805794,-8.596800065512767,0.14574860823670777,6529.68407667348,0,None,None,2,True,False,0,True,False,0
695,2454,41.14945375805794,-8.595603137012871,0.12602654701480193,5647.150125200275,0,None,None,1,True,False,0,True,False,0
696,2455,41.14945375805794,-8.594406208512977,0.10460885137874934,4688.738965815926,0,None,None,1,True,False,0,True,False,0
697,2456,41.14945375805794,-8.593209280013083,0.09305075954891161,4171.530934702679,0,None,None,1,True,False,0,True,False,0
698,2457,41.14945375805794,-8.592012351513189,0.10226512472193477,4583.860559632186,0,None,None,1,True,False,0,True,False,0
699,2458,41.14945375805794,-8.590815423013293,0.12811629769138466,5740.663470557397,0,None,None,1,True,False,0,True,False,0
700,2459,41.14945375805794,-8.589618494513399,0.16061379697667616,7194.87995100266,0,None,None,2,True,False,0,True,False,0
701,2460,41.14945375805794,-8.588421566013505,0.19395423242440887,8686.816615657302,0,None,None,2,True,False,0,True,False,0
702,2461,41.14945375805794,-8.58722463751361,0.22600281015497778,10120.944500436372,0,None,None,2,True,False,0,True,False,0
703,2462,41.14945375805794,-8.586027709013715,0.2564150836369214,11481.850117111553,0,None,None,2,True,False,0,True,False,0
704,2463,41.14945375805794,-8.58483078051382,0.28555002931061824,12785.59714649432,0,None,None,2,True,False,0,True,False,0
705,2464,41.14945375805794,-8.583633852013927,0.3139635057978835,14057.059464618793,0,None,None,2,True,False,0,True,False,0
706,2465,41.14945375805794,-8.582436923514033,0.34218546080932427,15319.951471407672,0,None,None,2,True,False,0,True,False,0
707,2466,41.14945375805794,-8.581239995014139,0.37062889132550414,16592.754189361713,0,None,None,3,True,False,0,True,False,0
708,2467,41.14945375805794,-8.580043066514243,0.3995624381025346,17887.488906993825,0,None,None,3,True,False,0,True,False,0
709,2468,41.14945375805794,-8.578846138014349,0.429112342508635,19209.804744458357,0,None,None,3,True,False,0,True,False,0
710,2469,41.14945375805794,-8.577649209514455,0.45927577745809883,20559.57519372496,0,None,None,3,True,False,0,True,True,0
711,2470,41.14945375805794,-8.57645228101456,0.48993737913899293,21931.637889680933,0,None,None,3,True,False,0,True,True,0
712,2471,41.14945375805794,-8.575255352514665,0.5208860233050757,23316.545325131625,0,None,None,3,True,False,0,False,False,0
713,2472,41.14945375805794,-8.57405842401477,0.5518307590625857,24701.277864904685,0,None,None,3,True,False,0,True,True,0
714,2473,41.14945375805794,-8.572861495514877,0.5824152497123634,26069.889952821894,0,None,None,3,True,False,0,True,False,0
715,2474,41.14945375805794,-8.571664567014983,0.6122305334291241,27404.081133793432,0,None,None,3,True,False,0,True,False,0
716,2475,41.14945375805794,-8.570467638515087,0.6408268617624452,28683.725809756575,0,None,None,3,True,False,0,True,False,0
717,2476,41.14945375805794,-8.569270710015193,0.6677265942539334,29887.45025529864,0,None,None,3,True,False,0,True,False,0
718,2477,41.14945375805794,-8.568073781515299,0.6924412350185641,30993.394980235586,0,None,None,3,True,False,0,True,True,0
719,2478,41.14945375805794,-8.566876853015405,0.7144962727412757,31980.32628383055,0,None,None,3,True,False,0,True,False,0
720,2479,41.14945375805794,-8.565679924515509,0.7334669319739903,32829.23607405588,0,None,None,3,True,False,0,False,False,0
721,2480,41.14945375805794,-8.564482996015615,0.7490253082103283,33525.45109457874,0,None,None,3,True,False,0,True,False,0
722,2481,41.14945375805794,-8.56328606751572,0.760993481403806,34061.0096785174,0,None,None,3,True,False,0,True,True,0
723,2526,41.15036013187672,-8.675797346505801,0.20314203991869195,9097.95782255602,0,None,None,2,True,False,0,True,False,0
724,2527,41.15036013187672,-8.674600418005907,0.18842239974407213,8439.275037759573,0,None,None,2,True,False,0,False,False,0
725,2528,41.15036013187672,-8.673403489506013,0.23760944982234591,10640.324977644837,0,None,None,2,True,False,0,True,False,0
726,2529,41.15036013187672,-8.672206561006119,0.31831818033540865,14251.92490407464,0,None,None,2,True,False,0,False,False,0
727,2530,41.15036013187672,-8.671009632506223,0.39050603249438387,17482.22774602411,0,None,None,3,True,False,0,True,False,0
728,2531,41.15036013187672,-8.669812704006329,0.4304525177632695,19269.775664831806,0,None,None,3,True,False,0,True,False,0
729,2532,41.15036013187672,-8.668615775506435,0.4309742255451686,19293.12133976371,0,None,None,3,True,False,0,False,False,0
730,2533,41.15036013187672,-8.667418847006541,0.3922064518841794,17558.31907473224,0,None,None,3,True,False,0,True,False,0
731,2534,41.15036013187672,-8.666221918506645,0.31649303858845534,14170.252428778382,0,None,None,2,True,False,0,True,False,0
732,2535,41.15036013187672,-8.665024990006751,0.21133119837192654,9464.410917273415,0,None,None,2,True,False,0,True,False,0
733,2536,41.15036013187672,-8.663828061506857,0.10164866872914907,4556.275038164571,0,None,None,1,True,False,0,True,False,0
734,2537,41.15036013187672,-8.662631133006963,0.039174254267536686,1760.6346007674588,0,None,None,1,True,False,0,True,False,0
735,2538,41.15036013187672,-8.661434204507067,0.06725213419401889,3017.0794541575806,0,None,None,1,True,False,0,True,False,0
736,2539,41.15036013187672,-8.660237276007173,0.16150124335465196,7234.59190351428,0,None,None,2,True,False,0,True,False,0
737,2540,41.15036013187672,-8.659040347507279,0.2602932243809985,11655.39135282367,0,None,None,2,True,False,0,True,False,0
738,2541,41.15036013187672,-8.657843419007385,0.32973376953932,14762.756147075374,0,None,None,2,True,False,0,True,False,0
739,2542,41.15036013187672,-8.656646490507491,0.3666018570055904,16412.550179695412,0,None,None,2,True,False,0,True,False,0
740,2543,41.15036013187672,-8.655449562007595,0.378217297196721,16932.324467719274,0,None,None,3,True,False,0,True,False,0
741,2544,41.15036013187672,-8.654252633507701,0.37220350807621194,16663.216030414842,0,None,None,3,True,False,0,True,False,0
742,2545,41.15036013187672,-8.653055705007807,0.3542159357671247,15858.29796993766,0,None,None,2,True,False,0,True,False,0
743,2546,41.15036013187672,-8.651858776507913,0.3282446551321431,14696.120413255536,0,None,None,2,True,False,0,True,False,0
744,2547,41.15036013187672,-8.650661848008017,0.29742168678307745,13316.83679035409,0,None,None,2,True,False,0,True,False,0
745,2548,41.15036013187672,-8.649464919508123,0.2648787213017256,11860.585762849258,0,None,None,2,True,False,0,True,False,0
746,2549,41.15036013187672,-8.648267991008229,0.23438199656007813,10495.901073434432,0,None,None,2,True,False,0,True,False,0
747,2550,41.15036013187672,-8.647071062508335,0.20958428582570232,9386.23908650225,0,None,None,2,True,False,0,True,False,0
748,2551,41.15036013187672,-8.645874134008439,0.19020651623526566,8519.111691704884,0,None,None,2,True,False,0,False,False,0
749,2552,41.15036013187672,-8.644677205508545,0.16749234555172937,7502.6851335359825,0,None,None,2,True,False,0,True,False,0
750,2553,41.15036013187672,-8.643480277008651,0.12581720872381144,5637.782536941434,0,None,None,1,True,False,0,False,False,0
751,2554,41.15036013187672,-8.642283348508757,0.05652329091449476,2536.979106243735,0,None,None,1,True,False,0,True,False,0
752,2555,41.15036013187672,-8.641086420008861,0.0017310317752645239,85.10410067493264,0,None,None,1,True,False,0,True,False,0
753,2556,41.15036013187672,-8.639889491508967,0.03647876790839362,1640.0154524487025,0,None,None,1,True,False,0,True,False,0
754,2557,41.15036013187672,-8.638692563009073,0.10697660177102196,4794.69239970313,0,None,None,1,True,False,0,True,False,0
755,2558,41.15036013187672,-8.637495634509179,0.15010034912334522,6724.418239459966,0,None,None,2,True,False,0,True,False,0
756,2559,41.15036013187672,-8.636298706009283,0.16629699898590394,7449.195089252676,0,None,None,2,True,False,0,True,False,0
757,2560,41.15036013187672,-8.635101777509389,0.16682662683890367,7472.895176006233,0,None,None,2,True,False,0,True,False,0
758,2561,41.15036013187672,-8.633904849009495,0.15873620566354166,7110.860432850479,0,None,None,2,True,False,0,True,False,0
759,2562,41.15036013187672,-8.632707920509601,0.145665264884493,6525.954581204851,0,None,None,2,True,False,0,True,False,0
760,2563,41.15036013187672,-8.631510992009707,0.12941268983271373,5798.6751594104435,0,None,None,1,True,False,0,True,False,0
761,2564,41.15036013187672,-8.630314063509811,0.11070907562660325,4961.715251091392,0,None,None,1,True,False,0,True,False,0
762,2565,41.15036013187672,-8.629117135009917,0.08947303830276496,4011.433040618243,0,None,None,1,True,False,0,True,False,0
763,2566,41.15036013187672,-8.627920206510023,0.06506079368735751,2919.0201096191363,0,None,None,1,True,False,0,True,False,0
764,2567,41.15036013187672,-8.626723278010129,0.039090741800917324,1756.8975376717922,0,None,None,1,True,False,0,True,True,0
765,2568,41.15036013187672,-8.625526349510233,0.025107530566388973,1131.168891652496,0,None,None,1,True,False,0,True,False,0
766,2569,41.15036013187672,-8.624329421010339,0.011583323858813272,525.9800398442466,0,None,None,1,True,False,0,True,False,0
767,2570,41.15036013187672,-8.623132492510445,0.0026607437215753335,126.70737674620695,0,None,None,1,True,False,0,True,False,0
768,2571,41.15036013187672,-8.62193556401055,0.022897466564306253,1032.2716975498674,0,None,None,1,True,False,0,True,False,0
769,2572,41.15036013187672,-8.620738635510655,0.038480138160410106,1729.5739005743567,0,None,None,1,True,False,0,True,False,0
770,2573,41.15036013187672,-8.619541707010761,0.04179291604221282,1877.8159591241506,0,None,None,1,True,False,0,True,False,0
771,2574,41.15036013187672,-8.618344778510867,0.04069888716797929,1828.859736215225,0,None,None,1,True,False,0,True,False,0
772,2575,41.15036013187672,-8.617147850010973,0.04185573375638618,1880.6269617312387,0,None,None,1,True,False,0,False,False,0
773,2576,41.15036013187672,-8.615950921511077,0.04645852469341196,2086.5952541806355,0,None,None,1,True,False,0,True,False,0
774,2577,41.15036013187672,-8.614753993011183,0.05177933679889802,2324.693964029752,0,None,None,1,True,False,0,True,False,0
775,2578,41.15036013187672,-8.613557064511289,0.053351023294119074,2395.0246803528435,0,None,None,1,True,False,0,True,False,0
776,2579,41.15036013187672,-8.612360136011395,0.046970105068228414,2109.48774217177,0,None,None,1,True,False,0,True,False,0
777,2580,41.15036013187672,-8.611163207511499,0.03380523628606819,1520.378747111905,0,None,None,1,True,False,0,True,False,0
778,2581,41.15036013187672,-8.609966279011605,0.02533986221020113,1141.565399469745,0,None,None,1,True,False,0,True,False,0
779,2582,41.15036013187672,-8.60876935051171,0.033648752884040734,1513.3763393221013,0,None,None,1,True,False,0,True,False,0
780,2583,41.15036013187672,-8.607572422011817,0.05480138486781999,2459.926280459502,0,None,None,1,True,False,0,True,False,0
781,2584,41.15036013187672,-8.606375493511923,0.07981927510365978,3579.4409842691966,0,None,None,1,True,False,0,True,False,0
782,2585,41.15036013187672,-8.605178565012027,0.10378133183460064,4651.708653162415,0,None,None,1,True,False,0,True,False,0
783,2586,41.15036013187672,-8.603981636512133,0.12471539244420927,5588.477838812075,0,None,None,1,True,False,0,True,False,0
784,2587,41.15036013187672,-8.602784708012239,0.14172022366955858,6349.419645380112,0,None,None,2,True,False,0,True,False,0
785,2588,41.15036013187672,-8.601587779512345,0.1540797041878851,6902.4886708367085,0,None,None,2,True,False,0,True,False,0
786,2589,41.15036013187672,-8.600390851012449,0.16108018530129078,7215.75015956818,0,None,None,2,True,False,0,True,False,0
787,2590,41.15036013187672,-8.599193922512555,0.16219321203645815,7265.5565095044385,0,None,None,2,True,False,0,True,False,0
788,2591,41.15036013187672,-8.59799699401266,0.15746509506376857,7053.980056719652,0,None,None,2,True,False,0,True,False,0
789,2592,41.15036013187672,-8.596800065512767,0.1479818146892655,6629.616862240645,0,None,None,2,True,False,0,True,False,0
790,2593,41.15036013187672,-8.595603137012871,0.13622456695724752,6103.496890162773,0,None,None,2,True,False,0,True,False,0
791,2594,41.15036013187672,-8.594406208512977,0.126174187794317,5653.756838316007,0,None,None,1,True,False,0,True,False,0
792,2595,41.15036013187672,-8.593209280013083,0.12278884599421683,5502.267648503975,0,None,None,1,True,False,0,True,False,0
793,2596,41.15036013187672,-8.592012351513189,0.12960700753086105,5807.370597684241,0,None,None,1,True,False,0,True,False,0
794,2597,41.15036013187672,-8.590815423013293,0.1459862881423395,6540.319911535911,0,None,None,2,True,False,0,True,False,0
795,2598,41.15036013187672,-8.589618494513399,0.16843728742998687,7544.96992721692,0,None,None,2,True,False,0,True,False,0
796,2599,41.15036013187672,-8.588421566013505,0.19362838791346992,8672.235541165688,0,None,None,2,True,False,0,True,False,0
797,2600,41.15036013187672,-8.58722463751361,0.2195449117738343,9831.962810723708,0,None,None,2,True,False,0,True,False,0
798,2601,41.15036013187672,-8.586027709013715,0.24537627865960762,10987.879427813115,0,None,None,2,True,False,0,True,False,0
799,2602,41.15036013187672,-8.58483078051382,0.2710729784045117,12137.769883507543,0,None,None,2,True,False,0,True,False,0
800,2603,41.15036013187672,-8.583633852013927,0.29693365956075896,13294.998272153929,0,None,None,2,True,False,0,True,False,0
801,2604,41.15036013187672,-8.582436923514033,0.32332930500741053,14476.165545473446,0,None,None,2,True,False,0,True,False,0
802,2605,41.15036013187672,-8.581239995014139,0.35056185571303,15694.783128722296,0,None,None,2,True,False,0,True,False,0
803,2606,41.15036013187672,-8.580043066514243,0.3788123434371253,16958.951933476757,0,None,None,3,True,False,0,True,False,0
804,2607,41.15036013187672,-8.578846138014349,0.4081333441604408,18271.02465946314,0,None,None,3,True,False,0,True,False,0
805,2608,41.15036013187672,-8.577649209514455,0.4384581592961572,19628.01664058995,0,None,None,3,True,False,0,True,True,0
806,2609,41.15036013187672,-8.57645228101456,0.469615770389685,21022.275046313487,0,None,None,3,True,False,0,True,True,0
807,2610,41.15036013187672,-8.575255352514665,0.5013486463300415,22442.27572880531,0,None,None,3,True,False,0,True,True,0
808,2611,41.15036013187672,-8.57405842401477,0.5333318093890581,23873.47640085951,0,None,None,3,True,False,0,True,True,0
809,2612,41.15036013187672,-8.572861495514877,0.5651910602633513,25299.132180379955,0,None,None,3,True,False,0,True,True,0
810,2613,41.15036013187672,-8.571664567014983,0.5965187216813629,26701.000094213592,0,None,None,3,True,False,0,True,False,0
811,2614,41.15036013187672,-8.570467638515087,0.6268867792361249,28059.927111568217,0,None,None,3,True,False,0,True,False,0
812,2615,41.15036013187672,-8.569270710015193,0.6558589336176543,29356.3894641251,0,None,None,3,True,False,0,True,False,0
813,2616,41.15036013187672,-8.568073781515299,0.6830041158887206,30571.09743524402,0,None,None,3,True,False,0,True,False,0
814,2617,41.15036013187672,-8.566876853015405,0.7079141590303715,31685.786136278522,0,None,None,3,True,False,0,True,False,0
815,2618,41.15036013187672,-8.565679924515509,0.7302273746505369,32684.2705304688,0,None,None,3,True,False,0,True,False,0
816,2619,41.15036013187672,-8.564482996015615,0.749657454935952,33553.73875383496,0,None,None,3,True,False,0,True,False,0
817,2620,41.15036013187672,-8.56328606751572,0.7660231465683892,34286.079980365794,0,None,None,3,True,False,0,True,False,0
818,2621,41.15036013187672,-8.562089139015827,0.7792689029240005,34878.80857831704,0,None,None,3,True,False,0,True,False,0
819,2622,41.15036013187672,-8.560892210515933,0.7894621482608001,35334.9416865253,0,None,None,3,True,False,0,True,True,0
820,2623,41.15036013187672,-8.559695282016037,0.7967529242190311,35661.19345318023,0,None,None,3,True,False,0,True,True,0
821,2664,41.151266505695496,-8.676994275005697,0.17810131571732202,7977.421331540597,0,None,None,2,True,False,0,True,False,0
822,2665,41.151266505695496,-8.675797346505801,0.07816062135114492,3505.218607923113,0,None,None,1,True,False,0,True,False,0
823,2666,41.151266505695496,-8.674600418005907,0.060785267177567215,2727.696430878977,0,None,None,1,True,False,0,True,False,0
824,2667,41.151266505695496,-8.673403489506013,0.1325247083610447,5937.933524850218,0,None,None,1,True,False,0,True,False,0
825,2668,41.151266505695496,-8.672206561006119,0.24711569558779825,11065.715840428567,0,None,None,2,True,False,0,True,False,0
826,2669,41.151266505695496,-8.671009632506223,0.34888656076354657,15619.81608268106,0,None,None,2,True,False,0,True,False,0
827,2670,41.151266505695496,-8.669812704006329,0.4100046273503576,18354.761898149343,0,None,None,3,True,False,0,True,False,0
828,2671,41.151266505695496,-8.668615775506435,0.42651890460196756,19093.752118015367,0,None,None,3,True,False,0,True,False,0
829,2672,41.151266505695496,-8.667418847006541,0.4033431982803508,18056.672502042933,0,None,None,3,True,False,0,True,False,0
830,2673,41.151266505695496,-8.666221918506645,0.3473400595115679,15550.612369868777,0,None,None,2,True,False,0,True,False,0
831,2674,41.151266505695496,-8.665024990006751,0.269189764771899,12053.498774623045,0,None,None,2,True,False,0,True,False,0
832,2675,41.151266505695496,-8.663828061506857,0.19088662488609948,8549.545578320387,0,None,None,2,True,False,0,True,False,0
833,2676,41.151266505695496,-8.662631133006963,0.14789114675983028,6625.55960244736,0,None,None,2,True,False,0,True,False,0
834,2677,41.151266505695496,-8.661434204507067,0.1655130900764568,7414.116289949436,0,None,None,2,True,False,0,True,True,0
835,2678,41.151266505695496,-8.660237276007173,0.22818448234279382,10218.571201574176,0,None,None,2,True,False,0,True,True,0
836,2679,41.151266505695496,-8.659040347507279,0.2970624798002108,13300.762793096947,0,None,None,2,True,False,0,True,True,0
837,2680,41.151266505695496,-8.657843419007385,0.34726771675957996,15547.375135481661,0,None,None,2,True,False,0,True,True,0
838,2681,41.151266505695496,-8.656646490507491,0.37357060798772335,16724.391790564332,0,None,None,3,True,False,0,True,False,0
839,2682,41.151266505695496,-8.655449562007595,0.3795096751530668,16990.15652755204,0,None,None,3,True,False,0,True,False,0
840,2683,41.151266505695496,-8.654252633507701,0.36998913422337465,16564.125976672753,0,None,None,3,True,False,0,True,False,0
841,2684,41.151266505695496,-8.653055705007807,0.3488753588032147,15619.314811023665,0,None,None,2,True,False,0,True,False,0
842,2685,41.151266505695496,-8.651858776507913,0.31877631225515535,14272.42565036484,0,None,None,2,True,False,0,True,False,0
843,2686,41.151266505695496,-8.650661848008017,0.2816009654351199,12608.882202379222,0,None,None,2,True,False,0,True,False,0
844,2687,41.151266505695496,-8.649464919508123,0.2398354910764704,10739.93713085947,0,None,None,2,True,False,0,True,False,0
845,2688,41.151266505695496,-8.648267991008229,0.19895750936872086,8910.706082498322,0,None,None,2,True,False,0,True,False,0
846,2689,41.151266505695496,-8.647071062508335,0.16907378666385464,7573.452354974069,0,None,None,2,True,False,0,True,False,0
847,2690,41.151266505695496,-8.645874134008439,0.15727364995781798,7045.413162826374,0,None,None,2,True,False,0,True,False,0
848,2691,41.151266505695496,-8.644677205508545,0.15194657930863842,6807.034392123874,0,None,None,2,True,False,0,True,False,0
849,2692,41.151266505695496,-8.643480277008651,0.12866640489012016,5765.279978658215,0,None,None,1,True,False,0,True,False,0
850,2693,41.151266505695496,-8.642283348508757,0.07796549070608919,3496.486791441209,0,None,None,1,True,False,0,True,False,0
851,2694,41.151266505695496,-8.641086420008861,0.03744048653656681,1683.0509816247475,0,None,None,1,True,False,0,True,False,0
852,2695,41.151266505695496,-8.639889491508967,0.06310362755651197,2831.439732511995,0,None,None,1,True,False,0,True,False,0
853,2696,41.151266505695496,-8.638692563009073,0.11815349683190432,5294.84242217267,0,None,None,1,True,False,0,True,False,0
854,2697,41.151266505695496,-8.637495634509179,0.15393914274676487,6896.198747959944,0,None,None,2,True,False,0,True,False,0
855,2698,41.151266505695496,-8.636298706009283,0.16739680644201116,7498.409895411978,0,None,None,2,True,False,0,True,False,0
856,2699,41.151266505695496,-8.635101777509389,0.1668237479216995,7472.7663485907005,0,None,None,2,True,False,0,True,False,0
857,2700,41.151266505695496,-8.633904849009495,0.1582958974109703,7091.157270101118,0,None,None,2,True,False,0,True,False,0
858,2701,41.151266505695496,-8.632707920509601,0.14525894768159311,6507.772469173453,0,None,None,2,True,False,0,True,False,0
859,2702,41.151266505695496,-8.631510992009707,0.12960077409320914,5807.091660290207,0,None,None,1,True,False,0,True,False,0
860,2703,41.151266505695496,-8.630314063509811,0.11231357513088314,5033.5143025047455,0,None,None,1,True,False,0,True,False,0
861,2704,41.151266505695496,-8.629117135009917,0.09384927087671179,4207.263171282335,0,None,None,1,True,False,0,True,False,0
862,2705,41.151266505695496,-8.627920206510023,0.07459594391550448,3345.704405649527,0,None,None,1,True,False,0,True,False,0
863,2706,41.151266505695496,-8.626723278010129,0.0558852915924254,2508.4295516912066,0,None,None,1,True,False,0,True,True,0
864,2707,41.151266505695496,-8.625526349510233,0.03853256615443991,1731.9199781074467,0,None,None,1,True,False,0,True,False,0
865,2708,41.151266505695496,-8.624329421010339,0.01863287324914429,841.4372635873711,0,None,None,1,True,False,0,False,False,0
866,2709,41.151266505695496,-8.623132492510445,0.011089117401744498,503.8650097521571,0,None,None,1,True,False,0,True,False,0
867,2710,41.151266505695496,-8.62193556401055,0.028434671829297355,1280.0536909047482,0,None,None,1,True,False,0,True,False,0
868,2711,41.151266505695496,-8.620738635510655,0.04508929333088224,2025.3241146553105,0,None,None,1,True,False,0,True,False,0
869,2712,41.151266505695496,-8.619541707010761,0.05234748184950327,2350.1176401292696,0,None,None,1,True,False,0,True,False,0
870,2713,41.151266505695496,-8.618344778510867,0.05478379187582554,2459.139019302141,0,None,None,1,True,False,0,True,False,0
871,2714,41.151266505695496,-8.617147850010973,0.056680742278195695,2544.0248289300375,0,None,None,1,True,False,0,True,False,0
872,2715,41.151266505695496,-8.615950921511077,0.0592557268157733,2659.251693574724,0,None,None,1,True,False,0,True,False,0
873,2716,41.151266505695496,-8.614753993011183,0.06088513795374333,2732.165504863876,0,None,None,1,True,False,0,True,False,0
874,2717,41.151266505695496,-8.613557064511289,0.05794521830707662,2600.6083175296935,0,None,None,1,True,False,0,True,False,0
875,2718,41.151266505695496,-8.612360136011395,0.04566302451932652,2050.9977624106855,0,None,None,1,True,False,0,True,False,0
876,2719,41.151266505695496,-8.611163207511499,0.021744394837668945,980.6733916835947,0,None,None,1,True,False,0,True,False,0
877,2720,41.151266505695496,-8.609966279011605,0.002779313839823914,132.013219467572,0,None,None,1,True,False,0,True,False,0
878,2721,41.151266505695496,-8.60876935051171,0.017763937972478504,802.5536563081005,0,None,None,1,True,False,0,True,False,0
879,2722,41.151266505695496,-8.607572422011817,0.048969474324749435,2198.956648619117,0,None,None,1,True,False,0,True,False,0
880,2723,41.151266505695496,-8.606375493511923,0.07847396126071764,3519.240119439481,0,None,None,1,True,False,0,True,False,0
881,2724,41.151266505695496,-8.605178565012027,0.10371321796818192,4648.660655338848,0,None,None,1,True,False,0,True,False,0
882,2725,41.151266505695496,-8.603981636512133,0.12463852576800763,5585.038165305256,0,None,None,1,True,False,0,True,False,0
883,2726,41.151266505695496,-8.602784708012239,0.14107555047754383,6320.571444720148,0,None,None,2,True,False,0,True,False,0
884,2727,41.151266505695496,-8.601587779512345,0.15254769618350417,6833.933510066133,0,None,None,2,True,False,0,True,False,0
885,2728,41.151266505695496,-8.600390851012449,0.15842589655018086,7096.974545117392,0,None,None,2,True,False,0,True,False,0
886,2729,41.151266505695496,-8.599193922512555,0.15825860446963322,7089.488464467166,0,None,None,2,True,False,0,True,False,0
887,2730,41.151266505695496,-8.59799699401266,0.15229247196598106,6822.512592411129,0,None,None,2,True,False,0,True,False,0
888,2731,41.151266505695496,-8.596800065512767,0.14209529409557287,6366.203508964485,0,None,None,2,True,False,0,True,False,0
889,2732,41.151266505695496,-8.595603137012871,0.1309173368972054,5866.0059573659555,0,None,None,1,True,False,0,True,False,0
890,2733,41.151266505695496,-8.594406208512977,0.12313947111140158,5517.957619581192,0,None,None,1,True,False,0,True,False,0
891,2734,41.151266505695496,-8.593209280013083,0.12251908193732468,5490.1960938923285,0,None,None,1,True,False,0,True,False,0
892,2735,41.151266505695496,-8.592012351513189,0.13036557590679074,5841.315444459599,0,None,None,1,True,False,0,True,False,0
893,2736,41.151266505695496,-8.590815423013293,0.1453606831908365,6512.324987288445,0,None,None,2,True,False,0,True,False,0
894,2737,41.151266505695496,-8.589618494513399,0.16490600184846133,7386.949962519593,0,None,None,2,True,False,0,False,False,0
895,2738,41.151266505695496,-8.588421566013505,0.18658608446254452,8357.1025628178,0,None,None,2,True,False,0,False,False,0
896,2739,41.151266505695496,-8.58722463751361,0.20893508128367966,9357.188114428944,0,None,None,2,True,False,0,True,False,0
897,2740,41.151266505695496,-8.586027709013715,0.23147851134336483,10365.974274581184,0,None,None,2,True,False,0,True,False,0
898,2741,41.151266505695496,-8.58483078051382,0.2543815398018945,11390.851947294146,0,None,None,2,True,False,0,True,False,0
899,2742,41.151266505695496,-8.583633852013927,0.2780520354689724,12450.072676778167,0,None,None,2,True,False,0,True,False,0
900,2743,41.151266505695496,-8.582436923514033,0.30287997116008447,13561.087187171332,0,None,None,2,True,False,0,True,False,0
901,2744,41.151266505695496,-8.581239995014139,0.3291289352168338,14735.690678684197,0,None,None,2,True,False,0,True,False,0
902,2745,41.151266505695496,-8.580043066514243,0.3569178938119588,15979.206716908471,0,None,None,2,True,False,0,True,False,0
903,2746,41.151266505695496,-8.578846138014349,0.38623276278784036,17291.005055992213,0,None,None,3,True,False,0,True,False,0
904,2747,41.151266505695496,-8.577649209514455,0.41694085237032513,18665.14801886476,0,None,None,3,True,False,0,True,False,0
905,2748,41.151266505695496,-8.57645228101456,0.4488067607027621,20091.101710088056,0,None,None,3,True,False,0,True,True,0
906,2749,41.151266505695496,-8.575255352514665,0.4815136298058225,21554.687189570275,0,None,None,3,True,False,0,True,True,0
907,2750,41.151266505695496,-8.57405842401477,0.5146884850943121,23039.214379597586,0,None,None,3,True,False,0,True,True,0
908,2751,41.151266505695496,-8.572861495514877,0.5479265864043545,24526.571738372873,0,None,None,3,True,False,0,False,True,0
909,2752,41.151266505695496,-8.571664567014983,0.580810750842178,25998.090929783364,0,None,None,3,True,False,0,True,False,0
910,2753,41.151266505695496,-8.570467638515087,0.6129248916987803,27435.15267041239,0,None,None,3,True,False,0,True,False,0
911,2754,41.151266505695496,-8.569270710015193,0.6438636845005851,28819.61927144188,0,None,None,3,True,False,0,True,False,0
912,2755,41.151266505695496,-8.568073781515299,0.6732413325307083,30134.22688315622,0,None,None,3,True,False,0,True,False,0
913,2756,41.151266505695496,-8.566876853015405,0.7007020926892877,31363.05651209432,0,None,None,3,True,False,0,True,False,0
914,2757,41.151266505695496,-8.565679924515509,0.725933958916015,32492.14633458119,0,None,None,3,True,False,0,True,False,0
915,2758,41.151266505695496,-8.564482996015615,0.7486848887792718,33510.2178133173,0,None,None,3,True,False,0,True,False,0
916,2759,41.151266505695496,-8.56328606751572,0.7687783338373522,34409.37065876739,0,None,None,3,True,False,0,True,False,0
917,2760,41.151266505695496,-8.562089139015827,0.786122076051541,35185.47824597127,0,None,None,3,True,False,0,True,False,0
918,2761,41.151266505695496,-8.560892210515933,0.8007027209143537,35837.94118993135,0,None,None,3,True,False,0,True,False,0
919,2762,41.151266505695496,-8.559695282016037,0.8125596713200837,36368.52271364997,0,None,None,3,True,False,0,True,True,0
920,2763,41.151266505695496,-8.558498353516143,0.8217389196905803,36779.28091203597,0,None,None,3,True,False,0,True,True,0
921,2802,41.152172879514275,-8.678191203505591,0.28755420262973574,12875.281027852185,0,None,None,2,True,False,0,True,False,0
922,2803,41.152172879514275,-8.676994275005697,0.13580790814506963,6084.852005949603,0,None,None,2,True,False,0,True,False,0
923,2804,41.152172879514275,-8.675797346505801,0.02502003863291471,1127.2537531229946,0,None,None,1,True,False,0,True,False,0
924,2805,41.152172879514275,-8.674600418005907,0.005643820732572352,260.19579423169256,0,None,None,1,True,False,0,True,False,0
925,2806,41.152172879514275,-8.673403489506013,0.087607849795134,3927.968530222464,0,None,None,1,True,False,0,True,False,0
926,2807,41.152172879514275,-8.672206561006119,0.21748465166500494,9739.76912597395,0,None,None,2,True,False,0,True,False,0
927,2808,41.152172879514275,-8.671009632506223,0.33258165208425966,14890.194806120075,0,None,None,2,True,False,0,True,False,0
928,2809,41.152172879514275,-8.669812704006329,0.40457365791858213,18111.733805952204,0,None,None,3,True,False,0,True,False,0
929,2810,41.152172879514275,-8.668615775506435,0.43223554953396703,19349.563779090782,0,None,None,3,True,False,0,True,False,0
930,2811,41.152172879514275,-8.667418847006541,0.423614037415883,18963.763478014975,0,None,None,3,True,False,0,True,False,0
931,2812,41.152172879514275,-8.666221918506645,0.3883694866190754,17386.620382644393,0,None,None,3,True,False,0,True,False,0
932,2813,41.152172879514275,-8.665024990006751,0.33816537313925327,15140.058314357955,0,None,None,2,True,False,0,True,False,0
933,2814,41.152172879514275,-8.663828061506857,0.2897006654256681,12971.332159205549,0,None,None,2,True,False,0,True,False,0
934,2815,41.152172879514275,-8.662631133006963,0.26324877448711254,11787.647980798676,0,None,None,2,True,False,0,True,False,0
935,2816,41.152172879514275,-8.661434204507067,0.2706249588446953,12117.721650819627,0,None,None,2,True,False,0,True,False,0
936,2817,41.152172879514275,-8.660237276007173,0.3036872242488059,13597.210605013528,0,None,None,2,True,False,0,True,False,0
937,2818,41.152172879514275,-8.659040347507279,0.342365891042402,15328.025465539,0,None,None,2,True,False,0,True,False,0
938,2819,41.152172879514275,-8.657843419007385,0.37129955489529365,16622.76542214797,0,None,None,3,True,False,0,True,False,0
939,2820,41.152172879514275,-8.656646490507491,0.3849553102385991,17233.840886719216,0,None,None,3,True,False,0,True,False,0
940,2821,41.152172879514275,-8.655449562007595,0.38372542009677557,17178.805066957342,0,None,None,3,True,False,0,True,False,0
941,2822,41.152172879514275,-8.654252633507701,0.369740252232488,16552.9888645628,0,None,None,3,True,False,0,True,False,0
942,2823,41.152172879514275,-8.653055705007807,0.3448047275639573,15437.159901749688,0,None,None,2,True,False,0,True,False,0
943,2824,41.152172879514275,-8.651858776507913,0.30970969551693606,13866.707555970823,0,None,None,2,True,False,0,True,False,0
944,2825,41.152172879514275,-8.650661848008017,0.2642584396480955,11832.829048546168,0,None,None,2,True,False,0,True,False,0
945,2826,41.152172879514275,-8.649464919508123,0.20845307803390298,9335.619160359587,0,None,None,2,True,False,0,True,False,0
946,2827,41.152172879514275,-8.648267991008229,0.14731291950435524,6599.684762141263,0,None,None,2,True,False,0,True,False,0
947,2828,41.152172879514275,-8.647071062508335,0.1011458797219627,4533.775951265043,0,None,None,1,True,False,0,True,False,0
948,2829,41.152172879514275,-8.645874134008439,0.09867428303937002,4423.1755448372505,0,None,None,1,True,False,0,True,False,0
949,2830,41.152172879514275,-8.644677205508545,0.12622339902091562,5655.9589701204995,0,None,None,1,True,False,0,True,False,0
950,2831,41.152172879514275,-8.643480277008651,0.13825345354100188,6194.28665466583,0,None,None,2,True,False,0,True,False,0
951,2832,41.152172879514275,-8.642283348508757,0.12382123039632674,5548.465369704706,0,None,None,1,True,False,0,True,False,0
952,2833,41.152172879514275,-8.641086420008861,0.10905986718720413,4887.915538959416,0,None,None,1,True,False,0,True,False,0
953,2834,41.152172879514275,-8.639889491508967,0.12022400627737694,5387.494750036145,0,None,None,1,True,False,0,True,False,0
954,2835,41.152172879514275,-8.638692563009073,0.14618571409302086,6549.243936783619,0,None,None,2,True,False,0,True,False,0
955,2836,41.152172879514275,-8.637495634509179,0.16508743298929518,7395.0687458373595,0,None,None,2,True,False,0,True,False,0
956,2837,41.152172879514275,-8.636298706009283,0.17128814115912705,7672.541542492896,0,None,None,2,True,False,0,True,False,0
957,2838,41.152172879514275,-8.635101777509389,0.16765516358234134,7509.971006868911,0,None,None,2,True,False,0,True,False,0
958,2839,41.152172879514275,-8.633904849009495,0.15779602484200678,7068.788689628889,0,None,None,2,True,False,0,True,False,0
959,2840,41.152172879514275,-8.632707920509601,0.14431753984334966,6465.645818714118,0,None,None,2,True,False,0,True,False,0
960,2841,41.152172879514275,-8.631510992009707,0.12895414729225338,5778.15603843228,0,None,None,1,True,False,0,True,False,0
961,2842,41.152172879514275,-8.630314063509811,0.11287374005814457,5058.580879530865,0,None,None,1,True,False,0,True,False,0
962,2843,41.152172879514275,-8.629117135009917,0.09686568616443793,4342.243428832914,0,None,None,1,True,False,0,True,False,0
963,2844,41.152172879514275,-8.627920206510023,0.08145917269114644,3652.8240491330484,0,None,None,1,True,False,0,True,False,0
964,2845,41.152172879514275,-8.626723278010129,0.06695854568087022,3003.941789300905,0,None,None,1,True,False,0,True,True,0
965,2846,41.152172879514275,-8.625526349510233,0.05320911434148509,2388.6744582686333,0,None,None,1,True,False,0,True,False,0
966,2847,41.152172879514275,-8.624329421010339,0.04118601642382184,1850.6580717035772,0,None,None,1,True,False,0,True,False,0
967,2848,41.152172879514275,-8.623132492510445,0.03761152475862206,1690.704696734186,0,None,None,1,True,False,0,True,False,0
968,2849,41.152172879514275,-8.62193556401055,0.045421549991313474,2040.1921236394817,0,None,None,1,True,False,0,False,False,0
969,2850,41.152172879514275,-8.620738635510655,0.05557503712496053,2494.5461092835817,0,None,None,1,True,False,0,True,False,0
970,2851,41.152172879514275,-8.619541707010761,0.06229965861112283,2795.46327537333,0,None,None,1,True,False,0,True,False,0
971,2852,41.152172879514275,-8.618344778510867,0.06592209808652359,2957.5622460755935,0,None,None,1,True,False,0,True,False,0
972,2853,41.152172879514275,-8.617147850010973,0.06804659911309889,3052.6306197509484,0,None,None,1,True,False,0,True,False,0
973,2854,41.152172879514275,-8.615950921511077,0.06924156963000136,3106.103836384337,0,None,None,1,True,False,0,False,False,0
974,2855,41.152172879514275,-8.614753993011183,0.06851289233652363,3073.496572674628,0,None,None,1,True,False,0,True,False,0
975,2856,41.152172879514275,-8.613557064511289,0.06334073748433741,2842.0500616851386,0,None,None,1,True,False,0,True,False,0
976,2857,41.152172879514275,-8.612360136011395,0.04981375823425861,2236.7371425766537,0,None,None,1,True,False,0,True,False,0
977,2858,41.152172879514275,-8.611163207511499,0.02611811056241121,1176.3908969558086,0,None,None,1,True,False,0,True,False,0
978,2859,41.152172879514275,-8.609966279011605,0.008603401251384285,392.63277739393266,0,None,None,1,True,False,0,True,False,0
979,2860,41.152172879514275,-8.60876935051171,0.022554759009393764,1016.9360260278311,0,None,None,1,True,False,0,True,False,0
980,2861,41.152172879514275,-8.607572422011817,0.053118738444637104,2384.6302665147514,0,None,None,1,True,False,0,True,False,0
981,2862,41.152172879514275,-8.606375493511923,0.08219573929717784,3685.7843482635512,0,None,None,1,True,False,0,True,False,0
982,2863,41.152172879514275,-8.605178565012027,0.10652215412423094,4774.356519343186,0,None,None,1,True,False,0,True,False,0
983,2864,41.152172879514275,-8.603981636512133,0.12630438176138184,5659.582831599309,0,None,None,1,True,False,0,True,False,0
984,2865,41.152172879514275,-8.602784708012239,0.14151541579154428,6340.254786603787,0,None,None,2,True,False,0,True,False,0
985,2866,41.152172879514275,-8.601587779512345,0.15161799492238728,6792.33071214196,0,None,None,2,True,False,0,True,False,0
986,2867,41.152172879514275,-8.600390851012449,0.15576781306539414,6978.029121777518,0,None,None,2,True,False,0,True,False,0
987,2868,41.152172879514275,-8.599193922512555,0.1531399808492636,6860.437399319305,0,None,None,2,True,False,0,True,False,0
988,2869,41.152172879514275,-8.59799699401266,0.14347186430393286,6427.803051314289,0,None,None,2,True,False,0,True,False,0
989,2870,41.152172879514275,-8.596800065512767,0.1279682103783143,5734.036775705548,0,None,None,1,True,False,0,True,False,0
990,2871,41.152172879514275,-8.595603137012871,0.11050909334726018,4952.76633093404,0,None,None,1,True,False,0,True,False,0
991,2872,41.152172879514275,-8.594406208512977,0.09802847734917297,4394.276666508021,0,None,None,1,True,False,0,True,False,0
992,2873,41.152172879514275,-8.593209280013083,0.09737153232619873,4364.879319014639,0,None,None,1,True,False,0,True,False,0
993,2874,41.152172879514275,-8.592012351513189,0.10953801067485144,4909.311774209708,0,None,None,1,True,False,0,True,False,0
994,2875,41.152172879514275,-8.590815423013293,0.12947460243872014,5801.4456597252965,0,None,None,1,True,False,0,True,False,0
995,2876,41.152172879514275,-8.589618494513399,0.15169940631797263,6795.973755322511,0,None,None,2,True,False,0,False,False,0
996,2877,41.152172879514275,-8.588421566013505,0.17340292299918358,7767.174996512186,0,None,None,2,True,False,0,True,False,0
997,2878,41.152172879514275,-8.58722463751361,0.1940374709696459,8690.541421164007,0,None,None,2,True,False,0,True,False,0
998,2879,41.152172879514275,-8.586027709013715,0.21419940032434528,9592.758840657798,0,None,None,2,True,False,0,True,False,0
999,2880,41.152172879514275,-8.58483078051382,0.23481134746750915,10515.113910705357,0,None,None,2,True,False,0,True,False,0
1000,2881,41.152172879514275,-8.583633852013927,0.2566656790620849,11493.06390294774,0,None,None,2,True,False,0,True,False,0
1001,2882,41.152172879514275,-8.582436923514033,0.2802672060431044,12549.198382655422,0,None,None,2,True,False,0,True,False,0
1002,2883,41.152172879514275,-8.581239995014139,0.30586023623413966,13694.449774511953,0,None,None,2,True,False,0,True,False,0
1003,2884,41.152172879514275,-8.580043066514243,0.33350562671234346,14931.541345429974,0,None,None,2,True,False,0,True,False,0
1004,2885,41.152172879514275,-8.578846138014349,0.363127598911911,16257.082113282204,0,None,None,2,True,False,0,True,False,0
1005,2886,41.152172879514275,-8.577649209514455,0.39452718553913757,17662.168577062766,0,None,None,3,True,False,0,False,False,0
1006,2887,41.152172879514275,-8.57645228101456,0.4273939616201324,19132.90966444604,0,None,None,3,True,False,0,True,True,0
1007,2888,41.152172879514275,-8.575255352514665,0.46133412223351566,20651.68317005175,0,None,None,3,True,False,0,True,True,0
1008,2889,41.152172879514275,-8.57405842401477,0.4959089819322064,22198.858549348566,0,None,None,3,True,False,0,True,True,0
1009,2890,41.152172879514275,-8.572861495514877,0.530670001942823,23754.36433558626,0,None,None,3,True,False,0,True,True,0
1010,2891,41.152172879514275,-8.571664567014983,0.56518233870657,25298.741903223698,0,None,None,3,True,False,0,True,False,0
1011,2892,41.152172879514275,-8.570467638515087,0.5990369531164801,26813.687338926607,0,None,None,3,True,False,0,True,False,0
1012,2893,41.152172879514275,-8.569270710015193,0.6318555175223873,28282.271023001813,0,None,None,3,True,False,0,True,False,0
1013,2894,41.152172879514275,-8.568073781515299,0.6632928232940725,29689.045364394693,0,None,None,3,True,False,0,True,False,0
1014,2895,41.152172879514275,-8.566876853015405,0.6930400291877964,31020.190160432303,0,None,None,3,True,False,0,True,False,0
1015,2896,41.152172879514275,-8.565679924515509,0.7208302149476155,32263.761112516462,0,None,None,3,True,False,0,True,False,0
1016,2897,41.152172879514275,-8.564482996015615,0.7464458004573202,33410.02182253138,0,None,None,3,True,False,0,True,False,0
1017,2898,41.152172879514275,-8.56328606751572,0.7697256007763407,34451.7594955811,0,None,None,3,True,False,0,True,False,0
1018,2899,41.152172879514275,-8.562089139015827,0.7905678800378421,35384.42159754893,0,None,None,3,True,False,0,True,False,0
1019,2900,41.152172879514275,-8.560892210515933,0.8089253770758776,36205.89325904748,0,None,None,3,True,False,0,True,False,0
1020,2901,41.152172879514275,-8.559695282016037,0.8247898084918357,36915.80380987012,0,None,None,3,True,False,0,True,False,0
1021,2902,41.152172879514275,-8.558498353516143,0.8381674593993345,37514.434499836265,0,None,None,3,True,False,0,True,True,0
1022,2903,41.152172879514275,-8.557301425016249,0.849053693092251,38001.57784299753,0,None,None,3,True,False,0,True,True,0
1023,2941,41.153079253333054,-8.678191203505591,0.3121652153982906,13976.588548602862,0,None,None,2,True,False,0,True,False,0
1024,2942,41.153079253333054,-8.676994275005697,0.17327107497334623,7761.274986471302,0,None,None,2,True,False,0,True,False,0
1025,2943,41.153079253333054,-8.675797346505801,0.07332710447499055,3288.925660637925,0,None,None,1,True,False,0,True,False,0
1026,2944,41.153079253333054,-8.674600418005907,0.05588810577569062,2508.5554823558205,0,None,None,1,True,False,0,True,False,0
1027,2945,41.153079253333054,-8.673403489506013,0.12818860485050426,5743.899112214706,0,None,None,1,True,False,0,False,False,0
1028,2946,41.153079253333054,-8.672206561006119,0.2436627854556827,10911.203064675034,0,None,None,2,True,False,0,True,False,0
1029,2947,41.153079253333054,-8.671009632506223,0.3480083395229489,15580.516941835098,0,None,None,2,True,False,0,True,False,0
1030,2948,41.153079253333054,-8.669812704006329,0.41614612549898805,18629.585131283617,0,None,None,3,True,False,0,True,False,0
1031,2949,41.153079253333054,-8.668615775506435,0.4468645997628345,20004.192793751896,0,None,None,3,True,False,0,True,False,0
1032,2950,41.153079253333054,-8.667418847006541,0.4477988353912467,20045.998498108696,0,None,None,3,True,False,0,True,False,0
1033,2951,41.153079253333054,-8.666221918506645,0.42830204199391964,19173.54495867399,0,None,None,3,True,False,0,True,False,0
1034,2952,41.153079253333054,-8.665024990006751,0.39845845782081274,17838.08737287353,0,None,None,3,True,False,0,True,False,0
1035,2953,41.153079253333054,-8.663828061506857,0.36960829450957816,16547.083945735267,0,None,None,3,True,False,0,True,False,0
1036,2954,41.153079253333054,-8.662631133006963,0.35261243829583383,15786.543758063306,0,None,None,2,True,False,0,True,False,0
1037,2955,41.153079253333054,-8.661434204507067,0.3527467911039636,15792.55585351906,0,None,None,2,True,False,0,True,False,0
1038,2956,41.153079253333054,-8.660237276007173,0.36611311565888766,16390.67970545336,0,None,None,2,True,False,0,True,False,0
1039,2957,41.153079253333054,-8.659040347507279,0.38308268032079995,17150.04338389195,0,None,None,3,True,False,0,True,False,0
1040,2958,41.153079253333054,-8.657843419007385,0.3950617914072347,17686.091422851747,0,None,None,3,True,False,0,True,False,0
1041,2959,41.153079253333054,-8.656646490507491,0.3976520265675237,17802.00073098814,0,None,None,3,True,False,0,True,False,0
1042,2960,41.153079253333054,-8.655449562007595,0.3897648895814281,17449.062663722736,0,None,None,3,True,False,0,True,False,0
1043,2961,41.153079253333054,-8.654252633507701,0.3716683718086338,16639.269450009862,0,None,None,3,True,False,0,True,False,0
1044,2962,41.153079253333054,-8.653055705007807,0.3435396752363607,15380.550624609115,0,None,None,2,True,False,0,True,False,0
1045,2963,41.153079253333054,-8.651858776507913,0.304581615936454,13637.233350171022,0,None,None,2,True,False,0,True,False,0
1046,2964,41.153079253333054,-8.650661848008017,0.2524687234837679,11305.256160693321,0,None,None,2,True,False,0,True,False,0
1047,2965,41.153079253333054,-8.649464919508123,0.18372804385178435,8229.209344897785,0,None,None,2,True,False,0,True,False,0
1048,2966,41.153079253333054,-8.648267991008229,0.09939963012719862,4455.633786620819,0,None,None,1,True,False,0,True,False,0
1049,2967,41.153079253333054,-8.647071062508335,0.02719870780520669,1224.7460736234523,0,None,None,1,True,False,0,True,False,0
1050,2968,41.153079253333054,-8.645874134008439,0.0296868182021696,1336.0854450829759,0,None,None,1,True,False,0,True,False,0
1051,2969,41.153079253333054,-8.644677205508545,0.0947791619275765,4248.874462025499,0,None,None,1,True,False,0,True,False,0
1052,2970,41.153079253333054,-8.643480277008651,0.14204645072523142,6364.0178381998685,0,None,None,2,True,False,0,True,True,0
1053,2971,41.153079253333054,-8.642283348508757,0.15552035431135358,6966.9556974750185,0,None,None,2,True,False,0,True,False,0
1054,2972,41.153079253333054,-8.641086420008861,0.15674142188384216,7021.596719913747,0,None,None,2,True,False,0,True,False,0
1055,2973,41.153079253333054,-8.639889491508967,0.16196720624628427,7255.443074564057,0,None,None,2,True,False,0,True,False,0
1056,2974,41.153079253333054,-8.638692563009073,0.171023611194055,7660.704205982713,0,None,None,2,True,False,0,True,False,0
1057,2975,41.153079253333054,-8.637495634509179,0.17679559555870558,7918.992227293519,0,None,None,2,True,False,0,True,False,0
1058,2976,41.153079253333054,-8.636298706009283,0.17580248732203296,7874.552058160601,0,None,None,2,True,False,0,True,False,0
1059,2977,41.153079253333054,-8.635101777509389,0.16853396105723134,7549.295933372938,0,None,None,2,True,False,0,True,False,0
1060,2978,41.153079253333054,-8.633904849009495,0.15676344626213656,7022.582279251901,0,None,None,2,True,False,0,True,False,0
1061,2979,41.153079253333054,-8.632707920509601,0.14223797415075703,6372.58823678179,0,None,None,2,True,False,0,True,False,0
1062,2980,41.153079253333054,-8.631510992009707,0.12643127834585074,5665.261271741023,0,None,None,1,True,False,0,True,False,0
1063,2981,41.153079253333054,-8.630314063509811,0.1106038431457712,4957.006248513665,0,None,None,1,True,False,0,True,False,0
1064,2982,41.153079253333054,-8.629117135009917,0.09583240411035991,4296.005538994151,0,None,None,1,True,False,0,True,False,0
1065,2983,41.153079253333054,-8.627920206510023,0.08290101764426981,3717.3445426846197,0,None,None,1,True,False,0,True,False,0
1066,2984,41.153079253333054,-8.626723278010129,0.07211181027516983,3234.5429883450843,0,None,None,1,True,False,0,True,True,0
1067,2985,41.153079253333054,-8.625526349510233,0.06338963422808556,2844.2381208331503,0,None,None,1,True,False,0,True,False,0
1068,2986,41.153079253333054,-8.624329421010339,0.057273515097313,2570.5505623457943,0,None,None,1,True,False,0,True,False,0
1069,2987,41.153079253333054,-8.623132492510445,0.0556322408078464,2497.105892043003,0,None,None,1,True,False,0,True,False,0
1070,2988,41.153079253333054,-8.62193556401055,0.059098589995105255,2652.2200462379806,0,None,None,1,True,False,0,True,False,0
1071,2989,41.153079253333054,-8.620738635510655,0.06510736847462494,2921.1042645451175,0,None,None,1,True,False,0,True,False,0
1072,2990,41.153079253333054,-8.619541707010761,0.07062545923312447,3168.030911151266,0,None,None,1,True,False,0,True,False,0
1073,2991,41.153079253333054,-8.618344778510867,0.07433296903124355,3333.936656775123,0,None,None,1,True,False,0,True,False,0
1074,2992,41.153079253333054,-8.617147850010973,0.07618112923015417,3416.639174780109,0,None,None,1,True,False,0,True,True,0
1075,2993,41.153079253333054,-8.615950921511077,0.076270995345475,3420.6605545418524,0,None,None,1,True,False,0,True,False,0
1076,2994,41.153079253333054,-8.614753993011183,0.07428391787040156,3331.74168768365,0,None,None,1,True,False,0,True,False,0
1077,2995,41.153079253333054,-8.613557064511289,0.06935682386334757,3111.261298012438,0,None,None,1,True,False,0,True,False,0
1078,2996,41.153079253333054,-8.612360136011395,0.060170600813221294,2700.1909927171005,0,None,None,1,True,False,0,True,False,0
1079,2997,41.153079253333054,-8.611163207511499,0.04723490499488068,2121.337159075449,0,None,None,1,True,False,0,True,False,0
1080,2998,41.153079253333054,-8.609966279011605,0.039402759672979994,1770.8598899058413,0,None,None,1,True,False,0,True,False,0
1081,2999,41.153079253333054,-8.60876935051171,0.04800242115881453,2155.6824065297938,0,None,None,1,True,False,0,True,False,0
1082,3000,41.153079253333054,-8.607572422011817,0.06855727488604658,3075.482628105966,0,None,None,1,True,False,0,True,False,0
1083,3001,41.153079253333054,-8.606375493511923,0.09128181634314848,4092.3732635166775,0,None,None,1,True,False,0,True,False,0
1084,3002,41.153079253333054,-8.605178565012027,0.11196997192224087,5018.138551762977,0,None,None,1,True,False,0,True,False,0
1085,3003,41.153079253333054,-8.603981636512133,0.12941205249802573,5798.646639597312,0,None,None,1,True,False,0,True,False,0
1086,3004,41.153079253333054,-8.602784708012239,0.142857540046594,6400.312921950282,0,None,None,2,True,False,0,True,False,0
1087,3005,41.153079253333054,-8.601587779512345,0.1513140576438603,6778.729954878288,0,None,None,2,True,False,0,True,False,0
1088,3006,41.153079253333054,-8.600390851012449,0.15346522613112326,6874.991659169121,0,None,None,2,True,False,0,True,False,0
1089,3007,41.153079253333054,-8.599193922512555,0.147791426890118,6621.097281310266,0,None,None,2,True,False,0,True,False,0
1090,3008,41.153079253333054,-8.59799699401266,0.13296746862255884,5957.746411482745,0,None,None,1,True,False,0,True,False,0
1091,3009,41.153079253333054,-8.596800065512767,0.10901741445855952,4886.015840244358,0,None,None,1,True,False,0,True,False,0
1092,3010,41.153079253333054,-8.595603137012871,0.08007569768061937,3590.9155267901237,0,None,None,1,True,False,0,True,False,0
1093,3011,41.153079253333054,-8.594406208512977,0.05767530148086495,2588.5299267101223,0,None,None,1,True,False,0,True,False,0
1094,3012,41.153079253333054,-8.593209280013083,0.056078980356080256,2517.096846048574,0,None,None,1,True,False,0,True,False,0
1095,3013,41.153079253333054,-8.592012351513189,0.07656617823398155,3433.8695654089115,0,None,None,1,True,False,0,True,False,0
1096,3014,41.153079253333054,-8.590815423013293,0.10619859049894777,4759.877511213093,0,None,None,1,True,False,0,True,False,0
1097,3015,41.153079253333054,-8.589618494513399,0.13393718191638673,6001.139690479743,0,None,None,1,True,False,0,True,False,0
1098,3016,41.153079253333054,-8.588421566013505,0.15668516000515517,7019.079081541356,0,None,None,2,True,False,0,True,False,0
1099,3017,41.153079253333054,-8.58722463751361,0.17574956402968542,7872.183816738219,0,None,None,2,True,False,0,True,False,0
1100,3018,41.153079253333054,-8.586027709013715,0.1935107390277628,8666.97092227919,0,None,None,2,True,False,0,True,False,0
1101,3019,41.153079253333054,-8.58483078051382,0.21196330348728679,9492.696714530026,0,None,None,2,True,False,0,True,False,0
1102,3020,41.153079253333054,-8.583633852013927,0.23231050208323953,10403.204666830203,0,None,None,2,True,False,0,True,False,0
1103,3021,41.153079253333054,-8.582436923514033,0.25507768507133477,11422.003449590271,0,None,None,2,True,False,0,True,False,0
1104,3022,41.153079253333054,-8.581239995014139,0.28040952561091337,12555.566979179752,0,None,None,2,True,False,0,True,False,0
1105,3023,41.153079253333054,-8.580043066514243,0.30829129304197717,13803.236079692551,0,None,None,2,True,False,0,True,False,0
1106,3024,41.153079253333054,-8.578846138014349,0.33860228170050427,15159.609345797055,0,None,None,2,True,False,0,True,False,0
1107,3025,41.153079253333054,-8.577649209514455,0.37108319934610257,16613.08382164981,0,None,None,3,True,False,0,True,False,0
1108,3026,41.153079253333054,-8.57645228101456,0.4053290957222559,18145.538564109425,0,None,None,3,True,False,0,True,False,0
1109,3027,41.153079253333054,-8.575255352514665,0.4408375866106698,19734.492599998677,0,None,None,3,True,False,0,True,True,0
1110,3028,41.153079253333054,-8.57405842401477,0.4770775753387006,21356.180114991734,0,None,None,3,True,False,0,True,False,0
1111,3029,41.153079253333054,-8.572861495514877,0.5135422359895686,22987.92137627508,0,None,None,3,True,False,0,True,True,0
1112,3030,41.153079253333054,-8.571664567014983,0.5497752178116155,24609.295342275665,0,None,None,3,True,False,0,True,True,0
1113,3031,41.153079253333054,-8.570467638515087,0.585376443113808,26202.399110168517,0,None,None,3,True,False,0,False,False,0
1114,3032,41.153079253333054,-8.569270710015193,0.6199979161558344,27751.66036972007,0,None,None,3,True,False,0,True,False,0
1115,3033,41.153079253333054,-8.568073781515299,0.6533373681824659,29243.553027690992,0,None,None,3,True,False,0,True,False,0
1116,3034,41.153079253333054,-8.566876853015405,0.685133845705891,30666.399789798626,0,None,None,3,True,False,0,True,False,0
1117,3035,41.153079253333054,-8.565679924515509,0.7151664884171565,32010.317474006828,0,None,None,3,True,False,0,True,False,0
1118,3036,41.153079253333054,-8.564482996015615,0.7432558654480219,33267.2768063273,0,None,None,3,True,False,0,True,False,0
1119,3037,41.153079253333054,-8.56328606751572,0.7692660519300248,34431.19534385929,0,None,None,3,True,False,0,True,False,0
1120,3038,41.153079253333054,-8.562089139015827,0.7931050260854178,35497.95524403941,0,None,None,3,True,False,0,True,False,0
1121,3039,41.153079253333054,-8.560892210515933,0.8147211408464154,36465.24537466391,0,None,None,3,True,False,0,True,False,0
1122,3040,41.153079253333054,-8.559695282016037,0.8340947085911611,37332.184742893485,0,None,None,3,True,False,0,True,False,0
1123,3041,41.153079253333054,-8.558498353516143,0.8512262829797034,38098.7981242212,0,None,None,3,True,False,0,True,False,0
1124,3042,41.153079253333054,-8.557301425016249,0.8661265956823078,38765.56574549852,0,None,None,3,True,False,0,True,True,0
1125,3043,41.153079253333054,-8.556104496516355,0.8788160768514343,39333.40182674418,0,None,None,3,True,False,0,True,True,0
1126,3044,41.153079253333054,-8.554907568016459,0.8893426737631973,39804.45193979145,0,None,None,3,True,False,0,True,True,0
1127,3079,41.15398562715183,-8.679388132005485,0.4965683223884443,22228.363089044622,0,None,None,3,True,False,0,True,False,0
1128,3080,41.15398562715183,-8.678191203505591,0.3792698199948466,16979.423353256334,0,None,None,3,True,False,0,True,False,0
1129,3081,41.15398562715183,-8.676994275005697,0.2694200445419898,12063.803464034358,0,None,None,2,True,False,0,True,False,0
1130,3082,41.15398562715183,-8.675797346505801,0.1935263545571514,8667.669694821298,0,None,None,2,True,False,0,True,False,0
1131,3083,41.15398562715183,-8.674600418005907,0.17933357180647158,8032.56302405173,0,None,None,2,True,False,0,True,False,0
1132,3084,41.15398562715183,-8.673403489506013,0.22897522779725668,10253.955926460916,0,None,None,2,True,False,0,True,False,0
1133,3085,41.15398562715183,-8.672206561006119,0.31102321940841643,13925.485866070328,0,None,None,2,True,False,0,True,False,0
1134,3086,41.15398562715183,-8.671009632506223,0.3883360377344834,17385.123593036085,0,None,None,3,True,False,0,True,False,0
1135,3087,41.15398562715183,-8.669812704006329,0.44157161238761156,19767.33920067184,0,None,None,3,True,False,0,True,False,0
1136,3088,41.15398562715183,-8.668615775506435,0.4680689529868225,20953.057186202623,0,None,None,3,True,False,0,True,False,0
1137,3089,41.15398562715183,-8.667418847006541,0.4727205854397805,21161.211066434484,0,None,None,3,True,False,0,True,False,0
1138,3090,41.15398562715183,-8.666221918506645,0.4624946713440607,20703.61607812276,0,None,None,3,True,False,0,True,False,0
1139,3091,41.15398562715183,-8.665024990006751,0.4447382068759473,19909.03976204116,0,None,None,3,True,False,0,True,False,0
1140,3092,41.15398562715183,-8.663828061506857,0.4266523951121857,19099.725626876407,0,None,None,3,True,False,0,True,False,0
1141,3093,41.15398562715183,-8.662631133006963,0.41409734643775686,18537.905206946114,0,None,None,3,True,False,0,True,False,0
1142,3094,41.15398562715183,-8.661434204507067,0.40960068760272467,18336.686173831054,0,None,None,3,True,False,0,True,False,0
1143,3095,41.15398562715183,-8.660237276007173,0.4113711566519134,18415.91212432177,0,None,None,3,True,False,0,False,False,0
1144,3096,41.15398562715183,-8.659040347507279,0.4148155621017711,18570.0443277429,0,None,None,3,True,False,0,True,False,0
1145,3097,41.15398562715183,-8.657843419007385,0.4152927109357442,18591.396053667944,0,None,None,3,True,False,0,True,False,0
1146,3098,41.15398562715183,-8.656646490507491,0.4097745541018494,18344.46645028263,0,None,None,3,True,False,0,True,False,0
1147,3099,41.15398562715183,-8.655449562007595,0.3968475582636325,17766.00192827276,0,None,None,3,True,False,0,True,False,0
1148,3100,41.15398562715183,-8.654252633507701,0.3759065294462616,16828.92092532054,0,None,None,3,True,False,0,True,False,0
1149,3101,41.15398562715183,-8.653055705007807,0.34627917928769997,15503.139501517167,0,None,None,2,True,False,0,False,True,0
1150,3102,41.15398562715183,-8.651858776507913,0.30647417375227726,13721.922597851424,0,None,None,2,True,False,0,True,False,0
1151,3103,41.15398562715183,-8.650661848008017,0.25356645529509053,11354.3780847257,0,None,None,2,True,False,0,True,False,0
1152,3104,41.15398562715183,-8.649464919508123,0.18347450482312327,8217.863837027218,0,None,None,2,True,False,0,True,False,0
1153,3105,41.15398562715183,-8.648267991008229,0.09676218968121465,4337.612109658164,0,None,None,1,True,False,0,True,False,0
1154,3106,41.15398562715183,-8.647071062508335,0.022003421178917865,992.2644489217774,0,None,None,1,True,False,0,True,False,0
1155,3107,41.15398562715183,-8.645874134008439,0.024727425004451988,1114.1597129576955,0,None,None,1,True,False,0,True,False,0
1156,3108,41.15398562715183,-8.644677205508545,0.09462366976465035,4241.916410763702,0,None,None,1,True,False,0,True,False,0
1157,3109,41.15398562715183,-8.643480277008651,0.15137404044804353,6781.414099329551,0,None,None,2,True,False,0,True,False,0
1158,3110,41.15398562715183,-8.642283348508757,0.1760315566581458,7884.802582387574,0,None,None,2,True,False,0,True,False,0
1159,3111,41.15398562715183,-8.641086420008861,0.18382806463880866,8233.685131652974,0,None,None,2,True,False,0,True,False,0
1160,3112,41.15398562715183,-8.639889491508967,0.1866850139885268,8361.5295172066,0,None,None,2,True,False,0,True,False,0
1161,3113,41.15398562715183,-8.638692563009073,0.18774565512208932,8408.991686609981,0,None,None,2,True,False,0,True,False,0
1162,3114,41.15398562715183,-8.637495634509179,0.18571829229327605,8318.27010795495,0,None,None,2,True,False,0,False,False,0
1163,3115,41.15398562715183,-8.636298706009283,0.1793727686331018,8034.317025821726,0,None,None,2,True,False,0,True,False,0
1164,3116,41.15398562715183,-8.635101777509389,0.16879697518867076,7561.065438502284,0,None,None,2,True,False,0,True,False,0
1165,3117,41.15398562715183,-8.633904849009495,0.15486218762872206,6937.503682464253,0,None,None,2,True,False,0,True,False,0
1166,3118,41.15398562715183,-8.632707920509601,0.13867505196335844,6213.152579349398,0,None,None,2,True,False,0,True,False,0
1167,3119,41.15398562715183,-8.631510992009707,0.12141010503400863,5440.570968122566,0,None,None,1,True,False,0,True,False,0
1168,3120,41.15398562715183,-8.630314063509811,0.10434991690672765,4677.15201959389,0,None,None,1,True,False,0,True,False,0
1169,3121,41.15398562715183,-8.629117135009917,0.08891620660256326,3986.5156207220552,0,None,None,1,True,False,0,True,False,0
1170,3122,41.15398562715183,-8.627920206510023,0.07648570352557323,3430.2684376360007,0,None,None,1,True,False,0,True,False,0
1171,3123,41.15398562715183,-8.626723278010129,0.0678491694053143,3043.7959235095736,0,None,None,1,True,False,0,True,False,0
1172,3124,41.15398562715183,-8.625526349510233,0.062571418084903,2807.624122028603,0,None,None,1,True,False,0,True,False,0
1173,3125,41.15398562715183,-8.624329421010339,0.059361420565542077,2663.9813372757512,0,None,None,1,True,False,0,True,False,0
1174,3126,41.15398562715183,-8.623132492510445,0.058365531354459516,2619.4167235268596,0,None,None,1,True,False,0,True,False,0
1175,3127,41.15398562715183,-8.62193556401055,0.061841521315025585,2774.962288499156,0,None,None,1,True,False,0,False,False,0
1176,3128,41.15398562715183,-8.620738635510655,0.06886748766086952,3089.364204827666,0,None,None,1,True,False,0,True,False,0
1177,3129,41.15398562715183,-8.619541707010761,0.07555975619950835,3388.833622920974,0,None,None,1,True,False,0,True,False,0
1178,3130,41.15398562715183,-8.618344778510867,0.07977456184482909,3577.440130070688,0,None,None,1,True,False,0,True,False,0
1179,3131,41.15398562715183,-8.617147850010973,0.08110614731785425,3637.0266700378147,0,None,None,1,True,False,0,False,False,0
1180,3132,41.15398562715183,-8.615950921511077,0.07977607773880542,3577.5079641518164,0,None,None,1,True,False,0,False,False,0
1181,3133,41.15398562715183,-8.614753993011183,0.07637017188947932,3425.098562632831,0,None,None,1,True,False,0,False,False,0
1182,3134,41.15398562715183,-8.613557064511289,0.07193464126107638,3226.6149290855965,0,None,None,1,True,False,0,True,False,0
1183,3135,41.15398562715183,-8.612360136011395,0.06752803982055935,3029.4258352018696,0,None,None,1,True,False,0,True,False,0
1184,3136,41.15398562715183,-8.611163207511499,0.06402216539485749,2872.5429832793297,0,None,None,1,True,False,0,True,False,0
1185,3137,41.15398562715183,-8.609966279011605,0.06400230835712925,2871.6544093228013,0,None,None,1,True,False,0,True,False,0
1186,3138,41.15398562715183,-8.60876935051171,0.07104169278782811,3186.6567657024284,0,None,None,1,True,False,0,True,False,0
1187,3139,41.15398562715183,-8.607572422011817,0.08471112178749934,3798.344106783326,0,None,None,1,True,False,0,True,False,0
1188,3140,41.15398562715183,-8.606375493511923,0.1014169293562506,4545.905033621189,0,None,None,1,True,False,0,True,False,0
1189,3141,41.15398562715183,-8.605178565012027,0.11814034612900118,5294.253947080378,0,None,None,1,True,False,0,True,False,0
1190,3142,41.15398562715183,-8.603981636512133,0.13303928456276018,5960.960071798039,0,None,None,1,True,False,0,True,False,0
1191,3143,41.15398562715183,-8.602784708012239,0.14471078506416307,6483.242978296856,0,None,None,2,True,False,0,True,False,0
1192,3144,41.15398562715183,-8.601587779512345,0.1516757666508613,6794.915914126678,0,None,None,2,True,False,0,False,False,0
1193,3145,41.15398562715183,-8.600390851012449,0.15214539771685798,6815.93123071784,0,None,None,2,True,False,0,True,False,0
1194,3146,41.15398562715183,-8.599193922512555,0.1439361325395864,6448.578388939736,0,None,None,2,True,False,0,True,False,0
1195,3147,41.15398562715183,-8.59799699401266,0.12464623056314365,5585.382943836272,0,None,None,1,True,False,0,True,False,0
1196,3148,41.15398562715183,-8.596800065512767,0.0928377900241519,4162.000853941101,0,None,None,1,True,False,0,True,False,0
1197,3149,41.15398562715183,-8.595603137012871,0.052168469490728786,2342.1070938392954,0,None,None,1,True,False,0,True,False,0
1198,3150,41.15398562715183,-8.594406208512977,0.018685322435811624,843.784289460593,0,None,None,1,True,False,0,True,False,0
1199,3151,41.15398562715183,-8.593209280013083,0.01621423840580899,733.2068235008857,0,None,None,1,True,False,0,True,False,0
1200,3152,41.15398562715183,-8.592012351513189,0.04658245495039822,2092.1409554222323,0,None,None,1,True,False,0,True,False,0
1201,3153,41.15398562715183,-8.590815423013293,0.08606561816686703,3858.955876947175,0,None,None,1,True,False,0,True,False,0
1202,3154,41.15398562715183,-8.589618494513399,0.11754104870941982,5267.436247152372,0,None,None,1,True,False,0,True,False,0
1203,3155,41.15398562715183,-8.588421566013505,0.13901450894091422,6228.342792197166,0,None,None,2,True,False,0,True,False,0
1204,3156,41.15398562715183,-8.58722463751361,0.1547298792137186,6931.583070668542,0,None,None,2,True,False,0,True,False,0
1205,3157,41.15398562715183,-8.586027709013715,0.16922397580354762,7580.173103552537,0,None,None,2,True,False,0,True,False,0
1206,3158,41.15398562715183,-8.58483078051382,0.18545307649255582,8306.402081283237,0,None,None,2,True,False,0,True,False,0
1207,3159,41.15398562715183,-8.583633852013927,0.20468157414761,9166.849771079442,0,None,None,2,True,False,0,True,False,0
1208,3160,41.15398562715183,-8.582436923514033,0.22710240201925241,10170.149659170398,0,None,None,2,True,False,0,True,False,0
1209,3161,41.15398562715183,-8.581239995014139,0.25259178215022365,11310.762859508835,0,None,None,2,True,False,0,True,False,0
1210,3162,41.15398562715183,-8.580043066514243,0.2810870243690648,12585.884076841197,0,None,None,2,True,False,0,True,False,0
1211,3163,41.15398562715183,-8.578846138014349,0.31250506093465613,13991.796148900039,0,None,None,2,True,False,0,True,False,0
1212,3164,41.15398562715183,-8.577649209514455,0.3465436449161096,15514.973959053987,0,None,None,2,True,False,0,True,False,0
1213,3165,41.15398562715183,-8.57645228101456,0.38265146738916006,17130.74722370846,0,None,None,3,True,False,0,True,False,0
1214,3166,41.15398562715183,-8.575255352514665,0.4201515397242805,18808.82167272625,0,None,None,3,True,False,0,True,True,0
1215,3167,41.15398562715183,-8.57405842401477,0.4583783257134901,20519.415515407647,0,None,None,3,True,False,0,True,True,0
1216,3168,41.15398562715183,-8.572861495514877,0.4967538864266035,22236.666813589705,0,None,None,3,True,False,0,True,False,0
1217,3169,41.15398562715183,-8.571664567014983,0.5348059921450223,23939.443964704697,0,None,None,3,True,False,0,True,True,0
1218,3170,41.15398562715183,-8.570467638515087,0.5721560318584309,25610.804669099172,0,None,None,3,True,False,0,True,False,0
1219,3171,41.15398562715183,-8.569270710015193,0.6084985960318072,27237.082288143036,0,None,None,3,True,False,0,True,False,0
1220,3172,41.15398562715183,-8.568073781515299,0.6435835048405169,28807.081633527654,0,None,None,3,True,False,0,True,False,0
1221,3173,41.15398562715183,-8.566876853015405,0.6772036644628696,30311.53555377604,0,None,None,3,True,False,0,True,True,0
1222,3174,41.15398562715183,-8.565679924515509,0.7091885640942915,31742.813934954538,0,None,None,3,True,False,0,True,False,0
1223,3175,41.15398562715183,-8.564482996015615,0.7394018088852214,33094.81330318233,0,None,None,3,True,False,0,True,False,0
1224,3176,41.15398562715183,-8.56328606751572,0.7677406446392784,34362.93555555617,0,None,None,3,True,False,0,False,False,0
1225,3177,41.15398562715183,-8.562089139015827,0.7941354883585532,35544.06695272553,0,None,None,3,True,False,0,True,False,0
1226,3178,41.15398562715183,-8.560892210515933,0.8185479856239923,36636.49118945117,0,None,None,3,True,False,0,True,False,0
1227,3179,41.15398562715183,-8.559695282016037,0.8409671724632712,37639.71764369766,0,None,None,3,True,False,0,True,False,0
1228,3180,41.15398562715183,-8.558498353516143,0.8614049247497467,38554.27774376365,0,None,None,3,True,False,0,True,False,0
1229,3181,41.15398562715183,-8.557301425016249,0.8798937260667464,39381.62508341043,0,None,None,3,True,False,0,True,False,0
1230,3182,41.15398562715183,-8.556104496516355,0.8964911919009971,40124.337873028635,0,None,None,3,True,False,0,True,False,0
1231,3183,41.15398562715183,-8.554907568016459,0.9112958459868724,40786.82490841463,0,None,None,3,True,False,0,True,False,0
1232,3218,41.15489200097061,-8.679388132005485,0.5527356643530345,24741.771078707392,0,None,None,3,True,False,0,True,False,0
1233,3219,41.15489200097061,-8.678191203505591,0.46255837265302885,20706.466620329535,0,None,None,3,True,False,0,True,False,0
1234,3220,41.15489200097061,-8.676994275005697,0.382566064142764,17126.925550929813,0,None,None,3,True,False,0,True,False,0
1235,3221,41.15489200097061,-8.675797346505801,0.32900671152072775,14730.221343594196,0,None,None,2,True,False,0,True,False,0
1236,3222,41.15489200097061,-8.674600418005907,0.31594490476949766,14145.724226592116,0,None,None,2,True,False,0,True,False,0
1237,3223,41.15489200097061,-8.673403489506013,0.3425081444309444,15334.391100636072,0,None,None,2,True,False,0,True,False,0
1238,3224,41.15489200097061,-8.672206561006119,0.39069592955423743,17490.725367074974,0,None,None,3,True,False,0,True,False,0
1239,3225,41.15489200097061,-8.671009632506223,0.4388330095718409,19644.7906527628,0,None,None,3,True,False,0,True,False,0
1240,3226,41.15489200097061,-8.669812704006329,0.4738192201481977,21210.373393816782,0,None,None,3,True,False,0,True,False,0
1241,3227,41.15489200097061,-8.668615775506435,0.49225817701960045,22035.490266017146,0,None,None,3,True,False,0,True,False,0
1242,3228,41.15489200097061,-8.667418847006541,0.49627882859612577,22215.40865707186,0,None,None,3,True,False,0,True,False,0
1243,3229,41.15489200097061,-8.666221918506645,0.4901023690349942,21939.020950874834,0,None,None,3,True,False,0,True,False,0
1244,3230,41.15489200097061,-8.665024990006751,0.47840697708105606,21415.66893614361,0,None,None,3,True,False,0,True,False,0
1245,3231,41.15489200097061,-8.663828061506857,0.46553305413290813,20839.579349839576,0,None,None,3,True,False,0,True,False,0
1246,3232,41.15489200097061,-8.662631133006963,0.4547135010389653,20355.41986783951,0,None,None,3,True,False,0,True,False,0
1247,3233,41.15489200097061,-8.661434204507067,0.4472820510051241,20022.87313807595,0,None,None,3,True,False,0,True,False,0
1248,3234,41.15489200097061,-8.660237276007173,0.4424370820595496,19806.06772711041,0,None,None,3,True,False,0,True,False,0
1249,3235,41.15489200097061,-8.659040347507279,0.4379393802456975,19604.802022189153,0,None,None,3,True,False,0,True,False,0
1250,3236,41.15489200097061,-8.657843419007385,0.4312815671206544,19306.87443443336,0,None,None,3,True,False,0,True,False,0
1251,3237,41.15489200097061,-8.656646490507491,0.4205172232657835,18825.18548669276,0,None,None,3,True,False,0,True,False,0
1252,3238,41.15489200097061,-8.655449562007595,0.40442387439500266,18105.03120811302,0,None,None,3,True,False,0,True,False,0
1253,3239,41.15489200097061,-8.654252633507701,0.3822092278092879,17110.957636832572,0,None,None,3,True,False,0,True,False,0
1254,3240,41.15489200097061,-8.653055705007807,0.3530686822321351,15806.960019802338,0,None,None,2,True,False,0,True,True,0
1255,3241,41.15489200097061,-8.651858776507913,0.31578057494271905,14138.370702549166,0,None,None,2,True,False,0,True,True,0
1256,3242,41.15489200097061,-8.650661848008017,0.2685613989104209,12025.380303614287,0,None,None,2,True,False,0,True,False,0
1257,3243,41.15489200097061,-8.649464919508123,0.21008570747554575,9408.676986121942,0,None,None,2,True,False,0,True,False,0
1258,3244,41.15489200097061,-8.648267991008229,0.14472241910228645,6483.7635848156715,0,None,None,2,True,False,0,True,False,0
1259,3245,41.15489200097061,-8.647071062508335,0.09474837277720234,4247.4966917084685,0,None,None,1,True,False,0,True,False,0
1260,3246,41.15489200097061,-8.645874134008439,0.09455767890104107,4238.963414270742,0,None,None,1,True,False,0,True,False,0
1261,3247,41.15489200097061,-8.644677205508545,0.13560677295498497,6075.851494690234,0,None,None,2,True,False,0,True,False,0
1262,3248,41.15489200097061,-8.643480277008651,0.1744531922079514,7814.173037157906,0,None,None,2,True,False,0,True,False,0
1263,3249,41.15489200097061,-8.642283348508757,0.19472420257119744,8721.271675324542,0,None,None,2,True,False,0,True,False,0
1264,3250,41.15489200097061,-8.641086420008861,0.20162011050105302,9029.853664085997,0,None,None,2,True,False,0,True,False,0
1265,3251,41.15489200097061,-8.639889491508967,0.20181233066808274,9038.45524085086,0,None,None,2,True,False,0,True,False,0
1266,3252,41.15489200097061,-8.638692563009073,0.19829520142058868,8881.068751796398,0,None,None,2,True,False,0,True,False,0
1267,3253,41.15489200097061,-8.637495634509179,0.1915709950007601,8580.170159329737,0,None,None,2,True,False,0,True,False,0
1268,3254,41.15489200097061,-8.636298706009283,0.1815148677667431,8130.172889546558,0,None,None,2,True,False,0,False,False,0
1269,3255,41.15489200097061,-8.635101777509389,0.16823789163406067,7536.047251351254,0,None,None,2,True,False,0,True,False,0
1270,3256,41.15489200097061,-8.633904849009495,0.15215209784892927,6816.231052017741,0,None,None,2,True,False,0,True,False,0
1271,3257,41.15489200097061,-8.632707920509601,0.1338567038531464,5997.538412582911,0,None,None,1,True,False,0,True,False,0
1272,3258,41.15489200097061,-8.631510992009707,0.11414966838189118,5115.676841899237,0,None,None,1,True,False,0,True,False,0
1273,3259,41.15489200097061,-8.630314063509811,0.09420267549549907,4223.0775210695065,0,None,None,1,True,False,0,True,False,0
1274,3260,41.15489200097061,-8.629117135009917,0.07580540389272516,3399.826004849295,0,None,None,1,True,False,0,True,False,0
1275,3261,41.15489200097061,-8.627920206510023,0.0613643052795419,2753.607555402901,0,None,None,1,True,False,0,True,False,0
1276,3262,41.15489200097061,-8.626723278010129,0.053051561780964616,2381.6242071698075,0,None,None,1,True,False,0,True,False,0
1277,3263,41.15489200097061,-8.625526349510233,0.05056142752504758,2270.194270924995,0,None,None,1,True,False,0,True,False,0
1278,3264,41.15489200097061,-8.624329421010339,0.04833199244214621,2170.430248740513,0,None,None,1,True,False,0,True,False,0
1279,3265,41.15489200097061,-8.623132492510445,0.04214005407458928,1893.3498881578737,0,None,None,1,True,False,0,True,False,0
1280,3266,41.15489200097061,-8.62193556401055,0.04826811791831268,2167.57195541696,0,None,None,1,True,False,0,True,False,0
1281,3267,41.15489200097061,-8.620738635510655,0.0647865408887793,2906.7476902554354,0,None,None,1,True,False,0,True,False,0
1282,3268,41.15489200097061,-8.619541707010761,0.07677009753363068,3442.9946615779213,0,None,None,1,True,False,0,True,False,0
1283,3269,41.15489200097061,-8.618344778510867,0.08250184932491564,3699.482332937939,0,None,None,1,True,False,0,True,False,0
1284,3270,41.15489200097061,-8.617147850010973,0.08296039714206506,3720.00169004037,0,None,None,1,True,False,0,True,False,0
1285,3271,41.15489200097061,-8.615950921511077,0.07896875219592693,3541.3813040900163,0,None,None,1,True,False,0,True,False,0
1286,3272,41.15489200097061,-8.614753993011183,0.07196600220527563,3228.018286356152,0,None,None,1,True,False,0,True,False,0
1287,3273,41.15489200097061,-8.613557064511289,0.0652681985137544,2928.3011781106666,0,None,None,1,True,False,0,True,False,0
1288,3274,41.15489200097061,-8.612360136011395,0.06309778234351152,2831.178167614267,0,None,None,1,True,False,0,True,False,0
1289,3275,41.15489200097061,-8.611163207511499,0.06639773545152403,2978.846335932078,0,None,None,1,True,False,0,True,False,0
1290,3276,41.15489200097061,-8.609966279011605,0.07310849614999643,3279.143251653832,0,None,None,1,True,False,0,True,False,0
1291,3277,41.15489200097061,-8.60876935051171,0.08249000173435464,3698.9521702538473,0,None,None,1,True,False,0,True,False,0
1292,3278,41.15489200097061,-8.607572422011817,0.09460273034107369,4240.979401592969,0,None,None,1,True,False,0,True,False,0
1293,3279,41.15489200097061,-8.606375493511923,0.10857976276477685,4866.431554690374,0,None,None,1,True,False,0,True,False,0
1294,3280,41.15489200097061,-8.605178565012027,0.12294074250989939,5509.064799709015,0,None,None,1,True,False,0,True,False,0
1295,3281,41.15489200097061,-8.603981636512133,0.13614085320171077,6099.75081967677,0,None,None,2,True,False,0,True,False,0
1296,3282,41.15489200097061,-8.602784708012239,0.14663017119300611,6569.132754503879,0,None,None,2,True,False,0,True,False,0
1297,3283,41.15489200097061,-8.601587779512345,0.15271461518966653,6841.4028961727345,0,None,None,2,True,False,0,False,False,0
1298,3284,41.15489200097061,-8.600390851012449,0.15239873197790174,6827.267575531239,0,None,None,2,True,False,0,True,False,0
1299,3285,41.15489200097061,-8.599193922512555,0.14326850278300127,6418.702914942844,0,None,None,2,True,False,0,True,False,0
1300,3286,41.15489200097061,-8.59799699401266,0.12261019344395613,5494.273203128903,0,None,None,1,True,False,0,True,False,0
1301,3287,41.15489200097061,-8.596800065512767,0.08858546681737879,3971.715489729457,0,None,None,1,True,False,0,True,False,0
1302,3288,41.15489200097061,-8.595603137012871,0.04464211526726706,2005.3135377154067,0,None,None,1,True,False,0,True,False,0
1303,3289,41.15489200097061,-8.594406208512977,0.007900313994490447,361.17063111645484,0,None,None,1,True,False,0,True,False,0
1304,3290,41.15489200097061,-8.593209280013083,0.005173345755400757,239.14271382591187,0,None,None,1,True,False,0,True,False,0
1305,3291,41.15489200097061,-8.592012351513189,0.03828036289324985,1720.6342439152581,0,None,None,1,True,False,0,False,False,0
1306,3292,41.15489200097061,-8.590815423013293,0.0783492076489781,3513.657574253648,0,None,None,1,True,False,0,True,False,0
1307,3293,41.15489200097061,-8.589618494513399,0.10585744089731315,4744.611555865602,0,None,None,1,True,False,0,True,False,0
1308,3294,41.15489200097061,-8.588421566013505,0.1208304234817046,5414.631050119332,0,None,None,1,True,False,0,True,False,0
1309,3295,41.15489200097061,-8.58722463751361,0.13034149744500279,5840.23796783137,0,None,None,1,True,False,0,True,False,0
1310,3296,41.15489200097061,-8.586027709013715,0.14061196574790902,6299.826693008658,0,None,None,2,True,False,0,True,False,0
1311,3297,41.15489200097061,-8.58483078051382,0.15491429774877377,6939.835535592764,0,None,None,2,True,False,0,True,False,0
1312,3298,41.15489200097061,-8.583633852013927,0.17380089332584736,7784.983597804305,0,None,None,2,True,False,0,True,False,0
1313,3299,41.15489200097061,-8.582436923514033,0.196484082224625,8800.023765543772,0,None,None,2,True,False,0,True,False,0
1314,3300,41.15489200097061,-8.581239995014139,0.22241330128185707,9960.31912695235,0,None,None,2,True,False,0,True,False,0
1315,3301,41.15489200097061,-8.580043066514243,0.25174787772962554,11272.999347135752,0,None,None,2,True,False,0,True,False,0
1316,3302,41.15489200097061,-8.578846138014349,0.28469720474727683,12747.43447052802,0,None,None,2,True,False,0,True,False,0
1317,3303,41.15489200097061,-8.577649209514455,0.3209068041518978,14367.762106887212,0,None,None,2,True,False,0,True,False,0
1318,3304,41.15489200097061,-8.57645228101456,0.3595183835336086,16095.574901957198,0,None,None,2,True,False,0,True,False,0
1319,3305,41.15489200097061,-8.575255352514665,0.39954377204137353,17886.653627530406,0,None,None,3,True,False,0,True,False,0
1320,3306,41.15489200097061,-8.57405842401477,0.4401279012501996,19702.735198050104,0,None,None,3,True,False,0,True,True,0
1321,3307,41.15489200097061,-8.572861495514877,0.4806251132558714,21514.927348397756,0,None,None,3,True,False,0,True,False,0
1322,3308,41.15489200097061,-8.571664567014983,0.5205741963161913,23302.59151464601,0,None,None,3,True,False,0,True,True,0
1323,3309,41.15489200097061,-8.570467638515087,0.559647001378091,25051.04349734847,0,None,None,3,True,False,0,False,True,0
1324,3310,41.15489200097061,-8.569270710015193,0.5976034174696742,26749.538674914347,0,None,None,3,True,False,0,True,True,0
1325,3311,41.15489200097061,-8.568073781515299,0.6342604909852897,28389.890135909034,0,None,None,3,True,False,0,True,True,0
1326,3312,41.15489200097061,-8.566876853015405,0.6694741404894247,29965.650442755577,0,None,None,3,True,False,0,True,True,0
1327,3313,41.15489200097061,-8.565679924515509,0.7031298095850536,31471.69336100029,0,None,None,3,True,False,0,True,True,0
1328,3314,41.15489200097061,-8.564482996015615,0.7351386447107541,32904.04282121604,0,None,None,3,True,False,0,True,False,0
1329,3315,41.15489200097061,-8.56328606751572,0.7654365161400629,34259.82911012763,0,None,None,3,True,False,0,True,False,0
1330,3316,41.15489200097061,-8.562089139015827,0.7939839431487048,35537.285521952675,0,None,None,3,True,False,0,True,False,0
1331,3317,41.15489200097061,-8.560892210515933,0.8207657532497054,36735.73310966161,0,None,None,3,True,False,0,True,False,0
1332,3318,41.15489200097061,-8.559695282016037,0.8457902085631853,37855.54159127913,0,None,None,3,True,False,0,True,False,0
1333,3319,41.15489200097061,-8.558498353516143,0.8690883849318365,38898.10156619226,0,None,None,3,True,False,0,False,False,0
1334,3320,41.15489200097061,-8.557301425016249,0.8907156207697994,39865.8893490595,0,None,None,3,True,False,0,True,False,0
1335,3321,41.15489200097061,-8.556104496516355,0.9107574988766112,40762.73464740503,0,None,None,3,True,False,0,True,False,0
1336,3322,41.15489200097061,-8.554907568016459,0.9293426285022202,41594.39254069421,0,None,None,3,True,False,0,True,False,0
1337,3356,41.15579837478939,-8.68058506050538,0.6788651301449866,30385.883759938544,0,None,None,3,True,False,0,True,False,0
1338,3357,41.15579837478939,-8.679388132005485,0.6079540294728942,27212.713715727095,0,None,None,3,True,False,0,True,False,0
1339,3358,41.15579837478939,-8.678191203505591,0.5401556341140845,24178.832769596924,0,None,None,3,True,False,0,True,False,0
1340,3359,41.15579837478939,-8.676994275005697,0.48243979521237607,21596.13176307437,0,None,None,3,True,False,0,True,False,0
1341,3360,41.15579837478939,-8.675797346505801,0.4435228545270466,19854.6544876604,0,None,None,3,True,False,0,True,False,0
1342,3361,41.15579837478939,-8.674600418005907,0.42952074945719104,19228.080369610456,0,None,None,3,True,False,0,True,False,0
1343,3362,41.15579837478939,-8.673403489506013,0.4387939084409798,19643.040933241213,0,None,None,3,True,False,0,True,False,0
1344,3363,41.15579837478939,-8.672206561006119,0.46176426517893315,20670.931449886517,0,None,None,3,True,False,0,True,False,0
1345,3364,41.15579837478939,-8.671009632506223,0.48675863305185857,21789.39356169494,0,None,None,3,True,False,0,True,False,0
1346,3365,41.15579837478939,-8.669812704006329,0.5057192578158801,22637.85432383913,0,None,None,3,True,False,0,True,False,0
1347,3366,41.15579837478939,-8.668615775506435,0.5155780233549427,23079.019940857528,0,None,None,3,True,False,0,True,False,0
1348,3367,41.15579837478939,-8.667418847006541,0.5167627530902121,23132.034897201636,0,None,None,3,True,False,0,True,False,0
1349,3368,41.15579837478939,-8.666221918506645,0.5113967821936924,22891.915396226974,0,None,None,3,True,False,0,True,False,0
1350,3369,41.15579837478939,-8.665024990006751,0.5021238233581093,22476.963788941343,0,None,None,3,True,False,0,True,False,0
1351,3370,41.15579837478939,-8.663828061506857,0.4914099437714065,21997.533044818174,0,None,None,3,True,False,0,True,False,0
1352,3371,41.15579837478939,-8.662631133006963,0.48103561988005344,21533.29693102246,0,None,None,3,True,False,0,True,False,0
1353,3372,41.15579837478939,-8.661434204507067,0.47173720679468484,21117.20628256906,0,None,None,3,True,False,0,True,False,0
1354,3373,41.15579837478939,-8.660237276007173,0.46315445643548364,20733.140514605588,0,None,None,3,True,False,0,True,False,0
1355,3374,41.15579837478939,-8.659040347507279,0.4541589934844483,20330.606450129093,0,None,None,3,True,False,0,True,False,0
1356,3375,41.15579837478939,-8.657843419007385,0.44337731400570957,19848.141758085643,0,None,None,3,True,False,0,True,False,0
1357,3376,41.15579837478939,-8.656646490507491,0.42960666833330496,19231.925116079386,0,None,None,3,True,False,0,True,False,0
1358,3377,41.15579837478939,-8.655449562007595,0.41196526017050494,18442.497404630318,0,None,None,3,True,False,0,True,False,0
1359,3378,41.15579837478939,-8.654252633507701,0.389820569533065,17451.55426169432,0,None,None,3,True,False,0,True,True,0
1360,3379,41.15579837478939,-8.653055705007807,0.36263206990101415,16234.907900803306,0,None,None,2,True,False,0,True,True,0
1361,3380,41.15579837478939,-8.651858776507913,0.329864668311336,14768.613679369308,0,None,None,2,True,False,0,False,True,0
1362,3381,41.15579837478939,-8.650661848008017,0.29122644446285184,13039.608582628529,0,None,None,2,True,False,0,True,True,0
1363,3382,41.15579837478939,-8.649464919508123,0.24780857654972233,11096.721269645479,0,None,None,2,True,False,0,True,False,0
1364,3383,41.15579837478939,-8.648267991008229,0.2049507768352777,9178.896205223491,0,None,None,2,True,False,0,True,False,0
1365,3384,41.15579837478939,-8.647071062508335,0.17504424789710438,7840.621931470712,0,None,None,2,True,False,0,True,False,0
1366,3385,41.15579837478939,-8.645874134008439,0.17031292891307037,7628.902193271045,0,None,None,2,True,False,0,True,False,0
1367,3386,41.15579837478939,-8.644677205508545,0.18558179428782873,8312.162017996186,0,None,None,2,True,False,0,True,False,0
1368,3387,41.15579837478939,-8.643480277008651,0.20314453243939484,9098.069359282345,0,None,None,2,True,False,0,True,False,0
1369,3388,41.15579837478939,-8.642283348508757,0.21305780059116014,9541.673890043732,0,None,None,2,True,False,0,True,False,0
1370,3389,41.15579837478939,-8.641086420008861,0.2151066285293886,9633.356001556756,0,None,None,2,True,False,0,True,False,0
1371,3390,41.15579837478939,-8.639889491508967,0.2117869859052045,9484.806755631793,0,None,None,2,True,False,0,True,False,0
1372,3391,41.15579837478939,-8.638692563009073,0.20484625661603426,9174.219075330226,0,None,None,2,True,False,0,True,False,0
1373,3392,41.15579837478939,-8.637495634509179,0.19497513017571783,8732.500325710493,0,None,None,2,True,False,0,True,False,0
1374,3393,41.15579837478939,-8.636298706009283,0.18235535381288334,8167.783434565774,0,None,None,2,True,False,0,True,False,0
1375,3394,41.15579837478939,-8.635101777509389,0.16705258701498565,7483.006569781428,0,None,None,2,True,False,0,True,False,0
1376,3395,41.15579837478939,-8.633904849009495,0.14913687913374055,6681.304339371915,0,None,None,2,True,False,0,False,False,0
1377,3396,41.15579837478939,-8.632707920509601,0.1287224718475595,5767.78889458436,0,None,None,1,True,False,0,True,False,0
1378,3397,41.15579837478939,-8.631510992009707,0.10610705639631805,4755.781491411743,0,None,None,1,True,False,0,True,False,0
1379,3398,41.15579837478939,-8.630314063509811,0.08213743814356429,3683.175455263216,0,None,None,1,True,False,0,True,False,0
1380,3399,41.15579837478939,-8.629117135009917,0.05887204537930736,2642.0824996237848,0,None,None,1,True,False,0,True,False,0
1381,3400,41.15579837478939,-8.627920206510023,0.04012609150394579,1803.2279518353694,0,None,None,1,True,False,0,True,False,0
1382,3401,41.15579837478939,-8.626723278010129,0.030355621012548583,1366.0134115545814,0,None,None,1,True,False,0,True,False,0
1383,3402,41.15579837478939,-8.625526349510233,0.0317494460494401,1428.3850827318238,0,None,None,1,True,False,0,True,False,0
1384,3403,41.15579837478939,-8.624329421010339,0.03364986169699323,1513.425957111307,0,None,None,1,True,False,0,True,False,0
1385,3404,41.15579837478939,-8.623132492510445,0.00889486611682489,405.67541206171234,0,None,None,1,True,False,0,True,False,0
1386,3405,41.15579837478939,-8.62193556401055,0.021886983287397757,987.0540202881664,0,None,None,1,True,False,0,True,False,0
1387,3406,41.15579837478939,-8.620738635510655,0.057995563161916314,2602.861177571963,0,None,None,1,True,False,0,True,False,0
1388,3407,41.15579837478939,-8.619541707010761,0.07679434919660902,3444.079888710991,0,None,None,1,True,False,0,True,False,0
1389,3408,41.15579837478939,-8.618344778510867,0.08385881479040178,3760.204591164071,0,None,None,1,True,False,0,True,False,0
1390,3409,41.15579837478939,-8.617147850010973,0.08264011324456401,3705.6694450242717,0,None,None,1,True,False,0,True,False,0
1391,3410,41.15579837478939,-8.615950921511077,0.07413548024726882,3325.0993169589756,0,None,None,1,True,False,0,True,False,0
1392,3411,41.15579837478939,-8.614753993011183,0.05963209461514543,2676.093612755982,0,None,None,1,True,False,0,True,False,0
1393,3412,41.15579837478939,-8.613557064511289,0.045116669605822265,2026.5491636918991,0,None,None,1,True,False,0,True,False,0
1394,3413,41.15579837478939,-8.612360136011395,0.04232544173990897,1901.6457202713677,0,None,None,1,True,False,0,True,False,0
1395,3414,41.15579837478939,-8.611163207511499,0.053700186377404625,2410.6492275101305,0,None,None,1,True,False,0,True,False,0
1396,3415,41.15579837478939,-8.609966279011605,0.06911019359107572,3100.22494708076,0,None,None,1,True,False,0,True,False,0
1397,3416,41.15579837478939,-8.60876935051171,0.08343420973585196,3741.2041240023973,0,None,None,1,True,False,0,True,False,0
1398,3417,41.15579837478939,-8.607572422011817,0.09723439973236138,4358.742832135639,0,None,None,1,True,False,0,True,False,0
1399,3418,41.15579837478939,-8.606375493511923,0.11127518865328659,4987.047997035024,0,None,None,1,True,False,0,True,False,0
1400,3419,41.15579837478939,-8.605178565012027,0.1252194187649412,5611.032293718034,0,None,None,1,True,False,0,True,False,0
1401,3420,41.15579837478939,-8.603981636512133,0.13801462632749797,6183.599479421752,0,None,None,2,True,False,0,False,False,0
1402,3421,41.15579837478939,-8.602784708012239,0.14826242116280589,6642.173599445553,0,None,None,2,True,False,0,True,False,0
1403,3422,41.15579837478939,-8.601587779512345,0.15434040172981134,6914.154511908125,0,None,None,2,True,False,0,False,False,0
1404,3423,41.15579837478939,-8.600390851012449,0.15439240343797783,6916.481513760273,0,None,None,2,True,False,0,True,False,0
1405,3424,41.15579837478939,-8.599193922512555,0.14633163212189804,6555.773559279321,0,None,None,2,True,False,0,True,False,0
1406,3425,41.15579837478939,-8.59799699401266,0.12811975660209388,5740.818251850368,0,None,None,1,True,False,0,True,False,0
1407,3426,41.15579837478939,-8.596800065512767,0.09902162720917843,4438.718698225382,0,None,None,1,True,False,0,True,False,0
1408,3427,41.15579837478939,-8.595603137012871,0.06315896154331634,2833.915849053555,0,None,None,1,True,False,0,True,False,0
1409,3428,41.15579837478939,-8.594406208512977,0.03459780241323966,1555.8449444908856,0,None,None,1,True,False,0,True,False,0
1410,3429,41.15579837478939,-8.593209280013083,0.032266831029609894,1451.5373184867237,0,None,None,1,True,False,0,True,False,0
1411,3430,41.15579837478939,-8.592012351513189,0.05586091958653921,2507.338939385624,0,None,None,1,True,False,0,True,False,0
1412,3431,41.15579837478939,-8.590815423013293,0.08243182772677969,3696.3489668563684,0,None,None,1,True,False,0,True,False,0
1413,3432,41.15579837478939,-8.589618494513399,0.09632306407482295,4317.961868629022,0,None,None,1,True,False,0,True,False,0
1414,3433,41.15579837478939,-8.588421566013505,0.09957612351012417,4463.531612354629,0,None,None,1,True,False,0,True,False,0
1415,3434,41.15579837478939,-8.58722463751361,0.1008540063773804,4520.715037741571,0,None,None,1,True,False,0,True,False,0
1416,3435,41.15579837478939,-8.586027709013715,0.10691193748231823,4791.79876553443,0,None,None,1,True,False,0,True,False,0
1417,3436,41.15579837478939,-8.58483078051382,0.12055514403510313,5402.312689729156,0,None,None,1,True,False,0,True,False,0
1418,3437,41.15579837478939,-8.583633852013927,0.14051852721991379,6295.645452903802,0,None,None,2,True,False,0,True,False,0
1419,3438,41.15579837478939,-8.582436923514033,0.16394913646081408,7344.131608895871,0,None,None,2,True,False,0,True,False,0
1420,3439,41.15579837478939,-8.581239995014139,0.18995618528439273,8507.909740713852,0,None,None,2,True,False,0,True,False,0
1421,3440,41.15579837478939,-8.580043066514243,0.21992961370305877,9849.177670261854,0,None,None,2,True,False,0,True,False,0
1422,3441,41.15579837478939,-8.578846138014349,0.25492223262813724,11415.047175729356,0,None,None,2,True,False,0,True,False,0
1423,3442,41.15579837478939,-8.577649209514455,0.2942475418696348,13174.798358291135,0,None,None,2,True,False,0,True,False,0
1424,3443,41.15579837478939,-8.57645228101456,0.3362810142093757,15055.735955063607,0,None,None,2,True,False,0,True,False,0
1425,3444,41.15579837478939,-8.575255352514665,0.3794944665420281,16989.47596402243,0,None,None,3,True,False,0,True,False,0
1426,3445,41.15579837478939,-8.57405842401477,0.42282062676414706,18928.25948937307,0,None,None,3,True,False,0,True,True,0
1427,3446,41.15579837478939,-8.572861495514877,0.46560515216347975,20842.805633294327,0,None,None,3,True,False,0,True,True,0
1428,3447,41.15579837478939,-8.571664567014983,0.5074648148063183,22715.965495433204,0,None,None,3,True,False,0,True,True,0
1429,3448,41.15579837478939,-8.570467638515087,0.548172475082268,24537.574904020716,0,None,None,3,True,False,0,True,True,0
1430,3449,41.15579837478939,-8.569270710015193,0.5875854863895119,26301.25062822977,0,None,None,3,True,False,0,True,False,0
1431,3450,41.15579837478939,-8.568073781515299,0.6256064236631694,28002.633036147945,0,None,None,3,True,False,0,True,True,0
1432,3451,41.15579837478939,-8.566876853015405,0.6621636764155919,29638.51766116699,0,None,None,3,True,False,0,False,True,0
1433,3452,41.15579837478939,-8.565679924515509,0.6972032580724394,31206.488681520477,0,None,None,3,True,False,0,False,True,0
1434,3453,41.15579837478939,-8.564482996015615,0.7306865184731615,32704.81655796137,0,None,None,3,True,False,0,False,True,0
1435,3454,41.15579837478939,-8.56328606751572,0.7625905948487326,34132.47821436884,0,None,None,3,True,False,0,True,False,0
1436,3455,41.15579837478939,-8.562089139015827,0.7929097604352545,35489.21738627259,0,None,None,3,True,False,0,True,False,0
1437,3456,41.15579837478939,-8.560892210515933,0.8216567413164974,36775.60354766776,0,None,None,3,True,False,0,True,False,0
1438,3457,41.15579837478939,-8.559695282016037,0.8488638329461318,37993.08187378333,0,None,None,3,True,False,0,True,False,0
1439,3458,41.15579837478939,-8.558498353516143,0.874584350735956,39144.03815282468,0,None,None,3,True,False,0,True,False,0
1440,3459,41.15579837478939,-8.557301425016249,0.8988955310286398,40231.92860034284,0,None,None,3,True,False,0,True,False,0
1441,3460,41.15579837478939,-8.556104496516355,0.9219042776762152,41261.53701037942,0,None,None,3,True,False,0,True,False,0
1442,3461,41.15579837478939,-8.554907568016459,0.9437569000783894,42239.410518713405,0,None,None,3,True,False,0,True,False,0
1443,3494,41.15670474860817,-8.681781989005273,0.7679813840791895,34373.70830018918,0,None,None,3,True,False,0,True,False,0
1444,3495,41.15670474860817,-8.68058506050538,0.7100136751816986,31779.736472623412,0,None,None,3,True,False,0,True,False,0
1445,3496,41.15670474860817,-8.679388132005485,0.6535413060927637,29252.678956659838,0,None,None,3,True,False,0,True,False,0
1446,3497,41.15670474860817,-8.678191203505591,0.6014607273349261,26922.14775867767,0,None,None,3,True,False,0,True,False,0
1447,3498,41.15670474860817,-8.676994275005697,0.5578718799347987,24971.60935889475,0,None,None,3,True,False,0,True,False,0
1448,3499,41.15670474860817,-8.675797346505801,0.5270566860777872,23592.673633361443,0,None,None,3,True,False,0,True,False,0
1449,3500,41.15670474860817,-8.674600418005907,0.5113821574657116,22891.260960626714,0,None,None,3,True,False,0,True,False,0
1450,3501,41.15670474860817,-8.673403489506013,0.5094005715633749,22802.587833771682,0,None,None,3,True,False,0,False,False,0
1451,3502,41.15670474860817,-8.672206561006119,0.5160892126623089,23101.89492914119,0,None,None,3,True,False,0,True,False,0
1452,3503,41.15670474860817,-8.671009632506223,0.5253177108570299,23514.856986520073,0,None,None,3,True,False,0,True,False,0
1453,3504,41.15670474860817,-8.669812704006329,0.5323890629299564,23831.289849036806,0,None,None,3,True,False,0,True,False,0
1454,3505,41.15670474860817,-8.668615775506435,0.5349971059111679,23947.996031616953,0,None,None,3,True,False,0,True,False,0
1455,3506,41.15670474860817,-8.667418847006541,0.5328250592016547,23850.80005682696,0,None,None,3,True,False,0,True,False,0
1456,3507,41.15670474860817,-8.666221918506645,0.5267220912225489,23577.700993513427,0,None,None,3,True,False,0,True,False,0
1457,3508,41.15670474860817,-8.665024990006751,0.5180024089949222,23187.507720845224,0,None,None,3,True,False,0,True,False,0
1458,3509,41.15670474860817,-8.663828061506857,0.5079572099066502,22737.99946990942,0,None,None,3,True,False,0,True,False,0
1459,3510,41.15670474860817,-8.662631133006963,0.49752228064023335,22271.051352508523,0,None,None,3,True,False,0,True,False,0
1460,3511,41.15670474860817,-8.661434204507067,0.4870849110533428,21803.994034266678,0,None,None,3,True,False,0,True,False,0
1461,3512,41.15670474860817,-8.660237276007173,0.47646386817335296,21328.71759960921,0,None,None,3,True,False,0,True,False,0
1462,3513,41.15670474860817,-8.659040347507279,0.46506342778233656,20818.564244256926,0,None,None,3,True,False,0,False,False,0
1463,3514,41.15670474860817,-8.657843419007385,0.45211872618872856,20239.30741508943,0,None,None,3,True,False,0,False,False,0
1464,3515,41.15670474860817,-8.656646490507491,0.4369120338931461,19558.82974647987,0,None,None,3,True,False,0,False,False,0
1465,3516,41.15670474860817,-8.655449562007595,0.4188867375094968,18752.22358777531,0,None,None,3,True,False,0,True,False,0
1466,3517,41.15670474860817,-8.654252633507701,0.39766681003523835,17802.662269963803,0,None,None,3,True,False,0,True,False,0
1467,3518,41.15670474860817,-8.653055705007807,0.37304799258902543,16701.005501082513,0,None,None,3,True,False,0,True,True,0
1468,3519,41.15670474860817,-8.651858776507913,0.3450625712465422,15448.698036708995,0,None,None,2,True,False,0,True,False,0
1469,3520,41.15670474860817,-8.650661848008017,0.3142634485054676,14070.481470562358,0,None,None,2,True,False,0,True,True,0
1470,3521,41.15670474860817,-8.649464919508123,0.28239256197686385,12644.305012201039,0,None,None,2,True,False,0,True,True,0
1471,3522,41.15670474860817,-8.648267991008229,0.25328209117674666,11341.653198305588,0,None,None,2,True,False,0,True,True,0
1472,3523,41.15670474860817,-8.647071062508335,0.23257676142117156,10415.119390295355,0,None,None,2,True,False,0,True,False,0
1473,3524,41.15670474860817,-8.645874134008439,0.2240114157787758,10031.832458444585,0,None,None,2,True,False,0,True,False,0
1474,3525,41.15670474860817,-8.644677205508545,0.22487047920654504,10070.274314645356,0,None,None,2,True,False,0,True,False,0
1475,3526,41.15670474860817,-8.643480277008651,0.22815016896767973,10217.03572725498,0,None,None,2,True,False,0,True,False,0
1476,3527,41.15670474860817,-8.642283348508757,0.22876138607962893,10244.386816319517,0,None,None,2,True,False,0,True,False,0
1477,3528,41.15670474860817,-8.641086420008861,0.22532964106057524,10090.821149017462,0,None,None,2,True,False,0,True,False,0
1478,3529,41.15670474860817,-8.639889491508967,0.2183523876971,9778.599068778809,0,None,None,2,True,False,0,True,False,0
1479,3530,41.15670474860817,-8.638692563009073,0.20857159187204474,9340.922484626897,0,None,None,2,True,False,0,True,False,0
1480,3531,41.15670474860817,-8.637495634509179,0.19643933091938623,8798.021208823075,0,None,None,2,True,False,0,True,False,0
1481,3532,41.15670474860817,-8.636298706009283,0.18211841568228215,8157.180793071999,0,None,None,2,True,False,0,False,False,0
1482,3533,41.15670474860817,-8.635101777509389,0.16555992171684047,7416.211938683954,0,None,None,2,True,False,0,True,False,0
1483,3534,41.15670474860817,-8.633904849009495,0.14653627401517222,6564.930990476604,0,None,None,2,True,False,0,False,False,0
1484,3535,41.15670474860817,-8.632707920509601,0.1246961029445021,5587.614661367945,0,None,None,1,True,False,0,True,False,0
1485,3536,41.15670474860817,-8.631510992009707,0.09976583100409978,4472.020750604358,0,None,None,1,True,False,0,True,False,0
1486,3537,41.15670474860817,-8.630314063509811,0.072077790065838,3233.0206327741453,0,None,None,1,True,False,0,True,False,0
1487,3538,41.15670474860817,-8.629117135009917,0.0437148382128017,1963.8192195617455,0,None,None,1,True,False,0,True,False,0
1488,3539,41.15670474860817,-8.627920206510023,0.02021692790784632,912.3214374860437,0,None,None,1,True,False,0,True,False,0
1489,3540,41.15670474860817,-8.626723278010129,0.008290111019406646,378.6134888786897,0,None,None,1,True,False,0,True,False,0
1490,3541,41.15670474860817,-8.625526349510233,0.012342870575055294,559.9686659453064,0,None,None,1,True,False,0,True,False,0
1491,3542,41.15670474860817,-8.624329421010339,0.02757373665152923,1241.5280765762595,0,None,None,1,True,False,0,True,False,0
1492,3543,41.15670474860817,-8.623132492510445,0.022063553155849833,994.9552686395826,0,None,None,1,True,False,0,True,False,0
1493,3544,41.15670474860817,-8.62193556401055,0.032423098339592796,1458.5300564674837,0,None,None,1,True,False,0,True,False,0
1494,3545,41.15670474860817,-8.620738635510655,0.061706422924534036,2768.9168293021353,0,None,None,1,True,False,0,True,False,0
1495,3546,41.15670474860817,-8.619541707010761,0.0794857708897107,3564.517149054522,0,None,None,1,True,False,0,True,False,0
1496,3547,41.15670474860817,-8.618344778510867,0.08566281542249694,3840.9310318940456,0,None,None,1,True,False,0,True,False,0
1497,3548,41.15670474860817,-8.617147850010973,0.08204472663963269,3679.026748442405,0,None,None,1,True,False,0,True,False,0
1498,3549,41.15670474860817,-8.615950921511077,0.06847994995329121,3072.022448275665,0,None,None,1,True,False,0,False,False,0
1499,3550,41.15670474860817,-8.614753993011183,0.04457227541757348,2002.188304615942,0,None,None,1,True,False,0,True,False,0
1500,3551,41.15670474860817,-8.613557064511289,0.01769865328532102,799.632260198459,0,None,None,1,True,False,0,True,False,0
1501,3552,41.15670474860817,-8.612360136011395,0.012511358332342558,567.5082514146196,0,None,None,1,True,False,0,True,False,0
1502,3553,41.15670474860817,-8.611163207511499,0.03501905555801069,1574.6954184977483,0,None,None,1,True,False,0,True,False,0
1503,3554,41.15670474860817,-8.609966279011605,0.05962561444358423,2675.8036343734093,0,None,None,1,True,False,0,True,False,0
1504,3555,41.15670474860817,-8.60876935051171,0.07816975312668202,3505.627241780297,0,None,None,1,True,False,0,True,False,0
1505,3556,41.15670474860817,-8.607572422011817,0.09414062924759435,4220.301040471392,0,None,None,1,True,False,0,True,False,0
1506,3557,41.15670474860817,-8.606375493511923,0.10968011120904421,4915.67056929388,0,None,None,1,True,False,0,True,False,0
1507,3558,41.15670474860817,-8.605178565012027,0.1247556213407836,5590.278024231727,0,None,None,1,True,False,0,True,False,0
1508,3559,41.15670474860817,-8.603981636512133,0.13841616446842667,6201.567735284755,0,None,None,2,True,False,0,True,False,0
1509,3560,41.15670474860817,-8.602784708012239,0.14940759255582428,6693.418376714169,0,None,None,2,True,False,0,True,False,0
1510,3561,41.15670474860817,-8.601587779512345,0.15634056116272327,7003.65877761558,0,None,None,2,True,False,0,True,False,0
1511,3562,41.15670474860817,-8.600390851012449,0.15773986083272262,7066.275430771895,0,None,None,2,True,False,0,True,False,0
1512,3563,41.15670474860817,-8.599193922512555,0.15216608598032902,6816.857000834097,0,None,None,2,True,False,0,True,False,0
1513,3564,41.15670474860817,-8.59799699401266,0.13863382576705488,6211.307766197334,0,None,None,2,True,False,0,True,False,0
1514,3565,41.15670474860817,-8.596800065512767,0.1177148331294086,5275.212850680345,0,None,None,1,True,False,0,True,False,0
1515,3566,41.15670474860817,-8.595603137012871,0.09358363551846771,4195.376370013219,0,None,None,1,True,False,0,True,False,0
1516,3567,41.15670474860817,-8.594406208512977,0.07532490142231145,3378.3242085037973,0,None,None,1,True,False,0,True,False,0
1517,3568,41.15670474860817,-8.593209280013083,0.07188224265980851,3224.2701668364443,0,None,None,1,True,False,0,True,False,0
1518,3569,41.15670474860817,-8.592012351513189,0.08051101276104035,3610.395252247678,0,None,None,1,True,False,0,True,False,0
1519,3570,41.15670474860817,-8.590815423013293,0.08698281144693398,3899.998960660102,0,None,None,1,True,False,0,True,False,0
1520,3571,41.15670474860817,-8.589618494513399,0.08252219390695449,3700.3927238030624,0,None,None,1,True,False,0,True,False,0
1521,3572,41.15670474860817,-8.588421566013505,0.07238855732105869,3246.9270216983296,0,None,None,1,True,False,0,False,False,0
1522,3573,41.15670474860817,-8.58722463751361,0.06601220323119372,2961.594322057868,0,None,None,1,True,False,0,True,False,0
1523,3574,41.15670474860817,-8.586027709013715,0.06901105232233856,3095.7885175073907,0,None,None,1,True,False,0,True,False,0
1524,3575,41.15670474860817,-8.58483078051382,0.08426150763660507,3778.2245184318685,0,None,None,1,True,False,0,True,False,0
1525,3576,41.15670474860817,-8.583633852013927,0.10726024541322786,4807.385045849476,0,None,None,1,True,False,0,True,False,0
1526,3577,41.15670474860817,-8.582436923514033,0.13082630033464462,5861.932201769048,0,None,None,1,True,False,0,True,False,0
1527,3578,41.15670474860817,-8.581239995014139,0.15464772118799483,6927.906616860219,0,None,None,2,True,False,0,False,False,0
1528,3579,41.15670474860817,-8.580043066514243,0.18442383862866063,8260.345163154398,0,None,None,2,True,False,0,True,False,0
1529,3580,41.15670474860817,-8.578846138014349,0.2226717619749026,9971.884872244766,0,None,None,2,True,False,0,True,False,0
1530,3581,41.15670474860817,-8.577649209514455,0.266891534231833,11950.656254406751,0,None,None,2,True,False,0,True,False,0
1531,3582,41.15670474860817,-8.57645228101456,0.3136829095783787,14044.50318626727,0,None,None,2,True,False,0,True,False,0
1532,3583,41.15670474860817,-8.575255352514665,0.3608175793921576,16153.712053134343,0,None,None,2,True,False,0,True,False,0
1533,3584,41.15670474860817,-8.57405842401477,0.4071781652792271,18228.28177458329,0,None,None,3,True,False,0,True,False,0
1534,3585,41.15670474860817,-8.572861495514877,0.4522796225666389,20246.507297220272,0,None,None,3,True,False,0,True,True,0
1535,3586,41.15670474860817,-8.571664567014983,0.49593613885704835,22200.07378278289,0,None,None,3,True,False,0,True,True,0
1536,3587,41.15670474860817,-8.570467638515087,0.5380887343707065,24086.34197072463,0,None,None,3,True,False,0,True,True,0
1537,3588,41.15670474860817,-8.569270710015193,0.5787260624051775,25904.80411238656,0,None,None,3,True,False,0,True,True,0
1538,3589,41.15670474860817,-8.568073781515299,0.6178513346899268,27655.603928055523,0,None,None,3,True,False,0,True,True,0
1539,3590,41.15670474860817,-8.566876853015405,0.6554708003764304,29339.02105829665,0,None,None,3,True,False,0,False,True,0
1540,3591,41.15670474860817,-8.565679924515509,0.6915919230898893,30955.389489632293,0,None,None,3,True,False,0,False,True,0
1541,3592,41.15670474860817,-8.564482996015615,0.7262256013765355,32505.196916374065,0,None,None,3,True,False,0,True,True,0
1542,3593,41.15670474860817,-8.56328606751572,0.7593896968977328,33989.242622248246,0,None,None,3,True,False,0,False,False,0
1543,3594,41.15670474860817,-8.562089139015827,0.7911125568113418,35408.79510190954,0,None,None,3,True,False,0,True,False,0
1544,3595,41.15670474860817,-8.560892210515933,0.8214360064172498,36765.72597753606,0,None,None,3,True,False,0,True,False,0
1545,3596,41.15670474860817,-8.559695282016037,0.8504178324409867,38062.62112220927,0,None,None,3,True,False,0,True,False,0
1546,3597,41.15670474860817,-8.558498353516143,0.87813421161237,39302.889335324915,0,None,None,3,True,False,0,True,False,0
1547,3598,41.15670474860817,-8.557301425016249,0.9046828530073332,40490.90295788266,0,None,None,3,True,False,0,True,False,0
1548,3599,41.15670474860817,-8.556104496516355,0.930187723044668,41632.209309313024,0,None,None,3,True,False,0,False,False,0
1549,3600,41.15670474860817,-8.554907568016459,0.954805994155454,42733.841630467585,0,None,None,3,True,False,0,False,False,0
1550,3632,41.15761112242695,-8.682978917505169,0.8318660598672758,37232.455909147066,0,None,None,3,True,False,0,True,False,0
1551,3633,41.15761112242695,-8.681781989005273,0.7816352795879392,34984.7005398317,0,None,None,3,True,False,0,True,False,0
1552,3634,41.15761112242695,-8.68058506050538,0.7326740596003803,32793.756172588044,0,None,None,3,True,False,0,True,False,0
1553,3635,41.15761112242695,-8.679388132005485,0.6862691131431635,30717.20137925329,0,None,None,3,True,False,0,True,False,0
1554,3636,41.15761112242695,-8.678191203505591,0.6442890027975928,28838.651655180514,0,None,None,3,True,False,0,True,False,0
1555,3637,41.15761112242695,-8.676994275005697,0.608974462535566,27258.376631630294,0,None,None,3,True,False,0,True,False,0
1556,3638,41.15761112242695,-8.675797346505801,0.5823066632993323,26065.030866588953,0,None,None,3,True,False,0,True,False,0
1557,3639,41.15761112242695,-8.674600418005907,0.5650769176798499,25294.024463487924,0,None,None,3,True,False,0,True,False,0
1558,3640,41.15761112242695,-8.673403489506013,0.5562269141066618,24897.9994975314,0,None,None,3,True,False,0,True,False,0
1559,3641,41.15761112242695,-8.672206561006119,0.5530779253969889,24757.086769504505,0,None,None,3,True,False,0,False,False,0
1560,3642,41.15761112242695,-8.671009632506223,0.5523848609561445,24726.073129869084,0,None,None,3,True,False,0,True,False,0
1561,3643,41.15761112242695,-8.669812704006329,0.5514567227322852,24684.540275620257,0,None,None,3,True,False,0,True,False,0
1562,3644,41.15761112242695,-8.668615775506435,0.5487069691186632,24561.492745501444,0,None,None,3,True,False,0,True,False,0
1563,3645,41.15761112242695,-8.667418847006541,0.5436043228657249,24333.1566446291,0,None,None,3,True,False,0,True,False,0
1564,3646,41.15761112242695,-8.666221918506645,0.5363341097928064,24007.825037597668,0,None,None,3,True,False,0,True,False,0
1565,3647,41.15761112242695,-8.665024990006751,0.5274299574005397,23609.37698965538,0,None,None,3,True,False,0,True,False,0
1566,3648,41.15761112242695,-8.663828061506857,0.5174782085760721,23164.050503985058,0,None,None,3,True,False,0,True,False,0
1567,3649,41.15761112242695,-8.662631133006963,0.5069110990909435,22691.187511388624,0,None,None,3,True,False,0,True,False,0
1568,3650,41.15761112242695,-8.661434204507067,0.49589161799771997,22198.081538186143,0,None,None,3,True,False,0,True,False,0
1569,3651,41.15761112242695,-8.660237276007173,0.484296305611381,21679.20794055652,0,None,None,3,True,False,0,True,False,0
1570,3652,41.15761112242695,-8.659040347507279,0.4717860658805044,21119.39265657878,0,None,None,3,True,False,0,True,True,0
1571,3653,41.15761112242695,-8.657843419007385,0.45792621687166735,20499.184293215385,0,None,None,3,True,False,0,False,True,0
1572,3654,41.15761112242695,-8.656646490507491,0.44230449919928444,19800.134834282886,0,None,None,3,True,False,0,False,True,0
1573,3655,41.15761112242695,-8.655449562007595,0.42461329202694453,19008.478688585787,0,None,None,3,True,False,0,False,True,0
1574,3656,41.15761112242695,-8.654252633507701,0.40469623440708363,18117.218927995877,0,None,None,3,True,False,0,True,False,0
1575,3657,41.15761112242695,-8.653055705007807,0.3825895588975724,17127.976907507942,0,None,None,3,True,False,0,True,False,0
1576,3658,41.15761112242695,-8.651858776507913,0.35860587949661205,16054.741655145686,0,None,None,2,True,False,0,True,False,0
1577,3659,41.15761112242695,-8.650661848008017,0.3335055435111663,14931.537622296635,0,None,None,2,True,False,0,True,True,0
1578,3660,41.15761112242695,-8.649464919508123,0.30873766189619833,13823.210445672757,0,None,None,2,True,False,0,True,False,0
1579,3661,41.15761112242695,-8.648267991008229,0.28652268464291597,12829.122077492948,0,None,None,2,True,False,0,True,True,0
1580,3662,41.15761112242695,-8.647071062508335,0.2692512974914276,12056.252275562907,0,None,None,2,True,False,0,True,False,0
1581,3663,41.15761112242695,-8.645874134008439,0.25798064107437635,11551.906566890784,0,None,None,2,True,False,0,True,False,0
1582,3664,41.15761112242695,-8.644677205508545,0.2512973090659262,11252.837045705366,0,None,None,2,True,False,0,True,False,0
1583,3665,41.15761112242695,-8.643480277008651,0.24622531670652473,11025.872662600592,0,None,None,2,True,False,0,True,False,0
1584,3666,41.15761112242695,-8.642283348508757,0.24024402133562195,10758.218273983846,0,None,None,2,True,False,0,True,False,0
1585,3667,41.15761112242695,-8.641086420008861,0.2322119268534215,10398.79356668657,0,None,None,2,True,False,0,True,False,0
1586,3668,41.15761112242695,-8.639889491508967,0.2220005451397401,9941.848881626638,0,None,None,2,True,False,0,True,False,0
1587,3669,41.15761112242695,-8.638692563009073,0.20986606656676277,9398.848370494377,0,None,None,2,True,False,0,True,False,0
1588,3670,41.15761112242695,-8.637495634509179,0.19607933478603615,8781.911898213713,0,None,None,2,True,False,0,True,False,0
1589,3671,41.15761112242695,-8.636298706009283,0.18076722953712915,8096.717151141245,0,None,None,2,True,False,0,True,False,0
1590,3672,41.15761112242695,-8.635101777509389,0.16381606002988355,7338.176629489021,0,None,None,2,True,False,0,True,False,0
1591,3673,41.15761112242695,-8.633904849009495,0.14479751139386832,6487.123857155832,0,None,None,2,True,False,0,True,False,0
1592,3674,41.15761112242695,-8.632707920509601,0.12299105512133088,5511.316216905015,0,None,None,1,True,False,0,True,False,0
1593,3675,41.15761112242695,-8.631510992009707,0.09763326894956512,4376.591657490103,0,None,None,1,True,False,0,False,False,0
1594,3676,41.15761112242695,-8.630314063509811,0.06857307614669499,3076.189711855549,0,None,None,1,True,False,0,True,False,0
1595,3677,41.15761112242695,-8.629117135009917,0.037611956260562955,1690.724005827119,0,None,None,1,True,False,0,True,False,0
1596,3678,41.15761112242695,-8.627920206510023,0.0105884704256488,481.4617756715284,0,None,None,1,True,False,0,True,False,0
1597,3679,41.15761112242695,-8.626723278010129,0.0005580083513884235,32.61298497480794,0,None,None,1,True,False,0,True,False,0
1598,3680,41.15761112242695,-8.625526349510233,0.007489135200319564,342.770969848871,0,None,None,1,True,False,0,True,False,0
1599,3681,41.15761112242695,-8.624329421010339,0.028222639530018027,1270.565549639114,0,None,None,1,True,False,0,True,False,0
1600,3682,41.15761112242695,-8.623132492510445,0.04411838355585029,1981.8772948405963,0,None,None,1,True,False,0,True,False,0
1601,3683,41.15761112242695,-8.62193556401055,0.05716034083932856,2565.486176631733,0,None,None,1,True,False,0,True,False,0
1602,3684,41.15761112242695,-8.620738635510655,0.07346415632196504,3295.0585342106297,0,None,None,1,True,False,0,True,False,0
1603,3685,41.15761112242695,-8.619541707010761,0.08539374942669756,3828.890714515041,0,None,None,1,True,False,0,True,False,0
1604,3686,41.15761112242695,-8.618344778510867,0.08895931893381429,3988.444835707654,0,None,None,1,True,False,0,True,False,0
1605,3687,41.15761112242695,-8.617147850010973,0.0833268233998892,3736.3987394969395,0,None,None,1,True,False,0,True,False,0
1606,3688,41.15761112242695,-8.615950921511077,0.06750998724483274,3028.6180083316954,0,None,None,1,True,False,0,True,False,0
1607,3689,41.15761112242695,-8.614753993011183,0.040676885546510964,1827.8751952123964,0,None,None,1,True,False,0,True,False,0
1608,3690,41.15761112242695,-8.613557064511289,0.010186704966344511,463.48334763727064,0,None,None,1,True,False,0,False,False,0
1609,3691,41.15761112242695,-8.612360136011395,0.004190328256138085,195.15409071850635,0,None,None,1,True,False,0,True,False,0
1610,3692,41.15761112242695,-8.611163207511499,0.029169102666212372,1312.9184174307188,0,None,None,1,True,False,0,True,False,0
1611,3693,41.15761112242695,-8.609966279011605,0.05256669171380814,2359.9269671347047,0,None,None,1,True,False,0,True,False,0
1612,3694,41.15761112242695,-8.60876935051171,0.06949316387544785,3117.3623179955375,0,None,None,1,True,False,0,True,False,0
1613,3695,41.15761112242695,-8.607572422011817,0.08642121025560946,3874.8681128772564,0,None,None,1,True,False,0,True,False,0
1614,3696,41.15761112242695,-8.606375493511923,0.10437099027151842,4678.095022441837,0,None,None,1,True,False,0,True,False,0
1615,3697,41.15761112242695,-8.605178565012027,0.12188098281183722,5461.6420732799925,0,None,None,1,True,False,0,False,False,0
1616,3698,41.15761112242695,-8.603981636512133,0.13749926106476534,6160.537623125198,0,None,None,2,True,False,0,True,False,0
1617,3699,41.15761112242695,-8.602784708012239,0.15005205393532395,6722.257099067895,0,None,None,2,True,False,0,True,False,0
1618,3700,41.15761112242695,-8.601587779512345,0.15847369279305776,7099.113358429911,0,None,None,2,True,False,0,True,False,0
1619,3701,41.15761112242695,-8.600390851012449,0.1617643958099264,7246.36759843684,0,None,None,2,True,False,0,True,False,0
1620,3702,41.15761112242695,-8.599193922512555,0.15913589207690293,7128.745826560853,0,None,None,2,True,False,0,True,False,0
1621,3703,41.15761112242695,-8.59799699401266,0.15039939975782265,6737.800326411546,0,None,None,2,True,False,0,True,False,0
1622,3704,41.15761112242695,-8.596800065512767,0.1366619341243545,6123.068443556129,0,None,None,2,True,False,0,True,False,0
1623,3705,41.15761112242695,-8.595603137012871,0.12106962669811483,5425.335050954151,0,None,None,1,True,False,0,True,False,0
1624,3706,41.15761112242695,-8.594406208512977,0.10834136119091044,4855.763426209561,0,None,None,1,True,False,0,True,False,0
1625,3707,41.15761112242695,-8.593209280013083,0.10130260494016356,4540.789179981759,0,None,None,1,True,False,0,True,False,0
1626,3708,41.15761112242695,-8.592012351513189,0.09624612835691337,4314.5191056048025,0,None,None,1,True,False,0,True,False,0
1627,3709,41.15761112242695,-8.590815423013293,0.08442415979809902,3785.502969359679,0,None,None,1,True,False,0,True,False,0
1628,3710,41.15761112242695,-8.589618494513399,0.06223082495735232,2792.3830680981923,0,None,None,1,True,False,0,True,False,0
1629,3711,41.15761112242695,-8.588421566013505,0.040831410904652435,1834.7899833468095,0,None,None,1,True,False,0,True,False,0
1630,3712,41.15761112242695,-8.58722463751361,0.031299265546045694,1408.240150918329,0,None,None,1,True,False,0,True,False,0
1631,3713,41.15761112242695,-8.586027709013715,0.031444543362790685,1414.7411248393992,0,None,None,1,True,False,0,True,False,0
1632,3714,41.15761112242695,-8.58483078051382,0.050845733490341875,2282.9165550795483,0,None,None,1,True,False,0,True,False,0
1633,3715,41.15761112242695,-8.583633852013927,0.07854686194530841,3522.502320510307,0,None,None,1,True,False,0,True,False,0
1634,3716,41.15761112242695,-8.582436923514033,0.09794600399665963,4390.586102278152,0,None,None,1,True,False,0,True,False,0
1635,3717,41.15761112242695,-8.581239995014139,0.11291192845833962,5060.289755664316,0,None,None,1,True,False,0,False,False,0
1636,3718,41.15761112242695,-8.580043066514243,0.14225409419069887,6373.309585447515,0,None,None,2,True,False,0,True,False,0
1637,3719,41.15761112242695,-8.578846138014349,0.18774768810382586,8409.082659626698,0,None,None,2,True,False,0,True,False,0
1638,3720,41.15761112242695,-8.577649209514455,0.2401327693598829,10753.239907643054,0,None,None,2,True,False,0,True,False,0
1639,3721,41.15761112242695,-8.57645228101456,0.29325905633271,13130.56504834139,0,None,None,2,True,False,0,True,False,0
1640,3722,41.15761112242695,-8.575255352514665,0.3448018216369598,15437.029865684648,0,None,None,2,True,False,0,True,False,0
1641,3723,41.15761112242695,-8.57405842401477,0.39416432044290395,17645.930884479443,0,None,None,3,True,False,0,True,False,0
1642,3724,41.15761112242695,-8.572861495514877,0.44133993328698523,19756.971893226186,0,None,None,3,True,False,0,True,True,0
1643,3725,41.15761112242695,-8.571664567014983,0.48647982840144716,21776.91745349062,0,None,None,3,True,False,0,True,False,0
1644,3726,41.15761112242695,-8.570467638515087,0.5297488820594719,23713.145542008464,0,None,None,3,True,False,0,True,False,0
1645,3727,41.15761112242695,-8.569270710015193,0.5712851084271258,25571.832094751488,0,None,None,3,True,False,0,True,False,0
1646,3728,41.15761112242695,-8.568073781515299,0.6111945415371699,27357.721982596548,0,None,None,3,True,False,0,True,True,0
1647,3729,41.15761112242695,-8.566876853015405,0.6495574223445544,29074.405873184573,0,None,None,3,True,False,0,True,False,0
1648,3730,41.15761112242695,-8.565679924515509,0.6864371549086368,30724.721007228633,0,None,None,3,True,False,0,True,True,0
1649,3731,41.15761112242695,-8.564482996015615,0.7218890285572881,32311.14150284707,0,None,None,3,True,False,0,True,True,0
1650,3732,41.15761112242695,-8.56328606751572,0.755967687042335,33836.11258955622,0,None,None,3,True,False,0,True,True,0
1651,3733,41.15761112242695,-8.562089139015827,0.7887330725933983,35302.3165961539,0,None,None,3,True,False,0,True,False,0
1652,3737,41.15761112242695,-8.557301425016249,0.9082693157966628,40651.39202348616,0,None,None,3,True,False,0,True,False,0
1653,3738,41.15761112242695,-8.556104496516355,0.9358173685549683,41884.12787105444,0,None,None,3,True,False,0,True,False,0
1654,3739,41.15761112242695,-8.554907568016459,0.962724332968285,43088.17593472527,0,None,None,3,True,False,0,True,False,0
1655,3770,41.15851749624573,-8.684175846005063,0.8791601663837307,39348.79933977192,0,None,None,3,True,False,0,False,False,0
1656,3771,41.15851749624573,-8.682978917505169,0.8332276313800474,37293.38428138257,0,None,None,3,True,False,0,True,False,0
1657,3772,41.15851749624573,-8.681781989005273,0.7886097549442775,35296.79830823559,0,None,None,3,True,False,0,True,False,0
1658,3773,41.15851749624573,-8.68058506050538,0.7459473686163215,33387.71771256908,0,None,None,3,True,False,0,True,False,0
1659,3774,41.15851749624573,-8.679388132005485,0.7061458053726348,31606.654846521094,0,None,None,3,True,False,0,True,False,0
1660,3775,41.15851749624573,-8.678191203505591,0.6703333574933289,30004.09917126811,0,None,None,3,True,False,0,True,False,0
1661,3776,41.15851749624573,-8.676994275005697,0.639680334583259,28632.420363001616,0,None,None,3,True,False,0,True,False,0
1662,3777,41.15851749624573,-8.675797346505801,0.6150598288842376,27530.68804722868,0,None,None,3,True,False,0,True,False,0
1663,3778,41.15851749624573,-8.674600418005907,0.5966550827892793,26707.102058204204,0,None,None,3,True,False,0,True,False,0
1664,3779,41.15851749624573,-8.673403489506013,0.5837441275010031,26129.355327796522,0,None,None,3,True,False,0,True,False,0
1665,3780,41.15851749624573,-8.672206561006119,0.5748513895029951,25731.41805762515,0,None,None,3,True,False,0,True,False,0
1666,3781,41.15851749624573,-8.671009632506223,0.5682099319284768,25434.22235729587,0,None,None,3,True,False,0,True,False,0
1667,3782,41.15851749624573,-8.669812704006329,0.5622595353357057,25167.95064468106,0,None,None,3,True,False,0,True,False,0
1668,3783,41.15851749624573,-8.668615775506435,0.5559368999537309,24885.021780167608,0,None,None,3,True,False,0,True,False,0
1669,3784,41.15851749624573,-8.667418847006541,0.5487106746784003,24561.658563984634,0,None,None,3,True,False,0,True,False,0
1670,3785,41.15851749624573,-8.666221918506645,0.5404562521852941,24192.284997094026,0,None,None,3,True,False,0,True,False,0
1671,3786,41.15851749624573,-8.665024990006751,0.5312805627069673,23781.686054027956,0,None,None,3,True,False,0,True,False,0
1672,3787,41.15851749624573,-8.663828061506857,0.5213616966036407,23337.831022963586,0,None,None,3,True,False,0,True,False,0
1673,3788,41.15851749624573,-8.662631133006963,0.5108294514687136,22866.528160031216,0,None,None,3,True,False,0,True,False,0
1674,3789,41.15851749624573,-8.661434204507067,0.49969666055571405,22368.351734918942,0,None,None,3,True,False,0,True,False,0
1675,3790,41.15851749624573,-8.660237276007173,0.4878442902274209,21837.975163096216,0,None,None,3,True,False,0,True,False,0
1676,3791,41.15851749624573,-8.659040347507279,0.4750536585302843,21265.61274080669,0,None,None,3,True,False,0,True,False,0
1677,3792,41.15851749624573,-8.657843419007385,0.4610675835975483,20639.75594840013,0,None,None,3,True,False,0,False,False,0
1678,3793,41.15851749624573,-8.656646490507491,0.4456574660923732,19950.17529344289,0,None,None,3,True,False,0,True,False,0
1679,3794,41.15851749624573,-8.655449562007595,0.42867996401201064,19190.45642691363,0,None,None,3,True,False,0,False,False,0
1680,3795,41.15851749624573,-8.654252633507701,0.410120841707931,18359.962323959466,0,None,None,3,True,False,0,True,False,0
1681,3796,41.15851749624573,-8.653055705007807,0.3901362612712613,17465.68101416826,0,None,None,3,True,False,0,True,False,0
1682,3797,41.15851749624573,-8.651858776507913,0.3691055125327849,16524.585173435746,0,None,None,3,True,False,0,True,False,0
1683,3798,41.15851749624573,-8.650661848008017,0.34769525980578314,15566.507073555736,0,None,None,2,True,False,0,True,False,0
1684,3799,41.15851749624573,-8.649464919508123,0.32689121380420777,14635.555855129978,0,None,None,2,True,False,0,True,False,0
1685,3800,41.15851749624573,-8.648267991008229,0.3078823226070997,13784.935239335802,0,None,None,2,True,False,0,True,False,0
1686,3801,41.15851749624573,-8.647071062508335,0.2916717946050006,13059.537362704677,0,None,None,2,True,False,0,True,True,0
1687,3802,41.15851749624573,-8.645874134008439,0.2785120819199784,12470.659095596124,0,None,None,2,True,False,0,True,False,0
1688,3803,41.15851749624573,-8.644677205508545,0.26763308826233767,11983.839733628754,0,None,None,2,True,False,0,True,False,0
1689,3804,41.15851749624573,-8.643480277008651,0.2576380428730654,11536.575788785565,0,None,None,2,True,False,0,True,False,0
1690,3805,41.15851749624573,-8.642283348508757,0.24723686013351467,11071.137780057818,0,None,None,2,True,False,0,True,False,0
1691,3806,41.15851749624573,-8.641086420008861,0.23568571448219533,10554.240580470063,0,None,None,2,True,False,0,True,False,0
1692,3807,41.15851749624573,-8.639889491508967,0.2227790571288329,9976.686176485056,0,None,None,2,True,False,0,True,False,0
1693,3808,41.15851749624573,-8.638692563009073,0.20864717918129166,9344.304908297543,0,None,None,2,True,False,0,True,False,0
1694,3809,41.15851749624573,-8.637495634509179,0.19355951385971965,8669.153526049402,0,None,None,2,True,False,0,True,False,0
1695,3810,41.15851749624573,-8.636298706009283,0.17774863769456847,7961.639495883747,0,None,None,2,True,False,0,True,False,0
1696,3811,41.15851749624573,-8.635101777509389,0.16120719720880017,7221.433760250541,0,None,None,2,True,False,0,True,False,0
1697,3812,41.15851749624573,-8.633904849009495,0.1434855069343663,6428.41353945797,0,None,None,2,True,False,0,True,False,0
1698,3813,41.15851749624573,-8.632707920509601,0.12364739164342962,5540.686334857017,0,None,None,1,True,False,0,True,False,0
1699,3814,41.15851749624573,-8.631510992009707,0.1006017448622194,4509.4266967677395,0,None,None,1,True,False,0,True,False,0
1700,3815,41.15851749624573,-8.630314063509811,0.07396718221865839,3317.5682215758143,0,None,None,1,True,False,0,True,False,0
1701,3816,41.15851749624573,-8.629117135009917,0.04555307701350636,2046.0777692277056,0,None,None,1,True,False,0,True,False,0
1702,3817,41.15851749624573,-8.627920206510023,0.021376204502140134,964.1974022800345,0,None,None,1,True,False,0,True,False,0
1703,3818,41.15851749624573,-8.626723278010129,0.012572668354489709,570.2517869660829,0,None,None,1,True,False,0,True,False,0
1704,3819,41.15851749624573,-8.625526349510233,0.02118033297196496,955.4324322517194,0,None,None,1,True,False,0,False,False,0
1705,3820,41.15851749624573,-8.624329421010339,0.03918315644804536,1761.0329605764387,0,None,None,1,True,False,0,True,False,0
1706,3821,41.15851749624573,-8.623132492510445,0.05775299204590344,2592.00646806065,0,None,None,1,True,False,0,True,False,0
1707,3822,41.15851749624573,-8.62193556401055,0.07281849770326952,3266.1662371201423,0,None,None,1,True,False,0,True,False,0
1708,3823,41.15851749624573,-8.620738635510655,0.08503394504862796,3812.7899846794385,0,None,None,1,True,False,0,True,False,0
1709,3824,41.15851749624573,-8.619541707010761,0.09266388926985329,4154.2190446196255,0,None,None,1,True,False,0,True,False,0
1710,3825,41.15851749624573,-8.618344778510867,0.09364848185758623,4198.278150676858,0,None,None,1,True,False,0,False,False,0
1711,3826,41.15851749624573,-8.617147850010973,0.08715158025164932,3907.5511225987034,0,None,None,1,True,False,0,True,False,0
1712,3827,41.15851749624573,-8.615950921511077,0.07299094850534596,3273.883163159404,0,None,None,1,True,False,0,True,False,0
1713,3828,41.15851749624573,-8.614753993011183,0.052273298261834814,2346.798030985841,0,None,None,1,True,False,0,True,False,0
1714,3829,41.15851749624573,-8.613557064511289,0.03201798425426014,1440.401782221536,0,None,None,1,True,False,0,True,False,0
1715,3830,41.15851749624573,-8.612360136011395,0.027272809803352626,1228.0620317527757,0,None,None,1,True,False,0,True,False,0
1716,3831,41.15851749624573,-8.611163207511499,0.03648106001880038,1640.1180211017318,0,None,None,1,True,False,0,True,False,0
1717,3832,41.15851749624573,-8.609966279011605,0.04331512645956381,1945.9326919282394,0,None,None,1,True,False,0,True,False,0
1718,3833,41.15851749624573,-8.60876935051171,0.05432720352604149,2438.7073455537616,0,None,None,1,True,False,0,True,False,0
1719,3834,41.15851749624573,-8.607572422011817,0.07369836773224807,3305.5391588812195,0,None,None,1,True,False,0,True,False,0
1720,3835,41.15851749624573,-8.606375493511923,0.09613502850812268,4309.547546726747,0,None,None,1,True,False,0,True,False,0
1721,3836,41.15851749624573,-8.605178565012027,0.11743295866049507,5262.59937250123,0,None,None,1,True,False,0,True,False,0
1722,3837,41.15851749624573,-8.603981636512133,0.13580749232170217,6084.833398450342,0,None,None,2,True,False,0,True,False,0
1723,3838,41.15851749624573,-8.602784708012239,0.150411156328512,6738.326416086937,0,None,None,2,True,False,0,True,False,0
1724,3839,41.15851749624573,-8.601587779512345,0.16061329946095088,7194.857687887562,0,None,None,2,True,False,0,True,False,0
1725,3840,41.15851749624573,-8.600390851012449,0.16588471532729818,7430.745986886386,0,None,None,2,True,False,0,True,False,0
1726,3841,41.15851749624573,-8.599193922512555,0.16593359587904596,7432.933321465606,0,None,None,2,True,False,0,True,False,0
1727,3842,41.15851749624573,-8.59799699401266,0.16097322912873338,7210.964024258109,0,None,None,2,True,False,0,True,False,0
1728,3843,41.15851749624573,-8.596800065512767,0.15203079708635378,6810.8030168794285,0,None,None,2,True,False,0,True,False,0
1729,3844,41.15851749624573,-8.595603137012871,0.1410031846790905,6317.333179036763,0,None,None,2,True,False,0,True,False,0
1730,3845,41.15851749624573,-8.594406208512977,0.12986459388676627,5818.897217643726,0,None,None,1,True,False,0,True,False,0
1731,3846,41.15851749624573,-8.593209280013083,0.1187150959416785,5319.973176809124,0,None,None,1,True,False,0,True,False,0
1732,3847,41.15851749624573,-8.592012351513189,0.10399716776699694,4661.367001554318,0,None,None,1,True,False,0,True,False,0
1733,3848,41.15851749624573,-8.590815423013293,0.07976506150640097,3577.0150035527768,0,None,None,1,True,False,0,True,False,0
1734,3849,41.15851749624573,-8.589618494513399,0.0436324716180604,1960.1334325890484,0,None,None,1,True,False,0,True,False,0
1735,3850,41.15851749624573,-8.588421566013505,0.008861769527182256,404.1943871470773,0,None,None,1,True,False,0,True,False,0
1736,3851,41.15851749624573,-8.58722463751361,0.009175985511725875,418.25510176180074,0,None,None,1,True,False,0,False,False,0
1737,3852,41.15851749624573,-8.586027709013715,0.0041170874091811804,191.8766678697056,0,None,None,1,True,False,0,True,False,0
1738,3853,41.15851749624573,-8.58483078051382,0.029792358128504812,1340.8082054059867,0,None,None,1,True,False,0,True,False,0
1739,3854,41.15851749624573,-8.583633852013927,0.060178807944707466,2700.558250079262,0,None,None,1,True,False,0,True,False,0
1740,3855,41.15851749624573,-8.582436923514033,0.0629183966623379,2823.1509156824036,0,None,None,1,True,False,0,True,False,0
1741,3856,41.15851749624573,-8.581239995014139,0.056096852106144596,2517.896581229728,0,None,None,1,True,False,0,True,False,0
1742,3857,41.15851749624573,-8.580043066514243,0.0920380651071616,4126.21431098589,0,None,None,1,True,False,0,True,False,0
1743,3858,41.15851749624573,-8.578846138014349,0.15378499270843654,6889.300754848831,0,None,None,2,True,False,0,True,False,0
1744,3859,41.15851749624573,-8.577649209514455,0.21779759651946687,9753.772959340755,0,None,None,2,True,False,0,True,False,0
1745,3860,41.15851749624573,-8.57645228101456,0.27773863843808155,12436.048609164745,0,None,None,2,True,False,0,True,False,0
1746,3861,41.15851749624573,-8.575255352514665,0.33320023566425566,14917.875534063662,0,None,None,2,True,False,0,True,False,0
1747,3862,41.15851749624573,-8.57405842401477,0.3848793631933029,17230.44236537635,0,None,None,3,True,False,0,True,False,0
1748,3863,41.15851749624573,-8.572861495514877,0.4334810233616422,19405.296946442162,0,None,None,3,True,False,0,True,False,0
1749,3864,41.15851749624573,-8.571664567014983,0.47954276424364367,21466.493782560658,0,None,None,3,True,False,0,True,True,0
1750,3865,41.15851749624573,-8.570467638515087,0.5234473186752626,23431.159619170543,0,None,None,3,True,False,0,True,False,0
1751,3866,41.15851749624573,-8.569270710015193,0.5654626964602815,25311.287510573013,0,None,None,3,True,False,0,True,False,0
1752,3867,41.15851749624573,-8.568073781515299,0.6057779186803746,27115.335879051854,0,None,None,3,True,False,0,True,False,0
1753,3868,41.15851749624573,-8.566876853015405,0.6445303761570419,28849.452766803588,0,None,None,3,True,False,0,True,False,0
1754,3869,41.15851749624573,-8.565679924515509,0.6818261206526819,30518.383838080907,0,None,None,3,True,False,0,True,True,0
1755,3870,41.15851749624573,-8.564482996015615,0.7177548466467741,32126.14279218784,0,None,None,3,True,False,0,True,True,0
1756,3871,41.15851749624573,-8.56328606751572,0.7524008911693743,33676.50359025112,0,None,None,3,True,False,0,True,False,0
1757,3877,41.15851749624573,-8.556104496516355,0.9389426482692449,42023.979655544186,0,None,None,3,True,False,0,True,False,0
1758,3878,41.15851749624573,-8.554907568016459,0.9676919490335322,43310.46962837808,0,None,None,3,True,False,0,True,False,0
1759,3879,41.15851749624573,-8.553710639516565,0.9962243041097513,44587.251592845525,0,None,None,3,True,False,0,False,False,0
1760,3908,41.15942387006451,-8.685372774504957,0.91566719022152,40982.436292906634,0,None,None,3,True,False,0,False,False,0
1761,3909,41.15942387006451,-8.684175846005063,0.87188204954506,39023.11405055979,0,None,None,3,True,False,0,True,False,0
1762,3910,41.15942387006451,-8.682978917505169,0.8294486575314169,37124.28062200231,0,None,None,3,True,False,0,True,False,0
1763,3911,41.15942387006451,-8.681781989005273,0.7887345670862728,35302.38347256641,0,None,None,3,True,False,0,True,False,0
1764,3912,41.15942387006451,-8.68058506050538,0.7502320345265959,33579.450366371864,0,None,None,3,True,False,0,True,False,0
1765,3913,41.15942387006451,-8.679388132005485,0.7145478177385202,31982.632848524016,0,None,None,3,True,False,0,True,False,0
1766,3914,41.15942387006451,-8.678191203505591,0.6823463333443814,30541.662609870855,0,None,None,3,True,False,0,True,False,0
1767,3915,41.15942387006451,-8.676994275005697,0.6542302032913213,29283.506118180183,0,None,None,3,True,False,0,True,False,0
1768,3916,41.15942387006451,-8.675797346505801,0.6305706371837903,28224.77447080914,0,None,None,3,True,False,0,True,False,0
1769,3917,41.15942387006451,-8.674600418005907,0.6113466135971141,27364.526989155504,0,None,None,3,True,False,0,True,False,0
1770,3918,41.15942387006451,-8.673403489506013,0.5960810302621874,26681.414031005257,0,None,None,3,True,False,0,True,False,0
1771,3919,41.15942387006451,-8.672206561006119,0.5839290585134388,26137.630725348452,0,None,None,3,True,False,0,False,False,0
1772,3920,41.15942387006451,-8.671009632506223,0.5738856827824625,25688.204067036313,0,None,None,3,True,False,0,False,False,0
1773,3921,41.15942387006451,-8.669812704006329,0.5650098697780849,25291.02416605365,0,None,None,3,True,False,0,True,False,0
1774,3922,41.15942387006451,-8.668615775506435,0.5565719371200989,24913.438782501253,0,None,None,3,True,False,0,True,False,0
1775,3923,41.15942387006451,-8.667418847006541,0.548095162868295,24534.11529333768,0,None,None,3,True,False,0,True,False,0
1776,3924,41.15942387006451,-8.666221918506645,0.5393181800223519,24141.35790018858,0,None,None,3,True,False,0,True,False,0
1777,3925,41.15942387006451,-8.665024990006751,0.5301209723020841,23729.7960466602,0,None,None,3,True,False,0,True,False,0
1778,3926,41.15942387006451,-8.663828061506857,0.5204473723565408,23296.916324360755,0,None,None,3,True,False,0,True,False,0
1779,3927,41.15942387006451,-8.662631133006963,0.5102427286415007,22840.273155075414,0,None,None,3,True,False,0,True,False,0
1780,3928,41.15942387006451,-8.661434204507067,0.4994160810625596,22355.796205047605,0,None,None,3,True,False,0,True,False,0
1781,3929,41.15942387006451,-8.660237276007173,0.48783019698080016,21837.344510524494,0,None,None,3,True,False,0,True,False,0
1782,3930,41.15942387006451,-8.659040347507279,0.47531692350188137,21277.3934706733,0,None,None,3,True,False,0,True,False,0
1783,3931,41.15942387006451,-8.657843419007385,0.4617097038974564,20668.489910800043,0,None,None,3,True,False,0,True,False,0
1784,3932,41.15942387006451,-8.656646490507491,0.4468825200933509,20004.994702838598,0,None,None,3,True,False,0,True,False,0
1785,3933,41.15942387006451,-8.655449562007595,0.4307865689471874,19284.723976168043,0,None,None,3,True,False,0,True,False,0
1786,3934,41.15942387006451,-8.654252633507701,0.4134810657121479,18510.327528433263,0,None,None,3,True,False,0,True,False,0
1787,3935,41.15942387006451,-8.653055705007807,0.395158817717282,17690.433211057323,0,None,None,3,True,False,0,True,False,0
1788,3936,41.15942387006451,-8.651858776507913,0.3761663498122348,16840.54751402623,0,None,None,3,True,False,0,True,False,0
1789,3937,41.15942387006451,-8.650661848008017,0.35700898677308684,15983.28299626037,0,None,None,2,True,False,0,True,False,0
1790,3938,41.15942387006451,-8.649464919508123,0.3383139790455414,15146.708215512457,0,None,None,2,True,False,0,True,False,0
1791,3939,41.15942387006451,-8.648267991008229,0.32071343902117216,14359.109294639225,0,None,None,2,True,False,0,True,False,0
1792,3940,41.15942387006451,-8.647071062508335,0.30463829110585017,13639.76948270985,0,None,None,2,True,False,0,True,False,0
1793,3941,41.15942387006451,-8.645874134008439,0.29010644169747946,12989.490065346616,0,None,None,2,True,False,0,True,False,0
1794,3942,41.15942387006451,-8.644677205508545,0.276667296768002,12388.10760610047,0,None,None,2,True,False,0,True,False,0
1795,3943,41.15942387006451,-8.643480277008651,0.26358564563547776,11802.722481499133,0,None,None,2,True,False,0,True,False,0
1796,3944,41.15942387006451,-8.642283348508757,0.2501450218137086,11201.273843944173,0,None,None,2,True,False,0,True,False,0
1797,3945,41.15942387006451,-8.641086420008861,0.23587424225504047,10562.676927891329,0,None,None,2,True,False,0,True,False,0
1798,3946,41.15942387006451,-8.639889491508967,0.2206265556749455,9880.364823849712,0,None,None,2,True,False,0,True,False,0
1799,3947,41.15942387006451,-8.638692563009073,0.20456768306383838,9161.753308439578,0,None,None,2,True,False,0,True,False,0
1800,3948,41.15942387006451,-8.637495634509179,0.18812224828438656,8425.84369045889,0,None,None,2,True,False,0,True,False,0
1801,3949,41.15942387006451,-8.636298706009283,0.17184366488199812,7697.400432279626,0,None,None,2,True,False,0,True,False,0
1802,3950,41.15942387006451,-8.635101777509389,0.15612670812505366,6994.0891609185455,0,None,None,2,True,False,0,True,False,0
1803,3951,41.15942387006451,-8.633904849009495,0.14078745483573013,6307.679577977049,0,None,None,2,True,False,0,True,False,0
1804,3952,41.15942387006451,-8.632707920509601,0.12481521376388026,5592.944699689307,0,None,None,1,True,False,0,True,False,0
1805,3953,41.15942387006451,-8.631510992009707,0.10677283252082492,4785.574018031879,0,None,None,1,True,False,0,True,False,0
1806,3954,41.15942387006451,-8.630314063509811,0.08599744825369426,3855.9053711117544,0,None,None,1,True,False,0,True,False,0
1807,3955,41.15942387006451,-8.629117135009917,0.06417664173223836,2879.455577805019,0,None,None,1,True,False,0,True,False,0
1808,3956,41.15942387006451,-8.627920206510023,0.046398704759587295,2083.918397944305,0,None,None,1,True,False,0,True,False,0
1809,3957,41.15942387006451,-8.626723278010129,0.03934697330032601,1768.363529746387,0,None,None,1,True,False,0,True,False,0
1810,3958,41.15942387006451,-8.625526349510233,0.04482944916237015,2013.6964608201463,0,None,None,1,True,False,0,True,False,0
1811,3959,41.15942387006451,-8.624329421010339,0.058286439419878926,2615.8774728993676,0,None,None,1,True,False,0,True,False,0
1812,3960,41.15942387006451,-8.623132492510445,0.07352358098913828,3297.7177028312567,0,None,None,1,True,False,0,True,False,0
1813,3961,41.15942387006451,-8.62193556401055,0.08651416266078304,3879.027599683111,0,None,None,1,True,False,0,True,False,0
1814,3962,41.15942387006451,-8.620738635510655,0.09574566215129368,4292.123960743688,0,None,None,1,True,False,0,True,False,0
1815,3963,41.15942387006451,-8.619541707010761,0.10012027200162377,4487.881476853474,0,None,None,1,True,False,0,True,False,0
1816,3964,41.15942387006451,-8.618344778510867,0.09879564401234385,4428.606274304527,0,None,None,1,True,False,0,True,False,0
1817,3965,41.15942387006451,-8.617147850010973,0.09183225238274463,4117.00448677434,0,None,None,1,True,False,0,True,False,0
1818,3966,41.15942387006451,-8.615950921511077,0.08028119536692722,3600.1112534981635,0,None,None,1,True,False,0,True,False,0
1819,3967,41.15942387006451,-8.614753993011183,0.06618283358145105,2969.2297854893777,0,None,None,1,True,False,0,True,False,0
1820,3968,41.15942387006451,-8.613557064511289,0.05311706938142457,2384.55557833,0,None,None,1,True,False,0,True,False,0
1821,3969,41.15942387006451,-8.612360136011395,0.04356841675767969,1957.2670694636738,0,None,None,1,True,False,0,True,False,0
1822,3970,41.15942387006451,-8.611163207511499,0.031077486400280727,1398.3158522527865,0,None,None,1,True,False,0,True,False,0
1823,3971,41.15942387006451,-8.609966279011605,0.01893905321254467,855.138377782348,0,None,None,1,True,False,0,True,False,0
1824,3972,41.15942387006451,-8.60876935051171,0.030125662780605987,1355.7231105142077,0,None,None,1,True,False,0,True,False,0
1825,3973,41.15942387006451,-8.607572422011817,0.058100814737572726,2607.571034615691,0,None,None,1,True,False,0,True,False,0
1826,3974,41.15942387006451,-8.606375493511923,0.08741447638492578,3919.315347479508,0,None,None,1,True,False,0,True,False,0
1827,3975,41.15942387006451,-8.605178565012027,0.11305337702850717,5066.619376293499,0,None,None,1,True,False,0,True,False,0
1828,3976,41.15942387006451,-8.603981636512133,0.13427222953663695,6016.132590912619,0,None,None,1,True,False,0,True,False,0
1829,3977,41.15942387006451,-8.602784708012239,0.15092153385349424,6761.1650782732895,0,None,None,2,True,False,0,True,False,0
1830,3978,41.15942387006451,-8.601587779512345,0.16281792027183334,7293.511306991385,0,None,None,2,True,False,0,True,False,0
1831,3979,41.15942387006451,-8.600390851012449,0.16980774243566438,7606.295823017984,0,None,None,2,True,False,0,True,False,0
1832,3980,41.15942387006451,-8.599193922512555,0.17192102898848993,7700.862365078444,0,None,None,2,True,False,0,True,False,0
1833,3981,41.15942387006451,-8.59799699401266,0.16952349749034212,7593.5762694196565,0,None,None,2,True,False,0,True,False,0
1834,3982,41.15942387006451,-8.596800065512767,0.16339115905314078,7319.162920233667,0,None,None,2,True,False,0,True,False,0
1835,3983,41.15942387006451,-8.595603137012871,0.15454125317631875,6923.142326049398,0,None,None,2,True,False,0,True,False,0
1836,3984,41.15942387006451,-8.594406208512977,0.14362486430362417,6434.649581845946,0,None,None,2,True,False,0,True,False,0
1837,3985,41.15942387006451,-8.593209280013083,0.12996153521729817,5823.235203137878,0,None,None,1,True,False,0,True,False,0
1838,3986,41.15942387006451,-8.592012351513189,0.11094473831650602,4972.260818443332,0,None,None,1,True,False,0,True,False,0
1839,3987,41.15942387006451,-8.590815423013293,0.08312499825967949,3727.3673539590995,0,None,None,1,True,False,0,True,False,0
1840,3988,41.15942387006451,-8.589618494513399,0.04653193414755223,2089.880221959051,0,None,None,1,True,False,0,True,False,0
1841,3989,41.15942387006451,-8.588421566013505,0.015353303641378241,694.6812276686517,0,None,None,1,True,False,0,True,False,0
1842,3990,41.15942387006451,-8.58722463751361,0.0053745544221017435,248.14651305847082,0,None,None,1,True,False,0,False,False,0
1843,3991,41.15942387006451,-8.586027709013715,0.008794102911596812,401.16640315678774,0,None,None,1,True,False,0,True,False,0
1844,3992,41.15942387006451,-8.58483078051382,0.03213502017307921,1445.6389717189993,0,None,None,1,True,False,0,True,False,0
1845,3993,41.15942387006451,-8.583633852013927,0.05622786840084147,2523.759372495064,0,None,None,1,True,False,0,True,False,0
1846,3994,41.15942387006451,-8.582436923514033,0.03317461645400509,1492.1594141524347,0,None,None,1,True,False,0,True,False,0
1847,3995,41.15942387006451,-8.581239995014139,0.0027261540292207397,129.63439419250003,0,None,None,1,True,False,0,True,False,0
1848,3996,41.15942387006451,-8.580043066514243,0.05573711978326819,2501.7990757606685,0,None,None,1,True,False,0,True,False,0
1849,3997,41.15942387006451,-8.578846138014349,0.13449710321903943,6026.195365654062,0,None,None,1,True,False,0,True,False,0
1850,3998,41.15942387006451,-8.577649209514455,0.20684053088818435,9263.45998853493,0,None,None,2,True,False,0,True,False,0
1851,3999,41.15942387006451,-8.57645228101456,0.2705597451097739,12114.80342972078,0,None,None,2,True,False,0,True,False,0
1852,4000,41.15942387006451,-8.575255352514665,0.32776584456351493,14674.694327088171,0,None,None,2,True,False,0,True,False,0
1853,4001,41.15942387006451,-8.57405842401477,0.38025552872919177,17023.532405273527,0,None,None,3,True,False,0,True,False,0
1854,4002,41.15942387006451,-8.572861495514877,0.4292177467785813,19214.521434352544,0,None,None,3,True,False,0,True,False,0
1855,4003,41.15942387006451,-8.571664567014983,0.47541756265155827,21281.89692827025,0,None,None,3,True,False,0,True,True,0
1856,4004,41.15942387006451,-8.570467638515087,0.51935346540434,23247.965557287916,0,None,None,3,True,False,0,True,False,0
1857,4005,41.15942387006451,-8.569270710015193,0.5613578592100366,25127.601931370507,0,None,None,3,True,False,0,True,False,0
1858,4006,41.15942387006451,-8.568073781515299,0.6016596383667383,26931.048742044553,0,None,None,3,True,False,0,True,False,0
1859,4007,41.15942387006451,-8.566876853015405,0.6404242623328559,28665.71006274826,0,None,None,3,True,False,0,True,True,0
1860,4008,41.15942387006451,-8.565679924515509,0.6777804398529019,30337.345425186046,0,None,None,3,True,False,0,True,True,0
1861,4009,41.15942387006451,-8.564482996015615,0.7138384864085139,31950.891288930903,0,None,None,3,True,False,0,True,True,0
1862,4010,41.15942387006451,-8.56328606751572,0.7487031411221159,33511.03457947945,0,None,None,3,True,False,0,True,False,0
1863,4017,41.15942387006451,-8.554907568016459,0.9698171172180635,43405.56785641504,0,None,None,3,True,False,0,True,False,0
1864,4018,41.15942387006451,-8.553710639516565,1.0,44756.20856828992,0,None,None,3,True,False,0,True,False,0
1865,4047,41.16033024388329,-8.685372774504957,0.9022849107583277,40383.59848171215,0,None,None,3,True,False,0,True,False,0
1866,4048,41.16033024388329,-8.684175846005063,0.8606605979450165,38520.97018687216,0,None,None,3,True,False,0,True,False,0
1867,4049,41.16033024388329,-8.682978917505169,0.8206022418895066,36728.41621082414,0,None,None,3,True,False,0,True,False,0
1868,4050,41.16033024388329,-8.681781989005273,0.7824166004138251,35019.663526107775,0,None,None,3,True,False,0,True,False,0
1869,4051,41.16033024388329,-8.68058506050538,0.7464728837666463,33411.23376177696,0,None,None,3,True,False,0,True,False,0
1870,4052,41.16033024388329,-8.679388132005485,0.7131810373246595,31921.471385436133,0,None,None,3,True,False,0,True,False,0
1871,4053,41.16033024388329,-8.678191203505591,0.6829455135339919,30568.47506392581,0,None,None,3,True,False,0,True,False,0
1872,4054,41.16033024388329,-8.676994275005697,0.6560940354505217,29366.909933929164,0,None,None,3,True,False,0,True,False,0
1873,4055,41.16033024388329,-8.675797346505801,0.6327945183911812,28324.289965030697,0,None,None,3,True,False,0,True,False,0
1874,4056,41.16033024388329,-8.674600418005907,0.612988546044364,27438.001111075075,0,None,None,3,True,False,0,True,False,0
1875,4057,41.16033024388329,-8.673403489506013,0.5963736645664948,26694.50899638495,0,None,None,3,True,False,0,True,False,0
1876,4058,41.16033024388329,-8.672206561006119,0.5824492638939092,26071.412038658054,0,None,None,3,True,False,0,True,False,0
1877,4059,41.16033024388329,-8.671009632506223,0.5706095636071312,25541.602433019943,0,None,None,3,True,False,0,True,False,0
1878,4060,41.16033024388329,-8.669812704006329,0.5602453047701863,25077.816715972254,0,None,None,3,True,False,0,True,False,0
1879,4061,41.16033024388329,-8.668615775506435,0.5508188059171188,24655.994413133296,0,None,None,3,True,False,0,True,False,0
1880,4062,41.16033024388329,-8.667418847006541,0.5418978634581997,24256.795033791026,0,None,None,3,True,False,0,True,False,0
1881,4063,41.16033024388329,-8.666221918506645,0.5331540281527862,23865.520945535674,0,None,None,3,True,False,0,True,False,0
1882,4064,41.16033024388329,-8.665024990006751,0.5243396650295608,23471.09083859434,0,None,None,3,True,False,0,True,False,0
1883,4065,41.16033024388329,-8.663828061506857,0.5152577894977173,23064.68993507199,0,None,None,3,True,False,0,True,False,0
1884,4066,41.16033024388329,-8.662631133006963,0.5057349559361928,22638.556792206626,0,None,None,3,True,False,0,True,False,0
1885,4067,41.16033024388329,-8.661434204507067,0.4956038406952457,22185.203916671875,0,None,None,3,True,False,0,True,False,0
1886,4068,41.16033024388329,-8.660237276007173,0.4846988670921662,21697.221989410282,0,None,None,3,True,False,0,True,False,0
1887,4069,41.16033024388329,-8.659040347507279,0.47286476644965786,21167.662959821424,0,None,None,3,True,False,0,True,False,0
1888,4070,41.16033024388329,-8.657843419007385,0.45997475027774615,20590.85322483717,0,None,None,3,True,False,0,True,False,0
1889,4071,41.16033024388329,-8.656646490507491,0.4459530905527463,19963.40406401761,0,None,None,3,True,False,0,True,False,0
1890,4072,41.16033024388329,-8.655449562007595,0.4307969971134645,19285.19062165137,0,None,None,3,True,False,0,True,False,0
1891,4073,41.16033024388329,-8.654252633507701,0.41459409213348297,18560.133864325977,0,None,None,3,True,False,0,True,False,0
1892,4074,41.16033024388329,-8.653055705007807,0.39753282782793586,17796.666758363503,0,None,None,3,True,False,0,True,False,0
1893,4075,41.16033024388329,-8.651858776507913,0.3799021347739562,17007.718532665,0,None,None,3,True,False,0,True,False,0
1894,4076,41.16033024388329,-8.650661848008017,0.36207294803906565,16209.887999453826,0,None,None,2,True,False,0,True,False,0
1895,4077,41.16033024388329,-8.649464919508123,0.34445068756062025,15421.317119415273,0,None,None,2,True,False,0,True,False,0
1896,4078,41.16033024388329,-8.648267991008229,0.32739168884543596,14657.9513953719,0,None,None,2,True,False,0,True,False,0
1897,4079,41.16033024388329,-8.647071062508335,0.31109660763576014,13928.769883980047,0,None,None,2,True,False,0,True,False,0
1898,4080,41.16033024388329,-8.645874134008439,0.2955250352754329,13231.964355836446,0,None,None,2,True,False,0,True,False,0
1899,4081,41.16033024388329,-8.644677205508545,0.2803870986027862,12554.56340273409,0,None,None,2,True,False,0,True,False,0
1900,4082,41.16033024388329,-8.643480277008651,0.2652302863507481,11876.31779452803,0,None,None,2,True,False,0,True,False,0
1901,4083,41.16033024388329,-8.642283348508757,0.24957960563813972,11175.972281088387,0,None,None,2,True,False,0,True,False,0
1902,4084,41.16033024388329,-8.641086420008861,0.23307222587812362,10437.290714077817,0,None,None,2,True,False,0,True,False,0
1903,4085,41.16033024388329,-8.639889491508967,0.21556806749858784,9654.004733566511,0,None,None,2,True,False,0,True,False,0
1904,4086,41.16033024388329,-8.638692563009073,0.19725827576777985,8834.667816140603,0,None,None,2,True,False,0,False,False,0
1905,4087,41.16033024388329,-8.637495634509179,0.17877662675345707,8007.640531779756,0,None,None,2,True,False,0,True,False,0
1906,4088,41.16033024388329,-8.636298706009283,0.16122240093083387,7222.114105004192,0,None,None,2,True,False,0,True,False,0
1907,4089,41.16033024388329,-8.635101777509389,0.14586197762239425,6534.757194072327,0,None,None,2,True,False,0,True,False,0
1908,4090,41.16033024388329,-8.633904849009495,0.1333206948979865,5973.552780660379,0,None,None,1,True,False,0,True,False,0
1909,4091,41.16033024388329,-8.632707920509601,0.12270178962742581,5498.372000958796,0,None,None,1,True,False,0,True,False,0
1910,4092,41.16033024388329,-8.631510992009707,0.11183483804732465,5012.0915046888485,0,None,None,1,True,False,0,True,False,0
1911,4093,41.16033024388329,-8.630314063509811,0.09908498275697733,4441.553768115775,0,None,None,1,True,False,0,True,False,0
1912,4094,41.16033024388329,-8.629117135009917,0.08525035838960766,3822.4741712772466,0,None,None,1,True,False,0,True,False,0
1913,4095,41.16033024388329,-8.627920206510023,0.07380714549436435,3310.406807711265,0,None,None,1,True,False,0,True,False,0
1914,4096,41.16033024388329,-8.626723278010129,0.06884662399095876,3088.4305855248253,0,None,None,1,True,False,0,True,False,0
1915,4097,41.16033024388329,-8.625526349510233,0.07181877080905931,3221.4298925558437,0,None,None,1,True,False,0,True,False,0
1916,4098,41.16033024388329,-8.624329421010339,0.08051821242562843,3610.7174269112033,0,None,None,1,True,False,0,True,False,0
1917,4099,41.16033024388329,-8.623132492510445,0.09108881200006202,4083.7365959980516,0,None,None,1,True,False,0,True,False,0
1918,4100,41.16033024388329,-8.62193556401055,0.10026700013983371,4494.447350579841,0,None,None,1,True,False,0,True,False,0
1919,4101,41.16033024388329,-8.620738635510655,0.10601883776000366,4751.833833972488,0,None,None,1,True,False,0,True,False,0
1920,4102,41.16033024388329,-8.619541707010761,0.10709583084085741,4800.027729562845,0,None,None,1,True,False,0,True,False,0
1921,4103,41.16033024388329,-8.618344778510867,0.10297298840432775,4615.536444099716,0,None,None,1,True,False,0,True,False,0
1922,4104,41.16033024388329,-8.617147850010973,0.09432796896010345,4228.6842238967065,0,None,None,1,True,False,0,True,False,0
1923,4105,41.16033024388329,-8.615950921511077,0.08332252511239982,3736.2063972970095,0,None,None,1,True,False,0,True,False,0
1924,4106,41.16033024388329,-8.614753993011183,0.07249131384404678,3251.525228713913,0,None,None,1,True,False,0,True,False,0
1925,4107,41.16033024388329,-8.613557064511289,0.06195395321703395,2779.993454848081,0,None,None,1,True,False,0,True,False,0
1926,4108,41.16033024388329,-8.612360136011395,0.04724005673506626,2121.5676920593896,0,None,None,1,True,False,0,True,False,0
1927,4109,41.16033024388329,-8.611163207511499,0.021639082539591233,975.9608173986101,0,None,None,1,True,False,0,True,False,0
1928,4110,41.16033024388329,-8.609966279011605,0.0001467296280962464,14.208852022378931,0,None,None,1,True,False,0,True,False,0
1929,4111,41.16033024388329,-8.60876935051171,0.015096628914725551,683.1954018106275,0,None,None,1,True,False,0,True,False,0
1930,4112,41.16033024388329,-8.607572422011817,0.04972767116394168,2232.8848696583864,0,None,None,1,True,False,0,True,False,0
1931,4113,41.16033024388329,-8.606375493511923,0.08279493100714001,3712.597317837722,0,None,None,1,True,False,0,True,False,0
1932,4114,41.16033024388329,-8.605178565012027,0.11081850957685332,4966.612263399225,0,None,None,1,True,False,0,True,False,0
1933,4115,41.16033024388329,-8.603981636512133,0.1339206233808469,6000.398719764959,0,None,None,1,True,False,0,True,False,0
1934,4116,41.16033024388329,-8.602784708012239,0.1520962522974156,6813.7320436892,0,None,None,2,True,False,0,True,False,0
1935,4117,41.16033024388329,-8.601587779512345,0.1652738505834086,7403.410665787102,0,None,None,2,True,False,0,True,False,0
1936,4118,41.16033024388329,-8.600390851012449,0.17348423791931708,7770.813722554647,0,None,None,2,True,False,0,True,False,0
1937,4119,41.16033024388329,-8.599193922512555,0.17693522321399044,7925.24036459352,0,None,None,2,True,False,0,False,False,0
1938,4120,41.16033024388329,-8.59799699401266,0.17604705206504914,7885.495979620766,0,None,None,2,True,False,0,True,False,0
1939,4121,41.16033024388329,-8.596800065512767,0.1714126375692039,7678.112578273239,0,None,None,2,True,False,0,True,False,0
1940,4122,41.16033024388329,-8.595603137012871,0.16361702800418604,7329.270231819318,0,None,None,2,True,False,0,True,False,0
1941,4123,41.16033024388329,-8.594406208512977,0.15290097351430346,6849.742163898416,0,None,None,2,True,False,0,True,False,0
1942,4124,41.16033024388329,-8.593209280013083,0.13880544337893902,6218.987408170572,0,None,None,2,True,False,0,True,False,0
1943,4125,41.16033024388329,-8.592012351513189,0.12014297873169374,5383.868883588142,0,None,None,1,True,False,0,True,False,0
1944,4126,41.16033024388329,-8.590815423013293,0.09588392910419923,4298.311208563929,0,None,None,1,True,False,0,True,False,0
1945,4127,41.16033024388329,-8.589618494513399,0.06795444883567461,3048.5070270113483,0,None,None,1,True,False,0,True,False,0
1946,4128,41.16033024388329,-8.588421566013505,0.04452919687421344,2000.2606015900017,0,None,None,1,True,False,0,True,False,0
1947,4129,41.16033024388329,-8.58722463751361,0.031933730394261305,1436.6315428355508,0,None,None,1,True,False,0,True,False,0
1948,4130,41.16033024388329,-8.586027709013715,0.03486474581103574,1567.7902786537766,0,None,None,1,True,False,0,True,False,0
1949,4131,41.16033024388329,-8.58483078051382,0.05310556182955976,2384.04063188983,0,None,None,1,True,False,0,True,False,0
1950,4132,41.16033024388329,-8.583633852013927,0.06876054856347283,3084.578833606546,0,None,None,1,True,False,0,True,False,0
1951,4133,41.16033024388329,-8.582436923514033,0.051275913664560864,2302.166500849782,0,None,None,1,True,False,0,True,False,0
1952,4134,41.16033024388329,-8.581239995014139,0.03175770413823427,1428.7546203604281,0,None,None,1,True,False,0,True,False,0
1953,4135,41.16033024388329,-8.580043066514243,0.07472450703513228,3351.4574208492177,0,None,None,1,True,False,0,True,False,0
1954,4136,41.16033024388329,-8.578846138014349,0.14465686947648942,6480.830333081924,0,None,None,2,True,False,0,True,False,0
1955,4137,41.16033024388329,-8.577649209514455,0.21251474688013483,9517.37301540082,0,None,None,2,True,False,0,True,False,0
1956,4138,41.16033024388329,-8.57645228101456,0.2737339781800287,12256.845806674632,0,None,None,2,True,False,0,True,False,0
1957,4139,41.16033024388329,-8.575255352514665,0.3293172226230258,14744.116270042505,0,None,None,2,True,False,0,True,False,0
1958,4140,41.16033024388329,-8.57405842401477,0.3806308272264748,17040.326474720045,0,None,None,3,True,False,0,True,False,0
1959,4141,41.16033024388329,-8.572861495514877,0.4286793622449029,19190.4294986987,0,None,None,3,True,False,0,True,False,0
1960,4142,41.16033024388329,-8.571664567014983,0.4741376361140895,21224.62205157262,0,None,None,3,True,False,0,True,False,0
1961,4143,41.16033024388329,-8.570467638515087,0.5174551553482352,23163.0189051056,0,None,None,3,True,False,0,True,True,0
1962,4144,41.16033024388329,-8.569270710015193,0.5589364350689108,25019.246674208705,0,None,None,3,True,False,0,True,False,0
1963,4145,41.16033024388329,-8.568073781515299,0.5987950025501403,26802.860398123084,0,None,None,3,True,False,0,True,False,0
1964,4146,41.16033024388329,-8.566876853015405,0.6371894936867792,28520.958805605187,0,None,None,3,True,False,0,True,False,0
1965,4147,41.16033024388329,-8.565679924515509,0.6742483893264505,30179.29123030048,0,None,None,3,True,False,0,True,False,0
1966,4148,41.16033024388329,-8.564482996015615,0.7100873966170648,31783.0354011142,0,None,None,3,True,False,0,True,True,0
1967,4186,41.161236617702066,-8.685372774504957,0.8858921826825658,39650.04741312207,0,None,None,3,True,False,0,False,False,0
1968,4187,41.161236617702066,-8.684175846005063,0.8456622053019254,37849.81362893837,0,None,None,3,True,False,0,True,False,0
1969,4188,41.161236617702066,-8.682978917505169,0.8070547068198913,36122.18344827551,0,None,None,3,True,False,0,False,False,0
1970,4189,41.161236617702066,-8.681781989005273,0.7703229088378124,34478.488174587124,0,None,None,3,True,False,0,True,False,0
1971,4190,41.161236617702066,-8.68058506050538,0.7357525833388092,32931.515694222726,0,None,None,3,True,False,0,True,False,0
1972,4191,41.161236617702066,-8.679388132005485,0.7036422974261972,31494.62645680795,0,None,None,3,True,False,0,True,False,0
1973,4192,41.161236617702066,-8.678191203505591,0.6742715747487387,30180.32874469202,0,None,None,3,True,False,0,True,False,0
1974,4193,41.161236617702066,-8.676994275005697,0.6478593912250704,28998.421416147285,0,None,None,3,True,False,0,True,False,0
1975,4194,41.161236617702066,-8.675797346505801,0.624520969954862,27954.060539614475,0,None,None,3,True,False,0,True,False,0
1976,4195,41.161236617702066,-8.674600418005907,0.6042351940346746,27046.301163953594,0,None,None,3,True,False,0,True,False,0
1977,4196,41.161236617702066,-8.673403489506013,0.5868342572510657,26267.634201804813,0,None,None,3,True,False,0,True,False,0
1978,4197,41.161236617702066,-8.672206561006119,0.5720199724308368,25604.716204870274,0,None,None,3,True,False,0,True,False,0
1979,4198,41.161236617702066,-8.671009632506223,0.5594010296833438,25040.036616816396,0,None,None,3,True,False,0,True,False,0
1980,4199,41.161236617702066,-8.669812704006329,0.5485387332912819,24553.964433534067,0,None,None,3,True,False,0,True,False,0
1981,4200,41.161236617702066,-8.668615775506435,0.5389887162307809,24126.614868079974,0,None,None,3,True,False,0,True,False,0
1982,4201,41.161236617702066,-8.667418847006541,0.5303309263314234,23739.19118832697,0,None,None,3,True,False,0,True,False,0
1983,4202,41.161236617702066,-8.666221918506645,0.5221857684905497,23374.70705790074,0,None,None,3,True,False,0,True,False,0
1984,4203,41.161236617702066,-8.665024990006751,0.5142183061415226,23018.174545858306,0,None,None,3,True,False,0,True,False,0
1985,4204,41.161236617702066,-8.663828061506857,0.5061346379023967,22656.441986913083,0,None,None,3,True,False,0,True,False,0
1986,4205,41.161236617702066,-8.662631133006963,0.4976753930409132,22277.902912823192,0,None,None,3,True,False,0,True,False,0
1987,4206,41.161236617702066,-8.661434204507067,0.48861093601659444,21872.281462528455,0,None,None,3,True,False,0,True,False,0
1988,4207,41.161236617702066,-8.660237276007173,0.4787414480567812,21430.636032561095,0,None,None,3,True,False,0,True,False,0
1989,4208,41.161236617702066,-8.659040347507279,0.46790292193479976,20945.627534770138,0,None,None,3,True,False,0,True,False,0
1990,4209,41.161236617702066,-8.657843419007385,0.4559779280635923,20412.001163569093,0,None,None,3,True,False,0,True,False,0
1991,4210,41.161236617702066,-8.656646490507491,0.4429084796288605,19827.16209219111,0,None,None,3,True,False,0,True,False,0
1992,4211,41.161236617702066,-8.655449562007595,0.4287077643837057,19191.70045367171,0,None,None,3,True,False,0,True,False,0
1993,4212,41.161236617702066,-8.654252633507701,0.4134676563986564,18509.72748088808,0,None,None,3,True,False,0,False,False,0
1994,4213,41.161236617702066,-8.653055705007807,0.3973591009264183,17788.892728704614,0,None,None,3,True,False,0,False,False,0
1995,4214,41.161236617702066,-8.651858776507913,0.38062213696626374,17039.937598040415,0,None,None,3,True,False,0,True,False,0
1996,4215,41.161236617702066,-8.650661848008017,0.363541765478023,16275.615473058664,0,None,None,2,True,False,0,True,False,0
1997,4216,41.161236617702066,-8.649464919508123,0.34640670744749796,15508.84620374896,0,None,None,2,True,False,0,True,False,0
1998,4217,41.161236617702066,-8.648267991008229,0.32945281850124297,14750.183991101678,0,None,None,2,True,False,0,True,False,0
1999,4218,41.161236617702066,-8.647071062508335,0.3128022729162557,14005.095958772594,0,None,None,2,True,False,0,True,False,0
2000,4219,41.161236617702066,-8.645874134008439,0.2964186797266405,13271.953663235023,0,None,None,2,True,False,0,True,False,0
2001,4220,41.161236617702066,-8.644677205508545,0.2800973709559303,12541.598506106207,0,None,None,2,True,False,0,True,False,0
2002,4221,41.161236617702066,-8.643480277008651,0.26349571255709914,11798.6981052366,0,None,None,2,True,False,0,True,False,0
2003,4222,41.161236617702066,-8.642283348508757,0.24619309652380753,11024.4308556388,0,None,None,2,True,False,0,True,False,0
2004,4223,41.161236617702066,-8.641086420008861,0.22777280494162327,10200.14922835853,0,None,None,2,True,False,0,True,False,0
2005,4224,41.161236617702066,-8.639889491508967,0.20794128599744902,9312.71720081377,0,None,None,2,True,False,0,True,False,0
2006,4225,41.161236617702066,-8.638692563009073,0.1867290210680931,8363.49877089593,0,None,None,2,True,False,0,True,False,0
2007,4226,41.161236617702066,-8.637495634509179,0.16482032537207403,7383.116063090744,0,None,None,2,True,False,0,True,False,0
2008,4227,41.161236617702066,-8.636298706009283,0.14395305822528767,6449.335789097623,0,None,None,2,True,False,0,True,False,0
2009,4228,41.161236617702066,-8.635101777509389,0.1269461336420117,5688.300307764963,0,None,None,1,True,False,0,True,False,0
2010,4229,41.161236617702066,-8.633904849009495,0.1164196890290773,5217.257009871829,0,None,None,1,True,False,0,True,False,0
2011,4230,41.161236617702066,-8.632707920509601,0.1122204670105272,5029.347847667829,0,None,None,1,True,False,0,True,False,0
2012,4231,41.161236617702066,-8.631510992009707,0.11063736489474207,4958.506298698415,0,None,None,1,True,False,0,True,False,0
2013,4232,41.161236617702066,-8.630314063509811,0.10766147923830008,4825.339684014395,0,None,None,1,True,False,0,True,False,0
2014,4233,41.161236617702066,-8.629117135009917,0.10242806007920421,4591.15168316475,0,None,None,1,True,False,0,True,False,0
2015,4234,41.161236617702066,-8.627920206510023,0.09713923425945148,4354.484313722884,0,None,None,1,True,False,0,True,False,0
2016,4235,41.161236617702066,-8.626723278010129,0.09471072527075348,4245.812019794332,0,None,None,1,True,False,0,True,False,0
2017,4236,41.161236617702066,-8.625526349510233,0.09653737557175499,4327.552000720463,0,None,None,1,True,False,0,False,False,0
2018,4237,41.161236617702066,-8.624329421010339,0.10179354326078618,4562.757965655513,0,None,None,1,True,False,0,True,False,0
2019,4238,41.161236617702066,-8.623132492510445,0.10826974095473726,4852.55852336882,0,None,None,1,True,False,0,True,False,0
2020,4239,41.161236617702066,-8.62193556401055,0.11356375025459141,5089.457846110334,0,None,None,1,True,False,0,True,False,0
2021,4240,41.161236617702066,-8.620738635510655,0.11567934484448962,5184.127669519277,0,None,None,1,True,False,0,True,False,0
2022,4241,41.161236617702066,-8.619541707010761,0.11309142854400991,5068.32212703331,0,None,None,1,True,False,0,True,False,0
2023,4242,41.161236617702066,-8.618344778510867,0.1048754342986551,4700.668169110275,0,None,None,1,True,False,0,True,False,0
2024,4243,41.161236617702066,-8.617147850010973,0.09143739694736132,4099.335272399199,0,None,None,1,True,False,0,True,False,0
2025,4244,41.161236617702066,-8.615950921511077,0.07620851938669095,3417.864844998241,0,None,None,1,True,False,0,True,False,0
2026,4245,41.161236617702066,-8.614753993011183,0.06591488546250215,2957.239491496013,0,None,None,1,True,False,0,True,False,0
2027,4246,41.161236617702066,-8.613557064511289,0.06163995496429131,2765.942483419149,0,None,None,1,True,False,0,True,False,0
2028,4247,41.161236617702066,-8.612360136011395,0.052804088579559504,2370.5501363684657,0,None,None,1,True,False,0,True,False,0
2029,4248,41.161236617702066,-8.611163207511499,0.033363899078040646,1500.6295400817555,0,None,None,1,True,False,0,True,False,0
2030,4249,41.161236617702066,-8.609966279011605,0.018279855130244344,825.6402091157848,0,None,None,1,True,False,0,True,False,0
2031,4250,41.161236617702066,-8.60876935051171,0.028868923489855938,1299.4858298487695,0,None,None,1,True,False,0,True,False,0
2032,4251,41.161236617702066,-8.607572422011817,0.05516697302375363,2476.285826058597,0,None,None,1,True,False,0,True,False,0
2033,4252,41.161236617702066,-8.606375493511923,0.08402107079939669,3767.465314835769,0,None,None,1,True,False,0,True,False,0
2034,4253,41.161236617702066,-8.605178565012027,0.11147596624339857,4996.032506208538,0,None,None,1,True,False,0,True,False,0
2035,4254,41.161236617702066,-8.603981636512133,0.1352891355051764,6061.63767441246,0,None,None,1,True,False,0,True,False,0
2036,4255,41.161236617702066,-8.602784708012239,0.1543041981647331,6912.534454299216,0,None,None,2,True,False,0,True,False,0
2037,4256,41.161236617702066,-8.601587779512345,0.16817094491267823,7533.051481593973,0,None,None,2,True,False,0,True,False,0
2038,4257,41.161236617702066,-8.600390851012449,0.17696008129931523,7926.352728256776,0,None,None,2,True,False,0,True,False,0
2039,4258,41.161236617702066,-8.599193922512555,0.1809795191834087,8106.216808316016,0,None,None,2,True,False,0,True,False,0
2040,4259,41.161236617702066,-8.59799699401266,0.1806936297754926,8093.423667375338,0,None,None,2,True,False,0,True,False,0
2041,4260,41.161236617702066,-8.596800065512767,0.17662824561298962,7911.50355726001,0,None,None,2,True,False,0,True,False,0
2042,4261,41.161236617702066,-8.595603137012871,0.1692245546078887,7580.199004216597,0,None,None,2,True,False,0,True,False,0
2043,4262,41.161236617702066,-8.594406208512977,0.1587131194237781,7109.827356734654,0,None,None,2,True,False,0,True,False,0
2044,4263,41.161236617702066,-8.593209280013083,0.14516503717190732,6503.570108564927,0,None,None,2,True,False,0,True,False,0
2045,4264,41.161236617702066,-8.592012351513189,0.1288050806533369,5771.485520153507,0,None,None,1,True,False,0,True,False,0
2046,4265,41.161236617702066,-8.590815423013293,0.11040395660054823,4948.061612320872,0,None,None,1,True,False,0,True,False,0
2047,4266,41.161236617702066,-8.589618494513399,0.09170405349973101,4111.267770640694,0,None,None,1,True,False,0,True,False,0
2048,4267,41.161236617702066,-8.588421566013505,0.07606845702300173,3411.5972551206664,0,None,None,1,True,False,0,False,False,0
2049,4268,41.161236617702066,-8.58722463751361,0.06780666225502897,3041.893789504153,0,None,None,1,True,False,0,True,False,0
2050,4269,41.161236617702066,-8.586027709013715,0.07049489483690385,3162.188341694565,0,None,None,1,True,False,0,True,False,0
2051,4270,41.161236617702066,-8.58483078051382,0.08282559599570283,3713.969532091786,0,None,None,1,True,False,0,True,False,0
2052,4271,41.161236617702066,-8.583633852013927,0.09492133477294942,4255.236492931264,0,None,None,1,True,False,0,True,False,0
2053,4272,41.161236617702066,-8.582436923514033,0.09588681289952795,4298.440254268537,0,None,None,1,True,False,0,True,False,0
2054,4273,41.161236617702066,-8.581239995014139,0.09838651705333913,4410.298429717593,0,None,None,1,True,False,0,True,False,0
2055,4274,41.161236617702066,-8.580043066514243,0.1272313846060539,5701.064879258031,0,None,None,1,True,False,0,True,False,0
2056,4275,41.161236617702066,-8.578846138014349,0.17680176891016763,7919.2684759167405,0,None,None,2,True,False,0,True,False,0
2057,4276,41.161236617702066,-8.577649209514455,0.231929778866734,10386.167848979389,0,None,None,2,True,False,0,True,False,0
2058,4277,41.161236617702066,-8.57645228101456,0.28587806225571355,12800.276150275466,0,None,None,2,True,False,0,True,False,0
2059,4278,41.161236617702066,-8.575255352514665,0.3370631453138455,15090.735200144094,0,None,None,2,True,False,0,True,False,0
2060,4279,41.161236617702066,-8.57405842401477,0.3854920072968203,17257.85731026677,0,None,None,3,True,False,0,True,False,0
2061,4280,41.161236617702066,-8.572861495514877,0.4315029218470101,19316.779740939102,0,None,None,3,True,False,0,True,False,0
2062,4281,41.161236617702066,-8.571664567014983,0.4754297726202594,21282.443306856338,0,None,None,3,True,False,0,True,False,0
2063,4282,41.161236617702066,-8.570467638515087,0.5175362803111548,23166.649130835205,0,None,None,3,True,False,0,True,True,0
2064,4283,41.161236617702066,-8.569270710015193,0.5580199656264913,24978.235981192272,0,None,None,3,True,False,0,True,False,0
2065,4284,41.161236617702066,-8.568073781515299,0.5970306062262825,26723.906193380557,0,None,None,3,True,False,0,True,False,0
2066,4285,41.161236617702066,-8.566876853015405,0.6346889610447571,28409.063556497025,0,None,None,3,True,False,0,True,False,0
2067,4325,41.162142991520845,-8.685372774504957,0.8666967446905698,38791.07909582881,0,None,None,3,True,False,0,False,False,0
2068,4326,41.162142991520845,-8.684175846005063,0.8272241003904685,37024.734880723576,0,None,None,3,True,False,0,True,False,0
2069,4327,41.162142991520845,-8.682978917505169,0.7893232231683341,35328.72498790373,0,None,None,3,True,False,0,True,False,0
2070,4328,41.162142991520845,-8.681781989005273,0.75320786189328,33712.614372672826,0,None,None,3,True,False,0,True,False,0
2071,4329,41.162142991520845,-8.68058506050538,0.7191157671575665,32187.042033018537,0,None,None,3,True,False,0,True,False,0
2072,4330,41.162142991520845,-8.679388132005485,0.6872956033457852,30763.13534348123,0,None,None,3,True,False,0,True,False,0
2073,4331,41.162142991520845,-8.678191203505591,0.6579875572626379,29451.642319060975,0,None,None,3,True,False,0,True,False,0
2074,4332,41.162142991520845,-8.676994275005697,0.6313986729271005,28261.827882634727,0,None,None,3,True,False,0,True,False,0
2075,4333,41.162142991520845,-8.675797346505801,0.6076756377276868,27200.25608443841,0,None,None,3,True,False,0,True,False,0
2076,4334,41.162142991520845,-8.674600418005907,0.5868790660476364,26269.639331180148,0,None,None,3,True,False,0,True,False,0
2077,4335,41.162142991520845,-8.673403489506013,0.5689638483003684,25467.95903356309,0,None,None,3,True,False,0,True,False,0
2078,4336,41.162142991520845,-8.672206561006119,0.5537698851285869,24788.05097498569,0,None,None,3,True,False,0,True,False,0
2079,4337,41.162142991520845,-8.671009632506223,0.541026510818612,24217.803252988328,0,None,None,3,True,False,0,True,False,0
2080,4338,41.162142991520845,-8.669812704006329,0.5303715629111595,23741.009616983356,0,None,None,3,True,False,0,True,False,0
2081,4339,41.162142991520845,-8.668615775506435,0.521382084155425,23338.74333666318,0,None,None,3,True,False,0,False,False,0
2082,4340,41.162142991520845,-8.667418847006541,0.5136095846769013,22990.935133432075,0,None,None,3,True,False,0,True,False,0
2083,4341,41.162142991520845,-8.666221918506645,0.5066114743645326,22677.779734646465,0,None,None,3,True,False,0,True,False,0
2084,4342,41.162142991520845,-8.665024990006751,0.499972960510439,22380.715761583884,0,None,None,3,True,False,0,True,False,0
2085,4343,41.162142991520845,-8.663828061506857,0.49331857947437996,22082.941754887335,0,None,None,3,True,False,0,True,False,0
2086,4344,41.162142991520845,-8.662631133006963,0.48631651238418777,21769.6092959695,0,None,None,3,True,False,0,True,False,0
2087,4345,41.162142991520845,-8.661434204507067,0.4786801988353044,21427.89521775242,0,None,None,3,True,False,0,True,False,0
2088,4346,41.162142991520845,-8.660237276007173,0.4701708039043187,21047.11199998472,0,None,None,3,True,False,0,True,False,0
2089,4347,41.162142991520845,-8.659040347507279,0.4606020804991081,20618.925352436196,0,None,None,3,True,False,0,True,False,0
2090,4348,41.162142991520845,-8.657843419007385,0.4498472348441367,20137.661435517417,0,None,None,3,True,False,0,True,False,0
2091,4349,41.162142991520845,-8.656646490507491,0.43784613077060314,19600.62924193044,0,None,None,3,True,False,0,True,False,0
2092,4350,41.162142991520845,-8.655449562007595,0.4246106414399311,19008.360078618785,0,None,None,3,True,False,0,True,False,0
2093,4351,41.162142991520845,-8.654252633507701,0.41022594019291664,18364.66533041526,0,None,None,3,True,False,0,True,False,0
2094,4352,41.162142991520845,-8.653055705007807,0.39484568196209097,17676.420835156707,0,None,None,3,True,False,0,True,False,0
2095,4353,41.162142991520845,-8.651858776507913,0.3786791913762977,16952.993569740494,0,None,None,3,True,False,0,True,False,0
2096,4354,41.162142991520845,-8.650661848008017,0.3619691583758179,16205.243560893501,0,None,None,2,True,False,0,True,False,0
2097,4355,41.162142991520845,-8.649464919508123,0.34495953292204096,15444.087219479898,0,None,None,2,True,False,0,True,False,0
2098,4356,41.162142991520845,-8.648267991008229,0.3278557513818158,14678.71752824989,0,None,None,2,True,False,0,True,False,0
2099,4357,41.162142991520845,-8.647071062508335,0.3107824833205866,13914.71327143815,0,None,None,2,True,False,0,True,False,0
2100,4358,41.162142991520845,-8.645874134008439,0.2937456936121429,13152.341368591076,0,None,None,2,True,False,0,True,False,0
2101,4359,41.162142991520845,-8.644677205508545,0.2766042295620912,12385.285439095986,0,None,None,2,True,False,0,True,False,0
2102,4360,41.162142991520845,-8.643480277008651,0.25905311427394123,11599.898204276526,0,None,None,2,True,False,0,True,False,0
2103,4361,41.162142991520845,-8.642283348508757,0.24062177332043405,10775.122133478146,0,None,None,2,True,False,0,False,False,0
2104,4362,41.162142991520845,-8.641086420008861,0.2207005150235729,9883.67439861769,0,None,None,2,True,False,0,True,False,0
2105,4363,41.162142991520845,-8.639889491508967,0.19863091462055768,8896.09143596702,0,None,None,2,True,False,0,True,False,0
2106,4364,41.162142991520845,-8.638692563009073,0.1739404434453912,7791.228265491107,0,None,None,2,True,False,0,True,False,0
2107,4365,41.162142991520845,-8.637495634509179,0.1468844980421047,6580.51351620902,0,None,None,2,True,False,0,True,False,0
2108,4366,41.162142991520845,-8.636298706009283,0.11949977418509013,5355.086402703785,0,None,None,1,True,False,0,True,False,0
2109,4367,41.162142991520845,-8.635101777509389,0.09681748928254438,4340.086687499054,0,None,None,1,True,False,0,True,False,0
2110,4368,41.162142991520845,-8.633904849009495,0.08576643939122457,3845.568055862258,0,None,None,1,True,False,0,True,False,0
2111,4369,41.162142991520845,-8.632707920509601,0.08884813424100793,3983.4694801815926,0,None,None,1,True,False,0,True,False,0
2112,4370,41.162142991520845,-8.631510992009707,0.09943792052670371,4457.347227077092,0,None,None,1,True,False,0,True,False,0
2113,4371,41.162142991520845,-8.630314063509811,0.10856999437189287,4865.994433120045,0,None,None,1,True,False,0,True,False,0
2114,4372,41.162142991520845,-8.629117135009917,0.11289455214688486,5059.512190650312,0,None,None,1,True,False,0,True,False,0
2115,4373,41.162142991520845,-8.627920206510023,0.1140163870126288,5109.7126917959895,0,None,None,1,True,False,0,True,False,0
2116,4374,41.162142991520845,-8.626723278010129,0.11471898376014567,5141.1528884824065,0,None,None,1,True,False,0,True,False,0
2117,4375,41.162142991520845,-8.625526349510233,0.11670653270148086,5230.092852779578,0,None,None,1,True,False,0,True,False,0
2118,4376,41.162142991520845,-8.624329421010339,0.12005810253625711,5380.070795583958,0,None,None,1,True,False,0,True,False,0
2119,4377,41.162142991520845,-8.623132492510445,0.12364292322097643,5540.486379361489,0,None,None,1,True,False,0,True,False,0
2120,4378,41.162142991520845,-8.62193556401055,0.12577537655174725,5635.910607243259,0,None,None,1,True,False,0,True,False,0
2121,4379,41.162142991520845,-8.620738635510655,0.12462625945521942,5584.489265402088,0,None,None,1,True,False,0,True,False,0
2122,4380,41.162142991520845,-8.619541707010761,0.118297775696604,5301.298694422553,0,None,None,1,True,False,0,True,False,0
2123,4381,41.162142991520845,-8.618344778510867,0.10475704886850917,4695.370590916597,0,None,None,1,True,False,0,True,False,0
2124,4382,41.162142991520845,-8.617147850010973,0.08229508958760402,3690.2301312576956,0,None,None,1,True,False,0,True,False,0
2125,4383,41.162142991520845,-8.615950921511077,0.05359596981208825,2405.9856856945585,0,None,None,1,True,False,0,True,False,0
2126,4384,41.162142991520845,-8.614753993011183,0.037105722233687945,1668.070759237865,0,None,None,1,True,False,0,True,False,0
2127,4385,41.162142991520845,-8.613557064511289,0.04803624551209763,2157.1959978234772,0,None,None,1,True,False,0,True,False,0
2128,4386,41.162142991520845,-8.612360136011395,0.05776560633785581,2592.5709395322933,0,None,None,1,True,False,0,True,False,0
2129,4387,41.162142991520845,-8.611163207511499,0.052077016597243626,2338.014708030683,0,None,None,1,True,False,0,True,False,0
2130,4388,41.162142991520845,-8.609966279011605,0.04344349518303135,1951.677008178589,0,None,None,1,True,False,0,True,False,0
2131,4389,41.162142991520845,-8.60876935051171,0.04314560412762838,1938.346810727356,0,None,None,1,True,False,0,True,False,0
2132,4390,41.162142991520845,-8.607572422011817,0.05817285969944622,2610.794943322319,0,None,None,1,True,False,0,True,False,0
2133,4391,41.162142991520845,-8.606375493511923,0.08526757649334671,3823.2446567228967,0,None,None,1,True,False,0,True,False,0
2134,4392,41.162142991520845,-8.605178565012027,0.11367877901917864,5094.60521833487,0,None,None,1,True,False,0,True,False,0
2135,4393,41.162142991520845,-8.603981636512133,0.13832447113935928,6197.464590328705,0,None,None,2,True,False,0,True,False,0
2136,4394,41.162142991520845,-8.602784708012239,0.1577160225301254,7065.20870092298,0,None,None,2,True,False,0,False,False,0
2137,4395,41.162142991520845,-8.601587779512345,0.17162059578022143,7687.418409932799,0,None,None,2,True,False,0,False,False,0
2138,4396,41.162142991520845,-8.600390851012449,0.18024445413995804,8073.323701957245,0,None,None,2,True,False,0,True,False,0
2139,4397,41.162142991520845,-8.599193922512555,0.18400200215581355,8241.468586052824,0,None,None,2,True,False,0,True,False,0
2140,4398,41.162142991520845,-8.59799699401266,0.18343627782601038,8216.153233737055,0,None,None,2,True,False,0,True,False,0
2141,4399,41.162142991520845,-8.596800065512767,0.1791080934534897,8022.473191169164,0,None,None,2,True,False,0,True,False,0
2142,4400,41.162142991520845,-8.595603137012871,0.1714188606693977,7678.391053080849,0,None,None,2,True,False,0,True,False,0
2143,4401,41.162142991520845,-8.594406208512977,0.16051660602120518,7190.530795150534,0,None,None,2,True,False,0,True,False,0
2144,4402,41.162142991520845,-8.593209280013083,0.14661231648395953,6568.333781883828,0,None,None,2,True,False,0,True,False,0
2145,4403,41.162142991520845,-8.592012351513189,0.1309158051044453,5865.937411837059,0,None,None,1,True,False,0,True,False,0
2146,4404,41.162142991520845,-8.590815423013293,0.11639159146846742,5215.999684336085,0,None,None,1,True,False,0,True,False,0
2147,4405,41.162142991520845,-8.589618494513399,0.10609599035188941,4755.286301796069,0,None,None,1,True,False,0,True,False,0
2148,4406,41.162142991520845,-8.588421566013505,0.10045600066741966,4502.904853097666,0,None,None,1,True,False,0,True,False,0
2149,4407,41.162142991520845,-8.58722463751361,0.09933482729741495,4452.733952937507,0,None,None,1,True,False,0,True,False,0
2150,4408,41.162142991520845,-8.586027709013715,0.1040010456538705,4661.5405314296895,0,None,None,1,True,False,0,True,False,0
2151,4409,41.162142991520845,-8.58483078051382,0.11415201385388792,5115.781798406879,0,None,None,1,True,False,0,True,False,0
2152,4410,41.162142991520845,-8.583633852013927,0.1261128036864931,5651.009987536773,0,None,None,1,True,False,0,True,False,0
2153,4411,41.162142991520845,-8.582436923514033,0.1368119069009882,6129.779510198035,0,None,None,2,True,False,0,True,False,0
2154,4412,41.162142991520845,-8.581239995014139,0.15066210500287583,6749.556009318158,0,None,None,2,True,False,0,True,False,0
2155,4413,41.162142991520845,-8.580043066514243,0.175906893124411,7879.224068063251,0,None,None,2,True,False,0,False,False,0
2156,4414,41.162142991520845,-8.578846138014349,0.21318393046532608,9547.318020999113,0,None,None,2,True,False,0,False,False,0
2157,4415,41.162142991520845,-8.577649209514455,0.25713207475484584,11513.934441227238,0,None,None,2,True,False,0,True,False,0
2158,4416,41.162142991520845,-8.57645228101456,0.3031535092227052,13573.32762312611,0,None,None,2,True,False,0,True,False,0
2159,4417,41.162142991520845,-8.575255352514665,0.3489488420355942,15622.603080272462,0,None,None,2,True,False,0,True,False,0
2160,4418,41.162142991520845,-8.57405842401477,0.3936256806464086,17621.82752618068,0,None,None,3,True,False,0,True,False,0
2161,4419,41.162142991520845,-8.572861495514877,0.4369088776337539,19558.68850839923,0,None,None,3,True,False,0,True,False,0
2162,4420,41.162142991520845,-8.571664567014983,0.4787560705384331,21431.29036764136,0,None,None,3,True,False,0,True,False,0
2163,4421,41.162142991520845,-8.570467638515087,0.5192018592260956,23241.181398266788,0,None,None,3,True,False,0,True,True,0
2164,4422,41.162142991520845,-8.569270710015193,0.5583014896538148,24990.833777612883,0,None,None,3,True,False,0,True,True,0
2165,4423,41.162142991520845,-8.568073781515299,0.5961146183669946,26682.917050518507,0,None,None,3,True,False,0,True,False,0
2166,4424,41.162142991520845,-8.566876853015405,0.6327047716661258,28320.27392781209,0,None,None,3,True,False,0,True,False,0
2167,4425,41.162142991520845,-8.565679924515509,0.668144700841958,29906.159925404343,0,None,None,3,True,False,0,True,False,0
2168,4463,41.163049365339624,-8.686569703004851,0.8855350862303187,39634.067859082934,0,None,None,3,True,False,0,True,False,0
2169,4464,41.163049365339624,-8.685372774504957,0.8450164172884526,37820.91554161719,0,None,None,3,True,False,0,True,False,0
2170,4465,41.163049365339624,-8.684175846005063,0.8057853111343821,36065.37981209821,0,None,None,3,True,False,0,True,False,0
2171,4466,41.163049365339624,-8.682978917505169,0.7679972348607909,34374.41759993038,0,None,None,3,True,False,0,True,False,0
2172,4467,41.163049365339624,-8.681781989005273,0.731837897075926,32756.339098962853,0,None,None,3,True,False,0,False,False,0
2173,4468,41.163049365339624,-8.68058506050538,0.697521372804764,31220.723859506255,0,None,None,3,True,False,0,True,False,0
2174,4469,41.163049365339624,-8.679388132005485,0.6652856306153179,29778.220633650522,0,None,None,3,True,False,0,True,False,0
2175,4470,41.163049365339624,-8.678191203505591,0.6353843425160145,28440.180879920015,0,None,None,3,True,False,0,True,False,0
2176,4471,41.163049365339624,-8.676994275005697,0.6080731785838769,27218.045467542837,0,None,None,3,True,False,0,True,False,0
2177,4472,41.163049365339624,-8.675797346505801,0.5835881122151304,26122.373867533206,0,None,None,3,True,False,0,True,False,0
2178,4473,41.163049365339624,-8.674600418005907,0.5621137681448098,25161.42777196867,0,None,None,3,True,False,0,True,False,0
2179,4474,41.163049365339624,-8.673403489506013,0.5437433362949952,24339.377296195962,0,None,None,3,True,False,0,True,False,0
2180,4475,41.163049365339624,-8.672206561006119,0.5284384865496622,23654.507222501546,0,None,None,3,True,False,0,True,False,0
2181,4476,41.163049365339624,-8.671009632506223,0.5160043162909839,23098.09593829494,0,None,None,3,True,False,0,True,False,0
2182,4477,41.163049365339624,-8.669812704006329,0.5060935060704841,22654.60139643217,0,None,None,3,True,False,0,True,False,0
2183,4478,41.163049365339624,-8.668615775506435,0.4982422073336534,22303.267039417013,0,None,None,3,True,False,0,True,False,0
2184,4479,41.163049365339624,-8.667418847006541,0.49192472094341316,22020.568584898265,0,None,None,3,True,False,0,True,False,0
2185,4480,41.163049365339624,-8.666221918506645,0.48660688743621977,21782.603163050415,0,None,None,3,True,False,0,True,False,0
2186,4481,41.163049365339624,-8.665024990006751,0.4817838258452411,21566.77807478037,0,None,None,3,True,False,0,True,False,0
2187,4482,41.163049365339624,-8.663828061506857,0.47699939738990876,21352.681763917317,0,None,None,3,True,False,0,True,False,0
2188,4483,41.163049365339624,-8.662631133006963,0.4718532225924819,21122.39782311399,0,None,None,3,True,False,0,True,False,0
2189,4484,41.163049365339624,-8.661434204507067,0.4660028554935544,20860.602286872047,0,None,None,3,True,False,0,True,False,0
2190,4485,41.163049365339624,-8.660237276007173,0.45916612471007995,20554.668390530802,0,None,None,3,True,False,0,True,False,0
2191,4486,41.163049365339624,-8.659040347507279,0.4511252038872203,20194.84871714903,0,None,None,3,True,False,0,True,False,0
2192,4487,41.163049365339624,-8.657843419007385,0.4417316284876908,19774.499691632358,0,None,None,3,True,False,0,True,False,0
2193,4488,41.163049365339624,-8.656646490507491,0.43091053448784145,19290.271256303164,0,None,None,3,True,False,0,True,False,0
2194,4489,41.163049365339624,-8.655449562007595,0.4186623994198451,18742.18478004124,0,None,None,3,True,False,0,True,False,0
2195,4490,41.163049365339624,-8.654252633507701,0.40506097443383043,18133.54052103037,0,None,None,3,True,False,0,True,False,0
2196,4491,41.163049365339624,-8.653055705007807,0.3902465472574119,17470.616153860534,0,None,None,3,True,False,0,True,False,0
2197,4492,41.163049365339624,-8.651858776507913,0.3744140333350156,16762.133865094132,0,None,None,3,True,False,0,True,False,0
2198,4493,41.163049365339624,-8.650661848008017,0.3577956784675593,16018.486321202021,0,None,None,2,True,False,0,True,False,0
2199,4494,41.163049365339624,-8.649464919508123,0.3406383857972052,15250.722083652077,0,None,None,2,True,False,0,True,False,0
2200,4495,41.163049365339624,-8.648267991008229,0.32317563014385015,14469.288815751635,0,None,None,2,True,False,0,True,False,0
2201,4496,41.163049365339624,-8.647071062508335,0.30559311768479047,13682.496602568288,0,None,None,2,True,False,0,True,False,0
2202,4497,41.163049365339624,-8.645874134008439,0.28798572443789006,12894.59100981666,0,None,None,2,True,False,0,True,False,0
2203,4498,41.163049365339624,-8.644677205508545,0.2703024013453101,12103.287665380338,0,None,None,2,True,False,0,True,False,0
2204,4499,41.163049365339624,-8.643480277008651,0.25227912481014897,11296.771891998465,0,None,None,2,True,False,0,True,False,0
2205,4500,41.163049365339624,-8.642283348508757,0.23337002145965777,10450.616639210362,0,None,None,2,True,False,0,True,False,0
2206,4501,41.163049365339624,-8.641086420008861,0.21270134903793358,9525.723194310753,0,None,None,2,True,False,0,True,False,0
2207,4502,41.163049365339624,-8.639889491508967,0.18909150855781937,8469.216697442995,0,None,None,2,True,False,0,False,False,0
2208,4503,41.163049365339624,-8.638692563009073,0.16123096696129302,7222.497422580611,0,None,None,2,True,False,0,True,False,0
2209,4504,41.163049365339624,-8.637495634509179,0.12829729264838338,5748.762735274179,0,None,None,1,True,False,0,True,False,0
2210,4505,41.163049365339624,-8.636298706009283,0.09170133930643656,4111.146314383853,0,None,None,1,True,False,0,True,False,0
2211,4506,41.163049365339624,-8.635101777509389,0.05858093690573406,2629.0558129808783,0,None,None,1,True,False,0,True,False,0
2212,4507,41.163049365339624,-8.633904849009495,0.043073354114170855,1935.113726256457,0,None,None,1,True,False,0,True,False,0
2213,4508,41.163049365339624,-8.632707920509601,0.05393840784148132,2421.3092963361933,0,None,None,1,True,False,0,True,False,0
2214,4509,41.163049365339624,-8.631510992009707,0.07972194391576237,3575.085553217128,0,None,None,1,True,False,0,True,False,0
2215,4510,41.163049365339624,-8.630314063509811,0.10293849087655357,4613.992729213121,0,None,None,1,True,False,0,True,False,0
2216,4511,41.163049365339624,-8.629117135009917,0.11733616303747813,5258.267907209379,0,None,None,1,True,False,0,True,False,0
2217,4512,41.163049365339624,-8.627920206510023,0.12488773082394823,5596.189734112987,0,None,None,1,True,False,0,True,False,0
2218,4513,41.163049365339624,-8.626723278010129,0.12904719312772248,5782.319706109848,0,None,None,1,True,False,0,True,False,0
2219,4514,41.163049365339624,-8.625526349510233,0.13209357096330046,5918.640744700217,0,None,None,1,True,False,0,True,False,0
2220,4515,41.163049365339624,-8.624329421010339,0.13478642815141764,6039.142241386698,0,None,None,1,True,False,0,True,False,0
2221,4516,41.163049365339624,-8.623132492510445,0.13671660227112026,6125.514764711004,0,None,None,2,True,False,0,True,False,0
2222,4517,41.163049365339624,-8.62193556401055,0.1367390251047875,6126.518154355571,0,None,None,2,True,False,0,True,False,0
2223,4518,41.163049365339624,-8.620738635510655,0.13323000634229681,5969.494597871791,0,None,None,1,True,False,0,True,False,0
2224,4519,41.163049365339624,-8.619541707010761,0.12404626136890134,5558.535182955744,0,None,None,1,True,False,0,True,False,0
2225,4520,41.163049365339624,-8.618344778510867,0.10612681221989517,4756.665536180186,0,None,None,1,True,False,0,True,False,0
2226,4521,41.163049365339624,-8.617147850010973,0.07515124996495075,3370.5535548627167,0,None,None,1,True,False,0,True,False,0
2227,4522,41.163049365339624,-8.615950921511077,0.030270525659377153,1362.2055165561126,0,None,None,1,True,False,0,True,False,0
2228,4523,41.163049365339624,-8.614753993011183,0.0013415874381925111,67.67702518784962,0,None,None,1,True,False,0,True,False,0
2229,4524,41.163049365339624,-8.613557064511289,0.029229698439297756,1315.6299913611465,0,None,None,1,True,False,0,True,False,0
2230,4525,41.163049365339624,-8.612360136011395,0.05961977411105245,2675.542287869654,0,None,None,1,True,False,0,True,False,0
2231,4526,41.163049365339624,-8.611163207511499,0.06241060297164824,2800.427876374538,0,None,None,1,True,False,0,True,False,0
2232,4527,41.163049365339624,-8.609966279011605,0.04269425444136338,1918.1495596574118,0,None,None,1,True,False,0,False,False,0
2233,4528,41.163049365339624,-8.60876935051171,0.012655974495617766,573.9796172919552,0,None,None,1,True,False,0,True,False,0
2234,4529,41.163049365339624,-8.607572422011817,0.03860504523491805,1735.1633129989573,0,None,None,1,True,False,0,True,False,0
2235,4530,41.163049365339624,-8.606375493511923,0.08279174938201811,3712.4549446770598,0,None,None,1,True,False,0,True,False,0
2236,4531,41.163049365339624,-8.605178565012027,0.11720792711463204,5252.529533596358,0,None,None,1,True,False,0,True,False,0
2237,4532,41.163049365339624,-8.603981636512133,0.14324481278565773,6417.64282154131,0,None,None,2,True,False,0,True,False,0
2238,4533,41.163049365339624,-8.602784708012239,0.16247952130049545,7278.368438404324,0,None,None,2,True,False,0,True,False,0
2239,4534,41.163049365339624,-8.601587779512345,0.17564587910008106,7867.544064858213,0,None,None,2,True,False,0,True,False,0
2240,4535,41.163049365339624,-8.600390851012449,0.1832347259246825,8207.134075247259,0,None,None,2,True,False,0,False,False,0
2241,4536,41.163049365339624,-8.599193922512555,0.1857707665270236,8320.618254649085,0,None,None,2,True,False,0,True,False,0
2242,4537,41.163049365339624,-8.59799699401266,0.18392641716335068,8238.086266054941,0,None,None,2,True,False,0,True,False,0
2243,4538,41.163049365339624,-8.596800065512767,0.17844352753780118,7992.734819657795,0,None,None,2,True,False,0,True,False,0
2244,4539,41.163049365339624,-8.595603137012871,0.1697712951215277,7604.66485798833,0,None,None,2,True,False,0,True,False,0
2245,4540,41.163049365339624,-8.594406208512977,0.15758312036731634,7059.261519764606,0,None,None,2,True,False,0,True,False,0
2246,4541,41.163049365339624,-8.593209280013083,0.14087981155799847,6311.812408827308,0,None,None,2,True,False,0,True,False,0
2247,4542,41.163049365339624,-8.592012351513189,0.11993586635125088,5374.600901633587,0,None,None,1,True,False,0,True,False,0
2248,4543,41.163049365339624,-8.590815423013293,0.10109671210810359,4531.575771068086,0,None,None,1,True,False,0,True,False,0
2249,4544,41.163049365339624,-8.589618494513399,0.09649293491680648,4325.563345154675,0,None,None,1,True,False,0,True,False,0
2250,4545,41.163049365339624,-8.588421566013505,0.10569359514877195,4737.279693629441,0,None,None,1,True,False,0,True,False,0
2251,4546,41.163049365339624,-8.58722463751361,0.11748222693795028,5264.804057249726,0,None,None,1,True,False,0,True,False,0
2252,4547,41.163049365339624,-8.586027709013715,0.12889852183606937,5775.666879054048,0,None,None,1,True,False,0,True,False,0
2253,4548,41.163049365339624,-8.58483078051382,0.14139993583710794,6335.087224280664,0,None,None,2,True,False,0,True,False,0
2254,4549,41.163049365339624,-8.583633852013927,0.15528611896711766,6956.474001794367,0,None,None,2,True,False,0,True,False,0
2255,4550,41.163049365339624,-8.582436923514033,0.17052819846236594,7638.535196831579,0,None,None,2,True,False,0,True,False,0
2256,4551,41.163049365339624,-8.581239995014139,0.18899600956849347,8464.943254648999,0,None,None,2,True,False,0,True,False,0
2257,4552,41.163049365339624,-8.580043066514243,0.2135981126765159,9565.852080870363,0,None,None,2,True,False,0,False,False,0
2258,4553,41.163049365339624,-8.578846138014349,0.2451796987697295,10979.082759704124,0,None,None,2,True,False,0,True,False,0
2259,4554,41.163049365339624,-8.577649209514455,0.28203772590051207,12628.426606741057,0,None,None,2,True,False,0,True,False,0
2260,4555,41.163049365339624,-8.57645228101456,0.3217982804936691,14407.654394498326,0,None,None,2,True,False,0,True,False,0
2261,4556,41.163049365339624,-8.575255352514665,0.3626635985943537,16236.318764607278,0,None,None,2,True,False,0,True,False,0
2262,4557,41.163049365339624,-8.57405842401477,0.4035615836606956,18066.44493457375,0,None,None,3,True,False,0,True,False,0
2263,4558,41.163049365339624,-8.572861495514877,0.4439156082730413,19872.22965444994,0,None,None,3,True,False,0,True,False,0
2264,4559,41.163049365339624,-8.571664567014983,0.48342687762149533,21640.30228506738,0,None,None,3,True,False,0,True,False,0
2265,4560,41.163049365339624,-8.570467638515087,0.5219418918641009,23363.793928669973,0,None,None,3,True,False,0,True,False,0
2266,4561,41.163049365339624,-8.569270710015193,0.5593838359580842,25039.267222272734,0,None,None,3,True,False,0,True,True,0
2267,4562,41.163049365339624,-8.568073781515299,0.59572083543956,26665.295829335726,0,None,None,3,True,False,0,False,False,0
2268,4563,41.163049365339624,-8.566876853015405,0.6309538127245113,28241.92102665113,0,None,None,3,True,False,0,True,False,0
2269,4564,41.163049365339624,-8.565679924515509,0.6651145173170968,29770.56355899035,0,None,None,3,True,False,0,True,False,0
2270,4601,41.1639557391584,-8.687766631504747,0.903302089541935,40429.115773294965,0,None,None,3,True,False,0,False,False,0
2271,4602,41.1639557391584,-8.686569703004851,0.8617589447903014,38570.11963279218,0,None,None,3,True,False,0,True,False,0
2272,4603,41.1639557391584,-8.685372774504957,0.8212410498895683,36757.00195255691,0,None,None,3,True,False,0,True,False,0
2273,4604,41.1639557391584,-8.684175846005063,0.7818463905726177,34994.14745359043,0,None,None,3,True,False,0,True,False,0
2274,4605,41.1639557391584,-8.682978917505169,0.7437029039430679,33287.28113777393,0,None,None,3,True,False,0,False,False,0
2275,4606,41.1639557391584,-8.681781989005273,0.7069726371986598,31643.65438477499,0,None,None,3,True,False,0,False,False,0
2276,4607,41.1639557391584,-8.68058506050538,0.6718569739298248,30072.27882141222,0,None,None,3,True,False,0,False,False,0
2277,4608,41.1639557391584,-8.679388132005485,0.6386025351316944,28584.19038347856,0,None,None,3,True,False,0,True,False,0
2278,4609,41.1639557391584,-8.678191203505591,0.6075057795506086,27192.655174649102,0,None,None,3,True,False,0,True,False,0
2279,4610,41.1639557391584,-8.676994275005697,0.5789113087244934,25913.093619469117,0,None,None,3,True,False,0,True,False,0
2280,4611,41.1639557391584,-8.675797346505801,0.5531950026648977,24762.32580931443,0,None,None,3,True,False,0,True,False,0
2281,4612,41.1639557391584,-8.674600418005907,0.5307214322484622,23756.665767994902,0,None,None,3,True,False,0,True,False,0
2282,4613,41.1639557391584,-8.673403489506013,0.5117712997124559,22908.674518004933,0,None,None,3,True,False,0,True,False,0
2283,4614,41.1639557391584,-8.672206561006119,0.49645274529932176,22223.191180083617,0,None,None,3,True,False,0,True,False,0
2284,4615,41.1639557391584,-8.671009632506223,0.48463222096874675,21694.239670980685,0,None,None,3,True,False,0,True,False,0
2285,4616,41.1639557391584,-8.669812704006329,0.4759244593416014,21304.57982808579,0,None,None,3,True,False,0,True,False,0
2286,4617,41.1639557391584,-8.668615775506435,0.4697526402592608,21028.399776658618,0,None,None,3,True,False,0,True,False,0
2287,4618,41.1639557391584,-8.667418847006541,0.4654482854710662,20835.786073809515,0,None,None,3,True,False,0,True,False,0
2288,4619,41.1639557391584,-8.666221918506645,0.4623432219916305,20696.83893683188,0,None,None,3,True,False,0,True,False,0
2289,4620,41.1639557391584,-8.665024990006751,0.459824429546909,20584.126587743747,0,None,None,3,True,False,0,True,False,0
2290,4621,41.1639557391584,-8.663828061506857,0.45735259559090863,20473.51556367129,0,None,None,3,True,False,0,True,False,0
2291,4622,41.1639557391584,-8.662631133006963,0.4544613835715227,20344.137972794466,0,None,None,3,True,False,0,True,False,0
2292,4623,41.1639557391584,-8.661434204507067,0.45075324383645704,20178.204038395794,0,None,None,3,True,False,0,True,False,0
2293,4624,41.1639557391584,-8.660237276007173,0.4458991095899481,19960.988493359626,0,None,None,3,True,False,0,True,False,0
2294,4625,41.1639557391584,-8.659040347507279,0.43964221095241596,19681.001253870927,0,None,None,3,True,False,0,True,False,0
2295,4626,41.1639557391584,-8.657843419007385,0.4318031475184039,19330.21440910728,0,None,None,3,True,False,0,True,False,0
2296,4627,41.1639557391584,-8.656646490507491,0.42228328382602404,18904.21416362633,0,None,None,3,True,False,0,True,False,0
2297,4628,41.1639557391584,-8.655449562007595,0.41106474797694575,18402.200775612208,0,None,None,3,True,False,0,True,False,0
2298,4629,41.1639557391584,-8.654252633507701,0.398206646246416,17826.81916610353,0,None,None,3,True,False,0,True,False,0
2299,4630,41.1639557391584,-8.653055705007807,0.3838380548452117,17183.84531039296,0,None,None,3,True,False,0,True,True,0
2300,4631,41.1639557391584,-8.651858776507913,0.36814880389483773,16481.773834136267,0,None,None,3,True,False,0,True,False,0
2301,4632,41.1639557391584,-8.650661848008017,0.3513789744075815,15731.34801827472,0,None,None,2,True,False,0,True,False,0
2302,4633,41.1639557391584,-8.649464919508123,0.33380711356212583,14945.032449522081,0,None,None,2,True,False,0,True,False,0
2303,4634,41.1639557391584,-8.648267991008229,0.3157348512211492,14136.32463159243,0,None,None,2,True,False,0,True,False,0
2304,4635,41.1639557391584,-8.647071062508335,0.2974613766153743,13318.612853420527,0,None,None,2,True,False,0,True,False,0
2305,4636,41.1639557391584,-8.645874134008439,0.2792359788824875,12503.052446351623,0,None,None,2,True,False,0,True,False,0
2306,4637,41.1639557391584,-8.644677205508545,0.2611745993391545,11694.831618006854,0,None,None,2,True,False,0,True,False,0
2307,4638,41.1639557391584,-8.643480277008651,0.2431342273370974,10887.550847002156,0,None,None,2,True,False,0,True,False,0
2308,4639,41.1639557391584,-8.642283348508757,0.22456140338518513,10056.443614960344,0,None,None,2,True,False,0,True,False,0
2309,4640,41.1639557391584,-8.641086420008861,0.2043594081870065,9152.433306439034,0,None,None,2,True,False,0,True,False,0
2310,4641,41.1639557391584,-8.639889491508967,0.180834888069732,8099.7447734296575,0,None,None,2,True,False,0,True,False,0
2311,4642,41.1639557391584,-8.638692563009073,0.15181143455732096,6800.986858346391,0,None,None,2,True,False,0,True,False,0
2312,4643,41.1639557391584,-8.637495634509179,0.11520803396762518,5163.037183801209,0,None,None,1,True,False,0,True,False,0
2313,4644,41.1639557391584,-8.636298706009283,0.07117162493166865,3192.471042771988,0,None,None,1,True,False,0,True,False,0
2314,4645,41.1639557391584,-8.635101777509389,0.02780565131041249,1251.90592491604,0,None,None,1,True,False,0,True,False,0
2315,4646,41.1639557391584,-8.633904849009495,0.0063963267736270694,293.869360216866,0,None,None,1,True,False,0,True,False,0
2316,4647,41.1639557391584,-8.632707920509601,0.023420664905546756,1055.684072874326,0,None,None,1,True,False,0,True,False,0
2317,4648,41.1639557391584,-8.631510992009707,0.06229628693766105,2795.312397822053,0,None,None,1,True,False,0,True,False,0
2318,4649,41.1639557391584,-8.630314063509811,0.09694870353891949,4345.958337265546,0,None,None,1,True,False,0,True,False,0
2319,4650,41.1639557391584,-8.629117135009917,0.1191731118750735,5340.4687328764485,0,None,None,1,True,False,0,True,False,0
2320,4651,41.1639557391584,-8.627920206510023,0.13175280764098055,5903.392074798001,0,None,None,1,True,False,0,True,False,0
2321,4652,41.1639557391584,-8.626723278010129,0.13886541366520577,6221.670992463029,0,None,None,2,True,False,0,True,False,0
2322,4653,41.1639557391584,-8.625526349510233,0.14325416640341107,6418.061382519473,0,None,None,2,True,False,0,True,False,0
2323,4654,41.1639557391584,-8.624329421010339,0.14611085405015084,6545.894057240189,0,None,None,2,True,False,0,True,False,0
2324,4655,41.1639557391584,-8.623132492510445,0.14746638874941986,6606.552290730316,0,None,None,2,True,False,0,True,False,0
2325,4656,41.1639557391584,-8.62193556401055,0.1465546601484841,6565.7537435702825,0,None,None,2,True,False,0,True,False,0
2326,4657,41.1639557391584,-8.620738635510655,0.14202639944901363,6363.120572349537,0,None,None,2,True,False,0,True,False,0
2327,4658,41.1639557391584,-8.619541707010761,0.1319451663726319,5911.999852130934,0,None,None,1,True,False,0,True,False,0
2328,4659,41.1639557391584,-8.618344778510867,0.11356646176057603,5089.579182113915,0,None,None,1,True,False,0,True,False,0
2329,4660,41.1639557391584,-8.617147850010973,0.08360028456579176,3748.635734433878,0,None,None,1,True,False,0,True,False,0
2330,4661,41.1639557391584,-8.615950921511077,0.043806114038701396,1967.9036818498842,0,None,None,1,True,False,0,True,False,0
2331,4662,41.1639557391584,-8.614753993011183,0.020585137435755976,928.7982857211182,0,None,None,1,True,False,0,True,False,0
2332,4663,41.1639557391584,-8.613557064511289,0.042049269877298616,1889.2874255448248,0,None,None,1,True,False,0,True,False,0
2333,4664,41.1639557391584,-8.612360136011395,0.06936740077706721,3111.734599730466,0,None,None,1,True,False,0,True,False,0
2334,4665,41.1639557391584,-8.611163207511499,0.07285987957957514,3268.0180167290005,0,None,None,1,True,False,0,True,False,0
2335,4666,41.1639557391584,-8.609966279011605,0.047976005436646395,2154.500340851985,0,None,None,1,True,False,0,True,False,0
2336,4667,41.1639557391584,-8.60876935051171,0.013270211391226118,601.465837343831,0,None,None,1,True,False,0,True,False,0
2337,4668,41.1639557391584,-8.607572422011817,0.04114447741244855,1848.7992605258266,0,None,None,1,True,False,0,True,False,0
2338,4669,41.1639557391584,-8.606375493511923,0.08972052508416342,4022.507719104809,0,None,None,1,True,False,0,True,False,0
2339,4670,41.1639557391584,-8.605178565012027,0.12553444298573152,5625.129175745509,0,None,None,1,True,False,0,True,False,0
2340,4671,41.1639557391584,-8.603981636512133,0.15092612874500438,6761.370693077716,0,None,None,2,True,False,0,True,False,0
2341,4672,41.1639557391584,-8.602784708012239,0.16875100232734896,7559.008218899002,0,None,None,2,True,False,0,True,False,0
2342,4673,41.1639557391584,-8.601587779512345,0.18016798747983134,8069.901928596019,0,None,None,2,True,False,0,True,False,0
2343,4674,41.1639557391584,-8.600390851012449,0.1856951220560805,8317.233273074524,0,None,None,2,True,False,0,True,False,0
2344,4675,41.1639557391584,-8.599193922512555,0.1858152311200509,8322.607981409565,0,None,None,2,True,False,0,True,False,0
2345,4676,41.1639557391584,-8.59799699401266,0.18134996167970607,8122.793578683597,0,None,None,2,True,False,0,True,False,0
2346,4677,41.1639557391584,-8.596800065512767,0.17355663459303763,7774.053369861955,0,None,None,2,True,False,0,True,False,0
2347,4678,41.1639557391584,-8.595603137012871,0.16345829388734287,7322.167107769808,0,None,None,2,True,False,0,True,False,0
2348,4679,41.1639557391584,-8.594406208512977,0.15017083276444665,6727.5722813015145,0,None,None,2,True,False,0,True,False,0
2349,4680,41.1639557391584,-8.593209280013083,0.12949977560859577,5802.572122970262,0,None,None,1,True,False,0,True,False,0
2350,4681,41.1639557391584,-8.592012351513189,0.09564552421889419,4287.642931900987,0,None,None,1,True,False,0,True,False,0
2351,4682,41.1639557391584,-8.590815423013293,0.05531757480267316,2483.025039650588,0,None,None,1,True,False,0,True,False,0
2352,4683,41.1639557391584,-8.589618494513399,0.05092756066808382,2286.578203915233,0,None,None,1,True,False,0,True,False,0
2353,4684,41.1639557391584,-8.588421566013505,0.08758592491212353,3926.987423155555,0,None,None,1,True,False,0,True,False,0
2354,4685,41.1639557391584,-8.58722463751361,0.12117028281620226,5429.839267863131,0,None,None,1,True,False,0,True,False,0
2355,4686,41.1639557391584,-8.586027709013715,0.14381517317096942,6443.16563069139,0,None,None,2,True,False,0,True,False,0
2356,4687,41.1639557391584,-8.58483078051382,0.16172754466333236,7244.718562483953,0,None,None,2,True,False,0,True,False,0
2357,4688,41.1639557391584,-8.583633852013927,0.178847740516386,8010.822770669274,0,None,None,2,True,False,0,False,False,0
2358,4689,41.1639557391584,-8.582436923514033,0.1970254665692074,8824.24993843281,0,None,None,2,True,False,0,True,False,0
2359,4690,41.1639557391584,-8.581239995014139,0.21771154032654005,9749.922068141406,0,None,None,2,True,False,0,True,False,0
2360,4691,41.1639557391584,-8.580043066514243,0.24225113193061468,10848.033594224065,0,None,None,2,True,False,0,True,False,0
2361,4692,41.1639557391584,-8.578846138014349,0.2711834161106424,12142.711812451302,0,None,None,2,True,False,0,True,False,0
2362,4693,41.1639557391584,-8.577649209514455,0.3039549178484655,13609.189509633763,0,None,None,2,True,False,0,True,False,0
2363,4694,41.1639557391584,-8.57645228101456,0.33941183886550025,15195.835867747699,0,None,None,2,True,False,0,True,False,0
2364,4695,41.1639557391584,-8.575255352514665,0.3763892468016851,16850.52183459332,0,None,None,3,True,False,0,True,False,0
2365,4696,41.1639557391584,-8.57405842401477,0.41398204580074205,18532.7456688204,0,None,None,3,True,False,0,True,False,0
2366,4697,41.1639557391584,-8.572861495514877,0.4515660390943544,20214.57546035924,0,None,None,3,True,False,0,True,False,0
2367,4698,41.1639557391584,-8.571664567014983,0.4887307087073431,21877.641118644297,0,None,None,3,True,False,0,True,False,0
2368,4699,41.1639557391584,-8.570467638515087,0.525209022728258,23509.99334865362,0,None,None,3,True,False,0,True,False,0
2369,4700,41.1639557391584,-8.569270710015193,0.5608280420249406,25103.893372277213,0,None,None,3,True,False,0,False,True,0
2370,4701,41.1639557391584,-8.568073781515299,0.5954800589894879,26654.521428551092,0,None,None,3,True,False,0,False,True,0
2371,4702,41.1639557391584,-8.566876853015405,0.62910870998756,28159.35532568337,0,None,None,3,True,False,0,True,False,0
2372,4740,41.16486211297718,-8.687766631504747,0.8781834901711489,39305.0944801479,0,None,None,3,True,False,0,True,False,0
2373,4741,41.16486211297718,-8.686569703004851,0.8365739726551846,37443.12825364265,0,None,None,3,True,False,0,True,False,0
2374,4742,41.16486211297718,-8.685372774504957,0.7958066413403624,35618.84865165435,0,None,None,3,True,False,0,True,False,0
2375,4743,41.16486211297718,-8.684175846005063,0.7559473671980171,33835.203305668634,0,None,None,3,True,False,0,True,False,0
2376,4744,41.16486211297718,-8.682978917505169,0.7170918409606355,32096.474238710925,0,None,None,3,True,False,0,True,False,0
2377,4745,41.16486211297718,-8.681781989005273,0.6793741127082407,30408.659999588417,0,None,None,3,True,False,0,True,False,0
2378,4746,41.16486211297718,-8.68058506050538,0.6429795526357899,28780.05563864094,0,None,None,3,True,False,0,True,False,0
2379,4747,41.16486211297718,-8.679388132005485,0.6081630391721737,27222.066599978185,0,None,None,3,True,False,0,True,False,0
2380,4748,41.16486211297718,-8.678191203505591,0.575270939774163,25750.192330480775,0,None,None,3,True,False,0,True,False,0
2381,4749,41.16486211297718,-8.676994275005697,0.5447598435305187,24384.864536965255,0,None,None,3,True,False,0,True,False,0
2382,4750,41.16486211297718,-8.675797346505801,0.5171952103078492,23151.386737398767,0,None,None,3,True,False,0,True,False,0
2383,4751,41.16486211297718,-8.674600418005907,0.49320306698084493,22077.77273648622,0,None,None,3,True,False,0,True,False,0
2384,4752,41.16486211297718,-8.673403489506013,0.4733514677919864,21189.4421467938,0,None,None,3,True,False,0,True,False,0
2385,4753,41.16486211297718,-8.672206561006119,0.4579744188330284,20501.34126184813,0,None,None,3,True,False,0,True,False,0
2386,4754,41.16486211297718,-8.671009632506223,0.44701307777934585,20010.836972022327,0,None,None,3,True,False,0,True,False,0
2387,4755,41.16486211297718,-8.669812704006329,0.4399775283446214,19696.00622621185,0,None,None,3,True,False,0,True,False,0
2388,4756,41.16486211297718,-8.668615775506435,0.4360665077527584,19520.993664472306,0,None,None,3,True,False,0,True,False,0
2389,4757,41.16486211297718,-8.667418847006541,0.4343681479108992,19444.99449758023,0,None,None,3,True,False,0,True,False,0
2390,4758,41.16486211297718,-8.666221918506645,0.43402353263343957,19429.573458210536,0,None,None,3,True,False,0,True,False,0
2391,4759,41.16486211297718,-8.665024990006751,0.43429652885495906,19441.78964755322,0,None,None,3,True,False,0,True,False,0
2392,4760,41.16486211297718,-8.663828061506857,0.4345713569051026,19454.087808599365,0,None,None,3,True,False,0,True,False,0
2393,4761,41.16486211297718,-8.662631133006963,0.4343257388149611,19443.096751366204,0,None,None,3,True,False,0,True,False,0
2394,4762,41.16486211297718,-8.661434204507067,0.4331113313566413,19388.753759483636,0,None,None,3,True,False,0,True,False,0
2395,4763,41.16486211297718,-8.660237276007173,0.43054953951130476,19274.117248893886,0,None,None,3,True,False,0,True,False,0
2396,4764,41.16486211297718,-8.659040347507279,0.4263375014412048,19085.63458676565,0,None,None,3,True,False,0,True,False,0
2397,4765,41.16486211297718,-8.657843419007385,0.4202562265068626,18813.50625609001,0,None,None,3,True,False,0,True,False,0
2398,4766,41.16486211297718,-8.656646490507491,0.4121753223804193,18451.897387222656,0,None,None,3,True,False,0,True,False,0
2399,4767,41.16486211297718,-8.655449562007595,0.4020523364115057,17998.908284951234,0,None,None,3,True,False,0,True,False,0
2400,4768,41.16486211297718,-8.654252633507701,0.38992754577187205,17456.34129494028,0,None,None,3,True,False,0,True,False,0
2401,4769,41.16486211297718,-8.653055705007807,0.37591663565496897,16829.373163664422,0,None,None,3,True,False,0,True,False,0
2402,4770,41.16486211297718,-8.651858776507913,0.36020428549955597,16126.268031114427,0,None,None,2,True,False,0,True,False,0
2403,4771,41.16486211297718,-8.650661848008017,0.34304136009654207,15358.251736857232,0,None,None,2,True,False,0,True,False,0
2404,4772,41.16486211297718,-8.649464919508123,0.32474677851575956,14539.595451828385,0,None,None,2,True,False,0,True,False,0
2405,4773,41.16486211297718,-8.648267991008229,0.3057110776394767,13687.77514134542,0,None,None,2,True,False,0,True,False,0
2406,4774,41.16486211297718,-8.647071062508335,0.2863907154938122,12823.216647359623,0,None,None,2,True,False,0,True,False,0
2407,4775,41.16486211297718,-8.645874134008439,0.26727029687802467,11967.605339548152,0,None,None,2,True,False,0,True,False,0
2408,4776,41.16486211297718,-8.644677205508545,0.24875983202738455,11139.288587843908,0,None,None,2,True,False,0,True,False,0
2409,4777,41.16486211297718,-8.643480277008651,0.23100140633737834,10344.624509895673,0,None,None,2,True,False,0,True,False,0
2410,4778,41.16486211297718,-8.642283348508757,0.21360351314900575,9566.093744268152,0,None,None,2,True,False,0,True,False,0
2411,4779,41.16486211297718,-8.641086420008861,0.1953956337606244,8751.317257988547,0,None,None,2,True,False,0,True,False,0
2412,4780,41.16486211297718,-8.639889491508967,0.17434310550241866,7809.2468149874485,0,None,None,2,True,False,0,True,False,0
2413,4781,41.16486211297718,-8.638692563009073,0.1477475979461545,6619.135998933652,0,None,None,2,True,False,0,True,False,0
2414,4782,41.16486211297718,-8.637495634509179,0.1129785171100379,5063.269502316824,0,None,None,1,True,False,0,True,False,0
2415,4783,41.16486211297718,-8.636298706009283,0.06977383829000704,3129.9220954635853,0,None,None,1,True,False,0,True,False,0
2416,4784,41.16486211297718,-8.635101777509389,0.026271633794129407,1183.2608413701735,0,None,None,1,True,False,0,True,False,0
2417,4785,41.16486211297718,-8.633904849009495,0.004563694143923267,211.8616786620203,0,None,None,1,True,False,0,True,False,0
2418,4786,41.16486211297718,-8.632707920509601,0.021908430843359923,988.0137676543144,0,None,None,1,True,False,0,True,False,0
2419,4787,41.16486211297718,-8.631510992009707,0.061734270463539756,2770.1629667297093,0,None,None,1,True,False,0,True,False,0
2420,4788,41.16486211297718,-8.630314063509811,0.09794784491550644,4390.668480756037,0,None,None,1,True,False,0,True,False,0
2421,4789,41.16486211297718,-8.629117135009917,0.12211825035448698,5472.259455490451,0,None,None,1,True,False,0,True,False,0
2422,4790,41.16486211297718,-8.627920206510023,0.13658961752969523,6119.832379671952,0,None,None,2,True,False,0,True,False,0
2423,4791,41.16486211297718,-8.626723278010129,0.14521584172616198,6505.843539496649,0,None,None,2,True,False,0,True,False,0
2424,4792,41.16486211297718,-8.625526349510233,0.15064228061919555,6748.668896583438,0,None,None,2,True,False,0,True,False,0
2425,4793,41.16486211297718,-8.624329421010339,0.15412581635578756,6904.552124209663,0,None,None,2,True,False,0,True,False,0
2426,4794,41.16486211297718,-8.623132492510445,0.15583182943262686,6980.893762389734,0,None,None,2,True,False,0,True,False,0
2427,4795,41.16486211297718,-8.62193556401055,0.15516914273659524,6951.239483262564,0,None,None,2,True,False,0,True,False,0
2428,4796,41.16486211297718,-8.620738635510655,0.15106844969962316,6767.739351659793,0,None,None,2,True,False,0,True,False,0
2429,4797,41.16486211297718,-8.619541707010761,0.14216838919490343,6369.474409816059,0,None,None,2,True,False,0,True,False,0
2430,4798,41.16486211297718,-8.618344778510867,0.12705369322629448,5693.113444884244,0,None,None,1,True,False,0,True,False,0
2431,4799,41.16486211297718,-8.617147850010973,0.10530461280089744,4719.873291496295,0,None,None,1,True,False,0,True,False,0
2432,4800,41.16486211297718,-8.615950921511077,0.08132795911236337,3646.9524296878285,0,None,None,1,True,False,0,True,False,0
2433,4801,41.16486211297718,-8.614753993011183,0.06888778581230183,3090.272517989744,0,None,None,1,True,False,0,True,False,0
2434,4802,41.16486211297718,-8.613557064511289,0.07662692457824817,3436.587877183729,0,None,None,1,True,False,0,True,False,0
2435,4803,41.16486211297718,-8.612360136011395,0.08949144041554173,4012.256508770056,0,None,None,1,True,False,0,True,False,0
2436,4804,41.16486211297718,-8.611163207511499,0.09162127938769007,4107.563747853358,0,None,None,1,True,False,0,True,False,0
2437,4805,41.16486211297718,-8.609966279011605,0.0799002154565212,3583.06294896349,0,None,None,1,True,False,0,True,False,0
2438,4806,41.16486211297718,-8.60876935051171,0.06846542777813404,3071.372601767167,0,None,None,1,True,False,0,True,False,0
2439,4807,41.16486211297718,-8.607572422011817,0.08262750530989642,3705.1052580320043,0,None,None,1,True,False,0,True,False,0
2440,4808,41.16486211297718,-8.606375493511923,0.11263913734689049,5048.08274470308,0,None,None,1,True,False,0,True,False,0
2441,4809,41.16486211297718,-8.605178565012027,0.14035705593912576,6288.419844693793,0,None,None,2,True,False,0,True,False,0
2442,4810,41.16486211297718,-8.603981636512133,0.16158270990313836,7238.237414708045,0,None,None,2,True,False,0,True,False,0
2443,4811,41.16486211297718,-8.602784708012239,0.17638709944237638,7900.71261201147,0,None,None,2,True,False,0,True,False,0
2444,4812,41.16486211297718,-8.601587779512345,0.18498114211711764,8285.283694898304,0,None,None,2,True,False,0,True,False,0
2445,4813,41.16486211297718,-8.600390851012449,0.18733420747984764,8390.57999477685,0,None,None,2,True,False,0,True,False,0
2446,4814,41.16486211297718,-8.599193922512555,0.18350004759564822,8219.006839460604,0,None,None,2,True,False,0,True,False,0
2447,4815,41.16486211297718,-8.59799699401266,0.1742653987377445,7805.769548726459,0,None,None,2,True,False,0,True,False,0
2448,4816,41.16486211297718,-8.596800065512767,0.16197071000985863,7255.599862958409,0,None,None,2,True,False,0,True,False,0
2449,4817,41.16486211297718,-8.595603137012871,0.1499990751272379,6719.886373395844,0,None,None,2,True,False,0,True,False,0
2450,4818,41.16486211297718,-8.594406208512977,0.13851245219120523,6205.8764727694415,0,None,None,2,True,False,0,True,False,0
2451,4819,41.16486211297718,-8.593209280013083,0.11951362693451555,5355.706293370974,0,None,None,1,True,False,0,True,False,0
2452,4820,41.16486211297718,-8.592012351513189,0.07861098599561891,3525.3717797857976,0,None,None,1,True,False,0,True,False,0
2453,4821,41.16486211297718,-8.590815423013293,0.01674379948235471,756.9039221039055,0,None,None,1,True,False,0,True,False,0
2454,4822,41.16486211297718,-8.589618494513399,0.00957766308400269,436.2295969776393,0,None,None,1,True,False,0,True,False,0
2455,4823,41.16486211297718,-8.588421566013505,0.07094956551817978,3182.5342025278014,0,None,None,1,True,False,0,True,False,0
2456,4824,41.16486211297718,-8.58722463751361,0.12134400682555642,5437.613168101854,0,None,None,1,True,False,0,True,False,0
2457,4825,41.16486211297718,-8.586027709013715,0.1526678021834588,6839.308081290861,0,None,None,2,True,False,0,True,False,0
2458,4826,41.16486211297718,-8.58483078051382,0.17553612288823833,7862.632631806341,0,None,None,2,True,False,0,True,False,0
2459,4827,41.16486211297718,-8.583633852013927,0.19594604889655612,8775.947545837209,0,None,None,2,True,False,0,True,False,0
2460,4828,41.16486211297718,-8.582436923514033,0.2166049551771455,9700.403969929035,0,None,None,2,True,False,0,True,False,0
2461,4829,41.16486211297718,-8.581239995014139,0.23893176183842055,10699.49654371475,0,None,None,2,True,False,0,True,False,0
2462,4830,41.16486211297718,-8.580043066514243,0.2638044225837277,11812.51243613206,0,None,None,2,True,False,0,True,False,0
2463,4831,41.16486211297718,-8.578846138014349,0.2915967515707207,13056.179294558127,0,None,None,2,True,False,0,True,False,0
2464,4832,41.16486211297718,-8.577649209514455,0.32213113780364966,14422.54928168829,0,None,None,2,True,False,0,True,False,0
2465,4833,41.16486211297718,-8.57645228101456,0.3548331306954096,15885.916557708977,0,None,None,2,True,False,0,True,False,0
2466,4834,41.16486211297718,-8.575255352514665,0.388985477280355,17414.185081194555,0,None,None,3,True,False,0,True,False,0
2467,4835,41.16486211297718,-8.57405842401477,0.423915232110772,18977.241508594652,0,None,None,3,True,False,0,True,False,0
2468,4836,41.16486211297718,-8.572861495514877,0.4590716179262842,20550.439347511117,0,None,None,3,True,False,0,True,False,0
2469,4837,41.16486211297718,-8.571664567014983,0.4940327219001695,22114.898604115988,0,None,None,3,True,False,0,True,False,0
2470,4838,41.16486211297718,-8.570467638515087,0.5284847238970465,23656.576277476765,0,None,None,3,True,False,0,True,False,0
2471,4839,41.16486211297718,-8.569270710015193,0.5621982694284152,25165.209083206155,0,None,None,3,True,False,0,True,False,0
2472,4840,41.16486211297718,-8.568073781515299,0.5950112741379514,26633.543978843267,0,None,None,3,True,False,0,True,True,0
2473,4841,41.16486211297718,-8.566876853015405,0.6268200453216444,28056.940864614557,0,None,None,3,True,False,0,True,False,0
2474,4879,41.16576848679596,-8.687766631504747,0.8521494903456592,38140.11032965139,0,None,None,3,True,False,0,True,False,0
2475,4880,41.16576848679596,-8.686569703004851,0.8103501024350149,36269.64767532355,0,None,None,3,True,False,0,True,False,0
2476,4881,41.16576848679596,-8.685372774504957,0.7691757477117942,34427.15435962073,0,None,None,3,True,False,0,True,False,0
2477,4882,41.16576848679596,-8.684175846005063,0.7286539849387513,32613.863597647447,0,None,None,3,True,False,0,True,False,0
2478,4883,41.16576848679596,-8.682978917505169,0.6888394865554521,30832.22190265523,0,None,None,3,True,False,0,False,False,0
2479,4884,41.16576848679596,-8.681781989005273,0.6498256252411728,29086.407568113213,0,None,None,3,True,False,0,False,False,0
2480,4885,41.16576848679596,-8.68058506050538,0.6117640158057254,27383.205139292782,0,None,None,3,True,False,0,False,False,0
2481,4886,41.16576848679596,-8.679388132005485,0.5748955562603358,25733.394456665854,0,None,None,3,True,False,0,False,False,0
2482,4887,41.16576848679596,-8.678191203505591,0.5395954080142646,24153.763455186556,0,None,None,3,True,False,0,True,False,0
2483,4888,41.16576848679596,-8.676994275005697,0.5064277400066535,22669.55788566953,0,None,None,3,True,False,0,True,True,0
2484,4889,41.16576848679596,-8.675797346505801,0.4761878704219152,21316.367096107904,0,None,None,3,True,False,0,True,True,0
2485,4890,41.16576848679596,-8.674600418005907,0.4498776968700655,20139.02456748473,0,None,None,3,True,False,0,True,True,0
2486,4891,41.16576848679596,-8.673403489506013,0.42853759950948467,19184.085819625172,0,None,None,3,True,False,0,True,False,0
2487,4892,41.16576848679596,-8.672206561006119,0.41290884391090077,18484.72142358998,0,None,None,3,True,False,0,True,False,0
2488,4893,41.16576848679596,-8.671009632506223,0.40306621562032424,18044.277925294977,0,None,None,3,True,False,0,True,False,0
2489,4894,41.16576848679596,-8.669812704006329,0.39829861964076485,17830.934843579216,0,None,None,3,True,False,0,True,False,0
2490,4895,41.16576848679596,-8.668615775506435,0.3973704319092164,17789.39977393231,0,None,None,3,True,False,0,True,False,0
2491,4896,41.16576848679596,-8.667418847006541,0.39895682451163467,17860.38856745887,0,None,None,3,True,False,0,True,False,0
2492,4897,41.16576848679596,-8.666221918506645,0.4019409274329887,17993.922892961324,0,None,None,3,True,False,0,True,False,0
2493,4898,41.16576848679596,-8.665024990006751,0.40547336694792935,18151.994494523842,0,None,None,3,True,False,0,True,False,0
2494,4899,41.16576848679596,-8.663828061506857,0.40889723693649527,18305.207765507064,0,None,None,3,True,False,0,True,False,0
2495,4900,41.16576848679596,-8.662631133006963,0.41166176679261496,18428.916511283445,0,None,None,3,True,False,0,True,False,0
2496,4901,41.16576848679596,-8.661434204507067,0.41327803686404413,18501.242278693695,0,None,None,3,True,False,0,True,False,0
2497,4902,41.16576848679596,-8.660237276007173,0.41331476705849707,18502.885902211754,0,None,None,3,True,False,0,True,False,0
2498,4903,41.16576848679596,-8.659040347507279,0.41141357965950776,18417.810493062458,0,None,None,3,True,False,0,True,False,0
2499,4904,41.16576848679596,-8.657843419007385,0.4073056814180004,18233.98793889147,0,None,None,3,True,False,0,True,False,0
2500,4905,41.16576848679596,-8.656646490507491,0.4008205539743209,17943.787787686146,0,None,None,3,True,False,0,True,False,0
2501,4906,41.16576848679596,-8.655449562007595,0.391884877569268,17543.92908538793,0,None,None,3,True,False,0,True,False,0
2502,4907,41.16576848679596,-8.654252633507701,0.3805146238100607,17035.126538511107,0,None,None,3,True,False,0,True,False,0
2503,4908,41.16576848679596,-8.653055705007807,0.3668054195466279,16421.659311428266,0,None,None,2,True,False,0,True,False,0
2504,4909,41.16576848679596,-8.651858776507913,0.35092690904817014,15711.118741858,0,None,None,2,True,False,0,True,False,0
2505,4910,41.16576848679596,-8.650661848008017,0.33312661813822414,14914.581255366558,0,None,None,2,True,False,0,True,False,0
2506,4911,41.16576848679596,-8.649464919508123,0.3137475072002956,14047.393837192883,0,None,None,2,True,False,0,True,False,0
2507,4912,41.16576848679596,-8.648267991008229,0.2932592035680235,13130.571636910483,0,None,None,2,True,False,0,True,False,0
2508,4913,41.16576848679596,-8.647071062508335,0.2722920750765079,12192.322710976183,0,None,None,2,True,False,0,True,False,0
2509,4914,41.16576848679596,-8.645874134008439,0.25164144091319884,11268.236452267596,0,None,None,2,True,False,0,True,False,0
2510,4915,41.16576848679596,-8.644677205508545,0.2321784590046321,10397.29592845763,0,None,None,2,True,False,0,True,False,0
2511,4916,41.16576848679596,-8.643480277008651,0.21459022591500115,9610.247725261566,0,None,None,2,True,False,0,True,False,0
2512,4917,41.16576848679596,-8.642283348508757,0.19893517821072199,8909.70679520842,0,None,None,2,True,False,0,True,False,0
2513,4918,41.16576848679596,-8.641086420008861,0.18418307292957595,8249.571243461034,0,None,None,2,True,False,0,True,False,0
2514,4919,41.16576848679596,-8.639889491508967,0.1680923628303302,7529.535046122585,0,None,None,2,True,False,0,True,False,0
2515,4920,41.16576848679596,-8.638692563009073,0.1477150198157289,6617.678174325332,0,None,None,2,True,False,0,True,False,0
2516,4921,41.16576848679596,-8.637495634509179,0.12062044900896454,5405.2349936397,0,None,None,1,True,False,0,False,False,0
2517,4922,41.16576848679596,-8.636298706009283,0.08721818228900687,3910.531468240265,0,None,None,1,True,False,0,False,False,0
2518,4923,41.16576848679596,-8.635101777509389,0.05482046767381175,2460.7802086563374,0,None,None,1,True,False,0,True,False,0
2519,4924,41.16576848679596,-8.633904849009495,0.039229763592039425,1763.1185634195267,0,None,None,1,True,False,0,True,False,0
2520,4925,41.16576848679596,-8.632707920509601,0.051023146160265445,2290.8555175879474,0,None,None,1,True,False,0,True,False,0
2521,4926,41.16576848679596,-8.631510992009707,0.07941817003293025,3561.4921076764354,0,None,None,1,True,False,0,True,False,0
2522,4927,41.16576848679596,-8.630314063509811,0.10704077579967128,4797.564095437597,0,None,None,1,True,False,0,True,False,0
2523,4928,41.16576848679596,-8.629117135009917,0.12692644234014291,5687.419150250422,0,None,None,1,True,False,0,True,False,0
2524,4929,41.16576848679596,-8.627920206510023,0.13976680280916065,6262.006863753497,0,None,None,2,True,False,0,True,False,0
2525,4930,41.16576848679596,-8.626723278010129,0.14808046551149182,6634.031345036124,0,None,None,2,True,False,0,True,False,0
2526,4931,41.16576848679596,-8.625526349510233,0.15394151978290263,6896.305116917623,0,None,None,2,True,False,0,True,False,0
2527,4932,41.16576848679596,-8.624329421010339,0.1583824635538176,7095.030980827965,0,None,None,2,True,False,0,True,False,0
2528,4933,41.16576848679596,-8.623132492510445,0.16136232816702673,7228.3756481201235,0,None,None,2,True,False,0,True,False,0
2529,4934,41.16576848679596,-8.62193556401055,0.16212795760669604,7262.636467369841,0,None,None,2,True,False,0,True,False,0
2530,4935,41.16576848679596,-8.620738635510655,0.15969601399831693,7153.810479136984,0,None,None,2,True,False,0,True,False,0
2531,4936,41.16576848679596,-8.619541707010761,0.15322849338758576,6864.398208451851,0,None,None,2,True,False,0,True,False,0
2532,4937,41.16576848679596,-8.618344778510867,0.14242954342514064,6381.160687034344,0,None,None,2,True,False,0,True,False,0
2533,4938,41.16576848679596,-8.617147850010973,0.12834372985844833,5750.840733817683,0,None,None,1,True,False,0,True,False,0
2534,4939,41.16576848679596,-8.615950921511077,0.11460572918374855,5136.0849086345825,0,None,None,1,True,False,0,True,False,0
2535,4940,41.16576848679596,-8.614753993011183,0.10697572212068697,4794.65303661236,0,None,None,1,True,False,0,True,False,0
2536,4941,41.16576848679596,-8.613557064511289,0.10779738664459583,4831.421345508247,0,None,None,1,True,False,0,True,False,0
2537,4942,41.16576848679596,-8.612360136011395,0.11220071599660629,5028.464018124604,0,None,None,1,True,False,0,True,False,0
2538,4943,41.16576848679596,-8.611163207511499,0.11407117707499642,5112.16446849918,0,None,None,1,True,False,0,True,False,0
2539,4944,41.16576848679596,-8.609966279011605,0.11218051670871598,5027.560128964226,0,None,None,1,True,False,0,True,False,0
2540,4945,41.16576848679596,-8.60876935051171,0.1122545616644478,5030.873534527337,0,None,None,1,True,False,0,True,False,0
2541,4946,41.16576848679596,-8.607572422011817,0.12183433136966078,5459.554488156782,0,None,None,1,True,False,0,True,False,0
2542,4947,41.16576848679596,-8.606375493511923,0.13942404369359188,6246.668884966049,0,None,None,2,True,False,0,True,False,0
2543,4948,41.16576848679596,-8.605178565012027,0.15821355362980455,7087.472504003205,0,None,None,2,True,False,0,True,False,0
2544,4949,41.16576848679596,-8.603981636512133,0.17393018231142177,7790.769094463964,0,None,None,2,True,False,0,True,False,0
2545,4950,41.16576848679596,-8.602784708012239,0.1848092058540852,8277.589793743235,0,None,None,2,True,False,0,True,False,0
2546,4951,41.16576848679596,-8.601587779512345,0.1898590619412954,8503.563610418467,0,None,None,2,True,False,0,True,False,0
2547,4952,41.16576848679596,-8.600390851012449,0.18810081770657341,8424.884702840558,0,None,None,2,True,False,0,True,False,0
2548,4953,41.16576848679596,-8.599193922512555,0.17853140080402616,7996.667022280929,0,None,None,2,True,False,0,True,False,0
2549,4954,41.16576848679596,-8.59799699401266,0.16099684296526273,7212.020709572449,0,None,None,2,True,False,0,True,False,0
2550,4955,41.16576848679596,-8.596800065512767,0.1389341985679217,6224.749018198399,0,None,None,2,True,False,0,True,False,0
2551,4956,41.16576848679596,-8.595603137012871,0.12218701257151567,5475.336466073857,0,None,None,1,True,False,0,True,False,0
2552,4957,41.16576848679596,-8.594406208512977,0.11782564065132647,5280.171328350139,0,None,None,1,True,False,0,True,False,0
2553,4958,41.16576848679596,-8.593209280013083,0.11348464647922128,5085.9180656244935,0,None,None,1,True,False,0,True,False,0
2554,4959,41.16576848679596,-8.592012351513189,0.0898756447893952,4029.4491034190155,0,None,None,1,True,False,0,True,False,0
2555,4960,41.16576848679596,-8.590815423013293,0.05058051296570114,2271.0483170191674,0,None,None,1,True,False,0,True,False,0
2556,4961,41.16576848679596,-8.589618494513399,0.04650154042546492,2088.520146490677,0,None,None,1,True,False,0,True,False,0
2557,4962,41.16576848679596,-8.588421566013505,0.08836523759570741,3961.86054794398,0,None,None,1,True,False,0,True,False,0
2558,4963,41.16576848679596,-8.58722463751361,0.12945035958903806,5800.360826974594,0,None,None,1,True,False,0,True,False,0
2559,4964,41.16576848679596,-8.586027709013715,0.15959949718055214,7149.491489980263,0,None,None,2,True,False,0,True,False,0
2560,4965,41.16576848679596,-8.58483078051382,0.1841116647750831,8246.375830971288,0,None,None,2,True,False,0,True,False,0
2561,4966,41.16576848679596,-8.583633852013927,0.20688275087290192,9265.349272293088,0,None,None,2,True,False,0,True,False,0
2562,4967,41.16576848679596,-8.582436923514033,0.2298008649023763,10290.902002667939,0,None,None,2,True,False,0,True,False,0
2563,4968,41.16576848679596,-8.581239995014139,0.25382748259113413,11366.058681820889,0,None,None,2,True,False,0,True,False,0
2564,4969,41.16576848679596,-8.580043066514243,0.27951508131703373,12515.541879968849,0,None,None,2,True,False,0,True,False,0
2565,4970,41.16576848679596,-8.578846138014349,0.30711872569832005,13750.76537292805,0,None,None,2,True,False,0,True,False,0
2566,4971,41.16576848679596,-8.577649209514455,0.3365958877427402,15069.826094044913,0,None,None,2,True,False,0,True,False,0
2567,4972,41.16576848679596,-8.57645228101456,0.367655319118111,16459.69109820435,0,None,None,2,True,False,0,True,False,0
2568,4973,41.16576848679596,-8.575255352514665,0.3998624770290958,17900.915218598602,0,None,None,3,True,False,0,True,False,0
2569,4974,41.16576848679596,-8.57405842401477,0.4327447319242306,19372.34896071271,0,None,None,3,True,False,0,True,False,0
2570,4975,41.16576848679596,-8.572861495514877,0.46585946480540286,20854.185759248743,0,None,None,3,True,False,0,True,False,0
2571,4976,41.16576848679596,-8.571664567014983,0.49882378663979665,22329.29187918252,0,None,None,3,True,False,0,True,False,0
2572,4977,41.16576848679596,-8.570467638515087,0.5313204773698711,23783.47217794157,0,None,None,3,True,False,0,True,False,0
2573,4978,41.16576848679596,-8.569270710015193,0.5630942412685397,25205.302537920485,0,None,None,3,True,False,0,True,False,0
2574,4979,41.16576848679596,-8.568073781515299,0.5939469957179082,26585.919046086994,0,None,None,3,True,False,0,True,True,0
2575,4980,41.16576848679596,-8.566876853015405,0.6237365452911336,27918.958661046923,0,None,None,3,True,False,0,True,True,0
2576,5016,41.16667486061474,-8.690160488504535,0.9108523560271687,40766.979368834756,0,None,None,3,True,False,0,False,False,0
2577,5017,41.16667486061474,-8.688963560004641,0.867943016206776,38846.8479585978,0,None,None,3,True,False,0,True,False,0
2578,5018,41.16667486061474,-8.687766631504747,0.8254943613674212,36947.33154048185,0,None,None,3,True,False,0,True,False,0
2579,5019,41.16667486061474,-8.686569703004851,0.7834633186927268,35066.502667735236,0,None,None,3,True,False,0,True,False,0
2580,5020,41.16667486061474,-8.685372774504957,0.7418187807435868,33202.9693270767,0,None,None,3,True,False,0,True,False,0
2581,5021,41.16667486061474,-8.684175846005063,0.7005438712376962,31355.976329079484,0,None,None,3,True,False,0,True,False,0
2582,5022,41.16667486061474,-8.682978917505169,0.6596415889228964,29525.65786340825,0,None,None,3,True,False,0,True,False,0
2583,5023,41.16667486061474,-8.681781989005273,0.6191464221264574,27713.557233240233,0,None,None,3,True,False,0,True,False,0
2584,5024,41.16667486061474,-8.68058506050538,0.5791463822947551,25923.612824562122,0,None,None,3,True,False,0,True,False,0
2585,5025,41.16667486061474,-8.679388132005485,0.5398229551959948,24163.945865188198,0,None,None,3,True,False,0,True,False,0
2586,5026,41.16667486061474,-8.678191203505591,0.5015199712355658,22449.942272588785,0,None,None,3,True,False,0,True,False,0
2587,5027,41.16667486061474,-8.676994275005697,0.46485142888998626,20809.077597903448,0,None,None,3,True,False,0,False,True,0
2588,5028,41.16667486061474,-8.675797346505801,0.43083745136020196,19287.000891167594,0,None,None,3,True,False,0,False,False,0
2589,5029,41.16667486061474,-8.674600418005907,0.40098897894623,17951.32456359984,0,None,None,3,True,False,0,False,True,0
2590,5030,41.16667486061474,-8.673403489506013,0.3771457184923692,16884.372857711307,0,None,None,3,True,False,0,False,False,0
2591,5031,41.16667486061474,-8.672206561006119,0.3608609013602533,16155.650649068048,0,None,None,2,True,False,0,True,False,0
2592,5032,41.16667486061474,-8.671009632506223,0.35251623991984715,15782.239018719401,0,None,None,2,True,False,0,True,False,0
2593,5033,41.16667486061474,-8.669812704006329,0.35093569625713034,15711.511956855093,0,None,None,2,True,False,0,True,False,0
2594,5034,41.16667486061474,-8.668615775506435,0.3540040909906968,15848.818220050654,0,None,None,2,True,False,0,True,False,0
2595,5035,41.16667486061474,-8.667418847006541,0.35968649983064743,16103.097865113194,0,None,None,2,True,False,0,True,False,0
2596,5036,41.16667486061474,-8.666221918506645,0.3665601474256661,16410.683735819657,0,None,None,2,True,False,0,True,False,0
2597,5037,41.16667486061474,-8.665024990006751,0.37374803519906036,16732.331403780125,0,None,None,3,True,False,0,True,False,0
2598,5038,41.16667486061474,-8.663828061506857,0.3806469608931759,17041.0484331637,0,None,None,3,True,False,0,True,False,0
2599,5039,41.16667486061474,-8.662631133006963,0.38673130260271116,17313.31399763042,0,None,None,3,True,False,0,True,False,0
2600,5040,41.16667486061474,-8.661434204507067,0.3914851814369851,17526.043256769753,0,None,None,3,True,False,0,True,False,0
2601,5041,41.16667486061474,-8.660237276007173,0.3944156448872887,17657.17729288012,0,None,None,3,True,False,0,True,False,0
2602,5042,41.16667486061474,-8.659040347507279,0.39509282798116563,17687.480265018054,0,None,None,3,True,False,0,True,False,0
2603,5043,41.16667486061474,-8.657843419007385,0.3931840886185671,17602.066916329353,0,None,None,3,True,False,0,True,False,0
2604,5044,41.16667486061474,-8.656646490507491,0.388469531900757,17391.09726550036,0,None,None,3,True,False,0,True,False,0
2605,5045,41.16667486061474,-8.655449562007595,0.3808394496134077,17049.66202729916,0,None,None,3,True,False,0,True,False,0
2606,5046,41.16667486061474,-8.654252633507701,0.3702805286515905,16577.165459375756,0,None,None,3,True,False,0,True,False,0
2607,5047,41.16667486061474,-8.653055705007807,0.3568596630962174,15976.600975901882,0,None,None,2,True,False,0,True,False,0
2608,5048,41.16667486061474,-8.651858776507913,0.3407143376719563,15254.120821106126,0,None,None,2,True,False,0,True,False,0
2609,5049,41.16667486061474,-8.650661848008017,0.322058575932455,14419.302242030968,0,None,None,2,True,False,0,True,False,0
2610,5050,41.16667486061474,-8.649464919508123,0.3012138287110863,13486.529702398982,0,None,None,2,True,False,0,True,False,0
2611,5051,41.16667486061474,-8.648267991008229,0.27867312704882574,12477.865634118036,0,None,None,2,True,False,0,True,False,0
2612,5052,41.16667486061474,-8.647071062508335,0.25519807574632447,11427.390759614496,0,None,None,2,True,False,0,True,False,0
2613,5053,41.16667486061474,-8.645874134008439,0.23191846358764487,10385.661506470145,0,None,None,2,True,False,0,True,False,0
2614,5054,41.16667486061474,-8.644677205508545,0.21033765620059916,9419.951330187107,0,None,None,2,True,False,0,True,False,0
2615,5055,41.16667486061474,-8.643480277008651,0.19205965537098982,8602.03700999077,0,None,None,2,True,False,0,True,False,0
2616,5056,41.16667486061474,-8.642283348508757,0.1780737885767407,7976.1895314829535,0,None,None,2,True,False,0,True,False,0
2617,5057,41.16667486061474,-8.641086420008861,0.167797474629386,7516.339222101257,0,None,None,2,True,False,0,True,False,0
2618,5058,41.16667486061474,-8.639889491508967,0.15868755195305384,7108.683249092274,0,None,None,2,True,False,0,True,False,0
2619,5059,41.16667486061474,-8.638692563009073,0.14719501643148336,6594.408768743732,0,None,None,2,True,False,0,True,False,0
2620,5060,41.16667486061474,-8.637495634509179,0.13079478042831144,5860.521731171006,0,None,None,1,True,False,0,True,False,0
2621,5061,41.16667486061474,-8.636298706009283,0.11018267927751395,4938.159769502741,0,None,None,1,True,False,0,True,False,0
2622,5062,41.16667486061474,-8.635101777509389,0.09082024850680623,4071.718764887112,0,None,None,1,True,False,0,True,False,0
2623,5063,41.16667486061474,-8.633904849009495,0.08146646136399603,3653.1502067886086,0,None,None,1,True,False,0,True,False,0
2624,5064,41.16667486061474,-8.632707920509601,0.08678427476256928,3891.114728804552,0,None,None,1,True,False,0,True,False,0
2625,5065,41.16667486061474,-8.631510992009707,0.10169972802895966,4558.559868594528,0,None,None,1,True,False,0,True,False,0
2626,5066,41.16667486061474,-8.630314063509811,0.11775729066023746,5277.11276428626,0,None,None,1,True,False,0,True,False,0
2627,5067,41.16667486061474,-8.629117135009917,0.1305104724814824,5847.7993583456155,0,None,None,1,True,False,0,True,False,0
2628,5068,41.16667486061474,-8.627920206510023,0.13941943988970346,6246.462871345477,0,None,None,2,True,False,0,True,False,0
2629,5069,41.16667486061474,-8.626723278010129,0.14579553971177142,6531.784192866729,0,None,None,2,True,False,0,True,False,0
2630,5070,41.16667486061474,-8.625526349510233,0.15148810593413956,6786.518366223279,0,None,None,2,True,False,0,True,False,0
2631,5071,41.16667486061474,-8.624329421010339,0.15746430962930616,7053.944909654041,0,None,None,2,True,False,0,True,False,0
2632,5072,41.16667486061474,-8.623132492510445,0.16303531274259092,7303.239308242345,0,None,None,2,True,False,0,False,False,0
2633,5073,41.16667486061474,-8.62193556401055,0.16663324455780362,7464.241596303591,0,None,None,2,True,False,0,True,False,0
2634,5074,41.16667486061474,-8.620738635510655,0.16693092399509063,7477.562324147668,0,None,None,2,True,False,0,True,False,0
2635,5075,41.16667486061474,-8.619541707010761,0.16331157816363448,7315.601789574578,0,None,None,2,True,False,0,True,False,0
2636,5076,41.16667486061474,-8.618344778510867,0.15600972514221798,6988.85434023041,0,None,None,2,True,False,0,True,False,0
2637,5077,41.16667486061474,-8.617147850010973,0.14633792772312254,6556.055278404063,0,None,None,2,True,False,0,True,False,0
2638,5078,41.16667486061474,-8.615950921511077,0.13679588958383262,6129.062758229654,0,None,None,2,True,False,0,True,False,0
2639,5079,41.16667486061474,-8.614753993011183,0.13027326974452033,5837.184876096728,0,None,None,1,True,False,0,True,False,0
2640,5080,41.16667486061474,-8.613557064511289,0.12824067206441483,5746.229045354943,0,None,None,1,True,False,0,True,False,0
2641,5081,41.16667486061474,-8.612360136011395,0.1298063945840295,5816.292882324038,0,None,None,1,True,False,0,True,False,0
2642,5082,41.16667486061474,-8.611163207511499,0.132867943460144,5953.292803217934,0,None,None,1,True,False,0,True,False,0
2643,5083,41.16667486061474,-8.609966279011605,0.1362935307080423,6106.582919093143,0,None,None,2,True,False,0,True,False,0
2644,5084,41.16667486061474,-8.60876935051171,0.14135343578263673,6333.006413540121,0,None,None,2,True,False,0,True,False,0
2645,5085,41.16667486061474,-8.607572422011817,0.15012021996130395,6725.307430957016,0,None,None,2,True,False,0,True,False,0
2646,5086,41.16667486061474,-8.606375493511923,0.16228710558855783,7269.7581112853095,0,None,None,2,True,False,0,True,False,0
2647,5087,41.16667486061474,-8.605178565012027,0.1752426383703293,7849.499620587475,0,None,None,2,True,False,0,False,False,0
2648,5088,41.16667486061474,-8.603981636512133,0.18626787526630553,8342.863157707345,0,None,None,2,True,False,0,True,False,0
2649,5089,41.16667486061474,-8.602784708012239,0.1933557691896976,8660.036244305726,0,None,None,2,True,False,0,True,False,0
2650,5090,41.16667486061474,-8.601587779512345,0.1948180898538451,8725.472996556427,0,None,None,2,True,False,0,True,False,0
2651,5091,41.16667486061474,-8.600390851012449,0.18869417220684506,8451.436465653642,0,None,None,2,True,False,0,True,False,0
2652,5092,41.16667486061474,-8.599193922512555,0.172296293136105,7717.65489742659,0,None,None,2,True,False,0,True,False,0
2653,5093,41.16667486061474,-8.59799699401266,0.14256170585061206,6387.074766007897,0,None,None,2,True,False,0,True,False,0
2654,5094,41.16667486061474,-8.596800065512767,0.10087954026583645,4521.857642625617,0,None,None,1,True,False,0,True,False,0
2655,5095,41.16667486061474,-8.595603137012871,0.06864832881140744,3079.5571606632734,0,None,None,1,True,False,0,True,False,0
2656,5096,41.16667486061474,-8.594406208512977,0.07741406214218931,3471.811154144575,0,None,None,1,True,False,0,True,False,0
2657,5097,41.16667486061474,-8.593209280013083,0.10207264731726083,4575.24747185171,0,None,None,1,True,False,0,True,False,0
2658,5098,41.16667486061474,-8.592012351513189,0.10661426313807934,4778.478265596951,0,None,None,1,True,False,0,True,False,0
2659,5099,41.16667486061474,-8.590815423013293,0.09722394516031284,4358.275005031913,0,None,None,1,True,False,0,True,False,0
2660,5100,41.16667486061474,-8.589618494513399,0.09765676147963835,4377.642914514527,0,None,None,1,True,False,0,True,False,0
2661,5101,41.16667486061474,-8.588421566013505,0.11513337414478153,5159.696263816775,0,None,None,1,True,False,0,True,False,0
2662,5102,41.16667486061474,-8.58722463751361,0.13863926296138054,6211.551072844604,0,None,None,2,True,False,0,True,False,0
2663,5103,41.16667486061474,-8.586027709013715,0.16265009283769313,7286.001270035772,0,None,None,2,True,False,0,True,False,0
2664,5104,41.16667486061474,-8.58483078051382,0.18692456786139366,8372.249209414891,0,None,None,2,True,False,0,True,False,0
2665,5105,41.16667486061474,-8.583633852013927,0.21172259865725868,9481.925518639637,0,None,None,2,True,False,0,True,False,0
2666,5106,41.16667486061474,-8.582436923514033,0.23713181658904306,10618.95157554458,0,None,None,2,True,False,0,True,False,0
2667,5107,41.16667486061474,-8.581239995014139,0.2632740482561622,11788.778945712385,0,None,None,2,True,False,0,True,False,0
2668,5108,41.16667486061474,-8.580043066514243,0.29033313025049573,12999.63405294488,0,None,None,2,True,False,0,True,False,0
2669,5109,41.16667486061474,-8.578846138014349,0.3184593104362759,14258.24027365943,0,None,None,2,True,False,0,True,False,0
2670,5110,41.16667486061474,-8.577649209514455,0.34768036877142955,15565.840721127268,0,None,None,2,True,False,0,True,False,0
2671,5111,41.16667486061474,-8.57645228101456,0.37787429293625574,16916.97551904933,0,None,None,3,True,False,0,True,False,0
2672,5112,41.16667486061474,-8.575255352514665,0.40879754872159935,18300.7468608776,0,None,None,3,True,False,0,True,False,0
2673,5113,41.16667486061474,-8.57405842401477,0.4401366602797231,19703.127152057823,0,None,None,3,True,False,0,True,False,0
2674,5114,41.16667486061474,-8.572861495514877,0.4715555760718196,21109.078568241657,0,None,None,3,True,False,0,True,False,0
2675,5115,41.16667486061474,-8.571664567014983,0.5027276667342978,22503.98491390705,0,None,None,3,True,False,0,True,False,0
2676,5116,41.16667486061474,-8.570467638515087,0.533353329879097,23874.43941192098,0,None,None,3,True,False,0,True,False,0
2677,5117,41.16667486061474,-8.569270710015193,0.5631686284934542,25208.63125953859,0,None,None,3,True,False,0,True,False,0
2678,5118,41.16667486061474,-8.568073781515299,0.5919503412517516,26496.571622614512,0,None,None,3,True,False,0,True,False,0
2679,5119,41.16667486061474,-8.566876853015405,0.6195216383378266,27730.347620510132,0,None,None,3,True,False,0,True,True,0
2680,5155,41.16758123443352,-8.690160488504535,0.8836554236247934,39549.95565356721,0,None,None,3,True,False,0,False,False,0
2681,5156,41.16758123443352,-8.688963560004641,0.8409328462233527,37638.18159369692,0,None,None,3,True,False,0,True,False,0
2682,5157,41.16758123443352,-8.687766631504747,0.7984978290414486,35739.27544119081,0,None,None,3,True,False,0,True,False,0
2683,5158,41.16758123443352,-8.686569703004851,0.756274360110374,33849.8357694765,0,None,None,3,True,False,0,True,False,0
2684,5159,41.16758123443352,-8.685372774504957,0.7141921392221194,31966.716745080197,0,None,None,3,True,False,0,True,False,0
2685,5160,41.16758123443352,-8.684175846005063,0.6721861912532557,30087.01082442508,0,None,None,3,True,False,0,True,True,0
2686,5161,41.16758123443352,-8.682978917505169,0.6301992392672934,28208.154946758033,0,None,None,3,True,False,0,True,False,0
2687,5162,41.16758123443352,-8.681781989005273,0.5881891386193717,26328.26319967144,0,None,None,3,True,False,0,False,False,0
2688,5163,41.16758123443352,-8.68058506050538,0.5461460252692549,24446.894181513166,0,None,None,3,True,False,0,True,True,0
2689,5164,41.16758123443352,-8.679388132005485,0.5041294336481339,22566.711972686186,0,None,None,3,True,False,0,False,True,0
2690,5165,41.16758123443352,-8.678191203505591,0.4623470835475941,20697.01173592245,0,None,None,3,True,False,0,False,True,0
2691,5166,41.16758123443352,-8.676994275005697,0.42131457240245485,18860.865716886383,0,None,None,3,True,False,0,False,True,0
2692,5167,41.16758123443352,-8.675797346505801,0.3821414281160492,17107.92369780818,0,None,None,3,True,False,0,False,True,0
2693,5168,41.16758123443352,-8.674600418005907,0.34690733681834623,15531.248650020021,0,None,None,2,True,False,0,False,True,0
2694,5169,41.16758123443352,-8.673403489506013,0.31877181233827745,14272.22428553898,0,None,None,2,True,False,0,False,True,0
2695,5170,41.16758123443352,-8.672206561006119,0.30102018165909555,13477.864274578755,0,None,None,2,True,False,0,True,True,0
2696,5171,41.16758123443352,-8.671009632506223,0.29486156616263015,13202.275064681024,0,None,None,2,True,False,0,True,False,0
2697,5172,41.16758123443352,-8.669812704006329,0.29808992235122983,13346.739373549673,0,None,None,2,True,False,0,True,False,0
2698,5173,41.16758123443352,-8.668615775506435,0.30668601862627204,13731.402352104406,0,None,None,2,True,False,0,True,False,0
2699,5174,41.16758123443352,-8.667418847006541,0.31740469515047276,14211.047752300148,0,None,None,2,True,False,0,True,False,0
2700,5175,41.16758123443352,-8.666221918506645,0.3286114154383853,14712.532410899672,0,None,None,2,True,False,0,True,False,0
2701,5176,41.16758123443352,-8.665024990006751,0.33967107681070274,15207.436393959291,0,None,None,2,True,False,0,True,False,0
2702,5177,41.16758123443352,-8.663828061506857,0.3502248669414449,15679.70336455146,0,None,None,2,True,False,0,True,False,0
2703,5178,41.16758123443352,-8.662631133006963,0.35984794412752474,16110.322265831903,0,None,None,2,True,False,0,True,False,0
2704,5179,41.16758123443352,-8.661434204507067,0.36800024639018647,16475.12609888559,0,None,None,3,True,False,0,True,False,0
2705,5180,41.16758123443352,-8.660237276007173,0.3741007672552361,16748.115657355116,0,None,None,3,True,False,0,True,False,0
2706,5181,41.16758123443352,-8.659040347507279,0.3776193087611848,16905.565342949758,0,None,None,3,True,False,0,True,False,0
2707,5182,41.16758123443352,-8.657843419007385,0.37813945239877816,16928.8410246675,0,None,None,3,True,False,0,True,False,0
2708,5183,41.16758123443352,-8.656646490507491,0.3753825071959861,16805.471681248535,0,None,None,3,True,False,0,True,False,0
2709,5184,41.16758123443352,-8.655449562007595,0.369200050162173,16528.815596751443,0,None,None,3,True,False,0,True,False,0
2710,5185,41.16758123443352,-8.654252633507701,0.3595487962779777,16096.935828645397,0,None,None,2,True,False,0,True,False,0
2711,5186,41.16758123443352,-8.653055705007807,0.34646153830461823,15511.299805958819,0,None,None,2,True,False,0,True,False,0
2712,5187,41.16758123443352,-8.651858776507913,0.3300262509367541,14775.844270091808,0,None,None,2,True,False,0,True,False,0
2713,5188,41.16758123443352,-8.650661848008017,0.31038521673211816,13896.93616142087,0,None,None,2,True,False,0,True,False,0
2714,5189,41.16758123443352,-8.649464919508123,0.28776903336478593,12884.894395104646,0,None,None,2,True,False,0,True,False,0
2715,5190,41.16758123443352,-8.648267991008229,0.26258663528630666,11758.018201297564,0,None,None,2,True,False,0,True,False,0
2716,5191,41.16758123443352,-8.647071062508335,0.23559629113676503,10550.239014025838,0,None,None,2,True,False,0,True,False,0
2717,5192,41.16758123443352,-8.645874134008439,0.20816179356504275,9322.584598180028,0,None,None,2,True,False,0,True,False,0
2718,5193,41.16758123443352,-8.644677205508545,0.1825003212883968,8174.270521161869,0,None,None,2,True,False,0,True,False,0
2719,5194,41.16758123443352,-8.643480277008651,0.16159488343127648,7238.782162631207,0,None,None,2,True,False,0,True,False,0
2720,5195,41.16758123443352,-8.642283348508757,0.14820017179303682,6639.388029435356,0,None,None,2,True,False,0,True,False,0
2721,5196,41.16758123443352,-8.641086420008861,0.14282033029328167,6398.647838861116,0,None,None,2,True,False,0,True,False,0
2722,5197,41.16758123443352,-8.639889491508967,0.142307241914432,6375.68786985249,0,None,None,2,True,False,0,True,False,0
2723,5198,41.16758123443352,-8.638692563009073,0.14137046651148474,6333.768514228156,0,None,None,2,True,False,0,True,False,0
2724,5199,41.16758123443352,-8.637495634509179,0.1361217729222623,6098.897004539123,0,None,None,2,True,False,0,True,False,0
2725,5200,41.16758123443352,-8.636298706009283,0.1265081968807174,5668.703265848718,0,None,None,1,True,False,0,True,False,0
2726,5201,41.16758123443352,-8.635101777509389,0.11616527611728537,5205.872396984604,0,None,None,1,True,False,0,True,False,0
2727,5202,41.16758123443352,-8.633904849009495,0.10989688685765547,4925.370968638527,0,None,None,1,True,False,0,True,False,0
2728,5203,41.16758123443352,-8.632707920509601,0.11003525399214495,4931.562699440954,0,None,None,1,True,False,0,True,False,0
2729,5204,41.16758123443352,-8.631510992009707,0.115078775287451,5157.253043264741,0,None,None,1,True,False,0,True,False,0
2730,5205,41.16758123443352,-8.630314063509811,0.12198958327203421,5466.501788103462,0,None,None,1,True,False,0,True,False,0
2731,5206,41.16758123443352,-8.629117135009917,0.1282231121017673,5745.443262213481,0,None,None,1,True,False,0,True,False,0
2732,5207,41.16758123443352,-8.627920206510023,0.13223900972130068,5925.148920511612,0,None,None,1,True,False,0,True,False,0
2733,5208,41.16758123443352,-8.626723278010129,0.1348198745584216,6040.638920126494,0,None,None,1,True,False,0,True,False,0
2734,5209,41.16758123443352,-8.625526349510233,0.13952781441117246,6251.3124757349415,0,None,None,2,True,False,0,True,False,0
2735,5210,41.16758123443352,-8.624329421010339,0.14851848385844144,6653.632037793423,0,None,None,2,True,False,0,True,False,0
2736,5211,41.16758123443352,-8.623132492510445,0.1592792378388024,7135.160343798816,0,None,None,2,True,False,0,True,False,0
2737,5212,41.16758123443352,-8.62193556401055,0.16787556949918092,7519.833855509724,0,None,None,2,True,False,0,True,False,0
2738,5213,41.16758123443352,-8.620738635510655,0.1720806903470483,7708.006981864724,0,None,None,2,True,False,0,True,False,0
2739,5214,41.16758123443352,-8.619541707010761,0.17136670332713014,7676.057086825911,0,None,None,2,True,False,0,True,False,0
2740,5215,41.16758123443352,-8.618344778510867,0.16617033059551375,7443.526860468677,0,None,None,2,True,False,0,True,False,0
2741,5216,41.16758123443352,-8.617147850010973,0.15757440492425187,7058.871516188408,0,None,None,2,True,False,0,True,False,0
2742,5217,41.16758123443352,-8.615950921511077,0.1472981885898821,6599.025574847778,0,None,None,2,True,False,0,True,False,0
2743,5218,41.16758123443352,-8.614753993011183,0.13789018794652158,6178.031040360421,0,None,None,2,True,False,0,True,False,0
2744,5219,41.16758123443352,-8.613557064511289,0.13283471026134058,5951.805665239299,0,None,None,1,True,False,0,True,False,0
2745,5220,41.16758123443352,-8.612360136011395,0.1346542279172703,6033.226470529129,0,None,None,1,True,False,0,True,False,0
2746,5221,41.16758123443352,-8.611163207511499,0.1418230644619158,6354.021623329093,0,None,None,2,True,False,0,True,False,0
2747,5222,41.16758123443352,-8.609966279011605,0.15079457956852232,6755.4840561168285,0,None,None,2,True,False,0,True,False,0
2748,5223,41.16758123443352,-8.60876935051171,0.1600153355429869,7168.099660244235,0,None,None,2,True,False,0,True,False,0
2749,5224,41.16758123443352,-8.607572422011817,0.16974383817991484,7603.436199233835,0,None,None,2,True,False,0,False,False,0
2750,5225,41.16758123443352,-8.606375493511923,0.17999300183480324,8062.071571970506,0,None,None,2,True,False,0,True,False,0
2751,5226,41.16758123443352,-8.605178565012027,0.18976841248100298,8499.50717709283,0,None,None,2,True,False,0,True,False,0
2752,5227,41.16758123443352,-8.603981636512133,0.19753610049270412,8847.100074084921,0,None,None,2,True,False,0,True,False,0
2753,5228,41.16758123443352,-8.602784708012239,0.2016443885295355,9030.94007103756,0,None,None,2,True,False,0,True,False,0
2754,5229,41.16758123443352,-8.601587779512345,0.2002332686586522,8967.794480845914,0,None,None,2,True,False,0,True,False,0
2755,5230,41.16758123443352,-8.600390851012449,0.19074625004387538,8543.264005476578,0,None,None,2,True,False,0,True,False,0
2756,5231,41.16758123443352,-8.599193922512555,0.1691004500435763,7574.645502972172,0,None,None,2,True,False,0,True,False,0
2757,5232,41.16758123443352,-8.59799699401266,0.1288881378144038,5775.202208978767,0,None,None,1,True,False,0,True,False,0
2758,5233,41.16758123443352,-8.596800065512767,0.06562407436755269,2944.2261121199804,0,None,None,1,True,False,0,True,False,0
2759,5234,41.16758123443352,-8.595603137012871,0.008718851005151811,397.79898828044446,0,None,None,1,True,False,0,True,False,0
2760,5235,41.16758123443352,-8.594406208512977,0.03169228384972342,1425.8271562847226,0,None,None,1,True,False,0,True,False,0
2761,5236,41.16758123443352,-8.593209280013083,0.08797260042285283,3944.2905976352495,0,None,None,1,True,False,0,True,False,0
2762,5237,41.16758123443352,-8.592012351513189,0.11171662161302921,5006.801488817083,0,None,None,1,True,False,0,True,False,0
2763,5238,41.16758123443352,-8.590815423013293,0.1138144066802606,5100.674361631656,0,None,None,1,True,False,0,True,False,0
2764,5239,41.16758123443352,-8.589618494513399,0.11355299089937877,5088.976380397177,0,None,None,1,True,False,0,True,False,0
2765,5240,41.16758123443352,-8.588421566013505,0.11977760013190258,5367.518715325848,0,None,None,1,True,False,0,True,False,0
2766,5241,41.16758123443352,-8.58722463751361,0.13422793310038741,6014.15038892675,0,None,None,1,True,False,0,True,False,0
2767,5242,41.16758123443352,-8.586027709013715,0.1557960292687753,6979.291756407103,0,None,None,2,True,False,0,True,False,0
2768,5243,41.16758123443352,-8.58483078051382,0.18197113257289782,8150.590085181597,0,None,None,2,True,False,0,True,False,0
2769,5244,41.16758123443352,-8.583633852013927,0.21027611709638425,9417.197543541693,0,None,None,2,True,False,0,True,False,0
2770,5245,41.16758123443352,-8.582436923514033,0.23920149515137196,10711.566722579144,0,None,None,2,True,False,0,True,False,0
2771,5246,41.16758123443352,-8.581239995014139,0.2681792141767142,12008.278084965039,0,None,None,2,True,False,0,True,False,0
2772,5247,41.16758123443352,-8.580043066514243,0.297180411802169,13306.040081029594,0,None,None,2,True,False,0,True,False,0
2773,5248,41.16758123443352,-8.578846138014349,0.32636150511074685,14611.852150881736,0,None,None,2,True,False,0,True,False,0
2774,5249,41.16758123443352,-8.577649209514455,0.3558576349140536,15931.761652002497,0,None,None,2,True,False,0,True,False,0
2775,5250,41.16758123443352,-8.57645228101456,0.38569696460791036,17267.028855958895,0,None,None,3,True,False,0,True,False,0
2776,5251,41.16758123443352,-8.575255352514665,0.41578948990216225,18613.626199863553,0,None,None,3,True,False,0,True,False,0
2777,5252,41.16758123443352,-8.57405842401477,0.4459515177572303,19963.3336836742,0,None,None,3,True,False,0,True,False,0
2778,5253,41.16758123443352,-8.572861495514877,0.47593989810648846,21305.270690669997,0,None,None,3,True,False,0,True,False,0
2779,5254,41.16758123443352,-8.571664567014983,0.5054827321211385,22627.270138258493,0,None,None,3,True,False,0,True,False,0
2780,5255,41.16758123443352,-8.570467638515087,0.5343023859431401,23916.908309514663,0,None,None,3,True,False,0,True,False,0
2781,5294,41.1684876082523,-8.690160488504535,0.8561468237623713,38318.985266500706,0,None,None,3,True,False,0,True,False,0
2782,5295,41.1684876082523,-8.688963560004641,0.8137167984362865,36420.30249238248,0,None,None,3,True,False,0,True,False,0
2783,5296,41.1684876082523,-8.687766631504747,0.7714048835824822,34526.90499248783,0,None,None,3,True,False,0,True,False,0
2784,5297,41.1684876082523,-8.686569703004851,0.729105237184231,32634.05648838201,0,None,None,3,True,False,0,True,False,0
2785,5298,41.1684876082523,-8.685372774504957,0.6867111793719686,30736.983208917565,0,None,None,3,True,False,0,True,False,0
2786,5299,41.1684876082523,-8.684175846005063,0.6441110444773287,28830.688275602024,0,None,None,3,True,False,0,False,True,0
2787,5300,41.1684876082523,-8.682978917505169,0.6011854960801113,26909.831554800825,0,None,None,3,True,False,0,False,True,0
2788,5301,41.1684876082523,-8.681781989005273,0.5578071452942759,24968.712576583057,0,None,None,3,True,False,0,False,True,0
2789,5302,41.1684876082523,-8.68058506050538,0.5138445498038389,23001.44948584187,0,None,None,3,True,False,0,False,False,0
2790,5303,41.1684876082523,-8.679388132005485,0.46917808457358057,21002.689233834546,0,None,None,3,True,False,0,False,True,0
2791,5304,41.1684876082523,-8.678191203505591,0.42375212367023324,18969.942639834047,0,None,None,3,True,False,0,False,False,0
2792,5305,41.1684876082523,-8.676994275005697,0.3777319647965061,16910.606538942953,0,None,None,3,True,False,0,False,False,0
2793,5306,41.1684876082523,-8.675797346505801,0.3319219755331117,14860.675226658868,0,None,None,2,True,False,0,False,True,0
2794,5307,41.1684876082523,-8.674600418005907,0.28866615516042826,12925.039308678972,0,None,None,2,True,False,0,False,True,0
2795,5308,41.1684876082523,-8.673403489506013,0.2530092231144555,11329.442743904547,0,None,None,2,True,False,0,False,True,0
2796,5309,41.1684876082523,-8.672206561006119,0.23202233974073974,10390.309815327073,0,None,None,2,True,False,0,False,True,0
2797,5310,41.1684876082523,-8.671009632506223,0.2294095555548986,10273.391470640267,0,None,None,2,True,False,0,True,True,0
2798,5311,41.1684876082523,-8.669812704006329,0.24052165741058162,10770.642090112839,0,None,None,2,True,False,0,True,False,0
2799,5312,41.1684876082523,-8.668615775506435,0.25693920812266036,11505.303936073908,0,None,None,2,True,False,0,True,False,0
2800,5313,41.1684876082523,-8.667418847006541,0.27355526820600307,12248.848791668444,0,None,None,2,True,False,0,True,False,0
2801,5314,41.1684876082523,-8.666221918506645,0.28914652311838707,12946.535085785048,0,None,None,2,True,False,0,True,False,0
2802,5315,41.1684876082523,-8.665024990006751,0.3039397438992186,13608.510497169616,0,None,None,2,True,False,0,True,False,0
2803,5316,41.1684876082523,-8.663828061506857,0.3181031971828991,14242.304716359491,0,None,None,2,True,False,0,True,False,0
2804,5317,41.1684876082523,-8.662631133006963,0.33136742005152464,14835.859664280808,0,None,None,2,True,False,0,True,False,0
2805,5318,41.1684876082523,-8.661434204507067,0.34312705717076164,15362.08655800953,0,None,None,2,True,False,0,True,False,0
2806,5319,41.1684876082523,-8.660237276007173,0.35265184880636796,15788.307321881504,0,None,None,2,True,False,0,True,False,0
2807,5320,41.1684876082523,-8.659040347507279,0.3592631604049414,16084.154033026933,0,None,None,2,True,False,0,True,False,0
2808,5321,41.1684876082523,-8.657843419007385,0.36243476867999547,16226.07895416041,0,None,None,2,True,False,0,True,False,0
2809,5322,41.1684876082523,-8.656646490507491,0.36182224273770786,16198.669296815542,0,None,None,2,True,False,0,True,False,0
2810,5323,41.1684876082523,-8.655449562007595,0.3572432548492855,15993.766156649404,0,None,None,2,True,False,0,True,False,0
2811,5324,41.1684876082523,-8.654252633507701,0.34863327970216595,15608.482118476279,0,None,None,2,True,False,0,True,False,0
2812,5325,41.1684876082523,-8.653055705007807,0.33599625803534655,15042.993524713922,0,None,None,2,True,False,0,True,False,0
2813,5326,41.1684876082523,-8.651858776507913,0.31936441168754326,14298.742256427697,0,None,None,2,True,False,0,False,False,0
2814,5327,41.1684876082523,-8.650661848008017,0.2987794897667727,13377.59652631879,0,None,None,2,True,False,0,True,False,0
2815,5328,41.1684876082523,-8.649464919508123,0.27431252549744556,12282.734969293548,0,None,None,2,True,False,0,True,False,0
2816,5329,41.1684876082523,-8.648267991008229,0.24615476794024033,11022.715706500518,0,None,None,2,True,False,0,True,False,0
2817,5330,41.1684876082523,-8.647071062508335,0.21484073048074268,9621.457445268945,0,None,None,2,True,False,0,True,False,0
2818,5331,41.1684876082523,-8.645874134008439,0.18168657638033722,8137.856603715789,0,None,None,2,True,False,0,True,False,0
2819,5332,41.1684876082523,-8.644677205508545,0.1494540711900636,6695.49822893006,0,None,None,2,True,False,0,True,False,0
2820,5333,41.1684876082523,-8.643480277008651,0.12286766007928412,5505.794465764278,0,None,None,1,True,False,0,True,False,0
2821,5334,41.1684876082523,-8.642283348508757,0.10774106131914389,4828.900867984128,0,None,None,1,True,False,0,True,False,0
2822,5335,41.1684876082523,-8.641086420008861,0.10711124358806227,4800.717427893092,0,None,None,1,True,False,0,True,False,0
2823,5336,41.1684876082523,-8.639889491508967,0.11689715123412243,5238.622758702866,0,None,None,1,True,False,0,True,False,0
2824,5337,41.1684876082523,-8.638692563009073,0.1281542963704173,5742.363856940956,0,None,None,1,True,False,0,True,False,0
2825,5338,41.1684876082523,-8.637495634509179,0.13391487557625506,6000.141513753801,0,None,None,1,True,False,0,True,False,0
2826,5339,41.1684876082523,-8.636298706009283,0.13261066291723164,5941.779867951238,0,None,None,1,True,False,0,True,False,0
2827,5340,41.1684876082523,-8.635101777509389,0.12674698541102483,5679.388710075238,0,None,None,1,True,False,0,True,False,0
2828,5341,41.1684876082523,-8.633904849009495,0.11991175324601475,5373.521874760741,0,None,None,1,True,False,0,True,False,0
2829,5342,41.1684876082523,-8.632707920509601,0.11477503165704493,5143.6609514767215,0,None,None,1,True,False,0,True,False,0
2830,5343,41.1684876082523,-8.631510992009707,0.11289308861537031,5059.446699714243,0,None,None,1,True,False,0,True,False,0
2831,5344,41.1684876082523,-8.630314063509811,0.11450363660209223,5131.516412041276,0,None,None,1,True,False,0,True,False,0
2832,5345,41.1684876082523,-8.629117135009917,0.1170082777449145,5243.595510667241,0,None,None,1,True,False,0,True,False,0
2833,5346,41.1684876082523,-8.627920206510023,0.11553884804520193,5177.840639271801,0,None,None,1,True,False,0,True,False,0
2834,5347,41.1684876082523,-8.626723278010129,0.10975698849697524,4919.110717660368,0,None,None,1,True,False,0,True,False,0
2835,5348,41.1684876082523,-8.625526349510233,0.11098124928162852,4973.8946317633045,0,None,None,1,True,False,0,True,False,0
2836,5349,41.1684876082523,-8.624329421010339,0.12709787330809527,5695.090440175423,0,None,None,1,True,False,0,True,False,0
2837,5350,41.1684876082523,-8.623132492510445,0.14869022402345167,6661.317163843269,0,None,None,2,True,False,0,True,False,0
2838,5351,41.1684876082523,-8.62193556401055,0.16574451448273786,7424.472200188458,0,None,None,2,True,False,0,True,False,0
2839,5352,41.1684876082523,-8.620738635510655,0.17526983127936274,7850.716464262753,0,None,None,2,True,False,0,True,False,0
2840,5353,41.1684876082523,-8.619541707010761,0.17746625524652174,7949.0032863670385,0,None,None,2,True,False,0,True,False,0
2841,5354,41.1684876082523,-8.618344778510867,0.17303104432971853,7750.533959455316,0,None,None,2,True,False,0,True,False,0
2842,5355,41.1684876082523,-8.617147850010973,0.162345070942472,7272.351977730749,0,None,None,2,True,False,0,True,False,0
2843,5356,41.1684876082523,-8.615950921511077,0.1456237415596146,6524.096471975247,0,None,None,2,True,False,0,True,False,0
2844,5357,41.1684876082523,-8.614753993011183,0.1252328452680744,5611.63311047503,0,None,None,1,True,False,0,True,False,0
2845,5358,41.1684876082523,-8.613557064511289,0.11125053940111877,4985.944978356005,0,None,None,1,True,False,0,True,False,0
2846,5359,41.1684876082523,-8.612360136011395,0.11640839512657974,5216.751623934397,0,None,None,1,True,False,0,True,False,0
2847,5360,41.1684876082523,-8.611163207511499,0.1355293576113527,6072.387269102873,0,None,None,2,True,False,0,True,False,0
2848,5361,41.1684876082523,-8.609966279011605,0.15518876273016233,6952.117449832885,0,None,None,2,True,False,0,True,False,0
2849,5362,41.1684876082523,-8.60876935051171,0.17078353956770306,7649.961345048602,0,None,None,2,True,False,0,True,False,0
2850,5363,41.1684876082523,-8.607572422011817,0.18309389261281422,8200.831986544476,0,None,None,2,True,False,0,True,False,0
2851,5364,41.1684876082523,-8.606375493511923,0.19327900665974396,8656.601231194123,0,None,None,2,True,False,0,True,False,0
2852,5365,41.1684876082523,-8.605178565012027,0.2015563971551449,9027.00258324342,0,None,None,2,True,False,0,False,False,0
2853,5366,41.1684876082523,-8.603981636512133,0.20734113063646661,9285.861109238649,0,None,None,2,True,False,0,True,False,0
2854,5367,41.1684876082523,-8.602784708012239,0.20952680941448135,9383.667099541019,0,None,None,2,True,False,0,True,False,0
2855,5368,41.1684876082523,-8.601587779512345,0.2064973363272339,9248.10252419123,0,None,None,2,True,False,0,True,False,0
2856,5369,41.1684876082523,-8.600390851012449,0.19581681243901458,8770.164399731677,0,None,None,2,True,False,0,True,False,0
2857,5370,41.1684876082523,-8.599193922512555,0.17362897808431788,7777.290637331342,0,None,None,2,True,False,0,True,False,0
2858,5371,41.1684876082523,-8.59799699401266,0.134342647360314,6019.283687518831,0,None,None,1,True,False,0,True,False,0
2859,5372,41.1684876082523,-8.596800065512767,0.07558941562770184,3390.16083979083,0,None,None,1,True,False,0,True,False,0
2860,5373,41.1684876082523,-8.595603137012871,0.0257105098512599,1158.151349771151,0,None,None,1,True,False,0,True,False,0
2861,5374,41.1684876082523,-8.594406208512977,0.04479090120840497,2011.971495171205,0,None,None,1,True,False,0,True,False,0
2862,5375,41.1684876082523,-8.593209280013083,0.0928267965784838,4161.5089130158285,0,None,None,1,True,False,0,True,False,0
2863,5376,41.1684876082523,-8.592012351513189,0.11157814347652016,5000.604790833495,0,None,None,1,True,False,0,True,False,0
2864,5377,41.1684876082523,-8.590815423013293,0.10716942802797555,4803.321098122747,0,None,None,1,True,False,0,True,False,0
2865,5378,41.1684876082523,-8.589618494513399,0.09740258812459365,4366.2690214481345,0,None,None,1,True,False,0,True,False,0
2866,5379,41.1684876082523,-8.588421566013505,0.09594311422741376,4300.959657935992,0,None,None,1,True,False,0,True,False,0
2867,5380,41.1684876082523,-8.58722463751361,0.10946067700433888,4905.851203377306,0,None,None,1,True,False,0,True,False,0
2868,5381,41.1684876082523,-8.586027709013715,0.13580127156143382,6084.555028351039,0,None,None,2,True,False,0,True,False,0
2869,5382,41.1684876082523,-8.58483078051382,0.16874507150239676,7558.742822989229,0,None,None,2,True,False,0,True,False,0
2870,5383,41.1684876082523,-8.583633852013927,0.20335059482088763,9107.290355289942,0,None,None,2,True,False,0,True,False,0
2871,5384,41.1684876082523,-8.582436923514033,0.23723975083628776,10623.781478294011,0,None,None,2,True,False,0,True,False,0
2872,5385,41.1684876082523,-8.581239995014139,0.26977533014378,12079.701985112933,0,None,None,2,True,False,0,True,False,0
2873,5386,41.1684876082523,-8.580043066514243,0.3011136963479283,13482.048922771848,0,None,None,2,True,False,0,True,False,0
2874,5387,41.1684876082523,-8.578846138014349,0.3316341319537805,14847.794639350317,0,None,None,2,True,False,0,True,False,0
2875,5388,41.1684876082523,-8.577649209514455,0.3616732002401396,16191.999858827478,0,None,None,2,True,False,0,True,False,0
2876,5389,41.1684876082523,-8.57645228101456,0.3914297898345428,17523.564562011037,0,None,None,3,True,False,0,True,False,0
2877,5390,41.1684876082523,-8.575255352514665,0.4209529419811307,18844.68327423431,0,None,None,3,True,False,0,True,False,0
2878,5391,41.1684876082523,-8.57405842401477,0.4501648915667357,20151.87611822492,0,None,None,3,True,False,0,True,False,0
2879,5392,41.1684876082523,-8.572861495514877,0.4788949342880317,21437.504321257602,0,None,None,3,True,False,0,True,False,0
2880,5393,41.1684876082523,-8.571664567014983,0.506912434957737,22691.24728951154,0,None,None,3,True,False,0,True,False,0
2881,5434,41.16939398207108,-8.688963560004641,0.7864283894108843,35199.18532944336,0,None,None,3,True,False,0,True,True,0
2882,5435,41.16939398207108,-8.687766631504747,0.744405713422022,33318.73085388703,0,None,None,3,True,False,0,True,True,0
2883,5436,41.16939398207108,-8.686569703004851,0.7022142749339109,31430.72449855268,0,None,None,3,True,False,0,True,True,0
2884,5437,41.16939398207108,-8.685372774504957,0.6597187441712661,29529.110450105676,0,None,None,3,True,False,0,False,True,0
2885,5438,41.16939398207108,-8.684175846005063,0.6167689480553276,27607.168678671263,0,None,None,3,True,False,0,False,True,0
2886,5439,41.16939398207108,-8.682978917505169,0.5731920243054177,25657.163845132975,0,None,None,3,True,False,0,False,True,0
2887,5440,41.16939398207108,-8.681781989005273,0.5287838778353655,23669.96298712708,0,None,None,3,True,False,0,False,False,0
2888,5441,41.16939398207108,-8.68058506050538,0.4832968782070183,21634.484997733325,0,None,None,3,True,False,0,False,False,0
2889,5442,41.16939398207108,-8.679388132005485,0.43642065601708774,19536.841291330842,0,None,None,3,True,False,0,False,False,0
2890,5443,41.16939398207108,-8.678191203505591,0.3877627363465097,17359.46917823529,0,None,None,3,True,False,0,False,False,0
2891,5444,41.16939398207108,-8.676994275005697,0.33688414882486745,15082.725364004746,0,None,None,2,True,False,0,False,False,0
2892,5445,41.16939398207108,-8.675797346505801,0.2836205556032822,12699.255965618786,0,None,None,2,True,False,0,False,False,0
2893,5446,41.16939398207108,-8.674600418005907,0.22940236645144338,10273.069768572288,0,None,None,2,True,False,0,False,False,0
2894,5447,41.16939398207108,-8.673403489506013,0.18075439542124258,8096.142842863849,0,None,None,2,True,False,0,False,True,0
2895,5448,41.16939398207108,-8.672206561006119,0.1524051598835656,6827.555215089873,0,None,None,2,True,False,0,False,True,0
2896,5449,41.16939398207108,-8.671009632506223,0.1559950129822676,6988.195992174919,0,None,None,2,True,False,0,True,False,0
2897,5450,41.16939398207108,-8.669812704006329,0.18075137041459213,8096.00747815514,0,None,None,2,True,False,0,True,False,0
2898,5451,41.16939398207108,-8.668615775506435,0.207790785027979,9305.982498300049,0,None,None,2,True,False,0,True,False,0
2899,5452,41.16939398207108,-8.667418847006541,0.23029110644887213,10312.839608698932,0,None,None,2,True,False,0,True,False,0
2900,5453,41.16939398207108,-8.666221918506645,0.24943019674790107,11169.286447553854,0,None,None,2,True,False,0,True,False,0
2901,5454,41.16939398207108,-8.665024990006751,0.2672833054134486,11968.187452849666,0,None,None,2,True,False,0,True,False,0
2902,5455,41.16939398207108,-8.663828061506857,0.2847566755656279,12750.09570434766,0,None,None,2,True,False,0,True,False,0
2903,5456,41.16939398207108,-8.662631133006963,0.30166552468530705,13506.74244935825,0,None,None,2,True,False,0,True,False,0
2904,5457,41.16939398207108,-8.661434204507067,0.3172086646996013,14202.27567079862,0,None,None,2,True,False,0,True,False,0
2905,5458,41.16939398207108,-8.660237276007173,0.33039561581062393,14792.372818401438,0,None,None,2,True,False,0,True,False,0
2906,5459,41.16939398207108,-8.659040347507279,0.3403311277572949,15236.972727079614,0,None,None,2,True,False,0,True,False,0
2907,5460,41.16939398207108,-8.657843419007385,0.3463516354214912,15506.381809577353,0,None,None,2,True,False,0,True,False,0
2908,5461,41.16939398207108,-8.656646490507491,0.34804803641641824,15582.293320878875,0,None,None,2,True,False,0,True,False,0
2909,5462,41.16939398207108,-8.655449562007595,0.3452210204661427,15455.788412015534,0,None,None,2,True,False,0,True,False,0
2910,5463,41.16939398207108,-8.654252633507701,0.33780786984733413,15124.060554827038,0,None,None,2,True,False,0,True,False,0
2911,5464,41.16939398207108,-8.653055705007807,0.32580622889393074,14587.004336635955,0,None,None,2,True,False,0,True,False,0
2912,5465,41.16939398207108,-8.651858776507913,0.30920937076883037,13844.318741130563,0,None,None,2,True,False,0,True,False,0
2913,5466,41.16939398207108,-8.650661848008017,0.2879623520368312,12893.545128393322,0,None,None,2,True,False,0,True,False,0
2914,5467,41.16939398207108,-8.649464919508123,0.261952147918741,11729.625801671727,0,None,None,2,True,False,0,True,False,0
2915,5468,41.16939398207108,-8.648267991008229,0.23106606715716138,10347.517988835149,0,None,None,2,True,False,0,True,False,0
2916,5469,41.16939398207108,-8.647071062508335,0.19540890306959469,8751.911040532223,0,None,None,2,True,False,0,True,False,0
2917,5470,41.16939398207108,-8.645874134008439,0.15586847811328808,6982.533738282532,0,None,None,2,True,False,0,True,False,0
2918,5471,41.16939398207108,-8.644677205508545,0.11526205702850698,5165.454638288052,0,None,None,1,True,False,0,True,False,0
2919,5472,41.16939398207108,-8.643480277008651,0.07987413749822816,3581.8959977346217,0,None,None,1,True,False,0,True,False,0
2920,5473,41.16939398207108,-8.642283348508757,0.05977810213948901,2682.6272400454377,0,None,None,1,True,False,0,True,False,0
2921,5474,41.16939398207108,-8.641086420008861,0.06327083882990735,2838.9221971580628,0,None,None,1,True,False,0,True,False,0
2922,5475,41.16939398207108,-8.639889491508967,0.08496892540797739,3809.8804490208136,0,None,None,1,True,False,0,True,False,0
2923,5476,41.16939398207108,-8.638692563009073,0.10981858139494137,4921.86691149899,0,None,None,1,True,False,0,True,False,0
2924,5477,41.16939398207108,-8.637495634509179,0.12635448191324228,5661.824741534245,0,None,None,1,True,False,0,True,False,0
2925,5478,41.16939398207108,-8.636298706009283,0.13108534568601987,5873.524109683118,0,None,None,1,True,False,0,True,False,0
2926,5479,41.16939398207108,-8.635101777509389,0.1258329766800416,5638.48813036607,0,None,None,1,True,False,0,True,False,0
2927,5480,41.16939398207108,-8.633904849009495,0.11427775297087757,5121.408443539101,0,None,None,1,True,False,0,True,False,0
2928,5481,41.16939398207108,-8.632707920509601,0.10118219624335048,4535.401063506785,0,None,None,1,True,False,0,True,False,0
2929,5482,41.16939398207108,-8.631510992009707,0.09281850542710879,4161.137895884154,0,None,None,1,True,False,0,True,False,0
2930,5483,41.16939398207108,-8.630314063509811,0.09334780133084948,4184.823128384498,0,None,None,1,True,False,0,True,False,0
2931,5484,41.16939398207108,-8.629117135009917,0.09776418212231053,4382.449834196023,0,None,None,1,True,False,0,True,False,0
2932,5485,41.16939398207108,-8.627920206510023,0.09146542321100586,4100.589407498008,0,None,None,1,True,False,0,True,False,0
2933,5486,41.16939398207108,-8.626723278010129,0.06648478967793568,2982.74188769835,0,None,None,1,True,False,0,True,False,0
2934,5487,41.16939398207108,-8.625526349510233,0.05750988766102692,2581.1278955325806,0,None,None,1,True,False,0,True,False,0
2935,5488,41.16939398207108,-8.624329421010339,0.091470862556033,4100.832810386084,0,None,None,1,True,False,0,False,False,0
2936,5489,41.16939398207108,-8.623132492510445,0.1331702210393842,5966.8192913191015,0,None,None,1,True,False,0,True,False,0
2937,5490,41.16939398207108,-8.62193556401055,0.16212614663553038,7262.5554290077325,0,None,None,2,True,False,0,True,False,0
2938,5491,41.16939398207108,-8.620738635510655,0.17780959156360412,7964.367094094317,0,None,None,2,True,False,0,True,False,0
2939,5492,41.16939398207108,-8.619541707010761,0.18276090629194494,8185.931326302285,0,None,None,2,True,False,0,True,False,0
2940,5493,41.16939398207108,-8.618344778510867,0.17821832228009774,7982.6572073972275,0,None,None,2,True,False,0,True,False,0
2941,5494,41.16939398207108,-8.617147850010973,0.16332733818842088,7316.307028078483,0,None,None,2,True,False,0,True,False,0
2942,5495,41.16939398207108,-8.615950921511077,0.134823587669003,6040.805076499136,0,None,None,1,True,False,0,False,False,0
2943,5496,41.16939398207108,-8.614753993011183,0.09105613976889244,4082.27456051641,0,None,None,1,True,False,0,False,False,0
2944,5497,41.16939398207108,-8.613557064511289,0.053898789951698285,2419.5364525940586,0,None,None,1,True,False,0,False,False,0
2945,5498,41.16939398207108,-8.612360136011395,0.06827353759876797,3062.7857914769356,0,None,None,1,True,False,0,True,False,0
2946,5499,41.16939398207108,-8.611163207511499,0.11448820129173909,5130.825704042508,0,None,None,1,True,False,0,True,False,0
2947,5500,41.16939398207108,-8.609966279011605,0.15234261303620142,6824.756333383981,0,None,None,2,True,False,0,True,False,0
2948,5501,41.16939398207108,-8.60876935051171,0.17661238536663665,7910.793833984753,0,None,None,2,True,False,0,True,False,0
2949,5502,41.16939398207108,-8.607572422011817,0.19234758645419087,8614.921512971987,0,None,None,2,True,False,0,True,False,0
2950,5503,41.16939398207108,-8.606375493511923,0.20322398586037366,9101.624785907661,0,None,None,2,True,False,0,True,False,0
2951,5504,41.16939398207108,-8.605178565012027,0.2108543395213277,9443.072167688431,0,None,None,2,True,False,0,True,False,0
2952,5505,41.16939398207108,-8.603981636512133,0.21554017527038905,9652.756596361647,0,None,None,2,True,False,0,True,False,0
2953,5506,41.16939398207108,-8.602784708012239,0.21677935430889725,9708.208080926694,0,None,None,2,True,False,0,True,False,0
2954,5507,41.16939398207108,-8.601587779512345,0.21345306290971872,9559.361311857356,0,None,None,2,True,False,0,True,False,0
2955,5508,41.16939398207108,-8.600390851012449,0.203809375995767,9127.820154816074,0,None,None,2,True,False,0,True,False,0
2956,5509,41.16939398207108,-8.599193922512555,0.18548959071365875,8308.036040303663,0,None,None,2,True,False,0,True,False,0
2957,5510,41.16939398207108,-8.59799699401266,0.15647414464666798,7009.636446917526,0,None,None,2,True,False,0,True,False,0
2958,5511,41.16939398207108,-8.596800065512767,0.11979621192423857,5368.351566337183,0,None,None,1,True,False,0,True,False,0
2959,5512,41.16939398207108,-8.595603137012871,0.09330560668361462,4182.934978442349,0,None,None,1,True,False,0,True,False,0
2960,5513,41.16939398207108,-8.594406208512977,0.09717800927557076,4356.219440077535,0,None,None,1,True,False,0,True,False,0
2961,5514,41.16939398207108,-8.593209280013083,0.11195498009951227,5017.467689199293,0,None,None,1,True,False,0,True,False,0
2962,5515,41.16939398207108,-8.592012351513189,0.10880702882979489,4876.601385122365,0,None,None,1,True,False,0,True,False,0
2963,5516,41.16939398207108,-8.590815423013293,0.0864736858703334,3877.2163213681038,0,None,None,1,True,False,0,True,False,0
2964,5517,41.16939398207108,-8.589618494513399,0.06043909811123725,2712.2058616860045,0,None,None,1,True,False,0,True,False,0
2965,5518,41.16939398207108,-8.588421566013505,0.05151955964374375,2313.0693089462297,0,None,None,1,True,False,0,True,False,0
2966,5519,41.16939398207108,-8.58722463751361,0.06976426718642645,3129.4938023066024,0,None,None,1,True,False,0,True,False,0
2967,5520,41.16939398207108,-8.586027709013715,0.10719539407858816,4804.48304164343,0,None,None,1,True,False,0,True,False,0
2968,5521,41.16939398207108,-8.58483078051382,0.15107978086980187,6768.246405272502,0,None,None,2,True,False,0,True,False,0
2969,5522,41.16939398207108,-8.583633852013927,0.19399074702595764,8688.450591702134,0,None,None,2,True,False,0,True,False,0
2970,5523,41.16939398207108,-8.582436923514033,0.2335452975130514,10458.459991193688,0,None,None,2,True,False,0,True,False,0
2971,5524,41.16939398207108,-8.581239995014139,0.26974583801049495,12078.382254450273,0,None,None,2,True,False,0,True,False,0
2972,5525,41.16939398207108,-8.580043066514243,0.3033365801037807,13581.519782467742,0,None,None,2,True,False,0,True,False,0
2973,5526,41.16939398207108,-8.578846138014349,0.3351088665688791,15003.284029413542,0,None,None,2,True,False,0,True,False,0
2974,5527,41.16939398207108,-8.577649209514455,0.36566841430429486,16370.779957689756,0,None,None,2,True,False,0,True,False,0
2975,5528,41.16939398207108,-8.57645228101456,0.39538913390449193,17700.73953008248,0,None,None,3,True,False,0,True,False,0
2976,5529,41.16939398207108,-8.575255352514665,0.42443468184495303,19000.48613912999,0,None,None,3,True,False,0,True,False,0
2977,5530,41.16939398207108,-8.57405842401477,0.4528004602297534,20269.814035584615,0,None,None,3,True,False,0,True,False,0
2978,5531,41.16939398207108,-8.572861495514877,0.48035786029852734,21502.968161889108,0,None,None,3,True,False,0,True,False,0
2979,5532,41.16939398207108,-8.571664567014983,0.5068939361792718,22690.419495708826,0,None,None,3,True,False,0,True,False,0
2980,5574,41.17030035588986,-8.687766631504747,0.7176173731254324,32119.991049292028,0,None,None,3,True,False,0,True,False,0
2981,5575,41.17030035588986,-8.686569703004851,0.6757719769836235,30247.469592611167,0,None,None,3,True,False,0,True,False,0
2982,5576,41.17030035588986,-8.685372774504957,0.6334527990291587,28353.747079379747,0,None,None,3,True,False,0,False,False,0
2983,5577,41.17030035588986,-8.684175846005063,0.5904859231569084,26431.04101334861,0,None,None,3,True,False,0,False,False,0
2984,5578,41.17030035588986,-8.682978917505169,0.5466634631219697,24470.048783238613,0,None,None,3,True,False,0,False,True,0
2985,5579,41.17030035588986,-8.681781989005273,0.501731510968841,22459.408372232247,0,None,None,3,True,False,0,False,False,0
2986,5580,41.17030035588986,-8.68058506050538,0.4553696681924216,20384.782406787697,0,None,None,3,True,False,0,False,False,0
2987,5581,41.17030035588986,-8.679388132005485,0.40714590776604986,18226.838297136957,0,None,None,3,True,False,0,False,False,0
2988,5582,41.17030035588986,-8.678191203505591,0.3564203983603683,15956.944509029083,0,None,None,2,True,False,0,True,False,0
2989,5583,41.17030035588986,-8.676994275005697,0.30217760627401874,13529.657365952284,0,None,None,2,True,False,0,False,False,0
2990,5584,41.17030035588986,-8.675797346505801,0.24288995377501366,10876.619955471064,0,None,None,2,True,False,0,False,False,0
2991,5585,41.17030035588986,-8.674600418005907,0.17726710205369334,7940.091466642022,0,None,None,2,True,False,0,False,False,0
2992,5586,41.17030035588986,-8.673403489506013,0.10973946753642502,4918.326679806819,0,None,None,1,True,False,0,True,False,0
2993,5587,41.17030035588986,-8.672206561006119,0.06580428307406021,2952.290193255035,0,None,None,1,True,False,0,True,True,0
2994,5588,41.17030035588986,-8.671009632506223,0.07976391188620416,3576.963559697919,0,None,None,1,True,False,0,True,False,0
2995,5589,41.17030035588986,-8.669812704006329,0.12622852111222485,5656.188176359751,0,None,None,1,True,False,0,True,False,0
2996,5590,41.17030035588986,-8.668615775506435,0.16425756503601777,7357.933345243764,0,None,None,2,True,False,0,True,False,0
2997,5591,41.17030035588986,-8.667418847006541,0.1899799174535173,8508.971721242098,0,None,None,2,True,False,0,True,False,0
2998,5592,41.17030035588986,-8.666221918506645,0.21049240250373177,9426.876005292963,0,None,None,2,True,False,0,True,False,0
2999,5593,41.17030035588986,-8.665024990006751,0.2302275062030773,10309.993588924202,0,None,None,2,True,False,0,True,False,0
3000,5594,41.17030035588986,-8.663828061506857,0.25057398271976383,11220.469229212926,0,None,None,2,True,False,0,True,False,0
3001,5595,41.17030035588986,-8.662631133006963,0.27112678079645375,12140.177463375845,0,None,None,2,True,False,0,True,False,0
3002,5596,41.17030035588986,-8.661434204507067,0.2906479575346422,13013.722122340016,0,None,None,2,True,False,0,True,False,0
3003,5597,41.17030035588986,-8.660237276007173,0.30773045683589184,13778.139463901907,0,None,None,2,True,False,0,True,False,0
3004,5598,41.17030035588986,-8.659040347507279,0.3211867061936286,14380.287321779037,0,None,None,2,True,False,0,True,False,0
3005,5599,41.17030035588986,-8.657843419007385,0.33019931102005007,14783.588460591725,0,None,None,2,True,False,0,True,False,0
3006,5600,41.17030035588986,-8.656646490507491,0.3343123567236014,14967.64135630595,0,None,None,2,True,False,0,True,False,0
3007,5601,41.17030035588986,-8.655449562007595,0.33334337317508606,14924.280732364985,0,None,None,2,True,False,0,True,False,0
3008,5602,41.17030035588986,-8.654252633507701,0.32727117960939317,14652.558779910603,0,None,None,2,True,False,0,True,False,0
3009,5603,41.17030035588986,-8.653055705007807,0.31612906859725914,14153.965293730284,0,None,None,2,True,False,0,True,False,0
3010,5604,41.17030035588986,-8.651858776507913,0.29991625411750394,13428.465100503643,0,None,None,2,True,False,0,True,False,0
3011,5605,41.17030035588986,-8.650661848008017,0.2785325758309403,12471.576168716367,0,None,None,2,True,False,0,True,False,0
3012,5606,41.17030035588986,-8.649464919508123,0.2517411542639845,11272.698481692076,0,None,None,2,True,False,0,True,False,0
3013,5607,41.17030035588986,-8.648267991008229,0.21918105665188684,9815.680815909727,0,None,None,2,True,False,0,True,False,0
3014,5608,41.17030035588986,-8.647071062508335,0.18052306165388768,8085.790988586766,0,None,None,2,True,False,0,True,False,0
3015,5609,41.17030035588986,-8.645874134008439,0.1360496203284282,6095.66827945664,0,None,None,2,True,False,0,True,False,0
3016,5610,41.17030035588986,-8.644677205508545,0.08819674217643085,3954.3206196116353,0,None,None,1,True,False,0,True,False,0
3017,5611,41.17030035588986,-8.643480277008651,0.04412112211153167,1981.999841279309,0,None,None,1,True,False,0,True,False,0
3018,5612,41.17030035588986,-8.642283348508757,0.01689043572282822,763.4656835383809,0,None,None,1,True,False,0,True,False,0
3019,5613,41.17030035588986,-8.641086420008861,0.023742884322687917,1070.102929618119,0,None,None,1,True,False,0,True,False,0
3020,5614,41.17030035588986,-8.639889491508967,0.0563045631536091,2527.1913526748076,0,None,None,1,True,False,0,True,False,0
3021,5615,41.17030035588986,-8.638692563009073,0.09306807037972226,4172.3055695517805,0,None,None,1,True,False,0,True,False,0
3022,5616,41.17030035588986,-8.637495634509179,0.11847438065632585,5309.201513057958,0,None,None,1,True,False,0,True,False,0
3023,5617,41.17030035588986,-8.636298706009283,0.12683468341314158,5683.313069880918,0,None,None,1,True,False,0,True,False,0
3024,5618,41.17030035588986,-8.635101777509389,0.11899841363600946,5332.651237255588,0,None,None,1,True,False,0,True,False,0
3025,5619,41.17030035588986,-8.633904849009495,0.09857654184495347,4418.8017665815405,0,None,None,1,True,False,0,True,False,0
3026,5620,41.17030035588986,-8.632707920509601,0.07303451132775635,3275.832536978225,0,None,None,1,True,False,0,True,False,0
3027,5621,41.17030035588986,-8.631510992009707,0.05614563769627397,2520.079666412731,0,None,None,1,True,False,0,True,False,0
3028,5622,41.17030035588986,-8.630314063509811,0.059549653637869404,2672.404497271546,0,None,None,1,True,False,0,True,False,0
3029,5623,41.17030035588986,-8.629117135009917,0.0750418128561261,3365.656401213201,0,None,None,1,True,False,0,True,False,0
3030,5624,41.17030035588986,-8.627920206510023,0.07279039367736627,3264.908622271794,0,None,None,1,True,False,0,True,False,0
3031,5625,41.17030035588986,-8.626723278010129,0.027121854873828226,1221.307015177756,0,None,None,1,True,False,0,True,False,0
3032,5626,41.17030035588986,-8.625526349510233,0.005313894393576848,245.43206378928943,0,None,None,1,True,False,0,True,False,0
3033,5627,41.17030035588986,-8.624329421010339,0.06266257023770212,2811.70305012288,0,None,None,1,True,False,0,False,False,0
3034,5628,41.17030035588986,-8.623132492510445,0.12336997402494729,5528.272294342045,0,None,None,1,True,False,0,True,False,0
3035,5629,41.17030035588986,-8.62193556401055,0.16170830919658252,7243.857802937162,0,None,None,2,True,False,0,True,False,0
3036,5630,41.17030035588986,-8.620738635510655,0.18201014228337278,8152.335713772033,0,None,None,2,True,False,0,True,False,0
3037,5631,41.17030035588986,-8.619541707010761,0.18903377691875461,8466.633289401838,0,None,None,2,True,False,0,True,False,0
3038,5632,41.17030035588986,-8.618344778510867,0.18441040610186665,8259.744076847222,0,None,None,2,True,False,0,True,False,0
3039,5633,41.17030035588986,-8.617147850010973,0.16631311925172707,7449.916448026265,0,None,None,2,True,False,0,True,False,0
3040,5634,41.17030035588986,-8.615950921511077,0.1284982610537114,5757.755783154915,0,None,None,1,True,False,0,True,False,0
3041,5635,41.17030035588986,-8.614753993011183,0.06430033711344334,2884.990768692296,0,None,None,1,True,False,0,True,False,0
3042,5636,41.17030035588986,-8.613557064511289,0.0038823080445004945,181.37062805446206,0,None,None,1,True,False,0,True,False,0
3043,5637,41.17030035588986,-8.612360136011395,0.027878382395890054,1255.1605366698132,0,None,None,1,True,False,0,True,False,0
3044,5638,41.17030035588986,-8.611163207511499,0.09927738025852921,4450.163280346147,0,None,None,1,True,False,0,True,False,0
3045,5639,41.17030035588986,-8.609966279011605,0.15153693569886623,6788.70342815615,0,None,None,2,True,False,0,True,False,0
3046,5640,41.17030035588986,-8.60876935051171,0.18184661541251718,8145.018120854922,0,None,None,2,True,False,0,True,False,0
3047,5641,41.17030035588986,-8.607572422011817,0.199662170460686,8942.23865563782,0,None,None,2,True,False,0,True,False,0
3048,5642,41.17030035588986,-8.606375493511923,0.21077281828237454,9439.424209174724,0,None,None,2,True,False,0,True,False,0
3049,5643,41.17030035588986,-8.605178565012027,0.21785403674870948,9756.298578644695,0,None,None,2,True,False,0,True,False,0
3050,5644,41.17030035588986,-8.603981636512133,0.2218789083223302,9936.405808516503,0,None,None,2,True,False,0,True,False,0
3051,5645,41.17030035588986,-8.602784708012239,0.22286244292090418,9980.417571076392,0,None,None,2,True,False,0,True,False,0
3052,5646,41.17030035588986,-8.601587779512345,0.22020050129054586,9861.299501256095,0,None,None,2,True,False,0,True,False,0
3053,5647,41.17030035588986,-8.600390851012449,0.2128768470036985,9533.576476554395,0,None,None,2,True,False,0,True,False,0
3054,5648,41.17030035588986,-8.599193922512555,0.19984097834053996,8950.240051789395,0,None,None,2,True,False,0,True,False,0
3055,5649,41.17030035588986,-8.59799699401266,0.18107626072084435,8110.545853355681,0,None,None,2,True,False,0,True,False,0
3056,5650,41.17030035588986,-8.596800065512767,0.15981657118447373,7159.205240297104,0,None,None,2,True,False,0,True,False,0
3057,5651,41.17030035588986,-8.595603137012871,0.14350626231919633,6429.342313158767,0,None,None,2,True,False,0,True,False,0
3058,5652,41.17030035588986,-8.594406208512977,0.13604622776905448,6095.51646729076,0,None,None,2,True,False,0,True,False,0
3059,5653,41.17030035588986,-8.593209280013083,0.1277428067155203,5723.950285101758,0,None,None,1,True,False,0,True,False,0
3060,5654,41.17030035588986,-8.592012351513189,0.10482730632766313,4698.514511440419,0,None,None,1,True,False,0,True,False,0
3061,5655,41.17030035588986,-8.590815423013293,0.0651827617796851,2924.4780068066757,0,None,None,1,True,False,0,True,False,0
3062,5656,41.17030035588986,-8.589618494513399,0.024500342895843248,1103.9981143111636,0,None,None,1,True,False,0,True,False,0
3063,5657,41.17030035588986,-8.588421566013505,0.010256392192027553,466.601751031179,0,None,None,1,True,False,0,True,False,0
3064,5658,41.17030035588986,-8.58722463751361,0.03474311807899259,1562.3476121007723,0,None,None,1,True,False,0,True,False,0
3065,5659,41.17030035588986,-8.586027709013715,0.0834345017063787,3741.217189264683,0,None,None,1,True,False,0,True,False,0
3066,5660,41.17030035588986,-8.58483078051382,0.13735566174019398,6154.111759321363,0,None,None,2,True,False,0,True,False,0
3067,5661,41.17030035588986,-8.583633852013927,0.18724263414760994,8386.482219506812,0,None,None,2,True,False,0,True,False,0
3068,5662,41.17030035588986,-8.582436923514033,0.2311567647939891,10351.576577991638,0,None,None,2,True,False,0,True,False,0
3069,5663,41.17030035588986,-8.581239995014139,0.2699430221721692,12087.205962855407,0,None,None,2,True,False,0,True,False,0
3070,5664,41.17030035588986,-8.580043066514243,0.30499080893257036,13655.544149823983,0,None,None,2,True,False,0,True,False,0
3071,5665,41.17030035588986,-8.578846138014349,0.33748909937856164,15109.796033575767,0,None,None,2,True,False,0,True,False,0
3072,5666,41.17030035588986,-8.577649209514455,0.3682656419734054,16487.00217056625,0,None,None,3,True,False,0,True,False,0
3073,5667,41.17030035588986,-8.57645228101456,0.3978102423411022,17809.080659920037,0,None,None,3,True,False,0,True,False,0
3074,5668,41.17030035588986,-8.575255352514665,0.42634173130869885,19085.823867268926,0,None,None,3,True,False,0,False,False,0
3075,5669,41.17030035588986,-8.57405842401477,0.45387548061511757,20317.919655881335,0,None,None,3,True,False,0,False,False,0
3076,5670,41.17030035588986,-8.572861495514877,0.48028127541545157,21499.541098220485,0,None,None,3,True,False,0,True,False,0
3077,5671,41.17030035588986,-8.571664567014983,0.5053309071762742,22620.476189744913,0,None,None,3,True,False,0,True,False,0
3078,5672,41.17030035588986,-8.570467638515087,0.5287359203887163,23667.816960176973,0,None,None,3,True,False,0,True,False,0
3079,5713,41.171206729708636,-8.687766631504747,0.6910693420692571,30932.004738519605,0,None,None,3,True,False,0,True,False,0
3080,5714,41.171206729708636,-8.686569703004851,0.6498408660745735,29087.089573547302,0,None,None,3,True,False,0,True,False,0
3081,5715,41.171206729708636,-8.685372774504957,0.6080184530130057,27215.59657674161,0,None,None,3,True,False,0,True,False,0
3082,5716,41.171206729708636,-8.684175846005063,0.5654237995099892,25309.546927839016,0,None,None,3,True,False,0,False,False,0
3083,5717,41.171206729708636,-8.682978917505169,0.5218373094074704,23359.11401374291,0,None,None,3,True,False,0,False,False,0
3084,5718,41.171206729708636,-8.681781989005273,0.476990307595347,21352.275008648565,0,None,None,3,True,False,0,True,False,0
3085,5719,41.171206729708636,-8.68058506050538,0.4305547547828499,19274.35062481504,0,None,None,3,True,False,0,True,False,0
3086,5720,41.171206729708636,-8.679388132005485,0.3821098562236711,17106.510900909194,0,None,None,3,True,False,0,True,False,0
3087,5721,41.171206729708636,-8.678191203505591,0.33104083815871194,14821.245593008001,0,None,None,2,True,False,0,True,False,0
3088,5722,41.171206729708636,-8.676994275005697,0.27628698994830303,12371.089421409491,0,None,None,2,True,False,0,True,False,0
3089,5723,41.171206729708636,-8.675797346505801,0.21583935697724865,9666.144548614328,0,None,None,2,True,False,0,False,False,0
3090,5724,41.171206729708636,-8.674600418005907,0.1462996932803352,6554.344341930648,0,None,None,2,True,False,0,True,False,0
3091,5725,41.171206729708636,-8.673403489506013,0.0666657670200377,2990.8403641737705,0,None,None,1,True,False,0,True,False,0
3092,5726,41.171206729708636,-8.672206561006119,0.005399468793113095,249.26139542546682,0,None,None,1,True,False,0,True,False,0
3093,5727,41.171206729708636,-8.671009632506223,0.029491910799593297,1327.3636183818203,0,None,None,1,True,False,0,True,False,0
3094,5728,41.171206729708636,-8.669812704006329,0.09239448851876128,4142.16374742143,0,None,None,1,True,False,0,True,False,0
3095,5729,41.171206729708636,-8.668615775506435,0.13096087169121465,5867.954076954028,0,None,None,1,True,False,0,True,False,0
3096,5730,41.171206729708636,-8.667418847006541,0.153482167349835,6875.749754406947,0,None,None,2,True,False,0,True,False,0
3097,5731,41.171206729708636,-8.666221918506645,0.1724385232847465,7724.0194925714295,0,None,None,2,True,False,0,True,False,0
3098,5732,41.171206729708636,-8.665024990006751,0.19288983781686014,8639.186483676809,0,None,None,2,True,False,0,True,False,0
3099,5733,41.171206729708636,-8.663828061506857,0.2158399778593445,9666.172332197559,0,None,None,2,True,False,0,True,False,0
3100,5734,41.171206729708636,-8.662631133006963,0.24019362574746522,10755.96314369841,0,None,None,2,True,False,0,True,False,0
3101,5735,41.171206729708636,-8.661434204507067,0.2639692043344125,11819.8861831216,0,None,None,2,True,False,0,True,False,0
3102,5736,41.171206729708636,-8.660237276007173,0.2851755109698533,12768.837987932973,0,None,None,2,True,False,0,True,False,0
3103,5737,41.171206729708636,-8.659040347507279,0.30228000835660646,13534.23971226834,0,None,None,2,True,False,0,True,False,0
3104,5738,41.171206729708636,-8.657843419007385,0.31432724610764184,14073.336321751989,0,None,None,2,True,False,0,True,False,0
3105,5739,41.171206729708636,-8.656646490507491,0.32085933582814274,14365.637967485045,0,None,None,2,True,False,0,True,False,0
3106,5740,41.171206729708636,-8.655449562007595,0.32176353693224885,14406.099669958967,0,None,None,2,True,False,0,True,False,0
3107,5741,41.171206729708636,-8.654252633507701,0.3171141873598723,14198.04794535869,0,None,None,2,True,False,0,True,False,0
3108,5742,41.171206729708636,-8.653055705007807,0.30703599386746466,13747.063242163122,0,None,None,2,True,False,0,True,False,0
3109,5743,41.171206729708636,-8.651858776507913,0.29159806626370494,13056.23812518345,0,None,None,2,True,False,0,True,False,0
3110,5744,41.171206729708636,-8.650661848008017,0.2707425810661222,12122.985076517833,0,None,None,2,True,False,0,True,False,0
3111,5745,41.171206729708636,-8.649464919508123,0.24424881625613148,10937.427102425743,0,None,None,2,True,False,0,True,False,0
3112,5746,41.171206729708636,-8.648267991008229,0.21173594579478652,9482.52278389963,0,None,None,2,True,False,0,True,False,0
3113,5747,41.171206729708636,-8.647071062508335,0.17275984997062763,7738.39840087182,0,None,None,2,True,False,0,True,False,0
3114,5748,41.171206729708636,-8.645874134008439,0.12728751837477897,5703.576784893381,0,None,None,1,True,False,0,False,False,0
3115,5749,41.171206729708636,-8.644677205508545,0.07735403737935992,3469.1251321040786,0,None,None,1,True,False,0,True,False,0
3116,5750,41.171206729708636,-8.643480277008651,0.03070053651600761,1381.447885607119,0,None,None,1,True,False,0,False,False,0
3117,5751,41.171206729708636,-8.642283348508757,0.003147887661899609,148.5063693440539,0,None,None,1,True,False,0,True,False,0
3118,5752,41.171206729708636,-8.641086420008861,0.009353557739231301,426.20120424312745,0,None,None,1,True,False,0,False,False,0
3119,5753,41.171206729708636,-8.639889491508967,0.0443968690310553,1994.3391204122352,0,None,None,1,True,False,0,True,False,0
3120,5754,41.171206729708636,-8.638692563009073,0.08616698554272582,3863.491921621236,0,None,None,1,True,False,0,True,False,0
3121,5755,41.171206729708636,-8.637495634509179,0.11551011593116657,5176.554918380435,0,None,None,1,True,False,0,True,False,0
3122,5756,41.171206729708636,-8.636298706009283,0.12462389879308533,5584.383629157587,0,None,None,1,True,False,0,True,False,0
3123,5757,41.171206729708636,-8.635101777509389,0.11268114807213227,5049.962664399845,0,None,None,1,True,False,0,True,False,0
3124,5758,41.171206729708636,-8.633904849009495,0.08232667878339449,3691.6437024595666,0,None,None,1,True,False,0,True,False,0
3125,5759,41.171206729708636,-8.632707920509601,0.04290282226474845,1927.4826705960263,0,None,None,1,True,False,0,True,False,0
3126,5760,41.171206729708636,-8.631510992009707,0.01611264128558513,728.6604980960203,0,None,None,1,True,False,0,True,False,0
3127,5761,41.171206729708636,-8.630314063509811,0.02333601631198212,1051.8961697274544,0,None,None,1,True,False,0,True,False,0
3128,5762,41.171206729708636,-8.629117135009917,0.0548502376521485,2462.112372486537,0,None,None,1,True,False,0,False,False,0
3129,5763,41.171206729708636,-8.627920206510023,0.07191045272675035,3225.53252686917,0,None,None,1,True,False,0,True,False,0
3130,5764,41.171206729708636,-8.626723278010129,0.04727663799995583,2123.2046511931044,0,None,None,1,True,False,0,True,False,0
3131,5765,41.171206729708636,-8.625526349510233,0.03377436829200549,1518.9974486529009,0,None,None,1,True,False,0,True,False,0
3132,5766,41.171206729708636,-8.624329421010339,0.07863812399434997,3526.586166303805,0,None,None,1,True,False,0,True,False,0
3133,5767,41.171206729708636,-8.623132492510445,0.1320747754714675,5917.79967339988,0,None,None,1,True,False,0,True,False,0
3134,5768,41.171206729708636,-8.62193556401055,0.16910019537912274,7574.634107103152,0,None,None,2,True,False,0,True,False,0
3135,5769,41.171206729708636,-8.620738635510655,0.1899720960363138,8508.621724040839,0,None,None,2,True,False,0,True,False,0
3136,5770,41.171206729708636,-8.619541707010761,0.19784140170416029,8860.761865390827,0,None,None,2,True,False,0,True,False,0
3137,5771,41.171206729708636,-8.618344778510867,0.19391877627080012,8685.230003639608,0,None,None,2,True,False,0,True,False,0
3138,5772,41.171206729708636,-8.617147850010973,0.17667393943726165,7913.54829035555,0,None,None,2,True,False,0,True,False,0
3139,5773,41.171206729708636,-8.615950921511077,0.1417020633644055,6348.606997772624,0,None,None,2,True,False,0,True,False,0
3140,5774,41.171206729708636,-8.614753993011183,0.08735474166894223,3916.6423046193363,0,None,None,1,True,False,0,True,False,0
3141,5775,41.171206729708636,-8.613557064511289,0.041614209098952415,1869.8190797403604,0,None,None,1,True,False,0,False,False,0
3142,5776,41.171206729708636,-8.612360136011395,0.05917011580030029,2655.420723427896,0,None,None,1,True,False,0,True,False,0
3143,5777,41.171206729708636,-8.611163207511499,0.11588816072137513,5193.471880496242,0,None,None,1,True,False,0,True,False,0
3144,5778,41.171206729708636,-8.609966279011605,0.16185054835715237,7250.222801352871,0,None,None,2,True,False,0,True,False,0
3145,5779,41.171206729708636,-8.60876935051171,0.189910032835222,8505.84448481192,0,None,None,2,True,False,0,True,False,0
3146,5780,41.171206729708636,-8.607572422011817,0.20638488310447456,9243.07040376928,0,None,None,2,True,False,0,True,False,0
3147,5781,41.171206729708636,-8.606375493511923,0.21630108770916764,9686.806336587304,0,None,None,2,True,False,0,True,False,0
3148,5782,41.171206729708636,-8.605178565012027,0.22236067680895666,9957.964257271618,0,None,None,2,True,False,0,True,False,0
3149,5783,41.171206729708636,-8.603981636512133,0.22578002253422857,10110.975073961783,0,None,None,2,True,False,0,True,False,0
3150,5784,41.171206729708636,-8.602784708012239,0.22687500884962902,10159.974140989629,0,None,None,2,True,False,0,True,False,0
3151,5785,41.171206729708636,-8.601587779512345,0.2253874448185394,10093.407784275923,0,None,None,2,True,False,0,True,False,0
3152,5786,41.171206729708636,-8.600390851012449,0.22074602973810084,9885.711116809087,0,None,None,2,True,False,0,True,False,0
3153,5787,41.171206729708636,-8.599193922512555,0.21244980800971078,9514.46709409398,0,None,None,2,True,False,0,True,False,0
3154,5788,41.171206729708636,-8.59799699401266,0.20070873023045196,8989.070704208816,0,None,None,2,True,False,0,True,False,0
3155,5789,41.171206729708636,-8.596800065512767,0.18707731888720858,8379.084598722693,0,None,None,2,True,False,0,True,False,0
3156,5790,41.171206729708636,-8.595603137012871,0.17374817043414809,7782.62432402349,0,None,None,2,True,False,0,True,False,0
3157,5791,41.171206729708636,-8.594406208512977,0.16024445280378122,7178.352329031965,0,None,None,2,True,False,0,True,False,0
3158,5792,41.171206729708636,-8.593209280013083,0.14084156537791556,6310.100947126752,0,None,None,2,True,False,0,True,False,0
3159,5793,41.171206729708636,-8.592012351513189,0.1082235165571547,4850.490047878657,0,None,None,1,True,False,0,True,False,0
3160,5794,41.171206729708636,-8.590815423013293,0.062075902704845975,2785.450519510234,0,None,None,1,True,False,0,False,False,0
3161,5795,41.171206729708636,-8.589618494513399,0.017790605829378397,803.7470046535079,0,None,None,1,True,False,0,True,False,0
3162,5796,41.171206729708636,-8.588421566013505,0.0026093300581000105,124.40668905053182,0,None,None,1,True,False,0,True,False,0
3163,5797,41.171206729708636,-8.58722463751361,0.028450066257822346,1280.7425695003458,0,None,None,1,True,False,0,True,False,0
3164,5798,41.171206729708636,-8.586027709013715,0.07977116828134624,3577.2882729723656,0,None,None,1,True,False,0,True,False,0
3165,5799,41.171206729708636,-8.58483078051382,0.13621042942080602,6102.864255685097,0,None,None,2,True,False,0,True,False,0
3166,5800,41.171206729708636,-8.583633852013927,0.18778124060737147,8410.584086034554,0,None,None,2,True,False,0,True,False,0
3167,5801,41.171206729708636,-8.582436923514033,0.23256170784036587,10414.445764146303,0,None,None,2,True,False,0,True,False,0
3168,5802,41.171206729708636,-8.581239995014139,0.27167594364130787,12164.751712995001,0,None,None,2,True,False,0,True,False,0
3169,5803,41.171206729708636,-8.580043066514243,0.3067558004067167,13734.524986688273,0,None,None,2,True,False,0,True,False,0
3170,5804,41.171206729708636,-8.578846138014349,0.33911944503768315,15182.751663346024,0,None,None,2,True,False,0,True,False,0
3171,5805,41.171206729708636,-8.577649209514455,0.3696306791724243,16548.08562729034,0,None,None,3,True,False,0,True,False,0
3172,5806,41.171206729708636,-8.57645228101456,0.39876085043586057,17851.619008662088,0,None,None,3,True,False,0,True,False,0
3173,5807,41.171206729708636,-8.575255352514665,0.42668452157598824,19101.16324005119,0,None,None,3,True,False,0,True,False,0
3174,5808,41.171206729708636,-8.57405842401477,0.4533624861823552,20294.963890825366,0,None,None,3,True,False,0,False,False,0
3175,5809,41.171206729708636,-8.572861495514877,0.4786071633514283,21424.626984606923,0,None,None,3,True,False,0,False,False,0
3176,5810,41.171206729708636,-8.571664567014983,0.5021350770373838,22477.46737494723,0,None,None,3,True,False,0,False,False,0
3177,5811,41.171206729708636,-8.570467638515087,0.5236092851575589,23438.407386937757,0,None,None,3,True,False,0,True,False,0
3178,5812,41.171206729708636,-8.569270710015193,0.5426692980044828,24291.315623235198,0,None,None,3,True,False,0,True,False,0
3179,5813,41.171206729708636,-8.568073781515299,0.5589405669441572,25019.431569699456,0,None,None,3,True,False,0,True,False,0
3180,5851,41.172113103527415,-8.688963560004641,0.7044932879758189,31532.707063290898,0,None,None,3,True,False,0,True,False,0
3181,5852,41.172113103527415,-8.687766631504747,0.6646951415029699,29751.797092837078,0,None,None,3,True,False,0,True,False,0
3182,5853,41.172113103527415,-8.686569703004851,0.6243621153065803,27946.952021955974,0,None,None,3,True,False,0,False,False,0
3183,5854,41.172113103527415,-8.685372774504957,0.5833689308173629,26112.565814364483,0,None,None,3,True,False,0,False,False,0
3184,5855,41.172113103527415,-8.684175846005063,0.5415548863552098,24241.44730037915,0,None,None,3,True,False,0,True,False,0
3185,5856,41.172113103527415,-8.682978917505169,0.4987096645370451,22324.18507877467,0,None,None,3,True,False,0,True,False,0
3186,5857,41.172113103527415,-8.681781989005273,0.45457501421577423,20349.222781139364,0,None,None,3,True,False,0,True,False,0
3187,5863,41.172113103527415,-8.674600418005907,0.14281872382509775,6398.575951714112,0,None,None,2,True,False,0,True,False,0
3188,5864,41.172113103527415,-8.673403489506013,0.07873268125026324,3530.8174678783535,0,None,None,1,True,False,0,True,False,0
3189,5865,41.172113103527415,-8.672206561006119,0.03232655596967607,1454.2099238886153,0,None,None,1,True,False,0,True,False,0
3190,5866,41.172113103527415,-8.671009632506223,0.04755043265605429,2135.45656933797,0,None,None,1,True,False,0,True,False,0
3191,5867,41.172113103527415,-8.669812704006329,0.08439941828834045,3784.3958222858028,0,None,None,1,True,False,0,False,False,0
3192,5868,41.172113103527415,-8.668615775506435,0.10461983928972336,4689.230659071577,0,None,None,1,True,False,0,True,False,0
3193,5869,41.172113103527415,-8.667418847006541,0.11856998690811996,5313.479755693555,0,None,None,1,True,False,0,False,False,0
3194,5870,41.172113103527415,-8.666221918506645,0.13439411934181722,6021.586984862605,0,None,None,1,True,False,0,True,False,0
3195,5871,41.172113103527415,-8.665024990006751,0.15514958055139358,6950.3641035336805,0,None,None,2,True,False,0,True,False,0
3196,5872,41.172113103527415,-8.663828061506857,0.18092094623087385,8103.595752703805,0,None,None,2,True,False,0,True,False,0
3197,5873,41.172113103527415,-8.662631133006963,0.20953134177536084,9383.869916189415,0,None,None,2,True,False,0,True,False,0
3198,5874,41.172113103527415,-8.661434204507067,0.23793771593552326,10655.014415363212,0,None,None,2,True,False,0,True,False,0
3199,5875,41.172113103527415,-8.660237276007173,0.2634397525074777,11796.193973281966,0,None,None,2,True,False,0,True,False,0
3200,5876,41.172113103527415,-8.659040347507279,0.28417812314683033,12724.206313449273,0,None,None,2,True,False,0,True,False,0
3201,5877,41.172113103527415,-8.657843419007385,0.299132356915035,13393.386825070884,0,None,None,2,True,False,0,True,False,0
3202,5878,41.172113103527415,-8.656646490507491,0.30791986652657216,13786.615275881324,0,None,None,2,True,False,0,True,False,0
3203,5879,41.172113103527415,-8.655449562007595,0.3105650363436838,13904.98283111537,0,None,None,2,True,False,0,True,False,0
3204,5880,41.172113103527415,-8.654252633507701,0.3072976248715174,13758.770854325794,0,None,None,2,True,False,0,True,False,0
3205,5881,41.172113103527415,-8.653055705007807,0.2983913928593188,13360.229746374442,0,None,None,2,True,False,0,True,False,0
3206,5882,41.172113103527415,-8.651858776507913,0.2840464227782065,12718.312910856905,0,None,None,2,True,False,0,True,False,0
3207,5883,41.172113103527415,-8.650661848008017,0.26432675251495075,11835.885951353835,0,None,None,2,True,False,0,True,False,0
3208,5884,41.172113103527415,-8.649464919508123,0.23916804661074903,10710.06994836296,0,None,None,2,True,False,0,True,False,0
3209,5885,41.172113103527415,-8.648267991008229,0.20845485757894755,9335.698792447853,0,None,None,2,True,False,0,True,False,0
3210,5886,41.172113103527415,-8.647071062508335,0.17215192069782895,7711.19443789338,0,None,None,2,True,False,0,False,False,0
3211,5887,41.172113103527415,-8.645874134008439,0.13059367965606486,5851.522760060524,0,None,None,1,True,False,0,True,False,0
3212,5888,41.172113103527415,-8.644677205508545,0.08557691347212684,3837.0870428278736,0,None,None,1,True,False,0,False,False,0
3213,5889,41.172113103527415,-8.643480277008651,0.043226733903947594,1941.9772518496868,0,None,None,1,True,False,0,False,False,0
3214,5890,41.172113103527415,-8.642283348508757,0.016052178597206427,725.9548795153275,0,None,None,1,True,False,0,True,False,0
3215,5891,41.172113103527415,-8.641086420008861,0.022031605748947726,993.5256680042636,0,None,None,1,True,False,0,True,False,0
3216,5892,41.172113103527415,-8.639889491508967,0.055161951402524015,2476.0611157113008,0,None,None,1,True,False,0,True,False,0
3217,5893,41.172113103527415,-8.638692563009073,0.09339620472777439,4186.989110969798,0,None,None,1,True,False,0,True,False,0
3218,5894,41.172113103527415,-8.637495634509179,0.12038957664100745,5394.903786323863,0,None,None,1,True,False,0,True,False,0
3219,5895,41.172113103527415,-8.636298706009283,0.12779465141330018,5726.270260964312,0,None,None,1,True,False,0,True,False,0
3220,5896,41.172113103527415,-8.635101777509389,0.11313211726426245,5070.142888903016,0,None,None,1,True,False,0,True,False,0
3221,5897,41.172113103527415,-8.633904849009495,0.07813965365134294,3504.2803334318546,0,None,None,1,True,False,0,True,False,0
3222,5898,41.172113103527415,-8.632707920509601,0.03304881954455165,1486.530182890352,0,None,None,1,True,False,0,True,False,0
3223,5899,41.172113103527415,-8.631510992009707,0.0025076416496332852,119.85627862773688,0,None,None,1,True,False,0,True,False,0
3224,5900,41.172113103527415,-8.630314063509811,0.0109231942356753,496.440186061348,0,None,None,1,True,False,0,True,False,0
3225,5901,41.172113103527415,-8.629117135009917,0.04922586980405187,2210.429978558754,0,None,None,1,True,False,0,True,False,0
3226,5902,41.172113103527415,-8.627920206510023,0.08200342260762167,3677.1784522540743,0,None,None,1,True,False,0,True,False,0
3227,5903,41.172113103527415,-8.626723278010129,0.09006792348684117,4038.0532993360544,0,None,None,1,True,False,0,True,False,0
3228,5904,41.172113103527415,-8.625526349510233,0.09512601088173885,4264.395455223778,0,None,None,1,True,False,0,True,False,0
3229,5905,41.172113103527415,-8.624329421010339,0.12094581673383435,5419.7947326385965,0,None,None,1,True,False,0,True,False,0
3230,5906,41.172113103527415,-8.623132492510445,0.1556651317941334,6973.434282168799,0,None,None,2,True,False,0,True,False,0
3231,5907,41.172113103527415,-8.62193556401055,0.1842080692529362,8250.689793078096,0,None,None,2,True,False,0,True,False,0
3232,5908,41.172113103527415,-8.620738635510655,0.20221253554314592,9056.363834978742,0,None,None,2,True,False,0,True,False,0
3233,5909,41.172113103527415,-8.619541707010761,0.2097548380885728,9393.871055635202,0,None,None,2,True,False,0,True,False,0
3234,5910,41.172113103527415,-8.618344778510867,0.20722689176194434,9280.749083461546,0,None,None,2,True,False,0,True,False,0
3235,5911,41.172113103527415,-8.617147850010973,0.1941698742563372,8696.46627833167,0,None,None,2,True,False,0,True,False,0
3236,5912,41.172113103527415,-8.615950921511077,0.1699542358298114,7612.85119228424,0,None,None,2,True,False,0,True,False,0
3237,5913,41.172113103527415,-8.614753993011183,0.13831913934328877,6197.226000102175,0,None,None,2,True,False,0,True,False,0
3238,5914,41.172113103527415,-8.613557064511289,0.11615427028784908,5205.379901903469,0,None,None,1,True,False,0,True,False,0
3239,5915,41.172113103527415,-8.612360136011395,0.12380500417513403,5547.739269580305,0,None,None,1,True,False,0,True,False,0
3240,5916,41.172113103527415,-8.611163207511499,0.1526758165480819,6839.666712612396,0,None,None,2,True,False,0,True,False,0
3241,5917,41.172113103527415,-8.609966279011605,0.1807935792864982,8097.896264630923,0,None,None,2,True,False,0,True,False,0
3242,5918,41.172113103527415,-8.60876935051171,0.20019178209269567,8965.938016525339,0,None,None,2,True,False,0,True,False,0
3243,5919,41.172113103527415,-8.607572422011817,0.21210857295907906,9499.197315026431,0,None,None,2,True,False,0,True,False,0
3244,5920,41.172113103527415,-8.606375493511923,0.21924871940887644,9818.708627233387,0,None,None,2,True,False,0,True,False,0
3245,5921,41.172113103527415,-8.605178565012027,0.22359480006707136,10013.18950291578,0,None,None,2,True,False,0,True,False,0
3246,5922,41.172113103527415,-8.603981636512133,0.2262494519508545,10131.981367032839,0,None,None,2,True,False,0,True,False,0
3247,5923,41.172113103527415,-8.602784708012239,0.22760904496541745,10192.82120431135,0,None,None,2,True,False,0,True,False,0
3248,5924,41.172113103527415,-8.601587779512345,0.22754370786354536,10189.89746271841,0,None,None,2,True,False,0,True,False,0
3249,5925,41.172113103527415,-8.600390851012449,0.2256025646309659,10103.03408732634,0,None,None,2,True,False,0,True,False,0
3250,5926,41.172113103527415,-8.599193922512555,0.22129842549188866,9910.430034465924,0,None,None,2,True,False,0,True,False,0
3251,5927,41.172113103527415,-8.59799699401266,0.21444215726336507,9603.621865482135,0,None,None,2,True,False,0,True,False,0
3252,5928,41.172113103527415,-8.596800065512767,0.20527118990167526,9193.234230362434,0,None,None,2,True,False,0,True,False,0
3253,5929,41.172113103527415,-8.595603137012871,0.19388393267438578,8683.670802677747,0,None,None,2,True,False,0,True,False,0
3254,5930,41.172113103527415,-8.594406208512977,0.17894248106821886,8015.0622744733155,0,None,None,2,True,False,0,True,False,0
3255,5931,41.172113103527415,-8.593209280013083,0.15705504148216948,7035.630747100714,0,None,None,2,True,False,0,True,False,0
3256,5932,41.172113103527415,-8.592012351513189,0.12482869432452912,5593.547935442591,0,None,None,1,True,False,0,False,False,0
3257,5933,41.172113103527415,-8.590815423013293,0.08409602600211308,3770.8194526458315,0,None,None,1,True,False,0,False,False,0
3258,5934,41.172113103527415,-8.589618494513399,0.04765373812179292,2140.0793407542674,0,None,None,1,True,False,0,True,False,0
3259,5935,41.172113103527415,-8.588421566013505,0.03560721823514326,1601.0148546722146,0,None,None,1,True,False,0,True,False,0
3260,5936,41.172113103527415,-8.58722463751361,0.05686229789939845,2552.1491825657654,0,None,None,1,True,False,0,True,False,0
3261,5937,41.172113103527415,-8.586027709013715,0.1004355947860958,4501.991719177463,0,None,None,1,True,False,0,True,False,0
3262,5938,41.172113103527415,-8.58483078051382,0.1501159917886367,6725.118226294806,0,None,None,2,True,False,0,True,False,0
3263,5939,41.172113103527415,-8.583633852013927,0.19678037851702807,8813.282599638198,0,None,None,2,True,False,0,True,False,0
3264,5940,41.172113103527415,-8.582436923514033,0.23813945577578868,10664.041983850893,0,None,None,2,True,False,0,True,False,0
3265,5941,41.172113103527415,-8.581239995014139,0.2749124888541731,12309.582468953662,0,None,None,2,True,False,0,True,False,0
3266,5942,41.172113103527415,-8.580043066514243,0.30843386312321,13809.615886333273,0,None,None,2,True,False,0,True,False,0
3267,5943,41.172113103527415,-8.578846138014349,0.339771195473043,15211.916560494483,0,None,None,2,True,False,0,True,False,0
3268,5944,41.172113103527415,-8.577649209514455,0.3695629964882822,16545.056924255186,0,None,None,3,True,False,0,True,False,0
3269,5945,41.172113103527415,-8.57645228101456,0.3980850820978614,17821.379344820438,0,None,None,3,True,False,0,False,False,0
3270,5946,41.172113103527415,-8.575255352514665,0.4253478929508653,19041.351026261298,0,None,None,3,True,False,0,True,False,0
3271,5947,41.172113103527415,-8.57405842401477,0.45117422341171787,20197.04227055947,0,None,None,3,True,False,0,False,False,0
3272,5948,41.172113103527415,-8.572861495514877,0.4752589219206166,21274.797983105884,0,None,None,3,True,False,0,False,False,0
3273,5949,41.172113103527415,-8.571664567014983,0.49722055418463657,22257.549526399896,0,None,None,3,True,False,0,False,False,0
3274,5950,41.172113103527415,-8.570467638515087,0.5166489405442123,23126.94194901441,0,None,None,3,True,False,0,False,False,0
3275,5951,41.172113103527415,-8.569270710015193,0.5331428893951761,23865.022502109423,0,None,None,3,True,False,0,False,False,0
3276,5952,41.172113103527415,-8.568073781515299,0.5463221508484459,24454.775548557413,0,None,None,3,True,False,0,True,False,0
3277,5990,41.173019477346195,-8.688963560004641,0.6769124690079276,30298.504974841642,0,None,None,3,True,False,0,True,False,0
3278,5991,41.173019477346195,-8.687766631504747,0.6383318743389679,28572.078701224553,0,None,None,3,True,False,0,True,False,0
3279,5992,41.173019477346195,-8.686569703004851,0.599150450116667,26818.76616689131,0,None,None,3,True,False,0,True,False,0
3280,5993,41.173019477346195,-8.685372774504957,0.5592967048266173,25035.36822911555,0,None,None,3,True,False,0,True,False,0
3281,5994,41.173019477346195,-8.684175846005063,0.5186532414041022,23216.631537638903,0,None,None,3,True,False,0,True,False,0
3282,5995,41.173019477346195,-8.682978917505169,0.4770346518852008,21354.259352014586,0,None,None,3,True,False,0,True,False,0
3283,6003,41.173019477346195,-8.673403489506013,0.10744437782347262,4815.624707098834,0,None,None,1,True,False,0,True,False,0
3284,6004,41.173019477346195,-8.672206561006119,0.08007049187046224,3590.682574252511,0,None,None,1,True,False,0,True,False,0
3285,6005,41.173019477346195,-8.671009632506223,0.072655101159217,3258.854476140536,0,None,None,1,True,False,0,False,False,0
3286,6006,41.173019477346195,-8.669812704006329,0.07236283740790836,3245.7760924760382,0,None,None,1,True,False,0,False,False,0
3287,6007,41.173019477346195,-8.668615775506435,0.0750634383447346,3366.6241108100558,0,None,None,1,True,False,0,True,False,0
3288,6008,41.173019477346195,-8.667418847006541,0.08272285149153163,3709.37186290102,0,None,None,1,True,False,0,False,False,0
3289,6009,41.173019477346195,-8.666221918506645,0.09593298165788852,4300.506239983321,0,None,None,1,True,False,0,True,False,0
3290,6010,41.173019477346195,-8.665024990006751,0.11730621995764363,5256.927997335442,0,None,None,1,True,False,0,True,False,0
3291,6011,41.173019477346195,-8.663828061506857,0.1466977981996097,6572.1589660490445,0,None,None,2,True,False,0,True,False,0
3292,6012,41.173019477346195,-8.662631133006963,0.1803269324644535,8077.014488676182,0,None,None,2,True,False,0,True,False,0
3293,6013,41.173019477346195,-8.661434204507067,0.21372293027887276,9571.437489544536,0,None,None,2,True,False,0,True,False,0
3294,6014,41.173019477346195,-8.660237276007173,0.24348272409533306,10903.1455770692,0,None,None,2,True,False,0,True,False,0
3295,6015,41.173019477346195,-8.659040347507279,0.2675703739784719,11981.033359379577,0,None,None,2,True,False,0,True,False,0
3296,6016,41.173019477346195,-8.657843419007385,0.28504360884267915,12762.935556934868,0,None,None,2,True,False,0,True,False,0
3297,6017,41.173019477346195,-8.656646490507491,0.2956931353134372,13239.486591423969,0,None,None,2,True,False,0,True,False,0
3298,6018,41.173019477346195,-8.655449562007595,0.2997456259124343,13420.829733066204,0,None,None,2,True,False,0,True,False,0
3299,6019,41.173019477346195,-8.654252633507701,0.29763875928965,13326.550473666706,0,None,None,2,True,False,0,True,False,0
3300,6020,41.173019477346195,-8.653055705007807,0.2898439367217962,12977.743344207054,0,None,None,2,True,False,0,True,False,0
3301,6021,41.173019477346195,-8.651858776507913,0.27673086324801577,12390.952114904929,0,None,None,2,True,False,0,True,False,0
3302,6022,41.173019477346195,-8.650661848008017,0.25850379941005464,11575.317152023716,0,None,None,2,True,False,0,True,False,0
3303,6023,41.173019477346195,-8.649464919508123,0.23526592128965762,10535.455437231569,0,None,None,2,True,False,0,True,False,0
3304,6024,41.173019477346195,-8.648267991008229,0.2072544547816294,9281.982489057618,0,None,None,2,True,False,0,False,False,0
3305,6025,41.173019477346195,-8.647071062508335,0.17519478904938934,7847.358432107766,0,None,None,2,True,False,0,True,False,0
3306,6026,41.173019477346195,-8.645874134008439,0.140564524987824,6297.703787041192,0,None,None,2,True,False,0,False,False,0
3307,6027,41.173019477346195,-8.644677205508545,0.10571343606586131,4738.167546210502,0,None,None,1,True,False,0,False,False,0
3308,6028,41.173019477346195,-8.643480277008651,0.07488328848049554,3358.5626627821152,0,None,None,1,True,False,0,True,False,0
3309,6029,41.173019477346195,-8.642283348508757,0.05663039871142703,2541.772026527099,0,None,None,1,True,False,0,True,False,0
3310,6030,41.173019477346195,-8.641086420008861,0.06056211325418942,2717.7106128871633,0,None,None,1,True,False,0,True,False,0
3311,6031,41.173019477346195,-8.639889491508967,0.08375111147148087,3755.3850221258986,0,None,None,1,True,False,0,True,False,0
3312,6032,41.173019477346195,-8.638692563009073,0.11218113269144749,5027.587693307931,0,None,None,1,True,False,0,True,False,0
3313,6033,41.173019477346195,-8.637495634509179,0.13281478972479763,5950.91424980189,0,None,None,1,True,False,0,True,False,0
3314,6034,41.173019477346195,-8.636298706009283,0.13770126991280454,6169.5772293249065,0,None,None,2,True,False,0,True,False,0
3315,6035,41.173019477346195,-8.635101777509389,0.12367295353968552,5541.830193049933,0,None,None,1,True,False,0,True,False,0
3316,6036,41.173019477346195,-8.633904849009495,0.09246910819051242,4145.502870702065,0,None,None,1,True,False,0,True,False,0
3317,6037,41.173019477346195,-8.632707920509601,0.05413334025925249,2430.0322424314386,0,None,None,1,True,False,0,True,False,0
3318,6038,41.173019477346195,-8.631510992009707,0.029260271409044847,1316.9980879051934,0,None,None,1,True,False,0,True,False,0
3319,6039,41.173019477346195,-8.630314063509811,0.035908992391926145,1614.518815340498,0,None,None,1,True,False,0,True,False,0
3320,6040,41.173019477346195,-8.629117135009917,0.06779980896949601,3041.5871148065175,0,None,None,1,True,False,0,True,False,0
3321,6041,41.173019477346195,-8.627920206510023,0.10131912569050754,4541.528459863223,0,None,None,1,True,False,0,True,False,0
3322,6042,41.173019477346195,-8.626723278010129,0.12305762252266755,5514.295012634322,0,None,None,1,True,False,0,True,False,0
3323,6043,41.173019477346195,-8.625526349510233,0.13912785932410662,6233.41505926166,0,None,None,2,True,False,0,True,False,0
3324,6044,41.173019477346195,-8.624329421010339,0.15934468767562085,7138.089130118904,0,None,None,2,True,False,0,True,False,0
3325,6045,41.173019477346195,-8.623132492510445,0.18280819085236716,8188.047242558885,0,None,None,2,True,False,0,True,False,0
3326,6046,41.173019477346195,-8.62193556401055,0.20352261817640832,9114.98815370894,0,None,None,2,True,False,0,True,False,0
3327,6047,41.173019477346195,-8.620738635510655,0.21773821772218493,9751.11584333197,0,None,None,2,True,False,0,True,False,0
3328,6048,41.173019477346195,-8.619541707010761,0.22430816995797948,10045.11178231657,0,None,None,2,True,False,0,True,False,0
3329,6049,41.173019477346195,-8.618344778510867,0.22317374343357313,9994.347822506512,0,None,None,2,True,False,0,False,False,0
3330,6050,41.173019477346195,-8.617147850010973,0.21467069421167023,9613.848566118342,0,None,None,2,True,False,0,True,False,0
3331,6051,41.173019477346195,-8.615950921511077,0.20007037722545404,8960.505322852538,0,None,None,2,True,False,0,False,False,0
3332,6052,41.173019477346195,-8.614753993011183,0.18344804582267263,8216.679834708342,0,None,None,2,True,False,0,True,False,0
3333,6053,41.173019477346195,-8.613557064511289,0.1728122003514491,7740.741005325161,0,None,None,2,True,False,0,True,False,0
3334,6054,41.173019477346195,-8.612360136011395,0.1747257920984261,7826.371491254812,0,None,None,2,True,False,0,True,False,0
3335,6055,41.173019477346195,-8.611163207511499,0.18627866860511838,8343.346144137866,0,None,None,2,True,False,0,True,False,0
3336,6056,41.173019477346195,-8.609966279011605,0.19928402623346542,8925.317243858352,0,None,None,2,True,False,0,True,False,0
3337,6057,41.173019477346195,-8.60876935051171,0.20897986527293852,9359.192133712662,0,None,None,2,True,False,0,True,False,0
3338,6058,41.173019477346195,-8.607572422011817,0.2148657176168674,9622.575583770395,0,None,None,2,True,False,0,True,False,0
3339,6059,41.173019477346195,-8.606375493511923,0.21815258324595999,9769.658106178476,0,None,None,2,True,False,0,True,False,0
3340,6060,41.173019477346195,-8.605178565012027,0.22018419916461204,9860.570004503403,0,None,None,2,True,False,0,True,False,0
3341,6061,41.173019477346195,-8.603981636512133,0.22188267047841154,9936.57415960492,0,None,None,2,True,False,0,True,False,0
3342,6062,41.173019477346195,-8.602784708012239,0.2236115633992089,10013.939637984562,0,None,None,2,True,False,0,True,False,0
3343,6063,41.173019477346195,-8.601587779512345,0.22520241149265344,10085.127808343845,0,None,None,2,True,False,0,True,False,0
3344,6064,41.173019477346195,-8.600390851012449,0.22609212072001864,10124.941020119935,0,None,None,2,True,False,0,True,False,0
3345,6065,41.173019477346195,-8.599193922512555,0.2255498555848324,10100.675433114735,0,None,None,2,True,False,0,True,False,0
3346,6066,41.173019477346195,-8.59799699401266,0.22291345450873867,9982.700266463855,0,None,None,2,True,False,0,True,False,0
3347,6067,41.173019477346195,-8.596800065512767,0.21766591497758717,9747.88039921818,0,None,None,2,True,False,0,True,False,0
3348,6068,41.173019477346195,-8.595603137012871,0.20918633861588462,9368.431519655836,0,None,None,2,True,False,0,True,False,0
3349,6069,41.173019477346195,-8.594406208512977,0.19630718445239476,8792.10784396861,0,None,None,2,True,False,0,True,False,0
3350,6070,41.173019477346195,-8.593209280013083,0.17734574130123212,7943.610460173702,0,None,None,2,True,False,0,True,False,0
3351,6071,41.173019477346195,-8.592012351513189,0.15147900675021003,6786.111190793787,0,None,None,2,True,False,0,False,False,0
3352,6072,41.173019477346195,-8.590815423013293,0.12163598471962886,5450.67876006505,0,None,None,1,True,False,0,True,False,0
3353,6073,41.173019477346195,-8.589618494513399,0.09690173108735814,4343.856387432798,0,None,None,1,True,False,0,True,False,0
3354,6074,41.173019477346195,-8.588421566013505,0.08934658775674262,4005.774560057241,0,None,None,1,True,False,0,True,False,0
3355,6075,41.173019477346195,-8.58722463751361,0.10428914251846447,4674.432452890452,0,None,None,1,True,False,0,True,False,0
3356,6076,41.173019477346195,-8.586027709013715,0.1357161110265392,6080.74421656395,0,None,None,2,True,False,0,True,False,0
3357,6077,41.173019477346195,-8.58483078051382,0.17341763710404737,7767.833431599763,0,None,None,2,True,False,0,True,False,0
3358,6078,41.173019477346195,-8.583633852013927,0.2106972414731769,9436.042255366221,0,None,None,2,True,False,0,True,False,0
3359,6079,41.173019477346195,-8.582436923514033,0.24543702303480414,10990.597651474869,0,None,None,2,True,False,0,True,False,0
3360,6080,41.173019477346195,-8.581239995014139,0.27787528285969615,12442.163251036982,0,None,None,2,True,False,0,True,False,0
3361,6081,41.173019477346195,-8.580043066514243,0.30875039665247483,13823.780307750118,0,None,None,2,True,False,0,True,False,0
3362,6082,41.173019477346195,-8.578846138014349,0.3385617244479912,15157.794466920119,0,None,None,2,True,False,0,True,False,0
3363,6083,41.173019477346195,-8.577649209514455,0.3674751552019206,16451.62902137174,0,None,None,2,True,False,0,True,False,0
3364,6084,41.173019477346195,-8.57645228101456,0.39540787855717935,17701.578326403975,0,None,None,3,True,False,0,False,False,0
3365,6085,41.173019477346195,-8.575255352514665,0.42210372613224134,18896.179214376934,0,None,None,3,True,False,0,False,False,0
3366,6086,41.173019477346195,-8.57405842401477,0.447178050340501,20018.219257506727,0,None,None,3,True,False,0,True,False,0
3367,6087,41.173019477346195,-8.572861495514877,0.47015510108507785,21046.409321346928,0,None,None,3,True,False,0,False,False,0
3368,6088,41.173019477346195,-8.571664567014983,0.4905143839508833,21957.45802739002,0,None,None,3,True,False,0,True,False,0
3369,6089,41.173019477346195,-8.570467638515087,0.5077481898069914,22728.64612025628,0,None,None,3,True,False,0,True,False,0
3370,6090,41.173019477346195,-8.569270710015193,0.5214189328216439,23340.392261622837,0,None,None,3,True,False,0,True,False,0
3371,6091,41.173019477346195,-8.568073781515299,0.5311890687582006,23777.591831054382,0,None,None,3,True,False,0,True,False,0
3372,6143,41.173925851164974,-8.672206561006119,0.08339383806967927,3739.397549848,0,None,None,1,True,False,0,True,False,0
3373,6144,41.173925851164974,-8.671009632506223,0.059053128762449746,2650.1857212836626,0,None,None,1,True,False,0,True,False,0
3374,6145,41.173925851164974,-8.669812704006329,0.04254181338876425,1911.3280412064084,0,None,None,1,True,False,0,False,False,0
3375,6146,41.173925851164974,-8.668615775506435,0.04155164369586174,1867.0193676923218,0,None,None,1,True,False,0,False,False,0
3376,6147,41.173925851164974,-8.667418847006541,0.04841206697328188,2174.013469154464,0,None,None,1,True,False,0,True,False,0
3377,6148,41.173925851164974,-8.666221918506645,0.05834302430812752,2618.4095654863345,0,None,None,1,True,False,0,True,False,0
3378,6149,41.173925851164974,-8.665024990006751,0.0807839656741556,3622.6095036013935,0,None,None,1,True,False,0,True,False,0
3379,6150,41.173925851164974,-8.663828061506857,0.11522714529876017,5163.89238845729,0,None,None,1,True,False,0,True,False,0
3380,6151,41.173925851164974,-8.662631133006963,0.15467408262501078,6929.086253355332,0,None,None,2,True,False,0,True,False,0
3381,6152,41.173925851164974,-8.661434204507067,0.19301892402266624,8644.962906232693,0,None,None,2,True,False,0,True,False,0
3382,6153,41.173925851164974,-8.660237276007173,0.22649451782911703,10142.947713576477,0,None,None,2,True,False,0,True,False,0
3383,6154,41.173925851164974,-8.659040347507279,0.25320447503964116,11338.179987498306,0,None,None,2,True,False,0,True,False,0
3384,6155,41.173925851164974,-8.657843419007385,0.27246174954226865,12199.915399947538,0,None,None,2,True,False,0,True,False,0
3385,6156,41.173925851164974,-8.656646490507491,0.28430409942620777,12729.843571258178,0,None,None,2,True,False,0,True,False,0
3386,6157,41.173925851164974,-8.655449562007595,0.2891910005281657,12948.525386076768,0,None,None,2,True,False,0,True,False,0
3387,6158,41.173925851164974,-8.654252633507701,0.2877980485026668,12886.192780907146,0,None,None,2,True,False,0,True,False,0
3388,6159,41.173925851164974,-8.653055705007807,0.2808347522993604,12574.595263566689,0,None,None,2,True,False,0,True,False,0
3389,6160,41.173925851164974,-8.651858776507913,0.2688650786015509,12038.969534211414,0,None,None,2,True,False,0,True,False,0
3390,6161,41.173925851164974,-8.650661848008017,0.25218145059766295,11292.401111088073,0,None,None,2,True,False,0,True,False,0
3391,6162,41.173925851164974,-8.649464919508123,0.2308498190271222,10337.84119518996,0,None,None,2,True,False,0,True,False,0
3392,6163,41.173925851164974,-8.648267991008229,0.20507170841868222,9184.307720123432,0,None,None,2,True,False,0,True,False,0
3393,6164,41.173925851164974,-8.647071062508335,0.17593495211475385,7880.479667634868,0,None,None,2,True,False,0,False,False,0
3394,6165,41.173925851164974,-8.645874134008439,0.14628958954534402,6553.892214282017,0,None,None,2,True,False,0,False,False,0
3395,6166,41.173925851164974,-8.644677205508545,0.12066259411262811,5407.120926578096,0,None,None,1,True,False,0,True,False,0
3396,6167,41.173925851164974,-8.643480277008651,0.1030409993559108,4618.579836632002,0,None,None,1,True,False,0,True,False,0
3397,6168,41.173925851164974,-8.642283348508757,0.09564852542090928,4287.777231386408,0,None,None,1,True,False,0,True,False,0
3398,6169,41.173925851164974,-8.641086420008861,0.10054803768721889,4507.023377720995,0,None,None,1,True,False,0,True,False,0
3399,6170,41.173925851164974,-8.639889491508967,0.11631288535038663,5212.477698443566,0,None,None,1,True,False,0,True,False,0
3400,6171,41.173925851164974,-8.638692563009073,0.13581994953912527,6085.3908410621,0,None,None,2,True,False,0,True,False,0
3401,6172,41.173925851164974,-8.637495634509179,0.15041883836896064,6738.6701763783285,0,None,None,2,True,False,0,True,False,0
3402,6173,41.173925851164974,-8.636298706009283,0.1537382236899486,6887.207908354326,0,None,None,2,True,False,0,True,False,0
3403,6174,41.173925851164974,-8.635101777509389,0.14310106174322273,6411.210168580694,0,None,None,2,True,False,0,True,False,0
3404,6175,41.173925851164974,-8.633904849009495,0.12049089705643895,5399.43772958616,0,None,None,1,True,False,0,True,False,0
3405,6176,41.173925851164974,-8.632707920509601,0.09417921543508949,4222.027717015959,0,None,None,1,True,False,0,True,False,0
3406,6177,41.173925851164974,-8.631510992009707,0.07790081564258171,3493.5926751154957,0,None,None,1,True,False,0,False,False,0
3407,6178,41.173925851164974,-8.630314063509811,0.08214813373959565,3683.654067844462,0,None,None,1,True,False,0,False,False,0
3408,6179,41.173925851164974,-8.629117135009917,0.10389035001705366,4656.587060457685,0,None,None,1,True,False,0,True,False,0
3409,6180,41.173925851164974,-8.627920206510023,0.1305843858638686,5851.106876190231,0,None,None,1,True,False,0,True,False,0
3410,6181,41.173925851164974,-8.626723278010129,0.15346898823182176,6875.1600077792355,0,None,None,2,True,False,0,True,False,0
3411,6182,41.173925851164974,-8.625526349510233,0.17250208576588177,7726.863822431813,0,None,None,2,True,False,0,True,False,0
3412,6183,41.173925851164974,-8.624329421010339,0.1907924722502616,8545.332382913848,0,None,None,2,True,False,0,True,False,0
3413,6184,41.173925851164974,-8.623132492510445,0.20874309201120297,9348.596869864146,0,None,None,2,True,False,0,True,False,0
3414,6185,41.173925851164974,-8.62193556401055,0.22423408031543188,10041.79637708255,0,None,None,2,True,False,0,True,False,0
3415,6186,41.173925851164974,-8.620738635510655,0.23517286861216857,10531.291463383423,0,None,None,2,True,False,0,True,False,0
3416,6187,41.173925851164974,-8.619541707010761,0.24053735915442465,10771.344720628122,0,None,None,2,True,False,0,True,False,0
3417,6188,41.173925851164974,-8.618344778510867,0.24021791465575545,10757.050037505764,0,None,None,2,True,False,0,True,False,0
3418,6189,41.173925851164974,-8.617147850010973,0.23481170227420878,10515.129787796252,0,None,None,2,True,False,0,True,False,0
3419,6190,41.173925851164974,-8.615950921511077,0.22581645041695989,10112.605169463919,0,None,None,2,True,False,0,True,False,0
3420,6191,41.173925851164974,-8.614753993011183,0.21601023772454184,9673.791216954036,0,None,None,2,True,False,0,True,False,0
3421,6192,41.173925851164974,-8.613557064511289,0.20899446337389152,9359.84537779162,0,None,None,2,True,False,0,True,False,0
3422,6193,41.173925851164974,-8.612360136011395,0.20697231004571778,9269.356916817995,0,None,None,2,True,False,0,True,False,0
3423,6194,41.173925851164974,-8.611163207511499,0.20879556062650434,9350.944765140874,0,None,None,2,True,False,0,True,False,0
3424,6195,41.173925851164974,-8.609966279011605,0.21139243831390697,9467.151316837937,0,None,None,2,True,False,0,True,False,0
3425,6196,41.173925851164974,-8.60876935051171,0.21262870845590878,9522.472632456678,0,None,None,2,True,False,0,True,False,0
3426,6197,41.173925851164974,-8.607572422011817,0.21222994298585987,9504.628449638583,0,None,None,2,True,False,0,True,False,0
3427,6198,41.173925851164974,-8.606375493511923,0.21108640783144628,9453.456891700604,0,None,None,2,True,False,0,True,False,0
3428,6199,41.173925851164974,-8.605178565012027,0.2103759543099621,9421.66511564846,0,None,None,2,True,False,0,True,False,0
3429,6200,41.173925851164974,-8.603981636512133,0.2109966630572555,9449.440941780385,0,None,None,2,True,False,0,True,False,0
3430,6201,41.173925851164974,-8.602784708012239,0.2132815562076462,9551.686632939105,0,None,None,2,True,False,0,True,False,0
3431,6202,41.173925851164974,-8.601587779512345,0.21692484521624184,9714.71859034645,0,None,None,2,True,False,0,True,False,0
3432,6203,41.173925851164974,-8.600390851012449,0.22108943114897603,9901.077837390227,0,None,None,2,True,False,0,True,False,0
3433,6204,41.173925851164974,-8.599193922512555,0.22465335510266204,10060.558322427103,0,None,None,2,True,False,0,True,False,0
3434,6205,41.173925851164974,-8.59799699401266,0.22648859869973728,10142.682841026797,0,None,None,2,True,False,0,True,False,0
3435,6206,41.173925851164974,-8.596800065512767,0.22562612887981642,10104.088553663178,0,None,None,2,True,False,0,True,False,0
3436,6207,41.173925851164974,-8.595603137012871,0.2212308937800808,9907.408087226182,0,None,None,2,True,False,0,False,False,0
3437,6208,41.173925851164974,-8.594406208512977,0.21251107007936987,9517.208483840383,0,None,None,2,True,False,0,True,False,0
3438,6209,41.173925851164974,-8.593209280013083,0.19891222200429176,8908.67953789775,0,None,None,2,True,False,0,True,False,0
3439,6210,41.173925851164974,-8.592012351513189,0.18094871537843066,8104.8383822264805,0,None,None,2,True,False,0,True,False,0
3440,6211,41.173925851164974,-8.590815423013293,0.16152000818773704,7235.431602879624,0,None,None,2,True,False,0,True,False,0
3441,6212,41.173925851164974,-8.589618494513399,0.14644022017522831,6560.632718913299,0,None,None,2,True,False,0,True,False,0
3442,6213,41.173925851164974,-8.588421566013505,0.14219785141624558,6370.7928019621795,0,None,None,2,True,False,0,True,False,0
3443,6214,41.173925851164974,-8.58722463751361,0.1514675861577287,6785.600135661298,0,None,None,2,True,False,0,True,False,0
3444,6215,41.173925851164974,-8.586027709013715,0.17124873991650372,7670.778393400411,0,None,None,2,True,False,0,True,False,0
3445,6216,41.173925851164974,-8.58483078051382,0.19617527485935152,8786.205078883571,0,None,None,2,True,False,0,True,False,0
3446,6217,41.173925851164974,-8.583633852013927,0.22263498585176741,9970.239193484053,0,None,None,2,True,False,0,True,False,0
3447,6218,41.173925851164974,-8.582436923514033,0.24961321638300957,11177.476313711964,0,None,None,2,True,False,0,True,False,0
3448,6219,41.173925851164974,-8.581239995014139,0.2772303171964181,12413.30196270749,0,None,None,2,True,False,0,True,False,0
3449,6220,41.173925851164974,-8.580043066514243,0.30550038630141063,13678.347006170683,0,None,None,2,True,False,0,True,False,0
3450,6221,41.173925851164974,-8.578846138014349,0.33408948859638976,14957.668327282645,0,None,None,2,True,False,0,True,False,0
3451,6222,41.173925851164974,-8.577649209514455,0.3625042798228107,16229.189478098546,0,None,None,2,True,False,0,True,False,0
3452,6223,41.173925851164974,-8.57645228101456,0.39021758006410723,17469.31991350905,0,None,None,3,True,False,0,True,False,0
3453,6224,41.173925851164974,-8.575255352514665,0.41666989776033864,18653.0231887098,0,None,None,3,True,False,0,True,False,0
3454,6225,41.173925851164974,-8.57405842401477,0.4412398657213845,19752.4940131968,0,None,None,3,True,False,0,True,False,0
3455,6226,41.173925851164974,-8.572861495514877,0.4632449042162566,20737.187923062003,0,None,None,3,True,False,0,True,False,0
3456,6227,41.173925851164974,-8.571664567014983,0.4819857880970496,21575.81559586559,0,None,None,3,True,False,0,True,False,0
3457,6228,41.173925851164974,-8.570467638515087,0.4968277607432186,22239.972583297098,0,None,None,3,True,False,0,True,False,0
3458,6229,41.173925851164974,-8.569270710015193,0.5072998153754869,22708.582007569326,0,None,None,3,True,False,0,True,False,0
3459,6230,41.173925851164974,-8.568073781515299,0.5131735868593718,22971.424856468195,0,None,None,3,True,False,0,True,False,0
3460,6283,41.17483222498375,-8.671009632506223,0.03668532986577076,1649.2588037605626,0,None,None,1,True,False,0,True,False,0
3461,6284,41.17483222498375,-8.669812704006329,0.011329520689725208,514.6227120684399,0,None,None,1,True,False,0,True,False,0
3462,6285,41.17483222498375,-8.668615775506435,0.014236791160774758,644.7188956238817,0,None,None,1,True,False,0,False,False,0
3463,6286,41.17483222498375,-8.667418847006541,0.021605338456839283,974.4508180960604,0,None,None,1,True,False,0,True,False,0
3464,6287,41.17483222498375,-8.666221918506645,0.023784970536391375,1071.9862273152687,0,None,None,1,True,False,0,True,False,0
3465,6288,41.17483222498375,-8.665024990006751,0.04956409176944274,2225.5649263835735,0,None,None,1,True,False,0,True,False,0
3466,6289,41.17483222498375,-8.663828061506857,0.09075802016657288,4068.9341359184746,0,None,None,1,True,False,0,True,False,0
3467,6290,41.17483222498375,-8.662631133006963,0.13579625299719963,6084.330454799904,0,None,None,2,True,False,0,True,False,0
3468,6291,41.17483222498375,-8.661434204507067,0.17789992418306916,7968.409349247387,0,None,None,2,True,False,0,True,False,0
3469,6292,41.17483222498375,-8.660237276007173,0.2136778076744399,9569.418317717473,0,None,None,2,True,False,0,True,False,0
3470,6293,41.17483222498375,-8.659040347507279,0.24170799357886857,10823.728932030303,0,None,None,2,True,False,0,True,False,0
3471,6294,41.17483222498375,-8.657843419007385,0.2616427517340235,11715.780766185975,0,None,None,2,True,False,0,True,False,0
3472,6295,41.17483222498375,-8.656646490507491,0.2737375883839424,12257.007358121498,0,None,None,2,True,False,0,True,False,0
3473,6296,41.17483222498375,-8.655449562007595,0.27863864587108894,12476.32265087216,0,None,None,2,True,False,0,True,False,0
3474,6297,41.17483222498375,-8.654252633507701,0.2772547109843032,12414.393549726283,0,None,None,2,True,False,0,True,False,0
3475,6298,41.17483222498375,-8.653055705007807,0.2705848823497619,12115.92828515481,0,None,None,2,True,False,0,True,False,0
3476,6299,41.17483222498375,-8.651858776507913,0.25945323461969344,11617.803015838987,0,None,None,2,True,False,0,True,False,0
3477,6300,41.17483222498375,-8.650661848008017,0.2442071692081966,10935.563456766822,0,None,None,2,True,False,0,True,False,0
3478,6301,41.17483222498375,-8.649464919508123,0.22454698087277356,10055.798228216761,0,None,None,2,True,False,0,True,False,0
3479,6302,41.17483222498375,-8.648267991008229,0.19973250756530922,8945.386140182152,0,None,None,2,True,False,0,False,False,0
3480,6303,41.17483222498375,-8.647071062508335,0.1694795288236185,7591.608734649939,0,None,None,2,True,False,0,True,False,0
3481,6304,41.17483222498375,-8.645874134008439,0.1361256708133085,6099.071429572527,0,None,None,2,True,False,0,True,False,0
3482,6305,41.17483222498375,-8.644677205508545,0.10844411079591394,4860.3613236552565,0,None,None,1,True,False,0,True,False,0
3483,6306,41.17483222498375,-8.643480277008651,0.09976151999725334,4471.827839231444,0,None,None,1,True,False,0,True,False,0
3484,6307,41.17483222498375,-8.642283348508757,0.10934033126925881,4900.465904349576,0,None,None,1,True,False,0,True,False,0
3485,6308,41.17483222498375,-8.641086420008861,0.125058667193579,5603.838891472521,0,None,None,1,True,False,0,True,False,0
3486,6309,41.17483222498375,-8.639889491508967,0.14230612790382274,6375.638019475599,0,None,None,2,True,False,0,True,False,0
3487,6310,41.17483222498375,-8.638692563009073,0.15878667176482417,7113.118718497155,0,None,None,2,True,False,0,True,False,0
3488,6311,41.17483222498375,-8.637495634509179,0.17058472813751685,7641.0648187116185,0,None,None,2,True,False,0,True,False,0
3489,6312,41.17483222498375,-8.636298706009283,0.17407878490399853,7797.418847334637,0,None,None,2,True,False,0,True,False,0
3490,6313,41.17483222498375,-8.635101777509389,0.16788093100347454,7520.073775136626,0,None,None,2,True,False,0,True,False,0
3491,6314,41.17483222498375,-8.633904849009495,0.15399926421930357,6898.889097621217,0,None,None,2,True,False,0,True,False,0
3492,6315,41.17483222498375,-8.632707920509601,0.13832817404100514,6197.630289866125,0,None,None,2,True,False,0,True,False,0
3493,6316,41.17483222498375,-8.631510992009707,0.12907814242474733,5783.7046427597925,0,None,None,1,True,False,0,False,False,0
3494,6317,41.17483222498375,-8.630314063509811,0.13201399740252498,5915.07994199132,0,None,None,1,True,False,0,False,False,0
3495,6318,41.17483222498375,-8.629117135009917,0.14616821216169543,6548.460750460585,0,None,None,2,True,False,0,True,False,0
3496,6319,41.17483222498375,-8.627920206510023,0.1655934363161017,7417.711668929453,0,None,None,2,True,False,0,True,False,0
3497,6320,41.17483222498375,-8.626723278010129,0.18501758660076575,8286.914533267654,0,None,None,2,True,False,0,True,False,0
3498,6321,41.17483222498375,-8.625526349510233,0.20266249890926277,9076.499050210516,0,None,None,2,True,False,0,True,False,0
3499,6322,41.17483222498375,-8.624329421010339,0.21876024932233776,9796.850291494595,0,None,None,2,True,False,0,True,False,0
3500,6323,41.17483222498375,-8.623132492510445,0.23323901466617208,10444.754273110599,0,None,None,2,True,False,0,True,False,0
3501,6324,41.17483222498375,-8.62193556401055,0.24517367218594094,10978.813078723777,0,None,None,2,True,False,0,True,False,0
3502,6325,41.17483222498375,-8.620738635510655,0.25348177156455953,11350.588609249982,0,None,None,2,True,False,0,True,False,0
3503,6326,41.17483222498375,-8.619541707010761,0.2575195363902855,11531.27279366015,0,None,None,2,True,False,0,True,False,0
3504,6327,41.17483222498375,-8.618344778510867,0.2572387561540853,11518.708280825453,0,None,None,2,True,False,0,True,False,0
3505,6328,41.17483222498375,-8.617147850010973,0.25317528574096215,11336.873808249899,0,None,None,2,True,False,0,True,False,0
3506,6329,41.17483222498375,-8.615950921511077,0.24645208036774072,11036.02001118306,0,None,None,2,True,False,0,True,False,0
3507,6330,41.17483222498375,-8.614753993011183,0.2386855517722465,10688.478996403228,0,None,None,2,True,False,0,True,False,0
3508,6331,41.17483222498375,-8.613557064511289,0.23149812228937558,10366.851836286334,0,None,None,2,True,False,0,True,False,0
3509,6332,41.17483222498375,-8.612360136011395,0.22565707739662574,10105.473455399595,0,None,None,2,True,False,0,True,False,0
3510,6333,41.17483222498375,-8.611163207511499,0.22063773748422694,9880.865193776503,0,None,None,2,True,False,0,True,False,0
3511,6334,41.17483222498375,-8.609966279011605,0.21530021420556017,9642.01868289711,0,None,None,2,True,False,0,True,False,0
3512,6335,41.17483222498375,-8.60876935051171,0.20903038657122616,9361.452889346147,0,None,None,2,True,False,0,True,False,0
3513,6336,41.17483222498375,-8.607572422011817,0.2022689835908646,9058.889804148272,0,None,None,2,True,False,0,True,False,0
3514,6337,41.17483222498375,-8.606375493511923,0.19626062879243644,8790.024544962276,0,None,None,2,True,False,0,True,False,0
3515,6338,41.17483222498375,-8.605178565012027,0.19245699941177663,8619.817585888204,0,None,None,2,True,False,0,True,False,0
3516,6339,41.17483222498375,-8.603981636512133,0.19195131865451381,8597.189097320517,0,None,None,2,True,False,0,True,False,0
3517,6340,41.17483222498375,-8.602784708012239,0.1951109632462463,8738.578660785382,0,None,None,2,True,False,0,False,False,0
3518,6341,41.17483222498375,-8.601587779512345,0.20143847099632248,9021.725556782718,0,None,None,2,True,False,0,True,False,0
3519,6342,41.17483222498375,-8.600390851012449,0.20967696969902697,9390.386556893032,0,None,None,2,True,False,0,True,False,0
3520,6343,41.17483222498375,-8.599193922512555,0.218150666546761,9769.572336638526,0,None,None,2,True,False,0,True,False,0
3521,6344,41.17483222498375,-8.59799699401266,0.22519391432945485,10084.747572478556,0,None,None,2,True,False,0,True,False,0
3522,6345,41.17483222498375,-8.596800065512767,0.2294582703777238,10275.571389087912,0,None,None,2,True,False,0,True,False,0
3523,6346,41.17483222498375,-8.595603137012871,0.23001398294985106,10300.438729607984,0,None,None,2,True,False,0,True,False,0
3524,6347,41.17483222498375,-8.594406208512977,0.2263561670763458,10136.756715832444,0,None,None,2,True,False,0,True,False,0
3525,6348,41.17483222498375,-8.593209280013083,0.21853139848993036,9786.60954499503,0,None,None,2,True,False,0,True,False,0
3526,6349,41.17483222498375,-8.592012351513189,0.20751450476130054,9293.619352646947,0,None,None,2,True,False,0,True,False,0
3527,6350,41.17483222498375,-8.590815423013293,0.19563126453783067,8761.861397293093,0,None,None,2,True,False,0,True,False,0
3528,6351,41.17483222498375,-8.589618494513399,0.18637205187972583,8347.524911732871,0,None,None,2,True,False,0,True,False,0
3529,6352,41.17483222498375,-8.588421566013505,0.18299213766639225,8196.278598643621,0,None,None,2,True,False,0,True,False,0
3530,6353,41.17483222498375,-8.58722463751361,0.18657497679158994,8356.605510474796,0,None,None,2,True,False,0,True,False,0
3531,6354,41.17483222498375,-8.586027709013715,0.19565749054653428,8763.034973565478,0,None,None,2,True,False,0,True,False,0
3532,6355,41.17483222498375,-8.58483078051382,0.20830286994684907,9328.897563913893,0,None,None,2,True,False,0,True,False,0
3533,6356,41.17483222498375,-8.583633852013927,0.22424571105026558,10042.316835783891,0,None,None,2,True,False,0,True,False,0
3534,6357,41.17483222498375,-8.582436923514033,0.24436898109249902,10942.804306495558,0,None,None,2,True,False,0,True,False,0
3535,6358,41.17483222498375,-8.581239995014139,0.2687211549027679,12032.529155126873,0,None,None,2,True,False,0,True,False,0
3536,6359,41.17483222498375,-8.580043066514243,0.2960601934688356,13255.91191739063,0,None,None,2,True,False,0,False,False,0
3537,6360,41.17483222498375,-8.578846138014349,0.3248151658819529,14542.655688374574,0,None,None,2,True,False,0,True,False,0
3538,6361,41.17483222498375,-8.577649209514455,0.35376187221028826,15837.979277052265,0,None,None,2,True,False,0,True,False,0
3539,6362,41.17483222498375,-8.57645228101456,0.38201707413157815,17102.35903536941,0,None,None,3,True,False,0,True,False,0
3540,6363,41.17483222498375,-8.575255352514665,0.4088025362220937,18300.970044370933,0,None,None,3,True,False,0,True,False,0
3541,6364,41.17483222498375,-8.57405842401477,0.4332873698742796,19396.631230648276,0,None,None,3,True,False,0,True,False,0
3542,6365,41.17483222498375,-8.572861495514877,0.4545601576724144,20348.557972133396,0,None,None,3,True,False,0,True,False,0
3543,6366,41.17483222498375,-8.571664567014983,0.47169498260063303,21115.316810449232,0,None,None,3,True,False,0,True,False,0
3544,6367,41.17483222498375,-8.570467638515087,0.4838807646974486,21660.613080686388,0,None,None,3,True,False,0,True,False,0
3545,6368,41.17483222498375,-8.569270710015193,0.4905947327355633,21961.053520256708,0,None,None,3,True,False,0,True,False,0
3546,6369,41.17483222498375,-8.568073781515299,0.49177972496173017,22014.080222691973,0,None,None,3,True,False,0,True,False,0
3547,6423,41.17573859880253,-8.669812704006329,0.005336994867003955,246.46577684114237,0,None,None,1,True,False,0,True,False,0
3548,6424,41.17573859880253,-8.668615775506435,0.009034216456765951,411.9111398978433,0,None,None,1,True,False,0,True,False,0
3549,6425,41.17573859880253,-8.667418847006541,0.007138864242676902,327.09684690317573,0,None,None,1,True,False,0,True,False,0
3550,6426,41.17573859880253,-8.666221918506645,0.003330467624387999,156.67656078305689,0,None,None,1,True,False,0,True,False,0
3551,6427,41.17573859880253,-8.665024990006751,0.03429038155103092,1542.0883018541094,0,None,None,1,True,False,0,True,False,0
3552,6428,41.17573859880253,-8.663828061506857,0.07993098056438899,3584.4396434128457,0,None,None,1,True,False,0,True,False,0
3553,6429,41.17573859880253,-8.662631133006963,0.12724149319139816,5701.517223953006,0,None,None,1,True,False,0,True,False,0
3554,6430,41.17573859880253,-8.661434204507067,0.17007345258544276,7618.185971100985,0,None,None,2,True,False,0,True,False,0
3555,6431,41.17573859880253,-8.660237276007173,0.20574865205815157,9214.599977020087,0,None,None,2,True,False,0,True,False,0
3556,6432,41.17573859880253,-8.659040347507279,0.23329899541216279,10447.4383254607,0,None,None,2,True,False,0,True,False,0
3557,6433,41.17573859880253,-8.657843419007385,0.252550543115201,11308.917471842507,0,None,None,2,True,False,0,True,False,0
3558,6434,41.17573859880253,-8.656646490507491,0.2637759157140031,11811.236794600523,0,None,None,2,True,False,0,True,False,0
3559,6435,41.17573859880253,-8.655449562007595,0.2676533639717308,11984.747042541769,0,None,None,2,True,False,0,True,False,0
3560,6436,41.17573859880253,-8.654252633507701,0.2652783632413621,11878.46916642424,0,None,None,2,True,False,0,True,False,0
3561,6437,41.17573859880253,-8.653055705007807,0.25803136707516877,11554.176482667744,0,None,None,2,True,False,0,True,False,0
3562,6438,41.17573859880253,-8.651858776507913,0.2471943660248575,11069.23622964655,0,None,None,2,True,False,0,True,False,0
3563,6439,41.17573859880253,-8.650661848008017,0.23334279988111128,10449.398512615497,0,None,None,2,True,False,0,True,False,0
3564,6440,41.17573859880253,-8.649464919508123,0.21570523780878628,9660.142908198572,0,None,None,2,True,False,0,True,False,0
3565,6441,41.17573859880253,-8.648267991008229,0.1917724980300823,8589.187130867378,0,None,None,2,True,False,0,True,False,0
3566,6442,41.17573859880253,-8.647071062508335,0.1574556224270286,7053.556169812551,0,None,None,2,True,False,0,True,False,0
3567,6443,41.17573859880253,-8.645874134008439,0.10939713701177838,4903.007879848388,0,None,None,1,True,False,0,True,False,0
3568,6444,41.17573859880253,-8.644677205508545,0.058331228522461025,2617.8817209969657,0,None,None,1,True,False,0,True,False,0
3569,6445,41.17573859880253,-8.643480277008651,0.049184568316918975,2208.5817962500696,0,None,None,1,True,False,0,True,False,0
3570,6446,41.17573859880253,-8.642283348508757,0.09020642805289966,4044.25118000407,0,None,None,1,True,False,0,True,False,0
3571,6447,41.17573859880253,-8.641086420008861,0.13158162448993518,5895.731874324132,0,None,None,1,True,False,0,True,False,0
3572,6448,41.17573859880253,-8.639889491508967,0.15982964505153252,7159.790277095571,0,None,None,2,True,False,0,True,False,0
3573,6449,41.17573859880253,-8.638692563009073,0.1792284229550092,8027.857763768344,0,None,None,2,True,False,0,True,False,0
3574,6450,41.17573859880253,-8.637495634509179,0.19162591974414855,8582.62796281543,0,None,None,2,True,False,0,True,False,0
3575,6451,41.17573859880253,-8.636298706009283,0.1967941516356954,8813.89892694318,0,None,None,2,True,False,0,True,False,0
3576,6452,41.17573859880253,-8.635101777509389,0.19491684017782537,8729.891931912674,0,None,None,2,True,False,0,True,False,0
3577,6453,41.17573859880253,-8.633904849009495,0.18796102817817847,8418.629321951063,0,None,None,2,True,False,0,True,False,0
3578,6454,41.17573859880253,-8.632707920509601,0.17990685041934182,8058.216419699316,0,None,None,2,True,False,0,True,False,0
3579,6455,41.17573859880253,-8.631510992009707,0.17557998831566896,7864.595546765779,0,None,None,2,True,False,0,True,False,0
3580,6456,41.17573859880253,-8.630314063509811,0.1782751359442203,7985.199537376411,0,None,None,2,True,False,0,True,False,0
3581,6457,41.17573859880253,-8.629117135009917,0.18795723725177976,8418.459683432211,0,None,None,2,True,False,0,True,False,0
3582,6458,41.17573859880253,-8.627920206510023,0.20193150497388315,9043.788120098558,0,None,None,2,True,False,0,True,False,0
3583,6459,41.17573859880253,-8.626723278010129,0.21717527764677014,9725.925082406504,0,None,None,2,True,False,0,True,False,0
3584,6460,41.17573859880253,-8.625526349510233,0.23187272575504927,10383.614804065248,0,None,None,2,True,False,0,True,False,0
3585,6461,41.17573859880253,-8.624329421010339,0.2452665877200613,10982.970915602886,0,None,None,2,True,False,0,True,False,0
3586,6462,41.17573859880253,-8.623132492510445,0.2568534210399411,11501.46508717035,0,None,None,2,True,False,0,True,False,0
3587,6463,41.17573859880253,-8.62193556401055,0.26599522813413173,11910.547842145299,0,None,None,2,True,False,0,True,False,0
3588,6464,41.17573859880253,-8.620738635510655,0.272048217491093,12181.410433804369,0,None,None,2,True,False,0,True,False,0
3589,6465,41.17573859880253,-8.619541707010761,0.2746094163575821,12296.020409441231,0,None,None,2,True,False,0,True,False,0
3590,6466,41.17573859880253,-8.618344778510867,0.273645311848778,12252.878115529124,0,None,None,2,True,False,0,True,False,0
3591,6467,41.17573859880253,-8.617147850010973,0.26950543357041257,12067.624500579092,0,None,None,2,True,False,0,True,False,0
3592,6468,41.17573859880253,-8.615950921511077,0.26286080745851853,11770.287012747016,0,None,None,2,True,False,0,True,False,0
3593,6469,41.17573859880253,-8.614753993011183,0.254537548650191,11397.833119485163,0,None,None,2,True,False,0,True,False,0
3594,6470,41.17573859880253,-8.613557064511289,0.24521029636653505,10980.451958273714,0,None,None,2,True,False,0,True,False,0
3595,6471,41.17573859880253,-8.612360136011395,0.23508397075083243,10527.313411598685,0,None,None,2,True,False,0,True,False,0
3596,6472,41.17573859880253,-8.611163207511499,0.22387999832213798,10025.951715757796,0,None,None,2,True,False,0,True,False,0
3597,6473,41.17573859880253,-8.609966279011605,0.21129099965620002,9462.612082403413,0,None,None,2,True,False,0,True,False,0
3598,6474,41.17573859880253,-8.60876935051171,0.1976162451112417,8850.68643080958,0,None,None,2,True,False,0,True,False,0
3599,6475,41.17573859880253,-8.607572422011817,0.18409349111104162,8245.562585572707,0,None,None,2,True,False,0,True,False,0
3600,6476,41.17573859880253,-8.606375493511923,0.17268081223438334,7734.861575542139,0,None,None,2,True,False,0,True,False,0
3601,6477,41.17573859880253,-8.605178565012027,0.16541704317722444,7409.818328973019,0,None,None,2,True,False,0,True,False,0
3602,6478,41.17573859880253,-8.603981636512133,0.16376024954473317,7335.67919032994,0,None,None,2,True,False,0,True,False,0
3603,6479,41.17573859880253,-8.602784708012239,0.16819351975715413,7534.061673504192,0,None,None,2,True,False,0,True,False,0
3604,6480,41.17573859880253,-8.601587779512345,0.17802576988277036,7974.040763803075,0,None,None,2,True,False,0,False,False,0
3605,6481,41.17573859880253,-8.600390851012449,0.19142949426840036,8573.838204517271,0,None,None,2,True,False,0,True,False,0
3606,6482,41.17573859880253,-8.599193922512555,0.20593361936352816,9222.876998629068,0,None,None,2,True,False,0,True,False,0
3607,6483,41.17573859880253,-8.59799699401266,0.21915320716250972,9814.43459120583,0,None,None,2,True,False,0,True,False,0
3608,6484,41.17573859880253,-8.596800065512767,0.22930034588487158,10268.50449455072,0,None,None,2,True,False,0,True,False,0
3609,6485,41.17573859880253,-8.595603137012871,0.23533223817895813,10538.423022906578,0,None,None,2,True,False,0,True,False,0
3610,6486,41.17573859880253,-8.594406208512977,0.23689884385767446,10608.526379978719,0,None,None,2,True,False,0,True,False,0
3611,6487,41.17573859880253,-8.593209280013083,0.23429736875310891,10492.114100457891,0,None,None,2,True,False,0,True,False,0
3612,6488,41.17573859880253,-8.592012351513189,0.22850500381699504,10232.91407780684,0,None,None,2,True,False,0,True,False,0
3613,6489,41.17573859880253,-8.590815423013293,0.2211464290504082,9903.628411724756,0,None,None,2,True,False,0,True,False,0
3614,6490,41.17573859880253,-8.589618494513399,0.21410199184789921,9588.399951054034,0,None,None,2,True,False,0,True,False,0
3615,6491,41.17573859880253,-8.588421566013505,0.20865012868678212,9344.436894437638,0,None,None,2,True,False,0,True,False,0
3616,6492,41.17573859880253,-8.58722463751361,0.2047375416712305,9169.354237484815,0,None,None,2,True,False,0,True,False,0
3617,6493,41.17573859880253,-8.586027709013715,0.20167039739774595,9032.10393058433,0,None,None,2,True,False,0,True,False,0
3618,6494,41.17573859880253,-8.58483078051382,0.20071193824802183,8989.21425839367,0,None,None,2,True,False,0,True,False,0
3619,6495,41.17573859880253,-8.583633852013927,0.20647167884998258,9246.954388885864,0,None,None,2,True,False,0,True,False,0
3620,6496,41.17573859880253,-8.582436923514033,0.22279772278807305,9977.52143796309,0,None,None,2,True,False,0,True,False,0
3621,6497,41.17573859880253,-8.581239995014139,0.24823679936781912,11115.883626536764,0,None,None,2,True,False,0,True,False,0
3622,6498,41.17573859880253,-8.580043066514243,0.2783359094528698,12462.775630384818,0,None,None,2,True,False,0,False,False,0
3623,6499,41.17573859880253,-8.578846138014349,0.3096877412334961,13865.725133276866,0,None,None,2,True,False,0,True,False,0
3624,6500,41.17573859880253,-8.577649209514455,0.34067365587709764,15252.300369137862,0,None,None,2,True,False,0,True,False,0
3625,6501,41.17573859880253,-8.57645228101456,0.3704931038655821,16586.677895296038,0,None,None,3,True,False,0,True,False,0
3626,6502,41.17573859880253,-8.575255352514665,0.3983865431959607,17834.869296561665,0,None,None,3,True,False,0,True,False,0
3627,6503,41.17573859880253,-8.57405842401477,0.4233721977372018,18952.941499275123,0,None,None,3,True,False,0,False,False,0
3628,6504,41.17573859880253,-8.572861495514877,0.4442733375878487,19888.237528180915,0,None,None,3,True,False,0,True,False,0
3629,6505,41.17573859880253,-8.571664567014983,0.4598600878409337,20585.722245255114,0,None,None,3,True,False,0,True,False,0
3630,6506,41.17573859880253,-8.570467638515087,0.4690550309217256,20997.182759415224,0,None,None,3,True,False,0,True,False,0
3631,6507,41.17573859880253,-8.569270710015193,0.4712121863099562,21093.712368937086,0,None,None,3,True,False,0,True,False,0
3632,6508,41.17573859880253,-8.568073781515299,0.46645671903227665,20880.912029233725,0,None,None,3,True,False,0,True,False,0
3633,6509,41.17573859880253,-8.566876853015405,0.455963627486367,20411.361233250198,0,None,None,3,True,False,0,True,False,0
3634,6564,41.17664497262131,-8.667418847006541,0.01970602105619268,889.4590886903811,0,None,None,1,True,False,0,True,False,0
3635,6565,41.17664497262131,-8.666221918506645,0.018650865573340898,842.242394287999,0,None,None,1,True,False,0,True,False,0
3636,6566,41.17664497262131,-8.665024990006751,0.04544238075533068,2041.124270450784,0,None,None,1,True,False,0,True,False,0
3637,6567,41.17664497262131,-8.663828061506857,0.08681960870183072,3892.6958719055015,0,None,None,1,True,False,0,True,False,0
3638,6568,41.17664497262131,-8.662631133006963,0.13023462535366528,5835.455595035289,0,None,None,1,True,False,0,True,False,0
3639,6569,41.17664497262131,-8.661434204507067,0.16955953910849123,7595.189080135774,0,None,None,2,True,False,0,True,False,0
3640,6570,41.17664497262131,-8.660237276007173,0.2022985310482425,9060.212010484734,0,None,None,2,True,False,0,True,False,0
3641,6571,41.17664497262131,-8.659040347507279,0.22750053686075708,10187.965622265676,0,None,None,2,True,False,0,True,False,0
3642,6572,41.17664497262131,-8.657843419007385,0.24475849363696328,10960.234434165612,0,None,None,2,True,False,0,True,False,0
3643,6573,41.17664497262131,-8.656646490507491,0.25399949948596207,11373.756191133152,0,None,None,2,True,False,0,True,False,0
3644,6574,41.17664497262131,-8.655449562007595,0.2556681267492516,11448.424867780963,0,None,None,2,True,False,0,True,False,0
3645,6575,41.17664497262131,-8.654252633507701,0.2509495018439537,11237.27317139707,0,None,None,2,True,False,0,True,False,0
3646,6576,41.17664497262131,-8.653055705007807,0.24175017802028678,10825.616625276794,0,None,None,2,True,False,0,True,False,0
3647,6577,41.17664497262131,-8.651858776507913,0.23021697761271653,10309.522449607171,0,None,None,2,True,False,0,True,False,0
3648,6578,41.17664497262131,-8.650661848008017,0.21771797016454564,9750.209794169561,0,None,None,2,True,False,0,True,False,0
3649,6579,41.17664497262131,-8.649464919508123,0.2035120874499094,9114.51691880279,0,None,None,2,True,False,0,True,False,0
3650,6580,41.17664497262131,-8.648267991008229,0.18358234204036933,8222.689397823386,0,None,None,2,True,False,0,False,False,0
3651,6581,41.17664497262131,-8.647071062508335,0.14998689089422,6719.341146444667,0,None,None,2,True,False,0,True,False,0
3652,6582,41.17664497262131,-8.645874134008439,0.09267658099679087,4154.786981195788,0,None,None,1,True,False,0,True,False,0
3653,6583,41.17664497262131,-8.644677205508545,0.02051475845548206,925.6489273014818,0,None,None,1,True,False,0,True,False,0
3654,6584,41.17664497262131,-8.643480277008651,0.007105285687470883,325.59425472088327,0,None,None,1,True,False,0,True,False,0
3655,6585,41.17664497262131,-8.642283348508757,0.07253082717580135,3253.2933936342456,0,None,None,1,True,False,0,True,False,0
3656,6586,41.17664497262131,-8.641086420008861,0.1353878073147147,6066.053096360046,0,None,None,2,True,False,0,True,False,0
3657,6587,41.17664497262131,-8.639889491508967,0.17460432119058494,7820.935842359908,0,None,None,2,True,False,0,True,False,0
3658,6588,41.17664497262131,-8.638692563009073,0.19857665692979595,8893.66348212959,0,None,None,2,True,False,0,True,False,0
3659,6589,41.17664497262131,-8.637495634509179,0.21314019118714772,9545.360751037773,0,None,None,2,True,False,0,True,False,0
3660,6590,41.17664497262131,-8.636298706009283,0.22062894530807237,9880.471756504585,0,None,None,2,True,False,0,True,False,0
3661,6591,41.17664497262131,-8.635101777509389,0.22244988431065413,9961.956165018395,0,None,None,2,True,False,0,True,False,0
3662,6592,41.17664497262131,-8.633904849009495,0.22052449237933813,9875.79763776509,0,None,None,2,True,False,0,True,False,0
3663,6593,41.17664497262131,-8.632707920509601,0.21759726045973438,9744.808208018418,0,None,None,2,True,False,0,True,False,0
3664,6594,41.17664497262131,-8.631510992009707,0.2166162600523214,9700.909846878085,0,None,None,2,True,False,0,True,False,0
3665,6595,41.17664497262131,-8.630314063509811,0.21959862231354066,9834.366280336211,0,None,None,2,True,False,0,True,False,0
3666,6596,41.17664497262131,-8.629117135009917,0.2268367708796413,10158.263046679056,0,None,None,2,True,False,0,True,False,0
3667,6597,41.17664497262131,-8.627920206510023,0.23713454918571414,10619.073855326129,0,None,None,2,True,False,0,True,False,0
3668,6598,41.17664497262131,-8.626723278010129,0.2487838308450886,11140.36250051362,0,None,None,2,True,False,0,True,False,0
3669,6599,41.17664497262131,-8.625526349510233,0.2603739362494915,11659.003093170202,0,None,None,2,True,False,0,True,False,0
3670,6600,41.17664497262131,-8.624329421010339,0.27096804918552975,12133.074451462624,0,None,None,2,True,False,0,True,False,0
3671,6601,41.17664497262131,-8.623132492510445,0.2798962657809826,12532.599337981164,0,None,None,2,True,False,0,True,False,0
3672,6602,41.17664497262131,-8.62193556401055,0.2865810418952156,12831.733480829022,0,None,None,2,True,False,0,True,False,0
3673,6603,41.17664497262131,-8.620738635510655,0.2905362079307099,13008.721487851346,0,None,None,2,True,False,0,True,False,0
3674,6604,41.17664497262131,-8.619541707010761,0.291448432020028,13049.54220740579,0,None,None,2,True,False,0,True,False,0
3675,6605,41.17664497262131,-8.618344778510867,0.2892333501435123,12950.42047061964,0,None,None,2,True,False,0,True,False,0
3676,6606,41.17664497262131,-8.617147850010973,0.28402814676056715,12717.495085281627,0,None,None,2,True,False,0,True,False,0
3677,6607,41.17664497262131,-8.615950921511077,0.2761184706705462,12363.548425444376,0,None,None,2,True,False,0,True,False,0
3678,6608,41.17664497262131,-8.614753993011183,0.2658025086478219,11901.923921558846,0,None,None,2,True,False,0,True,False,0
3679,6609,41.17664497262131,-8.613557064511289,0.25322458029733474,11339.079668942253,0,None,None,2,True,False,0,True,False,0
3680,6610,41.17664497262131,-8.612360136011395,0.23828413730252054,10670.51627464916,0,None,None,2,True,False,0,True,False,0
3681,6611,41.17664497262131,-8.611163207511499,0.22077009548257984,9886.788024355981,0,None,None,2,True,False,0,True,False,0
3682,6612,41.17664497262131,-8.609966279011605,0.2007776414536281,8992.154382603594,0,None,None,2,True,False,0,True,False,0
3683,6613,41.17664497262131,-8.60876935051171,0.17925185338018945,8028.906241687886,0,None,None,2,True,False,0,True,False,0
3684,6614,41.17664497262131,-8.607572422011817,0.15830644168253968,7091.629111129743,0,None,None,2,True,False,0,True,False,0
3685,6615,41.17664497262131,-8.606375493511923,0.1409135738320559,6313.323222164686,0,None,None,2,True,False,0,True,False,0
3686,6616,41.17664497262131,-8.605178565012027,0.12990263326573545,5820.599425291068,0,None,None,1,True,False,0,True,False,0
3687,6617,41.17664497262131,-8.603981636512133,0.1270616369925463,5693.468917029925,0,None,None,1,True,False,0,True,False,0
3688,6618,41.17664497262131,-8.602784708012239,0.13305171333762392,5961.516241646062,0,None,None,1,True,False,0,True,False,0
3689,6619,41.17664497262131,-8.601587779512345,0.14718445105017033,6593.935983084359,0,None,None,2,True,False,0,True,False,0
3690,6620,41.17664497262131,-8.600390851012449,0.16695176777350226,7478.495053334454,0,None,None,2,True,False,0,True,False,0
3691,6621,41.17664497262131,-8.599193922512555,0.1887155956203447,8452.39513267922,0,None,None,2,True,False,0,True,False,0
3692,6622,41.17664497262131,-8.59799699401266,0.20908306722185793,9363.810272899778,0,None,None,2,True,False,0,True,False,0
3693,6623,41.17664497262131,-8.596800065512767,0.22572241887048658,10108.39739263276,0,None,None,2,True,False,0,True,False,0
3694,6624,41.17664497262131,-8.595603137012871,0.2374545774499118,10633.394661118566,0,None,None,2,True,False,0,True,False,0
3695,6625,41.17664497262131,-8.594406208512977,0.24401651984241024,10927.03217110453,0,None,None,2,True,False,0,True,False,0
3696,6626,41.17664497262131,-8.593209280013083,0.24579575161530753,11006.650240912448,0,None,None,2,True,False,0,True,False,0
3697,6627,41.17664497262131,-8.592012351513189,0.24360650598010838,10908.684638867173,0,None,None,2,True,False,0,True,False,0
3698,6628,41.17664497262131,-8.590815423013293,0.23841005226511353,10676.150788619909,0,None,None,2,True,False,0,True,False,0
3699,6629,41.17664497262131,-8.589618494513399,0.23083313641418512,10337.09467218962,0,None,None,2,True,False,0,True,False,0
3700,6630,41.17664497262131,-8.588421566013505,0.22050982481086695,9875.141285114334,0,None,None,2,True,False,0,True,False,0
3701,6631,41.17664497262131,-8.58722463751361,0.20582545852268488,9218.036956141112,0,None,None,2,True,False,0,True,False,0
3702,6632,41.17664497262131,-8.586027709013715,0.18573358939391063,8318.954631267054,0,None,None,2,True,False,0,True,False,0
3703,6633,41.17664497262131,-8.58483078051382,0.1655266699487972,7414.723969758469,0,None,None,2,True,False,0,True,False,0
3704,6634,41.17664497262131,-8.583633852013927,0.160133631516463,7173.39323538025,0,None,None,2,True,False,0,True,False,0
3705,6635,41.17664497262131,-8.582436923514033,0.17920868348158592,8026.974450645834,0,None,None,2,True,False,0,True,False,0
3706,6636,41.17664497262131,-8.581239995014139,0.21408768419414295,9587.75970407053,0,None,None,2,True,False,0,False,False,0
3707,6637,41.17664497262131,-8.580043066514243,0.25234268577565266,11299.61615403651,0,None,None,2,True,False,0,True,False,0
3708,6638,41.17664497262131,-8.578846138014349,0.28889260437264913,12935.172586119937,0,None,None,2,True,False,0,True,False,0
3709,6639,41.17664497262131,-8.577649209514455,0.323247431727323,14472.501833623923,0,None,None,2,True,False,0,False,False,0
3710,6640,41.17664497262131,-8.57645228101456,0.35559992978129423,15920.229716949156,0,None,None,2,True,False,0,True,False,0
3711,6641,41.17664497262131,-8.575255352514665,0.38547433049777,17257.066298863865,0,None,None,3,True,False,0,True,False,0
3712,6642,41.17664497262131,-8.57405842401477,0.4117085416782546,18431.009620324574,0,None,None,3,True,False,0,True,False,0
3713,6643,41.17664497262131,-8.572861495514877,0.4327495567511822,19372.564864798336,0,None,None,3,True,False,0,True,False,0
3714,6644,41.17664497262131,-8.571664567014983,0.4469361719945805,20007.395548463377,0,None,None,3,True,False,0,True,False,0
3715,6645,41.17664497262131,-8.570467638515087,0.4527808695908579,20268.937382593744,0,None,None,3,True,False,0,True,False,0
3716,6646,41.17664497262131,-8.569270710015193,0.4493576671228472,20115.75398219791,0,None,None,3,True,False,0,True,False,0
3717,6647,41.17664497262131,-8.568073781515299,0.4368654576958006,19556.745528454918,0,None,None,3,True,False,0,True,False,0
3718,6703,41.17755134644009,-8.667418847006541,0.04969061863749893,2231.2268222461175,0,None,None,1,True,False,0,True,False,0
3719,6704,41.17755134644009,-8.666221918506645,0.05413435323799122,2430.0775717770375,0,None,None,1,True,False,0,True,False,0
3720,6705,41.17755134644009,-8.665024990006751,0.07462521900067973,3347.0144237205964,0,None,None,1,True,False,0,False,False,0
3721,6706,41.17755134644009,-8.663828061506857,0.10652813983912958,4774.62437149933,0,None,None,1,True,False,0,True,False,0
3722,6707,41.17755134644009,-8.662631133006963,0.14132528909637201,6331.746889701786,0,None,None,2,True,False,0,True,False,0
3723,6712,41.17755134644009,-8.656646490507491,0.24392285520114582,10922.840812755201,0,None,None,2,True,False,0,True,False,0
3724,6713,41.17755134644009,-8.655449562007595,0.24217179841184586,10844.483533050665,0,None,None,2,True,False,0,True,False,0
3725,6714,41.17755134644009,-8.654252633507701,0.23335190775792425,10449.806077039055,0,None,None,2,True,False,0,True,False,0
3726,6715,41.17755134644009,-8.653055705007807,0.22005324618362432,9854.710046435737,0,None,None,2,True,False,0,True,False,0
3727,6716,41.17755134644009,-8.651858776507913,0.20590888462999118,9221.770154781389,0,None,None,2,True,False,0,True,False,0
3728,6717,41.17755134644009,-8.650661848008017,0.19410328592712803,8693.486546110087,0,None,None,2,True,False,0,True,False,0
3729,6718,41.17755134644009,-8.649464919508123,0.1850516655021094,8288.439515221939,0,None,None,2,True,False,0,True,False,0
3730,6719,41.17755134644009,-8.648267991008229,0.17444195763128414,7813.670305966286,0,None,None,2,True,False,0,True,False,0
3731,6720,41.17755134644009,-8.647071062508335,0.15316189760980925,6861.418142917562,0,None,None,2,True,False,0,True,False,0
3732,6721,41.17755134644009,-8.645874134008439,0.11171866690781515,5006.893012825099,0,None,None,1,True,False,0,True,False,0
3733,6722,41.17755134644009,-8.644677205508545,0.060224632070611454,2702.608813985936,0,None,None,1,True,False,0,True,False,0
3734,6723,41.17755134644009,-8.643480277008651,0.051310806903432614,2303.727923240408,0,None,None,1,True,False,0,True,False,0
3735,6724,41.17755134644009,-8.642283348508757,0.09978791951147191,4473.009179626758,0,None,None,1,True,False,0,True,False,0
3736,6725,41.17755134644009,-8.641086420008861,0.15477519830486394,6933.611034994159,0,None,None,2,True,False,0,True,False,0
3737,6726,41.17755134644009,-8.639889491508967,0.19394840128362228,8686.555680470961,0,None,None,2,True,False,0,True,False,0
3738,6727,41.17755134644009,-8.638692563009073,0.2194053724129393,9825.718624471008,0,None,None,2,True,False,0,True,False,0
3739,6728,41.17755134644009,-8.637495634509179,0.2355574171280949,10548.499457896523,0,None,None,2,True,False,0,True,False,0
3740,6729,41.17755134644009,-8.636298706009283,0.24509075128945051,10975.102487542865,0,None,None,2,True,False,0,True,False,0
3741,6730,41.17755134644009,-8.635101777509389,0.2497869287882524,11185.24969468335,0,None,None,2,True,False,0,True,False,0
3742,6731,41.17755134644009,-8.633904849009495,0.2513943276847765,11257.178489740907,0,None,None,2,True,False,0,True,False,0
3743,6732,41.17755134644009,-8.632707920509601,0.2518843733821017,11279.10733180243,0,None,None,2,True,False,0,True,False,0
3744,6733,41.17755134644009,-8.631510992009707,0.25317000575073234,11336.637536260432,0,None,None,2,True,False,0,True,False,0
3745,6734,41.17755134644009,-8.630314063509811,0.2565738029512685,11488.952578770595,0,None,None,2,True,False,0,True,False,0
3746,6735,41.17755134644009,-8.629117135009917,0.2624598381657411,11752.344212022857,0,None,None,2,True,False,0,True,False,0
3747,6736,41.17755134644009,-8.627920206510023,0.2703110343749607,12103.673981074473,0,None,None,2,True,False,0,True,False,0
3748,6737,41.17755134644009,-8.626723278010129,0.2791542016172283,12499.393031027948,0,None,None,2,True,False,0,True,False,0
3749,6738,41.17755134644009,-8.625526349510233,0.2879864753474872,12894.62461194407,0,None,None,2,True,False,0,True,False,0
3750,6739,41.17755134644009,-8.624329421010339,0.2959725889569961,13251.991741140757,0,None,None,2,True,False,0,True,False,0
3751,6740,41.17755134644009,-8.623132492510445,0.3024458459180739,13541.660705276006,0,None,None,2,True,False,0,True,False,0
3752,6741,41.17755134644009,-8.62193556401055,0.3068602965663345,13739.2010399478,0,None,None,2,True,False,0,True,False,0
3753,6742,41.17755134644009,-8.620738635510655,0.3087798380863702,13825.09776968781,0,None,None,2,True,False,0,True,False,0
3754,6743,41.17755134644009,-8.619541707010761,0.3078971474047324,13785.598627766014,0,None,None,2,True,False,0,True,False,0
3755,6744,41.17755134644009,-8.618344778510867,0.30404276462249596,13613.120526769193,0,None,None,2,True,False,0,True,False,0
3756,6745,41.17755134644009,-8.617147850010973,0.29715822068768616,13305.047060486166,0,None,None,2,True,False,0,True,False,0
3757,6746,41.17755134644009,-8.615950921511077,0.28722761138395697,12860.66653804756,0,None,None,2,True,False,0,True,False,0
3758,6747,41.17755134644009,-8.614753993011183,0.27418056763799437,12276.830044355982,0,None,None,2,True,False,0,True,False,0
3759,6748,41.17755134644009,-8.613557064511289,0.2578083562093075,11544.1970662946,0,None,None,2,True,False,0,True,False,0
3760,6749,41.17755134644009,-8.612360136011395,0.2377737508867073,10647.677214610872,0,None,None,2,True,False,0,True,False,0
3761,6750,41.17755134644009,-8.611163207511499,0.21381446462983433,9575.53352045838,0,None,None,2,True,False,0,False,False,0
3762,6751,41.17755134644009,-8.609966279011605,0.18619894774120435,8339.778749824804,0,None,None,2,True,False,0,True,False,0
3763,6752,41.17755134644009,-8.60876935051171,0.1563658724098076,7004.791419617585,0,None,None,2,True,False,0,True,False,0
3764,6753,41.17755134644009,-8.607572422011817,0.12742420534920573,5709.693330942929,0,None,None,1,True,False,0,True,False,0
3765,6754,41.17755134644009,-8.606375493511923,0.10378874811399394,4652.040521027775,0,None,None,1,True,False,0,True,False,0
3766,6755,41.17755134644009,-8.605178565012027,0.08925882448500781,4001.847279529773,0,None,None,1,True,False,0,True,False,0
3767,6756,41.17755134644009,-8.603981636512133,0.0852596779611983,3822.891208738462,0,None,None,1,True,False,0,True,False,0
3768,6757,41.17755134644009,-8.602784708012239,0.09254953001316026,4149.10163191305,0,None,None,1,True,False,0,False,False,0
3769,6758,41.17755134644009,-8.601587779512345,0.11137591075135315,4991.555166453433,0,None,None,1,True,False,0,False,False,0
3770,6759,41.17755134644009,-8.600390851012449,0.13851421063824787,6205.955160752384,0,None,None,2,True,False,0,True,False,0
3771,6760,41.17755134644009,-8.599193922512555,0.16852446722691491,7548.8710980836895,0,None,None,2,True,False,0,True,False,0
3772,6761,41.17755134644009,-8.59799699401266,0.19666520781515598,8808.12887592375,0,None,None,2,True,False,0,True,False,0
3773,6762,41.17755134644009,-8.596800065512767,0.2200161758384476,9853.05120166068,0,None,None,2,True,False,0,True,False,0
3774,6763,41.17755134644009,-8.595603137012871,0.2373006760563173,10626.50779450265,0,None,None,2,True,False,0,True,False,0
3775,6764,41.17755134644009,-8.594406208512977,0.2483530304084291,11121.084798888844,0,None,None,2,True,False,0,True,False,0
3776,6765,41.17755134644009,-8.593209280013083,0.25362661052619306,11357.069945034282,0,None,None,2,True,False,0,True,False,0
3777,6766,41.17755134644009,-8.592012351513189,0.25378302900858235,11364.069447763395,0,None,None,2,True,False,0,True,False,0
3778,6767,41.17755134644009,-8.590815423013293,0.249255388230609,11161.464017140464,0,None,None,2,True,False,0,True,False,0
3779,6768,41.17755134644009,-8.589618494513399,0.23965264432273434,10731.755000894804,0,None,None,2,True,False,0,True,False,0
3780,6769,41.17755134644009,-8.588421566013505,0.22297455817703113,9985.434567976303,0,None,None,2,True,False,0,True,False,0
3781,6770,41.17755134644009,-8.58722463751361,0.19510272300847556,8738.209921964472,0,None,None,2,True,False,0,True,False,0
3782,6771,41.17755134644009,-8.586027709013715,0.15212214558946524,6814.8907313685495,0,None,None,2,True,False,0,True,False,0
3783,6772,41.17755134644009,-8.58483078051382,0.10266473008575984,4601.742326492067,0,None,None,1,True,False,0,True,False,0
3784,6773,41.17755134644009,-8.583633852013927,0.08312991533089058,3727.5873858430273,0,None,None,1,True,False,0,True,False,0
3785,6774,41.17755134644009,-8.582436923514033,0.11648608814677805,5220.228275149805,0,None,None,1,True,False,0,True,False,0
3786,6775,41.17755134644009,-8.581239995014139,0.17184472414071614,7697.447832587917,0,None,None,2,True,False,0,True,False,0
3787,6776,41.17755134644009,-8.580043066514243,0.22199218589928163,9941.474817606142,0,None,None,2,True,False,0,True,False,0
3788,6777,41.17755134644009,-8.578846138014349,0.26409086186209957,11825.33018298693,0,None,None,2,True,False,0,True,False,0
3789,6778,41.17755134644009,-8.577649209514455,0.30191282533033736,13517.808798509324,0,None,None,2,True,False,0,True,False,0
3790,6779,41.17755134644009,-8.57645228101456,0.3374274447775656,15107.03707861506,0,None,None,2,True,False,0,True,False,0
3791,6780,41.17755134644009,-8.575255352514665,0.37024396225655626,16575.529165646738,0,None,None,3,True,False,0,True,False,0
3792,6781,41.17755134644009,-8.57405842401477,0.39868473854584735,17848.21311075458,0,None,None,3,True,False,0,True,False,0
3793,6782,41.17755134644009,-8.572861495514877,0.4205851533509062,18828.225260566935,0,None,None,3,True,False,0,True,False,0
3794,6783,41.17755134644009,-8.571664567014983,0.43369127597870644,19414.705449481346,0,None,None,3,True,False,0,True,False,0
3795,6784,41.17755134644009,-8.570467638515087,0.4359332994850255,19515.03278555765,0,None,None,3,True,False,0,True,False,0
3796,6785,41.17755134644009,-8.569270710015193,0.425861864973912,19064.350537080292,0,None,None,3,True,False,0,True,False,0
3797,6843,41.17845772025887,-8.666221918506645,0.09085805045681095,4073.410347928848,0,None,None,1,True,False,0,False,False,0
3798,6844,41.17845772025887,-8.665024990006751,0.10632351353112948,4765.467637720706,0,None,None,1,True,False,0,True,False,0
3799,6845,41.17845772025887,-8.663828061506857,0.12856878620562032,5760.911682545558,0,None,None,1,True,False,0,True,False,0
3800,6854,41.17845772025887,-8.653055705007807,0.1916544647824178,8583.905312334593,0,None,None,2,True,False,0,True,False,0
3801,6855,41.17845772025887,-8.651858776507913,0.17156269337366456,7684.82736029131,0,None,None,2,True,False,0,True,False,0
3802,6856,41.17845772025887,-8.650661848008017,0.15830226058705738,7091.442013104036,0,None,None,2,True,False,0,True,False,0
3803,6857,41.17845772025887,-8.649464919508123,0.15495647934176585,6941.723101376272,0,None,None,2,True,False,0,True,False,0
3804,6858,41.17845772025887,-8.648267991008229,0.15771693031548528,7065.249323015759,0,None,None,2,True,False,0,True,False,0
3805,6859,41.17845772025887,-8.647071062508335,0.1568654540913289,7027.146983294009,0,None,None,2,True,False,0,True,False,0
3806,6860,41.17845772025887,-8.645874134008439,0.1441318232360226,6457.33526691761,0,None,None,2,True,False,0,True,False,0
3807,6861,41.17845772025887,-8.644677205508545,0.1256777489885414,5631.541913821241,0,None,None,1,True,False,0,True,False,0
3808,6862,41.17845772025887,-8.643480277008651,0.12516003753767,5608.375068970716,0,None,None,1,True,False,0,True,False,0
3809,6863,41.17845772025887,-8.642283348508757,0.15174804130536967,6798.15010124926,0,None,None,2,True,False,0,True,False,0
3810,6864,41.17845772025887,-8.641086420008861,0.1880074693581133,8420.70749814055,0,None,None,2,True,False,0,True,False,0
3811,6865,41.17845772025887,-8.639889491508967,0.2194963673706875,9829.79051831223,0,None,None,2,True,False,0,False,False,0
3812,6866,41.17845772025887,-8.638692563009073,0.24291934728118383,10877.9352727118,0,None,None,2,True,False,0,True,False,0
3813,6867,41.17845772025887,-8.637495634509179,0.2592654983311303,11609.402086204078,0,None,None,2,True,False,0,True,False,0
3814,6868,41.17845772025887,-8.636298706009283,0.270084394287456,12093.532162238338,0,None,None,2,True,False,0,True,False,0
3815,6869,41.17845772025887,-8.635101777509389,0.2768015168085588,12394.113760397764,0,None,None,2,True,False,0,True,False,0
3816,6870,41.17845772025887,-8.633904849009495,0.2808227101935897,12574.056396605964,0,None,None,2,True,False,0,True,False,0
3817,6871,41.17845772025887,-8.632707920509601,0.283583332405855,12697.590280924764,0,None,None,2,True,False,0,True,False,0
3818,6872,41.17845772025887,-8.631510992009707,0.2863898496169103,12823.177900610228,0,None,None,2,True,False,0,True,False,0
3819,6873,41.17845772025887,-8.630314063509811,0.29015724732840736,12991.763544457923,0,None,None,2,True,False,0,True,False,0
3820,6874,41.17845772025887,-8.629117135009917,0.29522717177632274,13218.63539148979,0,None,None,2,True,False,0,True,False,0
3821,6875,41.17845772025887,-8.627920206510023,0.3013896043500881,13494.395410121697,0,None,None,2,True,False,0,True,False,0
3822,6876,41.17845772025887,-8.626723278010129,0.30807708064842454,13793.650382335189,0,None,None,2,True,False,0,True,False,0
3823,6877,41.17845772025887,-8.625526349510233,0.31459372027995497,14085.26065874755,0,None,None,2,True,False,0,True,False,0
3824,6878,41.17845772025887,-8.624329421010339,0.3202663480521853,14339.102615059013,0,None,None,2,True,False,0,True,False,0
3825,6879,41.17845772025887,-8.623132492510445,0.32450150201398825,14528.619680184836,0,None,None,2,True,False,0,False,False,0
3826,6880,41.17845772025887,-8.62193556401055,0.3267936674518224,14631.190795775694,0,None,None,2,True,False,0,True,False,0
3827,6881,41.17845772025887,-8.620738635510655,0.3267251008492699,14628.12253865952,0,None,None,2,True,False,0,True,False,0
3828,6882,41.17845772025887,-8.619541707010761,0.3239653615280034,14504.628162446546,0,None,None,2,True,False,0,True,False,0
3829,6883,41.17845772025887,-8.618344778510867,0.31825890657485306,14249.272488308701,0,None,None,2,True,False,0,True,False,0
3830,6884,41.17845772025887,-8.617147850010973,0.3093891881531442,13852.36531115874,0,None,None,2,True,False,0,True,False,0
3831,6885,41.17845772025887,-8.615950921511077,0.29711831194464033,13303.261201477704,0,None,None,2,True,False,0,True,False,0
3832,6886,41.17845772025887,-8.614753993011183,0.2811173325225777,12587.240323238602,0,None,None,2,True,False,0,False,False,0
3833,6887,41.17845772025887,-8.613557064511289,0.2609249117777112,11683.658457769956,0,None,None,2,True,False,0,True,False,0
3834,6888,41.17845772025887,-8.612360136011395,0.23599984148140066,10568.297313118534,0,None,None,2,True,False,0,True,False,0
3835,6889,41.17845772025887,-8.611163207511499,0.2059557569697334,9223.867624753824,0,None,None,2,True,False,0,False,False,0
3836,6890,41.17845772025887,-8.609966279011605,0.1710655590789821,7662.581313665532,0,None,None,2,True,False,0,False,False,0
3837,6891,41.17845772025887,-8.60876935051171,0.13305855564985009,5961.822425303958,0,None,None,1,True,False,0,True,False,0
3838,6892,41.17845772025887,-8.607572422011817,0.09599744992338757,4303.391102394777,0,None,None,1,True,False,0,True,False,0
3839,6893,41.17845772025887,-8.606375493511923,0.06634372167535799,2976.4292969229477,0,None,None,1,True,False,0,True,False,0
3840,6894,41.17845772025887,-8.605178565012027,0.0497818066785022,2235.307356286055,0,None,None,1,True,False,0,True,False,0
3841,6895,41.17845772025887,-8.603981636512133,0.045055701980399626,2023.8209499027432,0,None,None,1,True,False,0,False,False,0
3842,6896,41.17845772025887,-8.602784708012239,0.05210688947795073,2339.3514765943582,0,None,None,1,True,False,0,False,False,0
3843,6897,41.17845772025887,-8.601587779512345,0.07548880437650464,3385.6586306108325,0,None,None,1,True,False,0,True,False,0
3844,6898,41.17845772025887,-8.600390851012449,0.11053820694323431,4954.0691225949895,0,None,None,1,True,False,0,True,False,0
3845,6899,41.17845772025887,-8.599193922512555,0.14897045200887163,6673.856964247669,0,None,None,2,True,False,0,True,False,0
3846,6900,41.17845772025887,-8.59799699401266,0.18463070671083814,8269.602213111986,0,None,None,2,True,False,0,False,False,0
3847,6901,41.17845772025887,-8.596800065512767,0.21416720544932796,9591.318166179277,0,None,None,2,True,False,0,False,False,0
3848,6902,41.17845772025887,-8.595603137012871,0.236302998796405,10581.863168133304,0,None,None,2,True,False,0,False,False,0
3849,6903,41.17845772025887,-8.594406208512977,0.2510034754315682,11239.688412026162,0,None,None,2,True,False,0,False,False,0
3850,6904,41.17845772025887,-8.593209280013083,0.2588215846279828,11589.537584712893,0,None,None,2,True,False,0,True,False,0
3851,6905,41.17845772025887,-8.592012351513189,0.2603807551006512,11659.308226979023,0,None,None,2,True,False,0,True,False,0
3852,6906,41.17845772025887,-8.590815423013293,0.2558527968896533,11456.688591683553,0,None,None,2,True,False,0,True,False,0
3853,6907,41.17845772025887,-8.589618494513399,0.24427065356052358,10938.404290475097,0,None,None,2,True,False,0,False,False,0
3854,6908,41.17845772025887,-8.588421566013505,0.22255350304446544,9966.592954731612,0,None,None,2,True,False,0,True,False,0
3855,6909,41.17845772025887,-8.58722463751361,0.18447477835037726,8262.624642636167,0,None,None,2,True,False,0,True,False,0
3856,6910,41.17845772025887,-8.586027709013715,0.12228269756262579,5479.618232180906,0,None,None,1,True,False,0,True,False,0
3857,6911,41.17845772025887,-8.58483078051382,0.04389175328539821,1971.7359153034838,0,None,None,1,True,False,0,True,False,0
3858,6912,41.17845772025887,-8.583633852013927,0.009977457449675702,454.1198213991225,0,None,None,1,True,False,0,True,False,0
3859,6913,41.17845772025887,-8.582436923514033,0.06373362330435645,2859.631138597833,0,None,None,1,True,False,0,True,False,0
3860,6914,41.17845772025887,-8.581239995014139,0.1384815568520125,6204.493950655091,0,None,None,2,True,False,0,True,False,0
3861,6915,41.17845772025887,-8.580043066514243,0.19385822353033466,8682.5203553572,0,None,None,2,True,False,0,True,False,0
3862,6916,41.17845772025887,-8.578846138014349,0.23672572095599032,10600.779378446034,0,None,None,2,True,False,0,True,False,0
3863,6917,41.17845772025887,-8.577649209514455,0.27657602845335266,12384.02347993001,0,None,None,2,True,False,0,True,False,0
3864,6918,41.17845772025887,-8.57645228101456,0.3158685113936155,14142.30573259572,0,None,None,2,True,False,0,True,False,0
3865,6919,41.17845772025887,-8.575255352514665,0.3529500842736159,15801.652931268794,0,None,None,2,True,False,0,True,False,0
3866,6920,41.17845772025887,-8.57405842401477,0.38489021827062614,17230.928114516657,0,None,None,3,True,False,0,True,False,0
3867,6921,41.17845772025887,-8.572861495514877,0.40863553126131036,18293.496811918332,0,None,None,3,True,False,0,True,False,0
3868,6922,41.17845772025887,-8.571664567014983,0.4212484708690101,18857.907768077024,0,None,None,3,True,False,0,True,False,0
3869,6923,41.17845772025887,-8.570467638515087,0.41997156256461093,18800.767952980077,0,None,None,3,True,False,0,True,False,0
3870,6994,41.17936409407765,-8.651858776507913,0.12692904626141926,5687.535671992622,0,None,None,1,True,False,0,True,False,0
3871,6995,41.17936409407765,-8.650661848008017,0.10852011340231729,4863.762331277974,0,None,None,1,True,False,0,True,False,0
3872,6996,41.17936409407765,-8.649464919508123,0.10974407495281407,4918.532855081612,0,None,None,1,True,False,0,True,False,0
3873,6997,41.17936409407765,-8.648267991008229,0.127310391656725,5704.600331452327,0,None,None,1,True,False,0,True,False,0
3874,6998,41.17936409407765,-8.647071062508335,0.14867353871754668,6660.570520336478,0,None,None,2,True,False,0,True,False,0
3875,6999,41.17936409407765,-8.645874134008439,0.16270949649759484,7288.6594986111295,0,None,None,2,True,False,0,True,False,0
3876,7000,41.17936409407765,-8.644677205508545,0.1695629063405053,7595.339758938638,0,None,None,2,True,False,0,True,False,0
3877,7001,41.17936409407765,-8.643480277008651,0.1793000543560663,8031.0631662216265,0,None,None,2,True,False,0,True,False,0
3878,7002,41.17936409407765,-8.642283348508757,0.19850906802487503,8890.638975580074,0,None,None,2,True,False,0,True,False,0
3879,7003,41.17936409407765,-8.641086420008861,0.22356323823583954,10011.777156238659,0,None,None,2,True,False,0,False,False,0
3880,7004,41.17936409407765,-8.639889491508967,0.24802420336918612,11106.370260533593,0,None,None,2,True,False,0,False,False,0
3881,7005,41.17936409407765,-8.638692563009073,0.2684539715174383,12020.573081866081,0,None,None,2,True,False,0,False,False,0
3882,7006,41.17936409407765,-8.637495634509179,0.2841383095522757,12722.42471219932,0,None,None,2,True,False,0,True,False,0
3883,7007,41.17936409407765,-8.636298706009283,0.2955512682372357,13233.138243250047,0,None,None,2,True,False,0,False,False,0
3884,7008,41.17936409407765,-8.635101777509389,0.3035614238829796,13591.581219083715,0,None,None,2,True,False,0,True,False,0
3885,7009,41.17936409407765,-8.633904849009495,0.30917492033052013,13842.777133429936,0,None,None,2,True,False,0,True,False,0
3886,7012,41.17936409407765,-8.630314063509811,0.3212186736126794,14381.717817929306,0,None,None,2,True,False,0,True,False,0
3887,7013,41.17936409407765,-8.629117135009917,0.3257141327063123,14582.883164337583,0,None,None,2,True,False,0,True,False,0
3888,7014,41.17936409407765,-8.627920206510023,0.33063080535817885,14802.897213311959,0,None,None,2,True,False,0,True,False,0
3889,7015,41.17936409407765,-8.626723278010129,0.33562547611006643,15026.401565386223,0,None,None,2,True,False,0,True,False,0
3890,7016,41.17936409407765,-8.625526349510233,0.3402113796759442,15231.614172199033,0,None,None,2,True,False,0,True,False,0
3891,7017,41.17936409407765,-8.624329421010339,0.34386216609676273,15394.981628049489,0,None,None,2,True,False,0,True,False,0
3892,7018,41.17936409407765,-8.623132492510445,0.3460724853279287,15493.89024328751,0,None,None,2,True,False,0,True,False,0
3893,7019,41.17936409407765,-8.62193556401055,0.34638442834947736,15507.849246068416,0,None,None,2,True,False,0,True,False,0
3894,7020,41.17936409407765,-8.620738635510655,0.34439531513114174,15418.839282619187,0,None,None,2,True,False,0,True,False,0
3895,7021,41.17936409407765,-8.619541707010761,0.3397533181644077,15211.11657657525,0,None,None,2,True,False,0,True,False,0
3896,7022,41.17936409407765,-8.618344778510867,0.33213872681190937,14870.374535489313,0,None,None,2,True,False,0,True,False,0
3897,7023,41.17936409407765,-8.617147850010973,0.32122751076813233,14382.113267960309,0,None,None,2,True,False,0,True,False,0
3898,7024,41.17936409407765,-8.615950921511077,0.306639828617785,13729.335415476942,0,None,None,2,True,False,0,True,False,0
3899,7025,41.17936409407765,-8.614753993011183,0.2878878224289083,12890.21003533982,0,None,None,2,True,False,0,False,False,0
3900,7026,41.17936409407765,-8.613557064511289,0.26435468667796463,11837.135965081527,0,None,None,2,True,False,0,True,False,0
3901,7027,41.17936409407765,-8.612360136011395,0.2353610123781462,10539.710627048164,0,None,None,2,True,False,0,True,False,0
3902,7028,41.17936409407765,-8.611163207511499,0.20040256614289928,8975.370300435252,0,None,None,2,True,False,0,True,False,0
3903,7029,41.17936409407765,-8.609966279011605,0.15966420165577666,7152.386922438128,0,None,None,2,True,False,0,True,False,0
3904,7030,41.17936409407765,-8.60876935051171,0.11488744593245326,5148.691329060577,0,None,None,1,True,False,0,True,False,0
3905,7031,41.17936409407765,-8.607572422011817,0.07051527308790395,3163.1002391974107,0,None,None,1,True,False,0,True,False,0
3906,7032,41.17936409407765,-8.606375493511923,0.034718049942327814,1561.2258489413387,0,None,None,1,True,False,0,True,False,0
3907,7033,41.17936409407765,-8.605178565012027,0.018290446888072086,826.1141750863591,0,None,None,1,True,False,0,True,False,0
3908,7034,41.17936409407765,-8.603981636512133,0.015107290902031249,683.672510449607,0,None,None,1,True,False,0,True,False,0
3909,7035,41.17936409407765,-8.602784708012239,0.018703273978104264,844.5875952295136,0,None,None,1,True,False,0,True,False,0
3910,7036,41.17936409407765,-8.601587779512345,0.047209559502565654,2120.2029846484897,0,None,None,1,True,False,0,True,False,0
3911,7037,41.17936409407765,-8.600390851012449,0.08960641126524893,4017.4012893867807,0,None,None,1,True,False,0,False,False,0
3912,7038,41.17936409407765,-8.599193922512555,0.13489927804188806,6044.192112119761,0,None,None,1,True,False,0,True,False,0
3913,7039,41.17936409407765,-8.59799699401266,0.17635123796278723,7899.10786223753,0,None,None,2,True,False,0,True,False,0
3914,7040,41.17936409407765,-8.596800065512767,0.21048940611698505,9426.741921283894,0,None,None,2,True,False,0,True,False,0
3915,7041,41.17936409407765,-8.595603137012871,0.23606416055307478,10571.17549932032,0,None,None,2,True,False,0,True,False,0
3916,7042,41.17936409407765,-8.594406208512977,0.25312741367697406,11334.731602051406,0,None,None,2,True,False,0,False,False,0
3917,7043,41.17936409407765,-8.593209280013083,0.26234087635205605,11747.020841492538,0,None,None,2,True,False,0,True,False,0
3918,7044,41.17936409407765,-8.592012351513189,0.26444562195025895,11841.205188084296,0,None,None,2,True,False,0,False,False,0
3919,7045,41.17936409407765,-8.590815423013293,0.25973748495759474,11630.522810747492,0,None,None,2,True,False,0,True,False,0
3920,7046,41.17936409407765,-8.589618494513399,0.24739430908814433,11078.183394941636,0,None,None,2,True,False,0,True,False,0
3921,7047,41.17936409407765,-8.588421566013505,0.22459339528626057,10057.8752066461,0,None,None,2,True,False,0,True,False,0
3922,7048,41.17936409407765,-8.58722463751361,0.185802087239222,8322.01981159531,0,None,None,2,True,False,0,True,False,0
3923,7049,41.17936409407765,-8.586027709013715,0.12489430343068654,5596.4838488371515,0,None,None,1,True,False,0,True,False,0
3924,7050,41.17936409407765,-8.58483078051382,0.050836477864182994,2282.502379084684,0,None,None,1,True,False,0,True,False,0
3925,7051,41.17936409407765,-8.583633852013927,0.01924497613399053,868.8279897185466,0,None,None,1,True,False,0,True,False,0
3926,7052,41.17936409407765,-8.582436923514033,0.06733676144896765,3020.8664024319983,0,None,None,1,True,False,0,True,False,0
3927,7053,41.17936409407765,-8.581239995014139,0.1274839709807594,5712.367757230519,0,None,None,1,True,False,0,True,False,0
3928,7054,41.17936409407765,-8.580043066514243,0.16787857528492217,7519.968360110317,0,None,None,2,True,False,0,True,False,0
3929,7055,41.17936409407765,-8.578846138014349,0.20405976957420816,9139.024908300955,0,None,None,2,True,False,0,True,False,0
3930,7056,41.17936409407765,-8.577649209514455,0.24550432415739032,10993.609280177685,0,None,None,2,True,False,0,False,False,0
3931,7057,41.17936409407765,-8.57645228101456,0.2905836469928238,13010.844317837042,0,None,None,2,True,False,0,True,False,0
3932,7058,41.17936409407765,-8.575255352514665,0.3341151750790501,14958.817760538459,0,None,None,2,True,False,0,True,False,0
3933,7059,41.17936409407765,-8.57405842401477,0.3712451461457888,16620.330708648456,0,None,None,3,True,False,0,True,False,0
3934,7060,41.17936409407765,-8.572861495514877,0.3980400662329722,17819.364949434854,0,None,None,3,True,False,0,True,False,0
3935,7135,41.18027046789643,-8.649464919508123,0.05626633332383188,2525.480622626979,0,None,None,1,True,False,0,True,False,0
3936,7136,41.18027046789643,-8.648267991008229,0.08787288330298268,3939.8283995496463,0,None,None,1,True,False,0,True,False,0
3937,7137,41.18027046789643,-8.647071062508335,0.12973083897501733,5812.911877193428,0,None,None,1,True,False,0,True,False,0
3938,7138,41.18027046789643,-8.645874134008439,0.16592191268220324,7432.41051516461,0,None,None,2,True,False,0,True,False,0
3939,7139,41.18027046789643,-8.644677205508545,0.19212350052149846,8604.893988900167,0,None,None,2,True,False,0,True,False,0
3940,7140,41.18027046789643,-8.643480277008651,0.21299255964902922,9538.754451461284,0,None,None,2,True,False,0,True,False,0
3941,7141,41.18027046789643,-8.642283348508757,0.23376795287637736,10468.423499338289,0,None,None,2,True,False,0,True,False,0
3942,7142,41.18027046789643,-8.641086420008861,0.25549880500473116,11440.84796257919,0,None,None,2,True,False,0,False,False,0
3943,7143,41.18027046789643,-8.639889491508967,0.27642371879109395,12377.207841008281,0,None,None,2,True,False,0,False,False,0
3944,7144,41.18027046789643,-8.638692563009073,0.2947590176737239,13197.68616689221,0,None,None,2,True,False,0,False,False,0
3945,7145,41.18027046789643,-8.637495634509179,0.3097259362669976,13867.434306241266,0,None,None,2,True,False,0,True,False,0
3946,7146,41.18027046789643,-8.636298706009283,0.32136334499570135,14388.191654811102,0,None,None,2,True,False,0,True,False,0
3947,7147,41.18027046789643,-8.635101777509389,0.3301536779946504,14781.546448158515,0,None,None,2,True,False,0,True,False,0
3948,7158,41.18027046789643,-8.62193556401055,0.3656767646761988,16371.153624855158,0,None,None,2,True,False,0,True,False,0
3949,7159,41.18027046789643,-8.620738635510655,0.361860546984067,16200.383356898674,0,None,None,2,True,False,0,True,False,0
3950,7160,41.18027046789643,-8.619541707010761,0.35539943806789465,15911.258000348476,0,None,None,2,True,False,0,True,False,0
3951,7161,41.18027046789643,-8.618344778510867,0.3459441358804759,15488.14678961117,0,None,None,2,True,False,0,True,False,0
3952,7162,41.18027046789643,-8.617147850010973,0.3331217971166846,14914.365521567664,0,None,None,2,True,False,0,False,False,0
3953,7163,41.18027046789643,-8.615950921511077,0.3164948724995482,14170.33449366933,0,None,None,2,True,False,0,False,False,0
3954,7164,41.18027046789643,-8.614753993011183,0.29552235035122487,13231.844209329238,0,None,None,2,True,False,0,False,False,0
3955,7165,41.18027046789643,-8.613557064511289,0.2695503870982116,12069.636106469306,0,None,None,2,True,False,0,True,False,0
3956,7166,41.18027046789643,-8.612360136011395,0.23788172774715508,10652.50902424002,0,None,None,2,True,False,0,True,False,0
3957,7167,41.18027046789643,-8.611163207511499,0.20000373997058468,8957.523401277836,0,None,None,2,True,False,0,True,False,0
3958,7168,41.18027046789643,-8.609966279011605,0.1560806686304585,6992.028959571854,0,None,None,2,True,False,0,True,False,0
3959,7169,41.18027046789643,-8.60876935051171,0.10778814483564719,4831.007787813723,0,None,None,1,True,False,0,True,False,0
3960,7170,41.18027046789643,-8.607572422011817,0.05939791542104473,2665.614429713342,0,None,None,1,True,False,0,False,False,0
3961,7171,41.18027046789643,-8.606375493511923,0.018825037207952366,850.0363251149388,0,None,None,1,True,False,0,True,False,0
3962,7172,41.18027046789643,-8.605178565012027,0.0,7.64291162573613,0,None,None,1,True,False,0,True,False,0
3963,7173,41.18027046789643,-8.603981636512133,0.004337215848363903,201.7270997833727,0,None,None,1,True,False,0,True,False,0
3964,7174,41.18027046789643,-8.602784708012239,0.0054607595006726205,252.00406667683762,0,None,None,1,True,False,0,True,False,0
3965,7175,41.18027046789643,-8.601587779512345,0.0374424556798077,1683.13909796035,0,None,None,1,True,False,0,False,False,0
3966,7176,41.18027046789643,-8.600390851012449,0.08287705803212786,3716.272384407577,0,None,None,1,True,False,0,False,False,0
3967,7177,41.18027046789643,-8.599193922512555,0.13092183140465297,5866.207080127569,0,None,None,1,True,False,0,True,False,0
3968,7178,41.18027046789643,-8.59799699401266,0.1748404648202239,7831.50293107521,0,None,None,2,True,False,0,True,False,0
3969,7179,41.18027046789643,-8.596800065512767,0.21098139013271883,9448.757500313986,0,None,None,2,True,False,0,True,False,0
3970,7180,41.18027046789643,-8.595603137012871,0.23791398768890237,10653.952610361379,0,None,None,2,True,False,0,True,False,0
3971,7181,41.18027046789643,-8.594406208512977,0.2555872532792908,11444.805896000542,0,None,None,2,True,False,0,True,False,0
3972,7182,41.18027046789643,-8.593209280013083,0.26470067365519223,11852.618386048347,0,None,None,2,True,False,0,True,False,0
3973,7183,41.18027046789643,-8.592012351513189,0.2662451391376391,11921.731001094071,0,None,None,2,True,False,0,True,False,0
3974,7189,41.18027046789643,-8.58483078051382,0.10937535286459966,4902.033070508087,0,None,None,1,True,False,0,True,False,0
3975,7190,41.18027046789643,-8.583633852013927,0.08960268429101621,4017.234512635627,0,None,None,1,True,False,0,True,False,0
3976,7191,41.18027046789643,-8.582436923514033,0.10291566610294398,4612.971353332653,0,None,None,1,True,False,0,True,False,0
3977,7192,41.18027046789643,-8.581239995014139,0.11644741503611539,5218.497708918169,0,None,None,1,True,False,0,True,False,0
3978,7193,41.18027046789643,-8.580043066514243,0.12861529592569415,5762.992925807955,0,None,None,1,True,False,0,True,False,0
3979,7194,41.18027046789643,-8.578846138014349,0.15855250927910344,7102.640283130553,0,None,None,2,True,False,0,True,False,0
3980,7195,41.18027046789643,-8.577649209514455,0.20674446487596934,9259.161172279953,0,None,None,2,True,False,0,True,False,0
3981,7196,41.18027046789643,-8.57645228101456,0.26228259895045897,11744.413011360872,0,None,None,2,True,False,0,True,False,0
3982,7197,41.18027046789643,-8.575255352514665,0.31524321255313287,14114.324506377347,0,None,None,2,True,False,0,True,False,0
3983,7275,41.18117684171521,-8.648267991008229,0.05732252983531482,2572.7439015674126,0,None,None,1,True,False,0,True,False,0
3984,7276,41.18117684171521,-8.647071062508335,0.11348293737726767,5085.841585763508,0,None,None,1,True,False,0,True,False,0
3985,7277,41.18117684171521,-8.645874134008439,0.16515791867587296,7398.222879211041,0,None,None,2,True,False,0,True,False,0
3986,7278,41.18117684171521,-8.644677205508545,0.2052921166667311,9194.170673082517,0,None,None,2,True,False,0,True,False,0
3987,7279,41.18117684171521,-8.643480277008651,0.23587589468695513,10562.750871849355,0,None,None,2,True,False,0,True,False,0
3988,7280,41.18117684171521,-8.642283348508757,0.2611114298857385,11692.004875573173,0,None,None,2,True,False,0,True,False,0
3989,7281,41.18117684171521,-8.641086420008861,0.28351287801605884,12694.43754803717,0,None,None,2,True,False,0,True,False,0
3990,7282,41.18117684171521,-8.639889491508967,0.30359999564252876,13593.307249998395,0,None,None,2,True,False,0,True,False,0
3991,7283,41.18117684171521,-8.638692563009073,0.3210627941483573,14374.742435485561,0,None,None,2,True,False,0,True,False,0
3992,7284,41.18117684171521,-8.637495634509179,0.3356425283059661,15027.164626694028,0,None,None,2,True,False,0,True,False,0
3993,7285,41.18117684171521,-8.636298706009283,0.34739708510800077,15553.164183514864,0,None,None,2,True,False,0,True,False,0
3994,7299,41.18117684171521,-8.619541707010761,0.3710328208940296,16610.82945817954,0,None,None,3,True,False,0,True,False,0
3995,7300,41.18117684171521,-8.618344778510867,0.3598794130323174,16111.73045418416,0,None,None,2,True,False,0,True,False,0
3996,7301,41.18117684171521,-8.617147850010973,0.34538519124341704,15463.134818821301,0,None,None,2,True,False,0,True,False,0
3997,7302,41.18117684171521,-8.615950921511077,0.32713957676101907,14646.669741209533,0,None,None,2,True,False,0,True,False,0
3998,7303,41.18117684171521,-8.614753993011183,0.3046571613228649,13640.61389785489,0,None,None,2,True,False,0,True,False,0
3999,7304,41.18117684171521,-8.613557064511289,0.2773774784436513,12419.887217441421,0,None,None,2,True,False,0,True,False,0
4000,7305,41.18117684171521,-8.612360136011395,0.2447344383547883,10959.157994791814,0,None,None,2,True,False,0,True,False,0
4001,7306,41.18117684171521,-8.611163207511499,0.20637238202067668,9242.51099820017,0,None,None,2,True,False,0,True,False,0
4002,7307,41.18117684171521,-8.609966279011605,0.16261569018221558,7284.461800548372,0,None,None,2,True,False,0,True,False,0
4003,7308,41.18117684171521,-8.60876935051171,0.11527832586538551,5166.182645403269,0,None,None,1,True,False,0,True,False,0
4004,7309,41.18117684171521,-8.607572422011817,0.06875573582171864,3084.3634703161697,0,None,None,1,True,False,0,True,False,0
4005,7310,41.18117684171521,-8.606375493511923,0.03116058246614245,1402.0342820118103,0,None,None,1,True,False,0,True,False,0
4006,7311,41.18117684171521,-8.605178565012027,0.014640042883551961,662.7638318167403,0,None,None,1,True,False,0,True,False,0
4007,7312,41.18117684171521,-8.603981636512133,0.017617597261416616,796.0051193909047,0,None,None,1,True,False,0,True,False,0
4008,7313,41.18117684171521,-8.602784708012239,0.024340836241625904,1096.860420322244,0,None,None,1,True,False,0,False,False,0
4009,7314,41.18117684171521,-8.601587779512345,0.051740940282630474,2322.9757750005665,0,None,None,1,True,False,0,False,False,0
4010,7315,41.18117684171521,-8.600390851012449,0.09345220222509668,4189.494918655333,0,None,None,1,True,False,0,False,False,0
4011,7316,41.18117684171521,-8.599193922512555,0.13910751972924532,6232.504891565578,0,None,None,2,True,False,0,False,False,0
4012,7317,41.18117684171521,-8.59799699401266,0.1815629088319503,8132.322658307198,0,None,None,2,True,False,0,True,False,0
4013,7318,41.18117684171521,-8.596800065512767,0.21667559655510954,9703.565070268936,0,None,None,2,True,False,0,True,False,0
4014,7319,41.18117684171521,-8.595603137012871,0.24252820788176485,10860.432345615991,0,None,None,2,True,False,0,True,False,0
4015,7320,41.18117684171521,-8.594406208512977,0.2586969275816058,11583.959360688523,0,None,None,2,True,False,0,True,False,0
4016,7329,41.18117684171521,-8.583633852013927,0.13044509089216133,5844.873626003145,0,None,None,1,True,False,0,True,False,0
4017,7415,41.182083215533986,-8.647071062508335,0.11450240149895975,5131.46114294766,0,None,None,1,True,False,0,True,False,0
4018,7416,41.182083215533986,-8.645874134008439,0.17216002610939143,7711.5571434348585,0,None,None,2,True,False,0,True,False,0
4019,7417,41.182083215533986,-8.644677205508545,0.21939261523367073,9825.147758996914,0,None,None,2,True,False,0,True,False,0
4020,7418,41.182083215533986,-8.643480277008651,0.2561433906338543,11469.692244925347,0,None,None,2,True,False,0,False,False,0
4021,7419,41.182083215533986,-8.642283348508757,0.28529733354422343,12774.289373400641,0,None,None,2,True,False,0,False,False,0
4022,7420,41.182083215533986,-8.641086420008861,0.30941831731284514,13853.66879927414,0,None,None,2,True,False,0,True,False,0
4023,7421,41.182083215533986,-8.639889491508967,0.32988927307205795,14769.714707119943,0,None,None,2,True,False,0,True,False,0
4024,7422,41.182083215533986,-8.638692563009073,0.34725708231186475,15546.899259199856,0,None,None,2,True,False,0,True,False,0
4025,7439,41.182083215533986,-8.618344778510867,0.374040394380814,16745.414057820155,0,None,None,3,True,False,0,True,False,0
4026,7440,41.182083215533986,-8.617147850010973,0.35812867081312116,16033.387251040564,0,None,None,2,True,False,0,True,False,0
4027,7441,41.182083215533986,-8.615950921511077,0.33869181030830836,15163.615622581525,0,None,None,2,True,False,0,True,False,0
4028,7442,41.182083215533986,-8.614753993011183,0.3153982094698068,14121.26039607971,0,None,None,2,True,False,0,True,False,0
4029,7443,41.182083215533986,-8.613557064511289,0.28789849808797274,12890.687755770394,0,None,None,2,True,False,0,True,False,0
4030,7444,41.182083215533986,-8.612360136011395,0.2558862982125,11458.187727828543,0,None,None,2,True,False,0,True,False,0
4031,7445,41.182083215533986,-8.611163207511499,0.21928554713215206,9820.356615026372,0,None,None,2,True,False,0,True,False,0
4032,7446,41.182083215533986,-8.609966279011605,0.17866814813548518,8002.7862692210965,0,None,None,2,True,False,0,True,False,0
4033,7447,41.182083215533986,-8.60876935051171,0.13597806189474201,6092.466142188545,0,None,None,2,True,False,0,True,False,0
4034,7448,41.182083215533986,-8.607572422011817,0.09543505791253451,4278.2248665723355,0,None,None,1,True,False,0,True,False,0
4035,7449,41.182083215533986,-8.606375493511923,0.06389846241682602,2867.007452444964,0,None,None,1,True,False,0,False,False,0
4036,7450,41.182083215533986,-8.605178565012027,0.04827834005204215,2168.0293812393043,0,None,None,1,True,False,0,False,False,0
4037,7451,41.182083215533986,-8.603981636512133,0.04772918825734333,2143.4556260987492,0,None,None,1,True,False,0,True,False,0
4038,7452,41.182083215533986,-8.602784708012239,0.05810397180932563,2607.7123090483087,0,None,None,1,True,False,0,True,False,0
4039,7453,41.182083215533986,-8.601587779512345,0.08232071749533827,3691.3769433695843,0,None,None,1,True,False,0,False,False,0
4040,7454,41.182083215533986,-8.600390851012449,0.1179933323604299,5287.675291805032,0,None,None,1,True,False,0,True,False,0
4041,7455,41.182083215533986,-8.599193922512555,0.158029071820733,7079.217207657506,0,None,None,2,True,False,0,True,False,0
4042,7456,41.182083215533986,-8.59799699401266,0.19595913328872053,8776.533053619056,0,None,None,2,True,False,0,True,False,0
4043,7457,41.182083215533986,-8.596800065512767,0.22738483096031253,10182.78794918277,0,None,None,2,True,False,0,True,False,0
4044,7556,41.182989589352765,-8.644677205508545,0.2402379234997312,10757.945404574126,0,None,None,2,True,False,0,True,False,0
4045,7557,41.182989589352765,-8.643480277008651,0.2788619285036649,12486.31422841598,0,None,None,2,True,False,0,True,False,0
4046,7558,41.182989589352765,-8.642283348508757,0.3098844070237721,13874.525645305452,0,None,None,2,True,False,0,False,False,0
4047,7559,41.182989589352765,-8.641086420008861,0.3351754678903624,15006.264343020757,0,None,None,2,True,False,0,True,False,0
4048,7560,41.182989589352765,-8.639889491508967,0.3561436166244833,15944.558923348266,0,None,None,2,True,False,0,True,False,0
4049,7579,41.182989589352765,-8.617147850010973,0.3712260012320377,16619.474001218474,0,None,None,3,True,False,0,True,False,0
4050,7580,41.182989589352765,-8.615950921511077,0.35088448272577477,15709.220224784718,0,None,None,2,True,False,0,True,False,0
4051,7581,41.182989589352765,-8.614753993011183,0.3272590749567608,14652.017114067534,0,None,None,2,True,False,0,True,False,0
4052,7582,41.182989589352765,-8.613557064511289,0.30029939948900214,13445.610306316177,0,None,None,2,True,False,0,True,False,0
4053,7583,41.182989589352765,-8.612360136011395,0.27004226336326403,12091.646863810958,0,None,None,2,True,False,0,True,False,0
4054,7584,41.182989589352765,-8.611163207511499,0.23673056560600192,10600.996169585162,0,None,None,2,True,False,0,True,False,0
4055,7585,41.182989589352765,-8.609966279011605,0.20110893702727747,9006.979384332806,0,None,None,2,True,False,0,True,False,0
4056,7586,41.182989589352765,-8.60876935051171,0.16494708401891606,7388.788330721505,0,None,None,2,True,False,0,True,False,0
4057,7587,41.182989589352765,-8.607572422011817,0.13158695019452168,5895.970191965489,0,None,None,1,True,False,0,True,False,0
4058,7588,41.182989589352765,-8.606375493511923,0.10576013914798593,4740.257442147325,0,None,None,1,True,False,0,True,False,0
4059,7589,41.182989589352765,-8.605178565012027,0.09160526600396382,4106.847171900298,0,None,None,1,True,False,0,True,False,0
4060,7590,41.182989589352765,-8.603981636512133,0.09003340726550052,4036.5087479391723,0,None,None,1,True,False,0,True,False,0
4061,7591,41.182989589352765,-8.602784708012239,0.10010210520332773,4487.068538687152,0,None,None,1,True,False,0,True,False,0
4062,7592,41.182989589352765,-8.601587779512345,0.12124085286559523,5432.997176351786,0,None,None,1,True,False,0,True,False,0
4063,7593,41.182989589352765,-8.600390851012449,0.1509373336878993,6761.872098200529,0,None,None,2,True,False,0,True,False,0
4064,7594,41.182989589352765,-8.599193922512555,0.18429775806841048,8254.703238926015,0,None,None,2,True,False,0,True,False,0
4065,7595,41.182989589352765,-8.59799699401266,0.21608310478801818,9677.051913528216,0,None,None,2,True,False,0,True,False,0
4066,7596,41.182989589352765,-8.596800065512767,0.24202606798674098,10837.962305554685,0,None,None,2,True,False,0,True,False,0
4067,7696,41.183895963171544,-8.643480277008651,0.30614226571629727,13707.070189311398,0,None,None,2,True,False,0,True,False,0
4068,7697,41.183895963171544,-8.642283348508757,0.33682595917677605,15080.12146071659,0,None,None,2,True,False,0,True,False,0
4069,7698,41.183895963171544,-8.641086420008861,0.3621596966908015,16213.769877191655,0,None,None,2,True,False,0,True,True,0
4070,7719,41.183895963171544,-8.615950921511077,0.3630835004748618,16255.108771476553,0,None,None,2,True,False,0,True,False,0
4071,7720,41.183895963171544,-8.614753993011183,0.33918910450492795,15185.868824589634,0,None,None,2,True,False,0,True,False,0
4072,7721,41.183895963171544,-8.613557064511289,0.3129496530457045,14011.691008171721,0,None,None,2,True,False,0,True,False,0
4073,7722,41.183895963171544,-8.612360136011395,0.2848058699648161,12752.297083149673,0,None,None,2,True,False,0,True,False,0
4074,7723,41.183895963171544,-8.611163207511499,0.2553394358652651,11433.716422178146,0,None,None,2,True,False,0,True,False,0
4075,7724,41.183895963171544,-8.609966279011605,0.22537669778848785,10092.926870096047,0,None,None,2,True,False,0,True,False,0
4076,7725,41.183895963171544,-8.60876935051171,0.19626595504230898,8790.2628870044,0,None,None,2,True,False,0,True,False,0
4077,7726,41.183895963171544,-8.607572422011817,0.17020558524312807,7624.098718008805,0,None,None,2,True,False,0,True,False,0
4078,7727,41.183895963171544,-8.606375493511923,0.15013690867112928,6726.054226784358,0,None,None,2,True,False,0,True,False,0
4079,7728,41.183895963171544,-8.605178565012027,0.1387729487445749,6217.53331989124,0,None,None,2,True,False,0,True,False,0
4080,7729,41.183895963171544,-8.603981636512133,0.1374504508383458,6158.353435503546,0,None,None,2,True,False,0,True,False,0
4081,7730,41.183895963171544,-8.602784708012239,0.1461074140658686,6545.740122877677,0,None,None,2,True,False,0,True,False,0
4082,7731,41.183895963171544,-8.601587779512345,0.16367142181936997,7331.704277029392,0,None,None,2,True,False,0,True,False,0
4083,7732,41.183895963171544,-8.600390851012449,0.1877154850886498,8407.641620887749,0,None,None,2,True,False,0,True,False,0
4084,7861,41.18480233699032,-8.612360136011395,0.2968540181305076,13291.434432383336,0,None,None,2,True,False,0,False,False,0
4085,7862,41.18480233699032,-8.611163207511499,0.2706816657154837,12120.259201950284,0,None,None,2,True,False,0,True,False,0
4086,7863,41.18480233699032,-8.609966279011605,0.2460091804094556,11016.200873320406,0,None,None,2,True,False,0,True,False,0
4087,7864,41.18480233699032,-8.60876935051171,0.22375774525668227,10020.481066431523,0,None,None,2,True,False,0,True,False,0
4088,7865,41.18480233699032,-8.607572422011817,0.20498879982351093,9180.597679408907,0,None,None,2,True,False,0,True,False,0
4089,7866,41.18480233699032,-8.606375493511923,0.19111126504368,8559.597903161002,0,None,None,2,True,False,0,True,False,0
4090,7867,41.18480233699032,-8.605178565012027,0.18365824885647486,8226.086118967673,0,None,None,2,True,False,0,True,False,0
4091,7868,41.18480233699032,-8.603981636512133,0.1836956379451612,8227.759227057595,0,None,None,2,True,False,0,True,False,0
4092,7869,41.18480233699032,-8.602784708012239,0.19138904799525294,8572.028291807766,0,None,None,2,True,False,0,True,False,0
4093,7870,41.18480233699032,-8.601587779512345,0.20584587751810463,9218.950676898296,0,None,None,2,True,False,0,True,False,0
4094,8006,41.1857087108091,-8.605178565012027,0.22090219038326922,9892.699081692392,0,None,None,2,True,False,0,True,False,0
4095,8007,41.1857087108091,-8.603981636512133,0.2240233850396874,10032.36806570235,0,None,None,2,True,False,0,True,False,0
