set,min_dissim,mean_dissim,max_jaccard_top,mean_jaccard_top,mean_abs_diff,table,n_candidates,min_cri_iqr
"('S01', 'S02', 'S03', 'S05')",0.07588981081478297,0.1661915500448864,0.7926330150068213,0.6690780108354227,0.060943039135349354,T0,9,0.20180096866730363
"('S01', 'S02', 'S03', 'S06')",0.07588981081478297,0.18228281920443667,0.7926330150068213,0.6083404923473367,0.06495157012615971,T0,9,0.20180096866730363
"('S01', 'S02', 'S03', 'S07')",0.011161941638097028,0.09238911335471134,0.9611940298507463,0.7593791751688778,0.04325601496749939,T0,9,0.20180096866730363
"('S01', 'S02', 'S03', 'S08')",0.03081105009675511,0.10810797882638568,0.8664772727272727,0.7299477016269121,0.046419594968418194,T0,9,0.20180096866730363
"('S01', 'S02', 'S03', 'S11')",0.07588981081478297,0.19753019780739123,0.7926330150068213,0.576906150589184,0.0793136777813236,T0,9,0.20180096866730363
"('S01', 'S02', 'S03', 'S12')",0.07588981081478297,0.24270244706815935,0.7926330150068213,0.5617540837973799,0.08161271690655214,T0,9,0.20180096866730363
"('S01', 'S02', 'S05', 'S06')",0.08220765937230234,0.1869702690715117,0.7829036635006784,0.6018548839106378,0.06773006056550393,T0,9,0.20628323631220274
"('S01', 'S02', 'S05', 'S07')",0.011161941638097028,0.1347365760811643,0.9611940298507463,0.6914432251119035,0.0560837030494806,T0,9,0.20628323631220274
"('S01', 'S02', 'S05', 'S08')",0.03081105009675511,0.12033946512877491,0.8664772727272727,0.6858682538595539,0.0539567204359974,T0,9,0.20628323631220274
"('S01', 'S02', 'S05', 'S11')",0.08220765937230234,0.20650604487404156,0.6976744186046512,0.5701427131801923,0.08084902092921852,T0,9,0.20628323631220274
"('S01', 'S02', 'S05', 'S12')",0.08220765937230234,0.24635930707102227,0.6976744186046512,0.5406868516783759,0.08657699120569712,T0,9,0.20628323631220274
"('S01', 'S02', 'S06', 'S07')",0.011161941638097028,0.16538008634627477,0.9611940298507463,0.6310924704146365,0.0624968865573115,T0,9,0.20628323631220274
"('S01', 'S02', 'S06', 'S08')",0.03081105009675511,0.16222581657888957,0.8664772727272727,0.6229386786195187,0.06187112379703982,T0,9,0.20628323631220274
"('S01', 'S02', 'S06', 'S11')",0.06580818904683916,0.22034572970753885,0.8326359832635983,0.551901096205813,0.08263761651246658,T0,9,0.20628323631220274
"('S01', 'S02', 'S06', 'S12')",0.08220765937230234,0.2609468497356032,0.6976744186046512,0.501724173616705,0.08909283282389437,T0,9,0.20628323631220274
"('S01', 'S02', 'S07', 'S08')",0.011161941638097028,0.05944249731263085,0.9611940298507463,0.7870373151879687,0.03626470160419858,T0,9,0.20628323631220274
"('S01', 'S02', 'S07', 'S11')",0.011161941638097028,0.18977911460657582,0.9611940298507463,0.6033973191959249,0.07784396155287328,T0,9,0.20628323631220274
"('S01', 'S02', 'S07', 'S12')",0.011161941638097028,0.20032704498970988,0.9611940298507463,0.6011237401974868,0.07449997736666185,T0,9,0.20628323631220274
"('S01', 'S02', 'S08', 'S11')",0.03081105009675511,0.1898915465483989,0.8664772727272727,0.5978591793819658,0.0771611344846412,T0,9,0.20628323631220274
"('S01', 'S02', 'S08', 'S12')",0.03081105009675511,0.19186256865545215,0.8664772727272727,0.5970929516332092,0.0735356742091925,T0,9,0.20628323631220274
"('S01', 'S02', 'S11', 'S12')",0.08220765937230234,0.30086176961560673,0.6976744186046512,0.47615045136194817,0.10390084418873159,T0,9,0.20628323631220274
"('S01', 'S03', 'S05', 'S06')",0.10574069767023742,0.1970802295720976,0.7829036635006784,0.6281701458178507,0.06905314096813457,T0,9,0.20180096866730363
"('S01', 'S03', 'S05', 'S07')",0.08755593523676242,0.17073947848999593,0.7926330150068213,0.6694440467169677,0.06353392947816071,T0,9,0.20180096866730363
"('S01', 'S03', 'S05', 'S08')",0.03081105009675511,0.16341720016731298,0.8664772727272727,0.677954363556704,0.06183252148332708,T0,9,0.20180096866730363
"('S01', 'S03', 'S05', 'S11')",0.14034802555958126,0.21233278153907065,0.7244094488188977,0.5926962724684791,0.08244014157180322,T0,9,0.20180096866730363
"('S01', 'S03', 'S05', 'S12')",0.15907456201719872,0.27652442575777936,0.7244094488188977,0.5501051377052435,0.09099960923146976,T0,9,0.20180096866730363
"('S01', 'S03', 'S06', 'S07')",0.08755593523676242,0.18464749554222826,0.7926330150068213,0.6089858257764195,0.06755742729472716,T0,9,0.20180096866730363
"('S01', 'S03', 'S06', 'S08')",0.03081105009675511,0.1885680584045496,0.8664772727272727,0.6149173220733878,0.06735723915310506,T0,9,0.20180096866730363
"('S01', 'S03', 'S06', 'S11')",0.06580818904683916,0.2094369731596899,0.8326359832635983,0.5743471892508186,0.08183905146378685,T0,9,0.20180096866730363
"('S01', 'S03', 'S06', 'S12')",0.1894920647892404,0.27437647520948205,0.6122699386503068,0.5110349934002915,0.09112576515840258,T0,9,0.20180096866730363
"('S01', 'S03', 'S07', 'S08')",0.03081105009675511,0.11167768104653641,0.8664772727272727,0.7307015183396889,0.04787796298631328,T0,9,0.20180096866730363
"('S01', 'S03', 'S07', 'S11')",0.08755593523676242,0.2047632999669724,0.7926330150068213,0.5775289719387818,0.083172542530243,T0,9,0.20180096866730363
"('S01', 'S03', 'S07', 'S12')",0.08755593523676242,0.23964961237183446,0.7926330150068213,0.5621201196789246,0.0826600557272195,T0,9,0.20180096866730363
"('S01', 'S03', 'S08', 'S11')",0.03081105009675511,0.21195056453850236,0.8664772727272727,0.5860761202169088,0.0829152900806605,T0,9,0.20180096866730363
"('S01', 'S03', 'S08', 'S12')",0.03081105009675511,0.2382599686672835,0.8664772727272727,0.572174619206733,0.08212132718839972,T0,9,0.20180096866730363
"('S01', 'S03', 'S11', 'S12')",0.19836900948113156,0.31000817125392865,0.6122699386503068,0.4816995685266087,0.10620181676319386,T0,9,0.20180096866730363
"('S01', 'S05', 'S06', 'S07')",0.09713755426615656,0.1875058498981108,0.7829036635006784,0.6025002173397206,0.07053647393217724,T0,9,0.20684193995264255
"('S01', 'S05', 'S06', 'S08')",0.03081105009675511,0.1613104363363682,0.8664772727272727,0.6322882159263046,0.06504572317615313,T0,9,0.21929238760769348
"('S01', 'S05', 'S06', 'S11')",0.06580818904683916,0.17892371185576972,0.8326359832635983,0.6290340934621023,0.07352575316715063,T0,9,0.21929238760769348
"('S01', 'S05', 'S06', 'S12')",0.10574069767023742,0.23854422684177434,0.7829036635006784,0.5514181029015629,0.08624139801301645,T0,9,0.21929238760769348
"('S01', 'S05', 'S07', 'S08')",0.03081105009675511,0.12208007183773306,0.8664772727272727,0.6866220705723306,0.05561564465199834,T0,9,0.20684193995264255
"('S01', 'S05', 'S07', 'S11')",0.09713755426615656,0.21191005152243036,0.6998706338939198,0.5707655345297901,0.08490844187624376,T0,9,0.20684193995264255
"('S01', 'S05', 'S07', 'S12')",0.09713755426615656,0.24147737686350468,0.6998706338939198,0.5410528875599208,0.08782488622447036,T0,9,0.20684193995264255
"('S01', 'S05', 'S08', 'S11')",0.03081105009675511,0.18898133966989628,0.8664772727272727,0.6031691850975329,0.07936062681225928,T0,9,0.2365106391313151
"('S01', 'S05', 'S08', 'S12')",0.03081105009675511,0.20997175673488977,0.8664772727272727,0.5749638893773449,0.08199559507124858,T0,9,0.23398255824896919
"('S01', 'S05', 'S11', 'S12')",0.14034802555958126,0.27846432008579625,0.6976744186046512,0.5218048490555873,0.10007430232635843,T0,9,0.23398255824896919
"('S01', 'S06', 'S07', 'S08')",0.03081105009675511,0.16178317118052954,0.8664772727272727,0.6239717928798335,0.06354501483879686,T0,9,0.20684193995264255
"('S01', 'S06', 'S07', 'S11')",0.06580818904683916,0.22356648424860948,0.8326359832635983,0.5528032151029487,0.08671200428524795,T0,9,0.20684193995264255
"('S01', 'S06', 'S07', 'S12')",0.09713755426615656,0.2538816674207677,0.6998706338939198,0.5023695070457878,0.09035569466842373,T0,9,0.20684193995264255
"('S01', 'S06', 'S08', 'S11')",0.03081105009675511,0.21188061358107957,0.8664772727272727,0.5826280451279237,0.08266540907447495,T0,9,0.21929238760769348
"('S01', 'S06', 'S08', 'S12')",0.03081105009675511,0.23361888847715673,0.8664772727272727,0.533701688320444,0.08602762336841345,T0,9,0.21929238760769348
"('S01', 'S06', 'S11', 'S12')",0.06580818904683916,0.27406478521144617,0.8326359832635983,0.5252306062643421,0.09798052284572893,T0,9,0.21929238760769348
"('S01', 'S07', 'S08', 'S11')",0.03081105009675511,0.1943173269718289,0.8664772727272727,0.5988697815627958,0.0800880331067502,T0,9,0.20684193995264255
"('S01', 'S07', 'S08', 'S12')",0.03081105009675511,0.18600241222297587,0.8664772727272727,0.597846768345986,0.07365104690304947,T0,9,0.20684193995264255
"('S01', 'S07', 'S11', 'S12')",0.09713755426615656,0.2986650131225609,0.6998706338939198,0.47677327271154607,0.10641671361361288,T0,9,0.20684193995264255
"('S01', 'S08', 'S11', 'S12')",0.03081105009675511,0.28166893588815844,0.8664772727272727,0.510721105967361,0.10203157800564222,T0,9,0.23398255824896919
"('S02', 'S03', 'S05', 'S06')",0.07588981081478297,0.18652896419652942,0.7926330150068213,0.6649751222564804,0.06327748194734677,T0,9,0.20180096866730363
"('S02', 'S03', 'S05', 'S07')",0.011161941638097028,0.14732797037142298,0.9611940298507463,0.7459579262439623,0.05366638122710202,T0,9,0.20180096866730363
"('S02', 'S03', 'S05', 'S08')",0.07025729224870103,0.16090933451207423,0.7926330150068213,0.6910582025583346,0.05969091967788101,T0,9,0.20180096866730363
"('S02', 'S03', 'S05', 'S11')",0.07588981081478297,0.19953905757760737,0.7926330150068213,0.6266778603719781,0.07686934937938485,T0,9,0.20180096866730363
"('S02', 'S03', 'S05', 'S12')",0.07588981081478297,0.2724594229778967,0.7926330150068213,0.5800001804177631,0.08618848903493626,T0,9,0.20180096866730363
"('S02', 'S03', 'S06', 'S07')",0.011161941638097028,0.14810053941164936,0.9611940298507463,0.6864452340664157,0.055729335737438136,T0,9,0.20180096866730363
"('S02', 'S03', 'S06', 'S08')",0.07025729224870103,0.1729247447373048,0.7926330150068213,0.6289666898380201,0.06325509404142865,T0,9,0.20180096866730363
"('S02', 'S03', 'S06', 'S11')",0.06580818904683916,0.18350780118622068,0.8326359832635983,0.6092743059173193,0.07430771596513812,T0,9,0.20180096866730363
"('S02', 'S03', 'S06', 'S12')",0.07588981081478297,0.25717602441759346,0.7926330150068213,0.5418755648758126,0.08435410165563874,T0,9,0.20180096866730363
"('S02', 'S03', 'S07', 'S08')",0.011161941638097028,0.08317412463628704,0.9611940298507463,0.7844597891926863,0.03968392864436598,T0,9,0.20180096866730363
"('S02', 'S03', 'S07', 'S11')",0.011161941638097028,0.1659738852504984,0.9611940298507463,0.6521649916936475,0.0715493178013234,T0,9,0.20180096866730363
"('S02', 'S03', 'S07', 'S12')",0.011161941638097028,0.20958891883694097,0.9611940298507463,0.6326695942428108,0.07179650299418479,T0,9,0.20180096866730363
"('S02', 'S03', 'S08', 'S11')",0.07025729224870103,0.19406479228536266,0.7926330150068213,0.5973020994464106,0.0790180117973535,T0,9,0.20180096866730363
"('S02', 'S03', 'S08', 'S12')",0.07025729224870103,0.22910291759572432,0.7926330150068213,0.579314053245255,0.07898372090097762,T0,9,0.20180096866730363
"('S02', 'S03', 'S11', 'S12')",0.07588981081478297,0.29056526187614506,0.7926330150068213,0.5097167514669992,0.09963502008879944,T0,9,0.20180096866730363
"('S02', 'S05', 'S06', 'S07')",0.011161941638097028,0.18337397708209657,0.9611940298507463,0.6527985803784023,0.06470499093957056,T0,9,0.20628323631220274
"('S02', 'S05', 'S06', 'S08')",0.07025729224870103,0.17808220598368818,0.7829036635006784,0.6191765384396223,0.0669401866291591,T0,9,0.20628323631220274
"('S02', 'S05', 'S06', 'S11')",0.06580818904683916,0.18540962319686527,0.8326359832635983,0.6368001648772884,0.07199102623318428,T0,9,0.20628323631220274
"('S02', 'S05', 'S06', 'S12')",0.10574069767023742,0.2537588593644503,0.7829036635006784,0.5550976291257695,0.08546634307493496,T0,9,0.20628323631220274
"('S02', 'S05', 'S07', 'S08')",0.011161941638097028,0.12599159874204835,0.9611940298507463,0.7132192961740134,0.053418218874733414,T0,9,0.20628323631220274
"('S02', 'S05', 'S07', 'S11')",0.011161941638097028,0.20553572012052113,0.9611940298507463,0.6182405090333413,0.07928182571200652,T0,9,0.20628323631220274
"('S02', 'S05', 'S07', 'S12')",0.011161941638097028,0.24383176664317607,0.9611940298507463,0.5844413168724923,0.08295794205611799,T0,9,0.20628323631220274
"('S02', 'S05', 'S08', 'S11')",0.07025729224870103,0.20351065073132124,0.7473404255319149,0.5872341190757201,0.08145995709363464,T0,9,0.20628323631220274
"('S02', 'S05', 'S08', 'S12')",0.07025729224870103,0.23322978897789526,0.7473404255319149,0.5549422781645524,0.08485459734850885,T0,9,0.20628323631220274
"('S02', 'S05', 'S11', 'S12')",0.14034802555958126,0.29143649402257754,0.6976744186046512,0.5226609867446633,0.09950411421664636,T0,9,0.20628323631220274
"('S02', 'S06', 'S07', 'S08')",0.011161941638097028,0.15255925007283888,0.9611940298507463,0.6515145472445177,0.0593870457553016,T0,9,0.20628323631220274
"('S02', 'S06', 'S07', 'S11')",0.011161941638097028,0.2040567048346943,0.9611940298507463,0.6012237183695014,0.07912484481478035,T0,9,0.20628323631220274
"('S02', 'S06', 'S07', 'S12')",0.011161941638097028,0.2431006091884328,0.9611940298507463,0.5467034651213608,0.08352820719384102,T0,9,0.20628323631220274
"('S02', 'S06', 'S08', 'S11')",0.06580818904683916,0.21327447663049848,0.8326359832635983,0.5676385078691123,0.08280419604961999,T0,9,0.20628323631220274
"('S02', 'S06', 'S08', 'S12')",0.07025729224870103,0.24374147270815627,0.7473404255319149,0.514625605870653,0.08692608233944339,T0,9,0.20628323631220274
"('S02', 'S06', 'S11', 'S12')",0.06580818904683916,0.2739015111362212,0.8326359832635983,0.5270322727164196,0.09544979142978655,T0,9,0.20628323631220274
"('S02', 'S07', 'S08', 'S11')",0.011161941638097028,0.18285094727824314,0.9611940298507463,0.6235891473923493,0.07613493085162434,T0,9,0.20628323631220274
"('S02', 'S07', 'S08', 'S12')",0.011161941638097028,0.18326475371097073,0.9611940298507463,0.6184795889845601,0.07045761664380851,T0,9,0.20628323631220274
"('S02', 'S07', 'S11', 'S12')",0.011161941638097028,0.285641496304331,0.9611940298507463,0.5182838422519886,0.0997940929673996,T0,9,0.20628323631220274
"('S02', 'S08', 'S11', 'S12')",0.07025729224870103,0.2895490615332631,0.7473404255319149,0.48882163498243947,0.10313490380504158,T0,9,0.20628323631220274
"('S03', 'S05', 'S06', 'S07')",0.08755593523676242,0.18652058327781607,0.7926330150068213,0.6652544198040183,0.06542457178725089,T0,9,0.20180096866730363
"('S03', 'S05', 'S06', 'S08')",0.10574069767023742,0.18830364480911443,0.7829036635006784,0.6457176659573245,0.06808534209548898,T0,9,0.20180096866730363
"('S03', 'S05', 'S06', 'S11')",0.06580818904683916,0.15838006364878232,0.8326359832635983,0.6938087419861273,0.0668515012947692,T0,9,0.20180096866730363
"('S03', 'S05', 'S06', 'S12')",0.10574069767023742,0.25106768183809536,0.7829036635006784,0.598970932973189,0.08315831551970781,T0,9,0.20180096866730363
"('S03', 'S05', 'S07', 'S08')",0.06507948625377225,0.16210597947572014,0.7926330150068213,0.6914459833895666,0.06069052036711276,T0,9,0.20180096866730363
"('S03', 'S05', 'S07', 'S11')",0.08755593523676242,0.20439910248068383,0.7926330150068213,0.6269346458400312,0.08026944679964092,T0,9,0.20180096866730363
"('S03', 'S05', 'S07', 'S12')",0.08755593523676242,0.26703353102506666,0.7926330150068213,0.5800001804177631,0.0867770605269403,T0,9,0.20180096866730363
"('S03', 'S05', 'S08', 'S11')",0.14034802555958126,0.20944886572119048,0.7244094488188977,0.6100135439744961,0.0828731527999186,T0,9,0.20180096866730363
"('S03', 'S05', 'S08', 'S12')",0.150613133118488,0.2635063859894927,0.7244094488188977,0.5645864298019093,0.0890992904379807,T0,9,0.20180096866730363
"('S03', 'S05', 'S11', 'S12')",0.14034802555958126,0.2844620926606657,0.7244094488188977,0.562772587973157,0.09746412690137328,T0,9,0.20180096866730363
"('S03', 'S06', 'S07', 'S08')",0.06507948625377225,0.17193813759363252,0.7926330150068213,0.6296337682167901,0.0642696615564165,T0,9,0.20180096866730363
"('S03', 'S06', 'S07', 'S11')",0.06580818904683916,0.18618459398197873,0.8326359832635983,0.6098103889329104,0.0777227802111503,T0,9,0.20180096866730363
"('S03', 'S06', 'S07', 'S12')",0.08755593523676242,0.24956688035744545,0.7926330150068213,0.5421548624233506,0.08495763997339889,T0,9,0.20180096866730363
"('S03', 'S06', 'S08', 'S11')",0.06580818904683916,0.2024771984074899,0.8326359832635983,0.5903104665246074,0.08182770606463949,T0,9,0.20180096866730363
"('S03', 'S06', 'S08', 'S12')",0.18910028162560655,0.25728257650687547,0.6632911392405063,0.5241622912647289,0.08878108973765082,T0,9,0.20180096866730363
"('S03', 'S06', 'S11', 'S12')",0.06580818904683916,0.2501916165614313,0.8326359832635983,0.5670364077016322,0.09102011842324902,T0,9,0.20180096866730363
"('S03', 'S07', 'S08', 'S11')",0.06507948625377225,0.19794661096347987,0.7926330150068213,0.5979466657456957,0.0812855868926933,T0,9,0.20180096866730363
"('S03', 'S07', 'S08', 'S12')",0.06507948625377225,0.22269879941793558,0.7926330150068213,0.5797018340764871,0.07843977006806539,T0,9,0.20180096866730363
"('S03', 'S07', 'S11', 'S12')",0.08755593523676242,0.28782454363778687,0.7926330150068213,0.5099735369350523,0.10149156598691154,T0,9,0.20180096866730363
"('S03', 'S08', 'S11', 'S12')",0.18910028162560655,0.2988069414964253,0.6632911392405063,0.49459661775758934,0.10525795144320306,T0,9,0.20180096866730363
"('S05', 'S06', 'S07', 'S08')",0.06507948625377225,0.1752665033288232,0.7829036635006784,0.6198436168183924,0.06815531034225282,T0,9,0.20684193995264255
"('S05', 'S06', 'S07', 'S11')",0.06580818904683916,0.18625732048143073,0.8326359832635983,0.6373362478928795,0.0756066466773023,T0,9,0.20684193995264255
"('S05', 'S06', 'S07', 'S12')",0.10574069767023742,0.24432061979310982,0.7829036635006784,0.5553769266733075,0.08627043759080096,T0,9,0.20684193995264255
"('S05', 'S06', 'S08', 'S11')",0.06580818904683916,0.17243394848287785,0.8326359832635983,0.6416928277741921,0.07442100991638952,T0,9,0.21929238760769348
"('S05', 'S06', 'S08', 'S12')",0.10574069767023742,0.221920339518476,0.7829036635006784,0.5612408578043016,0.08480332474065093,T0,9,0.21929238760769348
"('S05', 'S06', 'S11', 'S12')",0.06580818904683916,0.21157374033729293,0.8326359832635983,0.6414309845995716,0.0810405711065648,T0,9,0.21929238760769348
"('S05', 'S07', 'S08', 'S11')",0.06507948625377225,0.20556337389824597,0.7496671105193076,0.5878786853750053,0.08392808838708032,T0,9,0.20684193995264255
"('S05', 'S07', 'S08', 'S12')",0.06507948625377225,0.22499657528891392,0.7496671105193076,0.5553300589957845,0.08451120271370248,T0,9,0.20684193995264255
"('S05', 'S07', 'S11', 'S12')",0.14034802555958126,0.28686668027302653,0.6976744186046512,0.5229177722127165,0.1015612163128643,T0,9,0.20684193995264255
"('S05', 'S08', 'S11', 'S12')",0.14034802555958126,0.26773310170760123,0.6976744186046512,0.5313973553248691,0.10003703915475386,T0,9,0.23398255824896919
"('S06', 'S07', 'S08', 'S11')",0.06507948625377225,0.21314394769010547,0.8326359832635983,0.5685623717159355,0.08528729416882175,T0,9,0.20684193995264255
"('S06', 'S07', 'S08', 'S12')",0.06507948625377225,0.23332500691185698,0.7496671105193076,0.5152926842494231,0.08659765453039313,T0,9,0.20684193995264255
"('S06', 'S07', 'S11', 'S12')",0.06580818904683916,0.26714844527935233,0.8326359832635983,0.5275683557320108,0.0975218603517606,T0,9,0.20684193995264255
"('S06', 'S08', 'S11', 'S12')",0.06580818904683916,0.259257707898931,0.8326359832635983,0.5334691183013954,0.09749890304686165,T0,9,0.21929238760769348
"('S07', 'S08', 'S11', 'S12')",0.06507948625377225,0.2840010215587534,0.7496671105193076,0.48946620128172474,0.10405948357634326,T0,9,0.20684193995264255
"('S01', 'S02', 'S06', 'S07')",0.03081105009675511,0.23945281745809532,0.8664772727272727,0.5035338282755278,0.08308936808240718,T1,7,0.20628323631220274
"('S01', 'S02', 'S06', 'S08')",0.03081105009675511,0.1833237103023585,0.8664772727272727,0.5939887495846752,0.07236016279469758,T1,7,0.20628323631220274
"('S01', 'S02', 'S06', 'S10')",0.03081105009675511,0.1898915465483989,0.8664772727272727,0.5978591793819658,0.0771611344846412,T1,7,0.20628323631220274
"('S01', 'S02', 'S06', 'S11')",0.03081105009675511,0.19186256865545215,0.8664772727272727,0.5970929516332092,0.0735356742091925,T1,7,0.20628323631220274
"('S01', 'S02', 'S07', 'S08')",0.08220765937230234,0.3138524571401433,0.6976744186046512,0.38094060930420776,0.10185958877683732,T1,7,0.20628323631220274
"('S01', 'S02', 'S07', 'S10')",0.08220765937230234,0.3599529299502987,0.6976744186046512,0.3794602149972843,0.11366891823501017,T1,7,0.20628323631220274
"('S01', 'S02', 'S07', 'S11')",0.08174742368537746,0.2943815554865187,0.6976744186046512,0.39614223467446985,0.09883498248263423,T1,7,0.20628323631220274
"('S01', 'S02', 'S08', 'S10')",0.08220765937230234,0.27361735633291373,0.6976744186046512,0.47455503106300717,0.09860538834279464,T1,7,0.20628323631220274
"('S01', 'S02', 'S08', 'S11')",0.08220765937230234,0.24916967401315981,0.6976744186046512,0.5094420647221497,0.08918770778357771,T1,7,0.20628323631220274
"('S01', 'S02', 'S10', 'S11')",0.08220765937230234,0.30086176961560673,0.6976744186046512,0.47615045136194817,0.10390084418873159,T1,7,0.20628323631220274
"('S01', 'S06', 'S07', 'S08')",0.03081105009675511,0.2789881312307344,0.8664772727272727,0.4131833315460433,0.09818141095729922,T1,7,0.2243235735640854
"('S01', 'S06', 'S07', 'S10')",0.03081105009675511,0.33771659173010093,0.8664772727272727,0.4132766723754255,0.11186041061214803,T1,7,0.2365106391313151
"('S01', 'S06', 'S07', 'S11')",0.03081105009675511,0.25328237213433413,0.8664772727272727,0.4312092578342393,0.09393347284228282,T1,7,0.23398255824896919
"('S01', 'S06', 'S08', 'S10')",0.03081105009675511,0.2606593800482413,0.8664772727272727,0.5063013847504861,0.0979594539805186,T1,7,0.2243235735640854
"('S01', 'S06', 'S08', 'S11')",0.03081105009675511,0.21734885259650039,0.8664772727272727,0.5424389841912568,0.08544877140381237,T1,7,0.2243235735640854
"('S01', 'S06', 'S10', 'S11')",0.03081105009675511,0.28166893588815844,0.8664772727272727,0.510721105967361,0.10203157800564222,T1,7,0.23398255824896919
"('S01', 'S07', 'S08', 'S10')",0.264694428771691,0.36310867239897837,0.4797297297297297,0.3531850003749968,0.11582742344034891,T1,7,0.2243235735640854
"('S01', 'S07', 'S08', 'S11')",0.08174742368537746,0.2522557483764043,0.6889460154241646,0.4067708472417096,0.09210826538671542,T1,7,0.2243235735640854
"('S01', 'S07', 'S10', 'S11')",0.08174742368537746,0.35610846823217746,0.48306997742663654,0.3697021449135997,0.11569942975677451,T1,7,0.23398255824896919
"('S01', 'S08', 'S10', 'S11')",0.09051006993329591,0.28996848223269556,0.6889460154241646,0.4855717660271928,0.10288040371379815,T1,7,0.2243235735640854
"('S02', 'S06', 'S07', 'S08')",0.07025729224870103,0.29342168067699637,0.7473404255319149,0.3899249110996681,0.09963101782213395,T1,7,0.20628323631220274
"('S02', 'S06', 'S07', 'S10')",0.07025729224870103,0.33990805400423774,0.7473404255319149,0.39154846233286045,0.1122043154352394,T1,7,0.20628323631220274
"('S02', 'S06', 'S07', 'S11')",0.07025729224870103,0.26420255559005135,0.7473404255319149,0.4053945026006947,0.09503704966125905,T1,7,0.20628323631220274
"('S02', 'S06', 'S08', 'S10')",0.07025729224870103,0.27205287168389036,0.7473404255319149,0.486958248552734,0.09940880982577642,T1,7,0.20628323631220274
"('S02', 'S06', 'S08', 'S11')",0.07025729224870103,0.23747106541372986,0.7473404255319149,0.519009302802525,0.08765779924495505,T1,7,0.20628323631220274
"('S02', 'S06', 'S10', 'S11')",0.07025729224870103,0.2895490615332631,0.7473404255319149,0.48882163498243947,0.10313490380504158,T1,7,0.20628323631220274
"('S02', 'S07', 'S08', 'S10')",0.264694428771691,0.3672563635390157,0.4797297297297297,0.3508043288304901,0.1138478399182113,T1,7,0.20628323631220274
"('S02', 'S07', 'S08', 'S11')",0.08174742368537746,0.26513216069802203,0.6889460154241646,0.40030363050622336,0.09088835386046272,T1,7,0.20628323631220274
"('S02', 'S07', 'S10', 'S11')",0.08174742368537746,0.35674279338167025,0.48306997742663654,0.36476513858192366,0.11337381618877844,T1,7,0.20628323631220274
"('S02', 'S08', 'S10', 'S11')",0.09051006993329591,0.2998048367437006,0.6889460154241646,0.48301983354032957,0.10166024116796853,T1,7,0.20628323631220274
"('S06', 'S07', 'S08', 'S10')",0.264694428771691,0.345076195650763,0.4797297297297297,0.3575063819535626,0.11528398317122925,T1,7,0.2243235735640854
"('S06', 'S07', 'S08', 'S11')",0.08174742368537746,0.22408914767778254,0.6889460154241646,0.4082562494109241,0.08923149509599136,T1,7,0.2243235735640854
"('S06', 'S07', 'S10', 'S11')",0.08174742368537746,0.3283277680506419,0.48306997742663654,0.37429149262293,0.11358662762098305,T1,7,0.23398255824896919
"('S06', 'S08', 'S10', 'S11')",0.09051006993329591,0.2806681733481975,0.6889460154241646,0.49047608389067365,0.10303562586075922,T1,7,0.2243235735640854
"('S07', 'S08', 'S10', 'S11')",0.08174742368537746,0.2802498141454418,0.6889460154241646,0.43170216749935,0.09463472395395744,T1,7,0.2243235735640854
"('S01', 'S02', 'S04', 'S05')",0.05611645983149072,0.1589189185570633,0.9154518950437318,0.6551827922864062,0.06498095749675997,T1g,10,0.20628323631220274
"('S01', 'S02', 'S04', 'S06')",0.011161941638097028,0.15157245537089947,0.9611940298507463,0.6768331022359568,0.0639803413536965,T1g,10,0.20628323631220274
"('S01', 'S02', 'S04', 'S07')",0.03081105009675511,0.13700412279896268,0.8664772727272727,0.671170588757275,0.061597030093848405,T1g,10,0.20628323631220274
"('S01', 'S02', 'S04', 'S08')",0.08220765937230234,0.3335404250498831,0.6976744186046512,0.428410276312785,0.10512565500869381,T1g,10,0.20628323631220274
"('S01', 'S02', 'S04', 'S09')",0.08220765937230234,0.24381499621911795,0.6976744186046512,0.5252584002496749,0.08968670497570964,T1g,10,0.20628323631220274
"('S01', 'S02', 'S04', 'S11')",0.08220765937230234,0.21153641616453944,0.7312252964426877,0.5662358515209207,0.08359596130788853,T1g,10,0.20628323631220274
"('S01', 'S02', 'S04', 'S12')",0.08220765937230234,0.2712646294880323,0.6976744186046512,0.5300201022893138,0.09408981547739632,T1g,10,0.20628323631220274
"('S01', 'S02', 'S05', 'S06')",0.011161941638097028,0.1347365760811643,0.9611940298507463,0.6914432251119035,0.0560837030494806,T1g,10,0.20628323631220274
"('S01', 'S02', 'S05', 'S07')",0.03081105009675511,0.12033946512877491,0.8664772727272727,0.6858682538595539,0.0539567204359974,T1g,10,0.20628323631220274
"('S01', 'S02', 'S05', 'S08')",0.08220765937230234,0.29855461080065326,0.6976744186046512,0.4381155800599541,0.09681775006741938,T1g,10,0.20628323631220274
"('S01', 'S02', 'S05', 'S09')",0.08220765937230234,0.23040731336914622,0.6976744186046512,0.5356064410246926,0.08378404959479913,T1g,10,0.20628323631220274
"('S01', 'S02', 'S05', 'S11')",0.08220765937230234,0.20650604487404156,0.6976744186046512,0.5701427131801923,0.08084902092921852,T1g,10,0.20628323631220274
"('S01', 'S02', 'S05', 'S12')",0.08220765937230234,0.24635930707102227,0.6976744186046512,0.5406868516783759,0.08657699120569712,T1g,10,0.20628323631220274
"('S01', 'S02', 'S06', 'S07')",0.011161941638097028,0.05944249731263085,0.9611940298507463,0.7870373151879687,0.03626470160419858,T1g,10,0.20628323631220274
"('S01', 'S02', 'S06', 'S08')",0.011161941638097028,0.24661523771006355,0.9611940298507463,0.508509206466682,0.08417398873498838,T1g,10,0.20628323631220274
"('S01', 'S02', 'S06', 'S09')",0.011161941638097028,0.1909193809930727,0.9611940298507463,0.6000850278480303,0.07329673127333407,T1g,10,0.20628323631220274
"('S01', 'S02', 'S06', 'S11')",0.011161941638097028,0.18977911460657582,0.9611940298507463,0.6033973191959249,0.07784396155287328,T1g,10,0.20628323631220274
"('S01', 'S02', 'S06', 'S12')",0.011161941638097028,0.20032704498970988,0.9611940298507463,0.6011237401974868,0.07449997736666185,T1g,10,0.20628323631220274
"('S01', 'S02', 'S07', 'S08')",0.03081105009675511,0.23945281745809532,0.8664772727272727,0.5035338282755278,0.08308936808240718,T1g,10,0.20628323631220274
"('S01', 'S02', 'S07', 'S09')",0.03081105009675511,0.1833237103023585,0.8664772727272727,0.5939887495846752,0.07236016279469758,T1g,10,0.20628323631220274
"('S01', 'S02', 'S07', 'S11')",0.03081105009675511,0.1898915465483989,0.8664772727272727,0.5978591793819658,0.0771611344846412,T1g,10,0.20628323631220274
"('S01', 'S02', 'S07', 'S12')",0.03081105009675511,0.19186256865545215,0.8664772727272727,0.5970929516332092,0.0735356742091925,T1g,10,0.20628323631220274
"('S01', 'S02', 'S08', 'S09')",0.08220765937230234,0.3138524571401433,0.6976744186046512,0.38094060930420776,0.10185958877683732,T1g,10,0.20628323631220274
"('S01', 'S02', 'S08', 'S11')",0.08220765937230234,0.3599529299502987,0.6976744186046512,0.3794602149972843,0.11366891823501017,T1g,10,0.20628323631220274
"('S01', 'S02', 'S08', 'S12')",0.08174742368537746,0.2943815554865187,0.6976744186046512,0.39614223467446985,0.09883498248263423,T1g,10,0.20628323631220274
"('S01', 'S02', 'S09', 'S11')",0.08220765937230234,0.27361735633291373,0.6976744186046512,0.47455503106300717,0.09860538834279464,T1g,10,0.20628323631220274
"('S01', 'S02', 'S09', 'S12')",0.08220765937230234,0.24916967401315981,0.6976744186046512,0.5094420647221497,0.08918770778357771,T1g,10,0.20628323631220274
"('S01', 'S02', 'S11', 'S12')",0.08220765937230234,0.30086176961560673,0.6976744186046512,0.47615045136194817,0.10390084418873159,T1g,10,0.20628323631220274
"('S01', 'S04', 'S05', 'S06')",0.05611645983149072,0.1665718016947434,0.9154518950437318,0.655548828167951,0.06862117886788217,T1g,10,0.20684193995264255
"('S01', 'S04', 'S05', 'S07')",0.03081105009675511,0.1289623253284492,0.9154518950437318,0.6878281050709708,0.06137287961228167,T1g,10,0.2365106391313151
"('S01', 'S04', 'S05', 'S08')",0.05611645983149072,0.30557293536230057,0.9154518950437318,0.4756458391165408,0.09962329388587066,T1g,10,0.24071666849198065
"('S01', 'S04', 'S05', 'S09')",0.05611645983149072,0.21310767819129062,0.9154518950437318,0.5774597990183596,0.08304242192856193,T1g,10,0.2243235735640854
"('S01', 'S04', 'S05', 'S11')",0.05611645983149072,0.1629879810847784,0.9154518950437318,0.6506768277841201,0.07108534810189253,T1g,10,0.24071666849198065
"('S01', 'S04', 'S05', 'S12')",0.05611645983149072,0.24173558936621165,0.9154518950437318,0.5870220105810817,0.08783963080583834,T1g,10,0.23398255824896919
"('S01', 'S04', 'S06', 'S07')",0.03081105009675511,0.14367877971168375,0.8664772727272727,0.6719244054700519,0.06410472914005436,T1g,10,0.20684193995264255
"('S01', 'S04', 'S06', 'S08')",0.09713755426615656,0.3292469844710896,0.6998706338939198,0.4289667045939347,0.10740340091301115,T1g,10,0.20684193995264255
"('S01', 'S04', 'S06', 'S09')",0.09713755426615656,0.24923316801459572,0.6998706338939198,0.5248656249123632,0.09297897196666839,T1g,10,0.20684193995264255
"('S01', 'S04', 'S06', 'S11')",0.09713755426615656,0.22187447301669116,0.7312252964426877,0.5668586728705186,0.08850415708511879,T1g,10,0.20684193995264255
"('S01', 'S04', 'S06', 'S12')",0.09713755426615656,0.27131674948427786,0.6998706338939198,0.5303861381708587,0.09618648532637458,T1g,10,0.20684193995264255
"('S01', 'S04', 'S07', 'S08')",0.03081105009675511,0.29887219880521665,0.8664772727272727,0.4618455745581502,0.10119746361831265,T1g,10,0.2365106391313151
"('S01', 'S04', 'S07', 'S09')",0.03081105009675511,0.21842513190997692,0.8664772727272727,0.5566235948043777,0.08692108684591456,T1g,10,0.2243235735640854
"('S01', 'S04', 'S07', 'S11')",0.03081105009675511,0.19877453954460966,0.8664772727272727,0.5991747812119292,0.08270001337476938,T1g,10,0.2365106391313151
"('S01', 'S04', 'S07', 'S12')",0.03081105009675511,0.23963990773611543,0.8664772727272727,0.5642095977619506,0.09010086552678791,T1g,10,0.23398255824896919
"('S01', 'S04', 'S08', 'S09')",0.16545174803293117,0.34734934310973464,0.5587188612099644,0.37914586236907993,0.1118098974702213,T1g,10,0.2243235735640854
"('S01', 'S04', 'S08', 'S11')",0.13163617303678588,0.36723138730848237,0.7312252964426877,0.4163462246724172,0.11459718176730536,T1g,10,0.24627560632780998
"('S01', 'S04', 'S08', 'S12')",0.08174742368537746,0.3405543589291552,0.5587188612099644,0.3988292886483808,0.11078955844239663,T1g,10,0.23398255824896919
"('S01', 'S04', 'S09', 'S11')",0.13163617303678588,0.2565778539515944,0.7312252964426877,0.5157641396752205,0.09598648039040138,T1g,10,0.2243235735640854
"('S01', 'S04', 'S09', 'S12')",0.09051006993329591,0.2710245177162931,0.6889460154241646,0.5164522176331409,0.09759511225865164,T1g,10,0.2243235735640854
"('S01', 'S04', 'S11', 'S12')",0.13163617303678588,0.29649818470733225,0.7312252964426877,0.5218413608832003,0.10328620350271674,T1g,10,0.23398255824896919
"('S01', 'S05', 'S06', 'S07')",0.03081105009675511,0.12208007183773306,0.8664772727272727,0.6866220705723306,0.05561564465199834,T1g,10,0.20684193995264255
"('S01', 'S05', 'S06', 'S08')",0.09713755426615656,0.2893271200180966,0.6998706338939198,0.4386720083411038,0.09824672114153171,T1g,10,0.20684193995264255
"('S01', 'S05', 'S06', 'S09')",0.09713755426615656,0.23089143496086095,0.6998706338939198,0.535213665687381,0.08622754175555286,T1g,10,0.20684193995264255
"('S01', 'S05', 'S06', 'S11')",0.09713755426615656,0.21191005152243036,0.6998706338939198,0.5707655345297901,0.08490844187624376,T1g,10,0.20684193995264255
"('S01', 'S05', 'S06', 'S12')",0.09713755426615656,0.24147737686350468,0.6998706338939198,0.5410528875599208,0.08782488622447036,T1g,10,0.20684193995264255
"('S01', 'S05', 'S07', 'S08')",0.03081105009675511,0.25912355597177106,0.8664772727272727,0.47163842053165145,0.09229711249319811,T1g,10,0.2365106391313151
"('S01', 'S05', 'S07', 'S09')",0.03081105009675511,0.20025462047578957,0.8664772727272727,0.5670591778057277,0.08042598528116392,T1g,10,0.2243235735640854
"('S01', 'S05', 'S07', 'S11')",0.03081105009675511,0.18898133966989628,0.8664772727272727,0.6031691850975329,0.07936062681225928,T1g,10,0.2365106391313151
"('S01', 'S05', 'S07', 'S12')",0.03081105009675511,0.20997175673488977,0.8664772727272727,0.5749638893773449,0.08199559507124858,T1g,10,0.23398255824896919
"('S01', 'S05', 'S08', 'S09')",0.15907456201719872,0.31085767509650497,0.5850422195416164,0.3845890840153201,0.10464720062204724,T1g,10,0.2243235735640854
"('S01', 'S05', 'S08', 'S11')",0.14034802555958126,0.33911703085472666,0.6976744186046512,0.41534826720291124,0.11059019992137181,T1g,10,0.24071666849198065
"('S01', 'S05', 'S08', 'S12')",0.08174742368537746,0.2925650513488871,0.5850422195416164,0.40459121890866534,0.10201669270343387,T1g,10,0.23398255824896919
"('S01', 'S05', 'S09', 'S11')",0.14034802555958126,0.2500416288970969,0.6976744186046512,0.5154089192335631,0.09438474810483172,T1g,10,0.2243235735640854
"('S01', 'S05', 'S09', 'S12')",0.09051006993329591,0.24461334153528325,0.6889460154241646,0.522856884921274,0.09122749608005278,T1g,10,0.2243235735640854
"('S01', 'S05', 'S11', 'S12')",0.14034802555958126,0.27846432008579625,0.6976744186046512,0.5218048490555873,0.10007430232635843,T1g,10,0.23398255824896919
"('S01', 'S06', 'S07', 'S08')",0.03081105009675511,0.22924710045058017,0.8664772727272727,0.5044780373879098,0.08338581683160327,T1g,10,0.20684193995264255
"('S01', 'S06', 'S07', 'S09')",0.03081105009675511,0.18282960566911444,0.8664772727272727,0.5939837550785957,0.07367113263053504,T1g,10,0.20684193995264255
"('S01', 'S06', 'S07', 'S11')",0.03081105009675511,0.1943173269718289,0.8664772727272727,0.5988697815627958,0.0800880331067502,T1g,10,0.20684193995264255
"('S01', 'S06', 'S07', 'S12')",0.03081105009675511,0.18600241222297587,0.8664772727272727,0.597846768345986,0.07365104690304947,T1g,10,0.20684193995264255
"('S01', 'S06', 'S08', 'S09')",0.09713755426615656,0.30239025501538463,0.6998706338939198,0.38073822636650106,0.10294060547078616,T1g,10,0.20684193995264255
"('S01', 'S06', 'S08', 'S11')",0.09713755426615656,0.35341061288221387,0.6998706338939198,0.380273428746487,0.11636586371523056,T1g,10,0.20684193995264255
"('S01', 'S06', 'S08', 'S12')",0.08174742368537746,0.2775533015625279,0.6998706338939198,0.3966986629556195,0.0987204020346026,T1g,10,0.20684193995264255
"('S01', 'S06', 'S09', 'S11')",0.09713755426615656,0.2767866516391,0.6998706338939198,0.4744190411937487,0.10231685490965642,T1g,10,0.20684193995264255
"('S01', 'S06', 'S09', 'S12')",0.09051006993329591,0.2420530324634399,0.6998706338939198,0.5090492893848381,0.09008764842218746,T1g,10,0.20684193995264255
"('S01', 'S06', 'S11', 'S12')",0.09713755426615656,0.2986650131225609,0.6998706338939198,0.47677327271154607,0.10641671361361288,T1g,10,0.20684193995264255
"('S01', 'S07', 'S08', 'S09')",0.03081105009675511,0.2789881312307344,0.8664772727272727,0.4131833315460433,0.09818141095729922,T1g,10,0.2243235735640854
"('S01', 'S07', 'S08', 'S11')",0.03081105009675511,0.33771659173010093,0.8664772727272727,0.4132766723754255,0.11186041061214803,T1g,10,0.2365106391313151
"('S01', 'S07', 'S08', 'S12')",0.03081105009675511,0.25328237213433413,0.8664772727272727,0.4312092578342393,0.09393347284228282,T1g,10,0.23398255824896919
"('S01', 'S07', 'S09', 'S11')",0.03081105009675511,0.2606593800482413,0.8664772727272727,0.5063013847504861,0.0979594539805186,T1g,10,0.2243235735640854
"('S01', 'S07', 'S09', 'S12')",0.03081105009675511,0.21734885259650039,0.8664772727272727,0.5424389841912568,0.08544877140381237,T1g,10,0.2243235735640854
"('S01', 'S07', 'S11', 'S12')",0.03081105009675511,0.28166893588815844,0.8664772727272727,0.510721105967361,0.10203157800564222,T1g,10,0.23398255824896919
"('S01', 'S08', 'S09', 'S11')",0.264694428771691,0.36310867239897837,0.4797297297297297,0.3531850003749968,0.11582742344034891,T1g,10,0.2243235735640854
"('S01', 'S08', 'S09', 'S12')",0.08174742368537746,0.2522557483764043,0.6889460154241646,0.4067708472417096,0.09210826538671542,T1g,10,0.2243235735640854
"('S01', 'S08', 'S11', 'S12')",0.08174742368537746,0.35610846823217746,0.48306997742663654,0.3697021449135997,0.11569942975677451,T1g,10,0.23398255824896919
"('S01', 'S09', 'S11', 'S12')",0.09051006993329591,0.28996848223269556,0.6889460154241646,0.4855717660271928,0.10288040371379815,T1g,10,0.2243235735640854
"('S02', 'S04', 'S05', 'S06')",0.011161941638097028,0.17993199492978817,0.9611940298507463,0.7041774405885709,0.06577434186274883,T1g,10,0.20628323631220274
"('S02', 'S04', 'S05', 'S07')",0.05611645983149072,0.1632261610268282,0.9154518950437318,0.6730466769662268,0.06625198905276093,T1g,10,0.20628323631220274
"('S02', 'S04', 'S05', 'S08')",0.05611645983149072,0.3325909705650677,0.9154518950437318,0.47782687566504206,0.1010734639589545,T1g,10,0.20628323631220274
"('S02', 'S04', 'S05', 'S09')",0.05611645983149072,0.24932774275557001,0.9154518950437318,0.5820259094116736,0.08559804302381224,T1g,10,0.20628323631220274
"('S02', 'S04', 'S05', 'S11')",0.05611645983149072,0.18696595847693287,0.9154518950437318,0.6567731485812444,0.07253526715539949,T1g,10,0.20628323631220274
"('S02', 'S04', 'S05', 'S12')",0.05611645983149072,0.2744422879399466,0.9154518950437318,0.5890317861872264,0.09004922185523018,T1g,10,0.20628323631220274
"('S02', 'S04', 'S06', 'S07')",0.011161941638097028,0.1519469246550521,0.9611940298507463,0.697797409216674,0.0629314060440324,T1g,10,0.20628323631220274
"('S02', 'S04', 'S06', 'S08')",0.011161941638097028,0.330269328918846,0.9611940298507463,0.4718021729938025,0.10280113844959378,T1g,10,0.20628323631220274
"('S02', 'S04', 'S06', 'S09')",0.011161941638097028,0.2594575418238644,0.9611940298507463,0.5700861671570439,0.08948216052541748,T1g,10,0.20628323631220274
"('S02', 'S04', 'S06', 'S11')",0.011161941638097028,0.2198567596538349,0.9611940298507463,0.6136094255190093,0.08390164360212453,T1g,10,0.20628323631220274
"('S02', 'S04', 'S06', 'S12')",0.011161941638097028,0.2780277573030022,0.9611940298507463,0.5730503456283699,0.09234364383926519,T1g,10,0.20628323631220274
"('S02', 'S04', 'S07', 'S08')",0.07025729224870103,0.32079818571630725,0.7473404255319149,0.4412710024326539,0.10432114760050788,T1g,10,0.20628323631220274
"('S02', 'S04', 'S07', 'S09')",0.07025729224870103,0.2495531481825798,0.7473404255319149,0.5384340965236943,0.09115022185027627,T1g,10,0.20628323631220274
"('S02', 'S04', 'S07', 'S11')",0.07025729224870103,0.2176604686450876,0.7473404255319149,0.582515493335056,0.08582344633738774,T1g,10,0.20628323631220274
"('S02', 'S04', 'S07', 'S12')",0.07025729224870103,0.2672545580181739,0.7473404255319149,0.5434637646940977,0.09398397048529113,T1g,10,0.20628323631220274
"('S02', 'S04', 'S08', 'S09')",0.26158998816925383,0.3712315588867259,0.5717703349282297,0.37791882874164195,0.11261009310718757,T1g,10,0.20628323631220274
"('S02', 'S04', 'S08', 'S11')",0.13163617303678588,0.37887151591334867,0.7312252964426877,0.4166494014487894,0.11429167536252828,T1g,10,0.20628323631220274
"('S02', 'S04', 'S08', 'S12')",0.08174742368537746,0.3609232087156019,0.5717703349282297,0.3950459202337735,0.11124372403350445,T1g,10,0.20628323631220274
"('S02', 'S04', 'S09', 'S11')",0.13163617303678588,0.27742001191797294,0.7312252964426877,0.5184523902964056,0.09678642500779076,T1g,10,0.20628323631220274
"('S02', 'S04', 'S09', 'S12')",0.09051006993329591,0.3005953968642521,0.6889460154241646,0.5150539230633463,0.0991547288719259,T1g,10,0.20628323631220274
"('S02', 'S04', 'S11', 'S12')",0.13163617303678588,0.3138269766831664,0.7312252964426877,0.5219732767172159,0.10374011807424767,T1g,10,0.20628323631220274
"('S02', 'S05', 'S06', 'S07')",0.011161941638097028,0.12599159874204835,0.9611940298507463,0.7132192961740134,0.053418218874733414,T1g,10,0.20628323631220274
"('S02', 'S05', 'S06', 'S08')",0.011161941638097028,0.2859928464268001,0.9611940298507463,0.482231698596032,0.09262035599687136,T1g,10,0.20628323631220274
"('S02', 'S05', 'S06', 'S09')",0.011161941638097028,0.23675919073107676,0.9611940298507463,0.581158429787122,0.08170662763305896,T1g,10,0.20628323631220274
"('S02', 'S05', 'S06', 'S11')",0.011161941638097028,0.20553572012052113,0.9611940298507463,0.6182405090333413,0.07928182571200652,T1g,10,0.20628323631220274
"('S02', 'S05', 'S06', 'S12')",0.011161941638097028,0.24383176664317607,0.9611940298507463,0.5844413168724923,0.08295794205611799,T1g,10,0.20628323631220274
"('S02', 'S05', 'S07', 'S08')",0.07025729224870103,0.2766929248438088,0.7473404255319149,0.4517880702612156,0.09439669379415039,T1g,10,0.20628323631220274
"('S02', 'S05', 'S07', 'S09')",0.07025729224870103,0.22702601870933947,0.7473404255319149,0.5495939013801047,0.08363101760428265,T1g,10,0.20628323631220274
"('S02', 'S05', 'S07', 'S11')",0.07025729224870103,0.20351065073132124,0.7473404255319149,0.5872341190757201,0.08145995709363464,T1g,10,0.20628323631220274
"('S02', 'S05', 'S07', 'S12')",0.07025729224870103,0.23322978897789526,0.7473404255319149,0.5549422781645524,0.08485459734850885,T1g,10,0.20628323631220274
"('S02', 'S05', 'S08', 'S09')",0.22907309391920383,0.33038327283444335,0.6024390243902439,0.3840862722429425,0.10442329357777054,T1g,10,0.20628323631220274
"('S02', 'S05', 'S08', 'S11')",0.14034802555958126,0.34640054142054,0.6976744186046512,0.4163756658343438,0.10926059083535176,T1g,10,0.20628323631220274
"('S02', 'S05', 'S08', 'S12')",0.08174742368537746,0.30857728309628085,0.6024390243902439,0.4015320723491184,0.1014467556132987,T1g,10,0.20628323631220274
"('S02', 'S05', 'S09', 'S11')",0.14034802555958126,0.2665271688244224,0.6976744186046512,0.5188213917098085,0.09416059004097814,T1g,10,0.20628323631220274
"('S02', 'S05', 'S09', 'S12')",0.09051006993329591,0.26982760264418937,0.6889460154241646,0.5221828122065398,0.09176301001208409,T1g,10,0.20628323631220274
"('S02', 'S05', 'S11', 'S12')",0.14034802555958126,0.29143649402257754,0.6976744186046512,0.5226609867446633,0.09950411421664636,T1g,10,0.20628323631220274
"('S02', 'S06', 'S07', 'S08')",0.011161941638097028,0.22082077856760707,0.9611940298507463,0.5252821189688403,0.0794329655960543,T1g,10,0.20628323631220274
"('S02', 'S06', 'S07', 'S09')",0.011161941638097028,0.18360531314765371,0.9611940298507463,0.617172910504339,0.07082373241715255,T1g,10,0.20628323631220274
"('S02', 'S06', 'S07', 'S11')",0.011161941638097028,0.18285094727824314,0.9611940298507463,0.6235891473923493,0.07613493085162434,T1g,10,0.20628323631220274
"('S02', 'S06', 'S07', 'S12')",0.011161941638097028,0.18326475371097073,0.9611940298507463,0.6184795889845601,0.07045761664380851,T1g,10,0.20628323631220274
"('S02', 'S06', 'S08', 'S09')",0.011161941638097028,0.29592016199831217,0.9611940298507463,0.42088984644548993,0.09666426589000825,T1g,10,0.20628323631220274
"('S02', 'S06', 'S08', 'S11')",0.011161941638097028,0.33469843269301636,0.9611940298507463,0.4219552592292861,0.10898382209270929,T1g,10,0.20628323631220274
"('S02', 'S06', 'S08', 'S12')",0.011161941638097028,0.2675698425549108,0.9611940298507463,0.43429394824743905,0.09209803240796621,T1g,10,0.20628323631220274
"('S02', 'S06', 'S09', 'S11')",0.011161941638097028,0.26727650081141485,0.9611940298507463,0.5184859455213605,0.09604026430930163,T1g,10,0.20628323631220274
"('S02', 'S06', 'S09', 'S12')",0.011161941638097028,0.2412716028173354,0.9611940298507463,0.5490296485214704,0.08457072981771753,T1g,10,0.20628323631220274
"('S02', 'S06', 'S11', 'S12')",0.011161941638097028,0.285641496304331,0.9611940298507463,0.5182838422519886,0.0997940929673996,T1g,10,0.20628323631220274
"('S02', 'S07', 'S08', 'S09')",0.07025729224870103,0.29342168067699637,0.7473404255319149,0.3899249110996681,0.09963101782213395,T1g,10,0.20628323631220274
"('S02', 'S07', 'S08', 'S11')",0.07025729224870103,0.33990805400423774,0.7473404255319149,0.39154846233286045,0.1122043154352394,T1g,10,0.20628323631220274
"('S02', 'S07', 'S08', 'S12')",0.07025729224870103,0.26420255559005135,0.7473404255319149,0.4053945026006947,0.09503704966125905,T1g,10,0.20628323631220274
"('S02', 'S07', 'S09', 'S11')",0.07025729224870103,0.27205287168389036,0.7473404255319149,0.486958248552734,0.09940880982577642,T1g,10,0.20628323631220274
"('S02', 'S07', 'S09', 'S12')",0.07025729224870103,0.23747106541372986,0.7473404255319149,0.519009302802525,0.08765779924495505,T1g,10,0.20628323631220274
"('S02', 'S07', 'S11', 'S12')",0.07025729224870103,0.2895490615332631,0.7473404255319149,0.48882163498243947,0.10313490380504158,T1g,10,0.20628323631220274
"('S02', 'S08', 'S09', 'S11')",0.264694428771691,0.3672563635390157,0.4797297297297297,0.3508043288304901,0.1138478399182113,T1g,10,0.20628323631220274
"('S02', 'S08', 'S09', 'S12')",0.08174742368537746,0.26513216069802203,0.6889460154241646,0.40030363050622336,0.09088835386046272,T1g,10,0.20628323631220274
"('S02', 'S08', 'S11', 'S12')",0.08174742368537746,0.35674279338167025,0.48306997742663654,0.36476513858192366,0.11337381618877844,T1g,10,0.20628323631220274
"('S02', 'S09', 'S11', 'S12')",0.09051006993329591,0.2998048367437006,0.6889460154241646,0.48301983354032957,0.10166024116796853,T1g,10,0.20628323631220274
"('S04', 'S05', 'S06', 'S07')",0.05611645983149072,0.1675277606830443,0.9154518950437318,0.6734344577974589,0.06830092077030356,T1g,10,0.20684193995264255
"('S04', 'S05', 'S06', 'S08')",0.05611645983149072,0.3259244727297692,0.9154518950437318,0.47801726806464706,0.10289244253460851,T1g,10,0.20684193995264255
"('S04', 'S05', 'S06', 'S09')",0.05611645983149072,0.25237285729454273,0.9154518950437318,0.5812670981928173,0.08843154268610764,T1g,10,0.20684193995264255
"('S04', 'S05', 'S06', 'S11')",0.05611645983149072,0.19493095807257943,0.9154518950437318,0.6570299340492974,0.07698469560396641,T1g,10,0.20684193995264255
"('S04', 'S05', 'S06', 'S12')",0.05611645983149072,0.272121350679687,0.9154518950437318,0.5890317861872265,0.09168712437554509,T1g,10,0.20684193995264255
"('S04', 'S05', 'S07', 'S08')",0.05611645983149072,0.2934121857328732,0.9154518950437318,0.4854278878852003,0.0995474636897702,T1g,10,0.2365106391313151
"('S04', 'S05', 'S07', 'S09')",0.05611645983149072,0.21942731985890085,0.9154518950437318,0.5875568179411695,0.085234616015214,T1g,10,0.2243235735640854
"('S04', 'S05', 'S07', 'S11')",0.05611645983149072,0.16969352326947496,0.9154518950437318,0.6638777922470459,0.07404151034347721,T1g,10,0.2365106391313151
"('S04', 'S05', 'S07', 'S12')",0.05611645983149072,0.23830700760050172,0.9154518950437318,0.5973869956346562,0.08846246302581862,T1g,10,0.23398255824896919
"('S04', 'S05', 'S08', 'S09')",0.05611645983149072,0.32118003834597764,0.9154518950437318,0.4576195966491771,0.1014162766308689,T1g,10,0.2243235735640854
"('S04', 'S05', 'S08', 'S11')",0.05611645983149072,0.31097887832066673,0.9154518950437318,0.5285897468508393,0.09723152872736135,T1g,10,0.24071666849198065
"('S04', 'S05', 'S08', 'S12')",0.05611645983149072,0.31204996608086033,0.9154518950437318,0.47954719766439186,0.10044400593277548,T1g,10,0.23398255824896919
"('S04', 'S05', 'S09', 'S11')",0.05611645983149072,0.206787545985046,0.9154518950437318,0.6353585716633843,0.07858435644829925,T1g,10,0.2243235735640854
"('S04', 'S05', 'S09', 'S12')",0.05611645983149072,0.2489823258892656,0.9154518950437318,0.6045210364588937,0.0872130888468724,T1g,10,0.2243235735640854
"('S04', 'S05', 'S11', 'S12')",0.05611645983149072,0.244372788656246,0.9154518950437318,0.6436799676072779,0.08593214789034587,T1g,10,0.23398255824896919
"('S04', 'S06', 'S07', 'S08')",0.06507948625377225,0.31315346165605007,0.7496671105193076,0.44184917566349097,0.10500760385124563,T1g,10,0.20684193995264255
"('S04', 'S06', 'S07', 'S09')",0.06507948625377225,0.2516200364965937,0.7496671105193076,0.53806306613607,0.0928511991876554,T1g,10,0.20684193995264255
"('S04', 'S06', 'S07', 'S11')",0.06507948625377225,0.22464724201577535,0.7496671105193076,0.5831600596343411,0.08914035246103842,T1g,10,0.20684193995264255
"('S04', 'S06', 'S07', 'S12')",0.06507948625377225,0.2639553945329557,0.7496671105193076,0.5438515455253299,0.0944893506806898,T1g,10,0.20684193995264255
"('S04', 'S06', 'S08', 'S09')",0.264694428771691,0.3623303497092252,0.5717703349282297,0.3773504099223905,0.11408111730267811,T1g,10,0.20684193995264255
"('S04', 'S06', 'S08', 'S11')",0.13163617303678588,0.3748901917925217,0.7312252964426877,0.41709657931644756,0.11737862834429037,T1g,10,0.20684193995264255
"('S04', 'S06', 'S08', 'S12')",0.08174742368537746,0.3466559477388689,0.5717703349282297,0.39523631263337844,0.11151915108701449,T1g,10,0.20684193995264255
"('S04', 'S06', 'S09', 'S11')",0.13163617303678588,0.28315030017141707,0.7312252964426877,0.5179503645456022,0.10088789907619422,T1g,10,0.20684193995264255
"('S04', 'S06', 'S09', 'S12')",0.09051006993329591,0.29603974826179025,0.6889460154241646,0.51429511184449,0.10044467701207734,T1g,10,0.20684193995264255
"('S04', 'S06', 'S11', 'S12')",0.13163617303678588,0.3141912131373784,0.7312252964426877,0.522230062185269,0.10664599500067062,T1g,10,0.20684193995264255
"('S04', 'S07', 'S08', 'S09')",0.2117069988738317,0.33661950297400434,0.5850422195416164,0.38423972273193835,0.11192655259268647,T1g,10,0.2243235735640854
"('S04', 'S07', 'S08', 'S11')",0.13163617303678588,0.3568874476898384,0.7312252964426877,0.42454403057539153,0.11547780504470316,T1g,10,0.2365106391313151
"('S04', 'S07', 'S08', 'S12')",0.08174742368537746,0.3200762953601046,0.5850422195416164,0.40419111514200384,0.10933685169819,T1g,10,0.23398255824896919
"('S04', 'S07', 'S09', 'S11')",0.13163617303678588,0.26471430562998777,0.7312252964426877,0.5242769157323454,0.0991351279505517,T1g,10,0.2243235735640854
"('S04', 'S07', 'S09', 'S12')",0.09051006993329591,0.2690268454442801,0.6889460154241646,0.5221290142809144,0.09841042979719754,T1g,10,0.2243235735640854
"('S04', 'S07', 'S11', 'S12')",0.13163617303678588,0.2948864129524057,0.7312252964426877,0.5306221030710897,0.10486548919619526,T1g,10,0.23398255824896919
"('S04', 'S08', 'S09', 'S11')",0.13163617303678588,0.35831326184708623,0.7312252964426877,0.42369340385527104,0.10896354268515358,T1g,10,0.2243235735640854
"('S04', 'S08', 'S09', 'S12')",0.08174742368537746,0.2950834050905454,0.6889460154241646,0.4389937498297823,0.09703036905487218,T1g,10,0.2243235735640854
"('S04', 'S08', 'S11', 'S12')",0.08174742368537746,0.36047560916278587,0.7312252964426877,0.4421360145157434,0.11049378622209914,T1g,10,0.23398255824896919
"('S04', 'S09', 'S11', 'S12')",0.09051006993329591,0.279219692785313,0.7312252964426877,0.5647138084112296,0.09523303971660076,T1g,10,0.2243235735640854
"('S05', 'S06', 'S07', 'S08')",0.06507948625377225,0.2641141505797887,0.7496671105193076,0.4523662434920526,0.09423437521468313,T1g,10,0.20684193995264255
"('S05', 'S06', 'S07', 'S09')",0.06507948625377225,0.22415885681959047,0.7496671105193076,0.5492228709924802,0.0844832201114568,T1g,10,0.20684193995264255
"('S05', 'S06', 'S07', 'S11')",0.06507948625377225,0.20556337389824597,0.7496671105193076,0.5878786853750053,0.08392808838708032,T1g,10,0.20684193995264255
"('S05', 'S06', 'S07', 'S12')",0.06507948625377225,0.22499657528891392,0.7496671105193076,0.5553300589957845,0.08451120271370248,T1g,10,0.20684193995264255
"('S05', 'S06', 'S08', 'S09')",0.22976464527402773,0.3165480134531795,0.6024390243902439,0.383517853423691,0.10504554294305608,T1g,10,0.20684193995264255
"('S05', 'S06', 'S08', 'S11')",0.14034802555958126,0.3374851670959501,0.6976744186046512,0.4168228437020019,0.11149876898690884,T1g,10,0.20684193995264255
"('S05', 'S06', 'S08', 'S12')",0.08174742368537746,0.2893759719157849,0.6024390243902439,0.40172246474872336,0.10087340783660376,T1g,10,0.20684193995264255
"('S05', 'S06', 'S09', 'S11')",0.14034802555958126,0.2673234068741036,0.6976744186046512,0.5183193659590053,0.0974132892791766,T1g,10,0.20684193995264255
"('S05', 'S06', 'S09', 'S12')",0.09051006993329591,0.2603379038379644,0.6889460154241646,0.5214240009876835,0.09220418332203051,T1g,10,0.20684193995264255
"('S05', 'S06', 'S11', 'S12')",0.14034802555958126,0.28686668027302653,0.6976744186046512,0.5229177722127165,0.1015612163128643,T1g,10,0.20684193995264255
"('S05', 'S07', 'S08', 'S09')",0.150613133118488,0.2910083883375062,0.6162361623616236,0.39049470845957107,0.10314730687942934,T1g,10,0.2243235735640854
"('S05', 'S07', 'S08', 'S11')",0.14034802555958126,0.3196536446128141,0.6976744186046512,0.4243578371872781,0.10985427433368654,T1g,10,0.2365106391313151
"('S05', 'S07', 'S08', 'S12')",0.08174742368537746,0.2629675411565682,0.6162361623616236,0.4107648094836809,0.09894743709414416,T1g,10,0.23398255824896919
"('S05', 'S07', 'S09', 'S11')",0.14034802555958126,0.24905863395222172,0.6976744186046512,0.5247334593720805,0.09591684679989898,T1g,10,0.2243235735640854
"('S05', 'S07', 'S09', 'S12')",0.09051006993329591,0.2334962226400018,0.6889460154241646,0.5293454456504402,0.09042626475351562,T1g,10,0.2243235735640854
"('S05', 'S07', 'S11', 'S12')",0.14034802555958126,0.26773310170760123,0.6976744186046512,0.5313973553248691,0.10003703915475386,T1g,10,0.23398255824896919
"('S05', 'S08', 'S09', 'S11')",0.14034802555958126,0.324336433590278,0.6976744186046512,0.41915758613989645,0.10507766625107744,T1g,10,0.2243235735640854
"('S05', 'S08', 'S09', 'S12')",0.08174742368537746,0.24123162570722478,0.6889460154241646,0.4412178198441982,0.08837860872776683,T1g,10,0.2243235735640854
"('S05', 'S08', 'S11', 'S12')",0.08174742368537746,0.3150011413389393,0.6976744186046512,0.4379189054144132,0.10499774089723429,T1g,10,0.23398255824896919
"('S05', 'S09', 'S11', 'S12')",0.09051006993329591,0.2553233563607247,0.6976744186046512,0.5611394363377481,0.09214224395209984,T1g,10,0.2243235735640854
"('S06', 'S07', 'S08', 'S09')",0.06507948625377225,0.2786081950707736,0.7496671105193076,0.3897442731116488,0.09912074486250318,T1g,10,0.20684193995264255
"('S06', 'S07', 'S08', 'S11')",0.06507948625377225,0.33001445345468916,0.7496671105193076,0.39238342103175067,0.1133099712618802,T1g,10,0.20684193995264255
"('S06', 'S07', 'S08', 'S12')",0.06507948625377225,0.2440230181845967,0.7496671105193076,0.4059726758315318,0.09333117955964781,T1g,10,0.20684193995264255
"('S06', 'S07', 'S09', 'S11')",0.06507948625377225,0.27187088350861277,0.7496671105193076,0.48684400363316277,0.10152898673905862,T1g,10,0.20684193995264255
"('S06', 'S07', 'S09', 'S12')",0.06507948625377225,0.22700314038254632,0.7496671105193076,0.5186382724149007,0.08696645022998521,T1g,10,0.20684193995264255
"('S06', 'S07', 'S11', 'S12')",0.06507948625377225,0.2840010215587534,0.7496671105193076,0.48946620128172474,0.10405948357634326,T1g,10,0.20684193995264255
"('S06', 'S08', 'S09', 'S11')",0.264694428771691,0.3561062778722235,0.4797297297297297,0.35049269547929174,0.11573806368960489,T1g,10,0.20684193995264255
"('S06', 'S08', 'S09', 'S12')",0.08174742368537746,0.24369613817532387,0.6889460154241646,0.3997352116869719,0.08996705170360425,T1g,10,0.20684193995264255
"('S06', 'S08', 'S11', 'S12')",0.08174742368537746,0.34022665591564594,0.48306997742663654,0.3652123164495817,0.11406844281819152,T1g,10,0.20684193995264255
"('S06', 'S09', 'S11', 'S12')",0.09051006993329591,0.2930003116519474,0.6889460154241646,0.48251780778952624,0.10336938888402301,T1g,10,0.20684193995264255
"('S07', 'S08', 'S09', 'S11')",0.264694428771691,0.345076195650763,0.4797297297297297,0.3575063819535626,0.11528398317122925,T1g,10,0.2243235735640854
"('S07', 'S08', 'S09', 'S12')",0.08174742368537746,0.22408914767778254,0.6889460154241646,0.4082562494109241,0.08923149509599136,T1g,10,0.2243235735640854
"('S07', 'S08', 'S11', 'S12')",0.08174742368537746,0.3283277680506419,0.48306997742663654,0.37429149262293,0.11358662762098305,T1g,10,0.23398255824896919
"('S07', 'S09', 'S11', 'S12')",0.09051006993329591,0.2806681733481975,0.6889460154241646,0.49047608389067365,0.10303562586075922,T1g,10,0.2243235735640854
"('S08', 'S09', 'S11', 'S12')",0.08174742368537746,0.2802498141454418,0.6889460154241646,0.43170216749935,0.09463472395395744,T1g,10,0.2243235735640854
"('S01', 'S02', 'S06', 'S07')",0.027286526262575772,0.09209538805621731,0.8585572842998586,0.7369791409665177,0.044537678121802086,T2,10,0.20495139918264027
"('S01', 'S02', 'S06', 'S08')",0.027286526262575772,0.19228975647412316,0.8585572842998586,0.5957990454845743,0.06680285305635618,T2,10,0.20495139918264027
"('S01', 'S02', 'S06', 'S09')",0.027286526262575772,0.2516547968650298,0.8585572842998586,0.5332719947771546,0.08380942166833465,T2,10,0.20495139918264027
"('S01', 'S02', 'S06', 'S10')",0.027286526262575772,0.2557734652417877,0.8585572842998586,0.5278969900961517,0.08679065722265479,T2,10,0.20495139918264027
"('S01', 'S02', 'S06', 'S12')",0.027286526262575772,0.1975594801381041,0.8585572842998586,0.5614688614567642,0.08812911220581914,T2,10,0.20495139918264027
"('S01', 'S02', 'S06', 'S13')",0.027286526262575772,0.1690514993127903,0.8585572842998586,0.6059215076613454,0.06384460790278361,T2,10,0.20495139918264027
"('S01', 'S02', 'S06', 'S14')",0.027286526262575772,0.1911303474250824,0.8585572842998586,0.6047647475164709,0.06649922996863175,T2,10,0.20495139918264027
"('S01', 'S02', 'S07', 'S08')",0.06601949281279562,0.18842626707105747,0.7877551020408163,0.6045433176228635,0.06929443164227515,T2,10,0.20628323631220274
"('S01', 'S02', 'S07', 'S09')",0.06601949281279562,0.2373051918400494,0.7877551020408163,0.5448923925261477,0.08458560109118352,T2,10,0.20628323631220274
"('S01', 'S02', 'S07', 'S10')",0.06601949281279562,0.24109781575657774,0.7877551020408163,0.5389014293124751,0.0872710299987977,T2,10,0.20628323631220274
"('S01', 'S02', 'S07', 'S12')",0.06601949281279562,0.20846640398704863,0.7877551020408163,0.5695295357274316,0.0937735483105086,T2,10,0.20628323631220274
"('S01', 'S02', 'S07', 'S13')",0.06601949281279562,0.17522309826206361,0.7877551020408163,0.6139170540066572,0.06854142633102057,T2,10,0.20628323631220274
"('S01', 'S02', 'S07', 'S14')",0.06601949281279562,0.1872029469304497,0.7877551020408163,0.6145820423452987,0.06888155031728299,T2,10,0.20628323631220274
"('S01', 'S02', 'S08', 'S09')",0.08220765937230234,0.2973835554930703,0.6976744186046512,0.4510772386275587,0.09781360665515566,T2,10,0.20628323631220274
"('S01', 'S02', 'S08', 'S10')",0.08220765937230234,0.3005839911936551,0.6976744186046512,0.44427718264484684,0.10127386046578712,T2,10,0.20628323631220274
"('S01', 'S02', 'S08', 'S12')",0.08220765937230234,0.27323419655272074,0.6976744186046512,0.49645041964606723,0.10450145308374609,T2,10,0.20628323631220274
"('S01', 'S02', 'S08', 'S13')",0.06195063623722363,0.23147824331736377,0.8099173553719008,0.5470258689709537,0.07947175995312473,T2,10,0.20628323631220274
"('S01', 'S02', 'S08', 'S14')",0.002046890699604287,0.2333121086985308,0.9295154185022027,0.5666894080258846,0.07480675656926251,T2,10,0.20628323631220274
"('S01', 'S02', 'S09', 'S10')",0.0022896209845653104,0.29530810803659735,0.8961038961038961,0.4845681295748088,0.09823032374009023,T2,10,0.20628323631220274
"('S01', 'S02', 'S09', 'S12')",0.08220765937230234,0.36084268493434146,0.6976744186046512,0.41039620918005015,0.1253558447111074,T2,10,0.20628323631220274
"('S01', 'S02', 'S09', 'S13')",0.08220765937230234,0.31225982281252607,0.6976744186046512,0.4441630496888666,0.1024811180663076,T2,10,0.20628323631220274
"('S01', 'S02', 'S09', 'S14')",0.08220765937230234,0.2964054978468901,0.6976744186046512,0.4549653158394172,0.09760670965314831,T2,10,0.20628323631220274
"('S01', 'S02', 'S10', 'S12')",0.08220765937230234,0.36455181149178884,0.6976744186046512,0.4045113861087353,0.12967736949800376,T2,10,0.20628323631220274
"('S01', 'S02', 'S10', 'S13')",0.08220765937230234,0.31582032717046316,0.6976744186046512,0.4381628759969349,0.10598664104044579,T2,10,0.20628323631220274
"('S01', 'S02', 'S10', 'S14')",0.08220765937230234,0.2994109974664787,0.6976744186046512,0.4484879450820831,0.10066622909805739,T2,10,0.20628323631220274
"('S01', 'S02', 'S12', 'S13')",0.06828471721027907,0.23889240244373589,0.7975376196990424,0.5240240494356113,0.09791414626708773,T2,10,0.20628323631220274
"('S01', 'S02', 'S12', 'S14')",0.08220765937230234,0.2723725260255655,0.6976744186046512,0.5067456198469418,0.1053012915119344,T2,10,0.20628323631220274
"('S01', 'S02', 'S13', 'S14')",0.06150487037109231,0.23032604762394782,0.8481012658227848,0.5597303632841587,0.079486178775321,T2,10,0.20628323631220274
"('S01', 'S06', 'S07', 'S08')",0.06601949281279562,0.18585998123133773,0.7877551020408163,0.6041827840919894,0.06948843784466148,T2,10,0.20495139918264027
"('S01', 'S06', 'S07', 'S09')",0.06601949281279562,0.24745193628236206,0.7877551020408163,0.5344904557568102,0.08702662768300229,T2,10,0.20495139918264027
"('S01', 'S06', 'S07', 'S10')",0.06601949281279562,0.25156166885495657,0.7877551020408163,0.5286928230591436,0.08979395662314131,T2,10,0.20495139918264027
"('S01', 'S06', 'S07', 'S12')",0.06601949281279562,0.20103006467566453,0.7877551020408163,0.5660641036121924,0.09342355841224226,T2,10,0.20495139918264027
"('S01', 'S06', 'S07', 'S13')",0.06601949281279562,0.1700837326454696,0.7877551020408163,0.613611865821306,0.0679685395426851,T2,10,0.20495139918264027
"('S01', 'S06', 'S07', 'S14')",0.06601949281279562,0.18509512630183866,0.7877551020408163,0.6136590369486451,0.06910924045025114,T2,10,0.20495139918264027
"('S01', 'S06', 'S08', 'S09')",0.12363340400535605,0.2961813791304113,0.6425,0.45549810918995887,0.09793731394660173,T2,10,0.20495139918264027
"('S01', 'S06', 'S08', 'S10')",0.12363340400535605,0.2996989234870623,0.6425,0.4488913837232531,0.10147946778975804,T2,10,0.20495139918264027
"('S01', 'S06', 'S08', 'S12')",0.12363340400535605,0.254448936436365,0.6717557251908397,0.5078077948625657,0.10183414388510705,T2,10,0.20495139918264027
"('S01', 'S06', 'S08', 'S13')",0.06195063623722363,0.21498995689579825,0.8099173553719008,0.5615434881173403,0.07658155386441656,T2,10,0.20495139918264027
"('S01', 'S06', 'S08', 'S14')",0.002046890699604287,0.21985536726494848,0.9295154185022027,0.5805892099609689,0.07271712740185797,T2,10,0.20495139918264027
"('S01', 'S06', 'S09', 'S10')",0.0022896209845653104,0.30713607061203685,0.8961038961038961,0.47914092741475156,0.10068295145349358,T2,10,0.20495139918264027
"('S01', 'S06', 'S09', 'S12')",0.12363340400535605,0.3547704551000179,0.6425,0.41171218115808506,0.1249355559019008,T2,10,0.20495139918264027
"('S01', 'S06', 'S09', 'S13')",0.12363340400535605,0.30848456667299284,0.6425,0.44863926559678974,0.10183793236703183,T2,10,0.20495139918264027
"('S01', 'S06', 'S09', 'S14')",0.12363340400535605,0.29566178669533993,0.6425,0.45882371453603793,0.09776410087517619,T2,10,0.20495139918264027
"('S01', 'S06', 'S10', 'S12')",0.12363340400535605,0.35879669031353145,0.6425,0.4060206886027764,0.129338980721322,T2,10,0.20495139918264027
"('S01', 'S06', 'S10', 'S13')",0.12363340400535605,0.31236217968699587,0.6425,0.44283242242086396,0.1054253553736949,T2,10,0.20495139918264027
"('S01', 'S06', 'S10', 'S14')",0.12363340400535605,0.2989843949709946,0.6425,0.4525396742947099,0.10090552035261012,T2,10,0.20495139918264027
"('S01', 'S06', 'S12', 'S13')",0.06828471721027907,0.21753406255050578,0.7975376196990424,0.5354367699976327,0.09447994407772692,T2,10,0.20495139918264027
"('S01', 'S06', 'S12', 'S14')",0.12363340400535605,0.25404573112031825,0.6954838709677419,0.5175405231976609,0.10266766624387717,T2,10,0.20495139918264027
"('S01', 'S06', 'S13', 'S14')",0.06150487037109231,0.214296226413491,0.8481012658227848,0.5736855105647658,0.07662965661719465,T2,10,0.20495139918264027
"('S01', 'S07', 'S08', 'S09')",0.06601949281279562,0.2553677431044764,0.7877551020408163,0.4956142144805096,0.09326140625306971,T2,10,0.23706455320827785
"('S01', 'S07', 'S08', 'S10')",0.06601949281279562,0.25855924300089805,0.7877551020408163,0.4883915304811342,0.09650775344952002,T2,10,0.23706455320827785
"('S01', 'S07', 'S08', 'S12')",0.06601949281279562,0.23889182928435504,0.7877551020408163,0.5443641766747908,0.1020264928734156,T2,10,0.23706455320827785
"('S01', 'S07', 'S08', 'S13')",0.06195063623722363,0.19469752484411706,0.8099173553719008,0.5980347420042097,0.07582628517627261,T2,10,0.23674004881551314
"('S01', 'S07', 'S08', 'S14')",0.002046890699604287,0.18946393576936094,0.9295154185022027,0.6189022123313542,0.0696473606341283,T2,10,0.23706455320827785
"('S01', 'S07', 'S09', 'S10')",0.0022896209845653104,0.2555102745039578,0.8961038961038961,0.5215171997833365,0.0939958379501855,T2,10,0.24441219229933198
"('S01', 'S07', 'S09', 'S12')",0.06601949281279562,0.32872723232609324,0.7877551020408163,0.451144688581014,0.12341250572713926,T2,10,0.23899746097473976
"('S01', 'S07', 'S09', 'S13')",0.06601949281279562,0.27770601899939684,0.7877551020408163,0.4880066450943629,0.0993672645158178,T2,10,0.23674004881551314
"('S01', 'S07', 'S09', 'S14')",0.06601949281279562,0.2547842395778379,0.7877551020408163,0.5000128425171272,0.09297893494437644,T2,10,0.23961661934913103
"('S01', 'S07', 'S10', 'S12')",0.06601949281279562,0.3324274230793772,0.7877551020408163,0.4448372374930356,0.12752012389985448,T2,10,0.23899746097473976
"('S01', 'S07', 'S10', 'S13')",0.06601949281279562,0.28125758755317065,0.7877551020408163,0.4815838433857676,0.1026588808757749,T2,10,0.23674004881551314
"('S01', 'S07', 'S10', 'S14')",0.06601949281279562,0.25778080339326326,0.7877551020408163,0.4931128437431296,0.09582454777510437,T2,10,0.23961661934913103
"('S01', 'S07', 'S12', 'S13')",0.06601949281279562,0.2120120437508346,0.7975376196990424,0.5712444260168802,0.09687753290835345,T2,10,0.23674004881551314
"('S01', 'S07', 'S12', 'S14')",0.06601949281279562,0.23842471287674105,0.7877551020408163,0.5551699277004244,0.102750756994918,T2,10,0.23899746097473976
"('S01', 'S07', 'S13', 'S14')",0.06150487037109231,0.1939398832702427,0.8481012658227848,0.6112497871421736,0.07576512969178298,T2,10,0.23674004881551314
"('S01', 'S08', 'S09', 'S10')",0.0022896209845653104,0.26353152437117855,0.8961038961038961,0.4890807020308004,0.09664417974622026,T2,10,0.23706455320827785
"('S01', 'S08', 'S09', 'S12')",0.1969611357452028,0.34203009932190886,0.6717557251908397,0.4402533214147417,0.1227859218294221,T2,10,0.23706455320827785
"('S01', 'S08', 'S09', 'S13')",0.06195063623722363,0.28249623848484073,0.8099173553719008,0.4833032089737516,0.09894310946696731,T2,10,0.23674004881551314
"('S01', 'S08', 'S09', 'S14')",0.002046890699604287,0.24942847577606264,0.9295154185022027,0.5143079571128052,0.08754965252540133,T2,10,0.23706455320827785
"('S01', 'S08', 'S10', 'S12')",0.1969611357452028,0.3451381018592494,0.6717557251908397,0.4331367775577242,0.12766836490515462,T2,10,0.23706455320827785
"('S01', 'S08', 'S10', 'S13')",0.06195063623722363,0.285455618822671,0.8099173553719008,0.47607131449611706,0.10300955072994168,T2,10,0.23674004881551314
"('S01', 'S08', 'S10', 'S14')",0.002046890699604287,0.25183285137554445,0.9295154185022027,0.5065988655697685,0.09117009025914653,T2,10,0.23706455320827785
"('S01', 'S08', 'S12', 'S13')",0.06195063623722363,0.22149169214892994,0.8099173553719008,0.5872770277134935,0.09395327706876831,T2,10,0.23674004881551314
"('S01', 'S08', 'S12', 'S14')",0.002046890699604287,0.23775837798761723,0.9295154185022027,0.5902010801133272,0.09482137378520822,T2,10,0.23706455320827785
"('S01', 'S08', 'S13', 'S14')",0.002046890699604287,0.1847609008707468,0.9295154185022027,0.6524688706007373,0.06803817533093987,T2,10,0.23674004881551314
"('S01', 'S09', 'S10', 'S12')",0.0022896209845653104,0.38081869697493786,0.8961038961038961,0.4398591614906251,0.130719671584273,T2,10,0.23899746097473976
"('S01', 'S09', 'S10', 'S13')",0.0022896209845653104,0.3143093050519009,0.8961038961038961,0.465985089612948,0.10821582389488162,T2,10,0.23674004881551314
"('S01', 'S09', 'S10', 'S14')",0.0022896209845653104,0.26299834725797144,0.8961038961038961,0.487651367782219,0.0961669583947894,T2,10,0.23961661934913103
"('S01', 'S09', 'S12', 'S13')",0.06828471721027907,0.3432297499168383,0.7975376196990424,0.4508456454343454,0.12305747858676643,T2,10,0.23674004881551314
"('S01', 'S09', 'S12', 'S14')",0.19825852087663554,0.3418082454087229,0.6954838709677419,0.4449084249297987,0.1237161702739093,T2,10,0.23899746097473976
"('S01', 'S09', 'S13', 'S14')",0.06150487037109231,0.28198385940539394,0.8481012658227848,0.4903676066011389,0.09908793830546249,T2,10,0.23674004881551314
"('S01', 'S10', 'S12', 'S13')",0.06828471721027907,0.34669782111153113,0.7975376196990424,0.4445289838681081,0.1279851908260057,T2,10,0.23674004881551314
"('S01', 'S10', 'S12', 'S14')",0.19825852087663554,0.34472131186506716,0.6954838709677419,0.438114566298159,0.12819787898391943,T2,10,0.23899746097473976
"('S01', 'S10', 'S13', 'S14')",0.06150487037109231,0.2847483036622279,0.8481012658227848,0.48345839734888224,0.10275364520271447,T2,10,0.23674004881551314
"('S01', 'S12', 'S13', 'S14')",0.06150487037109231,0.221095700188508,0.8481012658227848,0.600748548329897,0.09510484133745913,T2,10,0.23674004881551314
"('S02', 'S06', 'S07', 'S08')",0.027286526262575772,0.17661654012911987,0.8585572842998586,0.6313160098410833,0.06494039557168406,T2,10,0.20495139918264027
"('S02', 'S06', 'S07', 'S09')",0.027286526262575772,0.2438287652664023,0.8585572842998586,0.5562567429994892,0.08339506240662505,T2,10,0.20495139918264027
"('S02', 'S06', 'S07', 'S10')",0.027286526262575772,0.24827618881882463,0.8585572842998586,0.5507502734847112,0.08619342997195684,T2,10,0.20495139918264027
"('S02', 'S06', 'S07', 'S12')",0.027286526262575772,0.1929907409521493,0.8585572842998586,0.5935623492439946,0.08959077887968502,T2,10,0.20495139918264027
"('S02', 'S06', 'S07', 'S13')",0.027286526262575772,0.1581971098338274,0.8585572842998586,0.6410493831183656,0.06342255956458635,T2,10,0.20495139918264027
"('S02', 'S06', 'S07', 'S14')",0.027286526262575772,0.17584964082650423,0.8585572842998586,0.6408270827789185,0.06450223468426454,T2,10,0.20495139918264027
"('S02', 'S06', 'S08', 'S09')",0.027286526262575772,0.28008070868945456,0.8585572842998586,0.4887479664554792,0.09052697454367338,T2,10,0.20495139918264027
"('S02', 'S06', 'S08', 'S10')",0.027286526262575772,0.2839359440259335,0.8585572842998586,0.48243240417166183,0.09410016701202245,T2,10,0.20495139918264027
"('S02', 'S06', 'S08', 'S12')",0.027286526262575772,0.23393211328785302,0.8585572842998586,0.5467896105172091,0.09422259022599867,T2,10,0.20495139918264027
"('S02', 'S06', 'S08', 'S13')",0.027286526262575772,0.19062583465915928,0.8585572842998586,0.600464575437241,0.06825679975976669,T2,10,0.20495139918264027
"('S02', 'S06', 'S08', 'S14')",0.002046890699604287,0.19813238236461694,0.9295154185022027,0.6192408258140835,0.06433134750932024,T2,10,0.20495139918264027
"('S02', 'S06', 'S09', 'S10')",0.0022896209845653104,0.296993361237166,0.8961038961038961,0.5073150093567454,0.09422012767235817,T2,10,0.20495139918264027
"('S02', 'S06', 'S09', 'S12')",0.027286526262575772,0.339873902037764,0.8585572842998586,0.44532705830631375,0.11824047923939263,T2,10,0.20495139918264027
"('S02', 'S06', 'S09', 'S13')",0.027286526262575772,0.28974071452261196,0.8585572842998586,0.4821934144102756,0.09442965525898216,T2,10,0.20495139918264027
"('S02', 'S06', 'S09', 'S14')",0.027286526262575772,0.2795590718812667,0.8585572842998586,0.49210839188273775,0.09029479797923866,T2,10,0.20495139918264027
"('S02', 'S06', 'S10', 'S12')",0.027286526262575772,0.34423782823110527,0.8585572842998586,0.4399267289338935,0.12267494268400658,T2,10,0.20495139918264027
"('S02', 'S06', 'S10', 'S13')",0.027286526262575772,0.2939560185164428,0.8585572842998586,0.4766777344172384,0.09804811689083798,T2,10,0.20495139918264027
"('S02', 'S06', 'S10', 'S14')",0.027286526262575772,0.2832193711367492,0.8585572842998586,0.4861155148242982,0.09346725608186533,T2,10,0.20495139918264027
"('S02', 'S06', 'S12', 'S13')",0.027286526262575772,0.19437405769256955,0.8585572842998586,0.5747228772002417,0.0868704527134972,T2,10,0.20495139918264027
"('S02', 'S06', 'S12', 'S14')",0.027286526262575772,0.2335268635986898,0.8585572842998586,0.5565571589334838,0.0949971490917596,T2,10,0.20495139918264027
"('S02', 'S06', 'S13', 'S14')",0.027286526262575772,0.18993005980373567,0.8585572842998586,0.612641417965846,0.06824593901953557,T2,10,0.20495139918264027
"('S02', 'S07', 'S08', 'S09')",0.12389510665252257,0.26497082126060423,0.7266754270696452,0.48267457853419155,0.09345524902728584,T2,10,0.20628323631220274
"('S02', 'S07', 'S08', 'S10')",0.12389510665252257,0.2685000121368536,0.7266754270696452,0.4757430577177047,0.09673263484892893,T2,10,0.20628323631220274
"('S02', 'S07', 'S08', 'S12')",0.12389510665252257,0.24407875473292728,0.7266754270696452,0.537156499117596,0.10201912139145174,T2,10,0.20628323631220274
"('S02', 'S07', 'S08', 'S13')",0.06195063623722363,0.19603715120456255,0.8099173553719008,0.590766336112272,0.07510571324876722,T2,10,0.20628323631220274
"('S02', 'S07', 'S08', 'S14')",0.002046890699604287,0.1934446994661142,0.9295154185022027,0.6113643349726304,0.06886576291873504,T2,10,0.20628323631220274
"('S02', 'S07', 'S09', 'S10')",0.0022896209845653104,0.27107131372617166,0.8961038961038961,0.5035017885134921,0.09513719634619457,T2,10,0.20628323631220274
"('S02', 'S07', 'S09', 'S12')",0.12389510665252257,0.3395344278609239,0.7266754270696452,0.4385700725174044,0.12432161124177558,T2,10,0.20628323631220274
"('S02', 'S07', 'S09', 'S13')",0.12389510665252257,0.28466591544610065,0.7266754270696452,0.47537130069601047,0.09956316958491263,T2,10,0.20628323631220274
"('S02', 'S07', 'S09', 'S14')",0.12389510665252257,0.2643852733608494,0.7266754270696452,0.48710802665198866,0.09311381422558339,T2,10,0.20628323631220274
"('S02', 'S07', 'S10', 'S12')",0.12389510665252257,0.34357230959403573,0.7266754270696452,0.4325537846123145,0.12846026803968358,T2,10,0.20628323631220274
"('S02', 'S07', 'S10', 'S13')",0.12389510665252257,0.28855517497970207,0.7266754270696452,0.46923966217030366,0.10288582457006246,T2,10,0.20628323631220274
"('S02', 'S07', 'S10', 'S14')",0.12389510665252257,0.26771952815610245,0.7266754270696452,0.48049919106087957,0.09599046568150409,T2,10,0.20628323631220274
"('S02', 'S07', 'S12', 'S13')",0.06828471721027907,0.21455578748998294,0.7975376196990424,0.5643410400076511,0.09687222372126826,T2,10,0.20628323631220274
"('S02', 'S07', 'S12', 'S14')",0.12389510665252257,0.24360959395219728,0.7266754270696452,0.547997070224409,0.10268442201994495,T2,10,0.20628323631220274
"('S02', 'S07', 'S13', 'S14')",0.06150487037109231,0.19527746525757161,0.8481012658227848,0.6040162013314155,0.0749855942712684,T2,10,0.20628323631220274
"('S02', 'S08', 'S09', 'S10')",0.0022896209845653104,0.2666150641683954,0.8961038961038961,0.4825488607837973,0.09400676401567824,T2,10,0.20628323631220274
"('S02', 'S08', 'S09', 'S12')",0.1969611357452028,0.34035979543174244,0.6717557251908397,0.43916227537397323,0.1199162532175073,T2,10,0.20628323631220274
"('S02', 'S08', 'S09', 'S13')",0.06195063623722363,0.27697863550654744,0.8099173553719008,0.48215143459824034,0.09536024040951101,T2,10,0.20628323631220274
"('S02', 'S08', 'S09', 'S14')",0.002046890699604287,0.24655201013407702,0.9295154185022027,0.5128867112705079,0.08390575768005715,T2,10,0.20628323631220274
"('S02', 'S08', 'S10', 'S12')",0.1969611357452028,0.34380548894891083,0.6717557251908397,0.4323368946998441,0.12482973491843256,T2,10,0.20628323631220274
"('S02', 'S08', 'S10', 'S13')",0.06195063623722363,0.28027570682420544,0.8099173553719008,0.4752107033034943,0.09945772029767813,T2,10,0.20628323631220274
"('S02', 'S08', 'S10', 'S14')",0.002046890699604287,0.24929407671338666,0.9295154185022027,0.5054687829103596,0.08755723403899512,T2,10,0.20628323631220274
"('S02', 'S08', 'S12', 'S13')",0.06195063623722363,0.2115579364630813,0.8099173553719008,0.5918572117271055,0.09016919375513198,T2,10,0.20628323631220274
"('S02', 'S08', 'S12', 'S14')",0.002046890699604287,0.23046575963807625,0.9295154185022027,0.594511792660153,0.09097626468368403,T2,10,0.20628323631220274
"('S02', 'S08', 'S13', 'S14')",0.002046890699604287,0.17362098343307897,0.9295154185022027,0.6567188548128204,0.06347986578387416,T2,10,0.20628323631220274
"('S02', 'S09', 'S10', 'S12')",0.0022896209845653104,0.3851063541508576,0.8961038961038961,0.4336923401263304,0.12879751859415114,T2,10,0.20628323631220274
"('S02', 'S09', 'S10', 'S13')",0.0022896209845653104,0.31474966313969377,0.8961038961038961,0.4597575399139105,0.10558047045921826,T2,10,0.20628323631220274
"('S02', 'S09', 'S10', 'S14')",0.0022896209845653104,0.2660798426820721,0.8961038961038961,0.48115434661639545,0.09347057917123819,T2,10,0.20628323631220274
"('S02', 'S09', 'S12', 'S13')",0.06828471721027907,0.338916264317248,0.7975376196990424,0.4500588909415426,0.12018987226973031,T2,10,0.20628323631220274
"('S02', 'S09', 'S12', 'S14')",0.19825852087663554,0.3401358971454401,0.6954838709677419,0.4438521989702098,0.1207875381689853,T2,10,0.20628323631220274
"('S02', 'S09', 'S13', 'S14')",0.06150487037109231,0.2764642120539843,0.8481012658227848,0.4892506523068072,0.09544610575499697,T2,10,0.20628323631220274
"('S02', 'S10', 'S12', 'S13')",0.06828471721027907,0.3427220264917684,0.7975376196990424,0.4440333925581937,0.12514862313416233,T2,10,0.20628323631220274
"('S02', 'S10', 'S12', 'S14')",0.19825852087663554,0.3433866545816123,0.6954838709677419,0.4373495035214585,0.1253002855041882,T2,10,0.20628323631220274
"('S02', 'S10', 'S13', 'S14')",0.06150487037109231,0.2795663472906461,0.8481012658227848,0.48263260623743903,0.09914285127744171,T2,10,0.20628323631220274
"('S02', 'S12', 'S13', 'S14')",0.06150487037109231,0.2111599001295429,0.8481012658227848,0.6053635524246884,0.09126179453081361,T2,10,0.20628323631220274
"('S06', 'S07', 'S08', 'S09')",0.12953013923175127,0.25780352622230784,0.7087126137841352,0.4932973833164487,0.09228790109329878,T2,10,0.20495139918264027
"('S06', 'S07', 'S08', 'S10')",0.12953013923175127,0.2616498257546235,0.7087126137841352,0.4865591930159678,0.09564718694746671,T2,10,0.20495139918264027
"('S06', 'S07', 'S08', 'S12')",0.12953013923175127,0.21932837594093424,0.7087126137841352,0.5547158085539512,0.09806075696737954,T2,10,0.20495139918264027
"('S06', 'S07', 'S08', 'S13')",0.06195063623722363,0.17358374610735938,0.8099173553719008,0.6114858894785156,0.0709244519346259,T2,10,0.20495139918264027
"('S06', 'S07', 'S08', 'S14')",0.002046890699604287,0.1740228393568941,0.9295154185022027,0.6314660711275716,0.06548507852589736,T2,10,0.20495139918264027
"('S06', 'S07', 'S09', 'S10')",0.0022896209845653104,0.27693415762597373,0.8961038961038961,0.5042765205732919,0.09629876883416477,T2,10,0.20495139918264027
"('S06', 'S07', 'S09', 'S12')",0.12953013923175127,0.32749707935096284,0.7087126137841352,0.4460879787152962,0.12261026720713582,T2,10,0.20495139918264027
"('S06', 'S07', 'S09', 'S13')",0.12953013923175127,0.2749255406309298,0.7087126137841352,0.4860494508237905,0.09762892866020373,T2,10,0.20495139918264027
"('S06', 'S07', 'S09', 'S14')",0.12953013923175127,0.2576764435336615,0.7087126137841352,0.4971683595684662,0.09198015022217813,T2,10,0.20495139918264027
"('S06', 'S07', 'S10', 'S12')",0.12953013923175127,0.3318520697401408,0.7087126137841352,0.4402650213262125,0.12683082403756865,T2,10,0.20495139918264027
"('S06', 'S07', 'S10', 'S13')",0.12953013923175127,0.27913190882059746,0.7087126137841352,0.4801111428140898,0.10103348367787841,T2,10,0.20495139918264027
"('S06', 'S07', 'S10', 'S14')",0.12953013923175127,0.2613278069849807,0.7087126137841352,0.49075285449336326,0.09493870171062367,T2,10,0.20495139918264027
"('S06', 'S07', 'S12', 'S13')",0.06828471721027907,0.1872323289211154,0.7975376196990424,0.5819556947895292,0.09214696630647427,T2,10,0.20495139918264027
"('S06', 'S07', 'S12', 'S14')",0.12953013923175127,0.2193176803713125,0.7087126137841352,0.5649939077949849,0.09875974152645457,T2,10,0.20495139918264027
"('S06', 'S07', 'S13', 'S14')",0.06150487037109231,0.17328252537147737,0.8481012658227848,0.6241732828318795,0.0708380168877089,T2,10,0.20495139918264027
"('S06', 'S08', 'S09', 'S10')",0.0022896209845653104,0.2611289872632261,0.8961038961038961,0.4981464001753346,0.09285101720327575,T2,10,0.20495139918264027
"('S06', 'S08', 'S09', 'S12')",0.1969611357452028,0.3169735261168102,0.6717557251908397,0.4615029889036029,0.11588758988249485,T2,10,0.20495139918264027
"('S06', 'S08', 'S09', 'S13')",0.06195063623722363,0.25588933988640505,0.8099173553719008,0.5076523920577581,0.09110868018442941,T2,10,0.20495139918264027
"('S06', 'S08', 'S09', 'S14')",0.002046890699604287,0.22849425950191782,0.9295154185022027,0.5377698515187234,0.0804547743762792,T2,10,0.20495139918264027
"('S06', 'S08', 'S10', 'S12')",0.1969611357452028,0.3207363282900446,0.6717557251908397,0.45487093874547985,0.12088297161594495,T2,10,0.20495139918264027
"('S06', 'S08', 'S10', 'S13')",0.06195063623722363,0.2595035198601293,0.8099173553719008,0.5009049912790181,0.0952880601051214,T2,10,0.20495139918264027
"('S06', 'S08', 'S10', 'S14')",0.002046890699604287,0.2315534347372935,0.9295154185022027,0.530545253674581,0.08418815076774201,T2,10,0.20495139918264027
"('S06', 'S08', 'S12', 'S13')",0.06195063623722363,0.17288555708924214,0.8099173553719008,0.6242946738407216,0.0831266170399653,T2,10,0.20495139918264027
"('S06', 'S08', 'S12', 'S14')",0.002046890699604287,0.19482492525222028,0.9295154185022027,0.6263314375624666,0.08473426488982098,T2,10,0.20495139918264027
"('S06', 'S08', 'S13', 'S14')",0.002046890699604287,0.1402771227420132,0.9295154185022027,0.6916987436450222,0.05701496909994196,T2,10,0.20495139918264027
"('S06', 'S09', 'S10', 'S12')",0.0022896209845653104,0.37475022377402356,0.8961038961038961,0.44618498093350256,0.12709777568109598,T2,10,0.20495139918264027
"('S06', 'S09', 'S10', 'S13')",0.0022896209845653104,0.30669050645764984,0.8961038961038961,0.4754104246509708,0.10365783065609395,T2,10,0.20495139918264027
"('S06', 'S09', 'S10', 'S14')",0.0022896209845653104,0.2610522309880111,0.8961038961038961,0.49618941414215345,0.0923485162894175,T2,10,0.20495139918264027
"('S06', 'S09', 'S12', 'S13')",0.06828471721027907,0.312956915225441,0.7975376196990424,0.47245494981669517,0.11539431594399606,T2,10,0.20495139918264027
"('S06', 'S09', 'S12', 'S14')",0.19825852087663554,0.31720809304161623,0.6954838709677419,0.46563044063405995,0.11679255876455467,T2,10,0.20495139918264027
"('S06', 'S09', 'S13', 'S14')",0.06150487037109231,0.2558333816449506,0.8481012658227848,0.5141891379005455,0.0912282294604972,T2,10,0.20495139918264027
"('S06', 'S10', 'S12', 'S13')",0.06828471721027907,0.3170797860560278,0.7975376196990424,0.46662278194935225,0.12043496684095294,T2,10,0.20495139918264027
"('S06', 'S10', 'S12', 'S14')",0.19825852087663554,0.3207759591338545,0.6954838709677419,0.4593210757013147,0.12138720613228239,T2,10,0.20495139918264027
"('S06', 'S10', 'S13', 'S14')",0.06150487037109231,0.2592526255376786,0.8481012658227848,0.5077644223471834,0.0950068750154668,T2,10,0.20495139918264027
"('S06', 'S12', 'S13', 'S14')",0.06150487037109231,0.1729459859668122,0.8481012658227848,0.637238542672525,0.08425290174622874,T2,10,0.20495139918264027
"('S07', 'S08', 'S09', 'S10')",0.0022896209845653104,0.208742908751277,0.8961038961038961,0.5228288868736389,0.08831599876073122,T2,10,0.23706455320827785
"('S07', 'S08', 'S09', 'S12')",0.1969611357452028,0.29017002093901534,0.6717557251908397,0.48324171065625116,0.1165166347684969,T2,10,0.23706455320827785
"('S07', 'S08', 'S09', 'S13')",0.06195063623722363,0.22435050980893922,0.8099173553719008,0.5293259858850506,0.09079010739397897,T2,10,0.23674004881551314
"('S07', 'S08', 'S09', 'S14')",0.002046890699604287,0.18685642998054564,0.9295154185022027,0.5612651938295319,0.07782170350624301,T2,10,0.23706455320827785
"('S07', 'S08', 'S10', 'S12')",0.1969611357452028,0.29360677865202034,0.6717557251908397,0.47599370196545854,0.12121620985524102,T2,10,0.23706455320827785
"('S07', 'S08', 'S10', 'S13')",0.06195063623722363,0.22763864532243394,0.8099173553719008,0.5219626265736411,0.09467368066796496,T2,10,0.23674004881551314
"('S07', 'S08', 'S10', 'S14')",0.002046890699604287,0.189589560755692,0.9295154185022027,0.55342463745272,0.08125927325099984,T2,10,0.23706455320827785
"('S07', 'S08', 'S12', 'S13')",0.06195063623722363,0.1666032558857009,0.8099173553719008,0.6424085441896884,0.08767630093135542,T2,10,0.23674004881551314
"('S07', 'S08', 'S12', 'S14')",0.002046890699604287,0.17844362460477292,0.9295154185022027,0.6462670563949494,0.08696945070162537,T2,10,0.23706455320827785
"('S07', 'S08', 'S13', 'S14')",0.002046890699604287,0.11916049719489463,0.9295154185022027,0.7115692345521493,0.05830253723529386,T2,10,0.23674004881551314
"('S07', 'S09', 'S10', 'S12')",0.0022896209845653104,0.3371345585140846,0.8961038961038961,0.47018386976418514,0.125715614757322,T2,10,0.23899746097473976
"('S07', 'S09', 'S10', 'S13')",0.0022896209845653104,0.26433951629803987,0.8961038961038961,0.4993441855562976,0.10132805205586742,T2,10,0.23674004881551314
"('S07', 'S09', 'S10', 'S14')",0.0022896209845653104,0.208602241384495,0.8961038961038961,0.5219449235309962,0.08770423960960526,T2,10,0.23961661934913103
"('S07', 'S09', 'S12', 'S13')",0.06828471721027907,0.2961884983999853,0.7975376196990424,0.4934449457763659,0.1182286006723161,T2,10,0.23674004881551314
"('S07', 'S09', 'S12', 'S14')",0.19652007583262043,0.2903406767722544,0.6954838709677419,0.4884421850772467,0.117312345413289,T2,10,0.23899746097473976
"('S07', 'S09', 'S13', 'S14')",0.06150487037109231,0.22423064047591768,0.8481012658227848,0.5369357544183765,0.09080039843277904,T2,10,0.23674004881551314
"('S07', 'S10', 'S12', 'S13')",0.06828471721027907,0.29998532477034257,0.7975376196990424,0.4869968193763535,0.122973444922567,T2,10,0.23674004881551314
"('S07', 'S10', 'S12', 'S14')",0.19652007583262043,0.2935824984042631,0.6954838709677419,0.48151686161183194,0.12161118613431075,T2,10,0.23899746097473976
"('S07', 'S10', 'S13', 'S14')",0.06150487037109231,0.2273238399084162,0.8481012658227848,0.5298950803323449,0.09428323734104264,T2,10,0.23674004881551314
"('S07', 'S12', 'S13', 'S14')",0.06150487037109231,0.1665997736717042,0.8481012658227848,0.6564254357120304,0.08869332740035114,T2,10,0.23674004881551314
"('S08', 'S09', 'S10', 'S12')",0.0022896209845653104,0.2859028122991035,0.8961038961038961,0.532154728766807,0.11073059296511632,T2,10,0.23706455320827785
"('S08', 'S09', 'S10', 'S13')",0.0022896209845653104,0.20459512257268664,0.8961038961038961,0.5675029756045804,0.08654545911252844,T2,10,0.23674004881551314
"('S08', 'S09', 'S10', 'S14')",0.002046890699604287,0.13871186437192273,0.9295154185022027,0.6091022642955685,0.06791651929614165,T2,10,0.23706455320827785
"('S08', 'S09', 'S12', 'S13')",0.06195063623722363,0.24172572180322704,0.8099173553719008,0.5831488664109125,0.10017108203522519,T2,10,0.23674004881551314
"('S08', 'S09', 'S12', 'S14')",0.002046890699604287,0.22573191688827698,0.9295154185022027,0.5971446564280828,0.09424969940607346,T2,10,0.23706455320827785
"('S08', 'S09', 'S13', 'S14')",0.002046890699604287,0.1511092330815682,0.9295154185022027,0.6518261568148735,0.06794018127443015,T2,10,0.23674004881551314
"('S08', 'S10', 'S12', 'S13')",0.06195063623722363,0.2449303599576408,0.8099173553719008,0.5758916472418608,0.10569075118849335,T2,10,0.23674004881551314
"('S08', 'S10', 'S12', 'S14')",0.002046890699604287,0.22838155030434226,0.9295154185022027,0.5894102401936288,0.09932336503011245,T2,10,0.23706455320827785
"('S08', 'S10', 'S13', 'S14')",0.002046890699604287,0.1536102442981232,0.9295154185022027,0.6439763899598027,0.07219784508571102,T2,10,0.23674004881551314
"('S08', 'S12', 'S13', 'S14')",0.002046890699604287,0.09816779519000607,0.9295154185022027,0.7920518759257521,0.0633330094512676,T2,10,0.23674004881551314
"('S09', 'S10', 'S12', 'S13')",0.0022896209845653104,0.3203607945458753,0.8961038961038961,0.526869920855216,0.11790834475484875,T2,10,0.23674004881551314
"('S09', 'S10', 'S12', 'S14')",0.0022896209845653104,0.28612379454577386,0.8961038961038961,0.5315272409026036,0.11133155356717082,T2,10,0.23899746097473976
"('S09', 'S10', 'S13', 'S14')",0.0022896209845653104,0.20452557965309648,0.8961038961038961,0.5692847818527075,0.08636100010859092,T2,10,0.23674004881551314
"('S09', 'S12', 'S13', 'S14')",0.06150487037109231,0.2419675020836577,0.8481012658227848,0.5910151104226778,0.1013940928272057,T2,10,0.23674004881551314
"('S10', 'S12', 'S13', 'S14')",0.06150487037109231,0.24497720415707536,0.8481012658227848,0.5840805764790039,0.10651302761475147,T2,10,0.23674004881551314
"('S01', 'S02', 'S04', 'S05')",0.028050002286386322,0.1520440750678156,0.9495548961424333,0.6658927245088943,0.061840472993479556,T2g,12,0.20628323631220274
"('S01', 'S02', 'S04', 'S06')",0.027286526262575772,0.14219401818468047,0.8585572842998586,0.672210473599567,0.05881353285746977,T2g,12,0.20495139918264027
"('S01', 'S02', 'S04', 'S08')",0.06601949281279562,0.13064263191696812,0.7877551020408163,0.6821076706746081,0.06051377707621914,T2g,12,0.20628323631220274
"('S01', 'S02', 'S04', 'S09')",0.08220765937230234,0.2290626675267048,0.7244094488188977,0.5750302389346706,0.07953156035735677,T2g,12,0.20628323631220274
"('S01', 'S02', 'S04', 'S10')",0.08220765937230234,0.3003834867706713,0.6976744186046512,0.48666475175439056,0.09963343266753084,T2g,12,0.20628323631220274
"('S01', 'S02', 'S04', 'S11')",0.08220765937230234,0.30442128052785744,0.6976744186046512,0.48065995093544234,0.10285474202386957,T2g,12,0.20628323631220274
"('S01', 'S02', 'S04', 'S13')",0.08220765937230234,0.221559028297306,0.6976744186046512,0.5384022926839214,0.09591533445554672,T2g,12,0.20628323631220274
"('S01', 'S02', 'S04', 'S14')",0.08220765937230234,0.203543069672954,0.763758389261745,0.5881983763799888,0.07423909881126121,T2g,12,0.20628323631220274
"('S01', 'S02', 'S04', 'S15')",0.08220765937230234,0.22827132663657002,0.7590361445783133,0.5871418641326309,0.07949195103403367,T2g,12,0.20628323631220274
"('S01', 'S02', 'S05', 'S06')",0.027286526262575772,0.1356556694524388,0.8585572842998586,0.6802828029673521,0.05455936902106112,T2g,12,0.20495139918264027
"('S01', 'S02', 'S05', 'S08')",0.06592000615907401,0.12103165348884959,0.7877551020408163,0.6899972571067251,0.05536241971915267,T2g,12,0.20628323631220274
"('S01', 'S02', 'S05', 'S09')",0.08220765937230234,0.21232442605569368,0.7198952879581152,0.5787504547174468,0.0746025101241704,T2g,12,0.20628323631220274
"('S01', 'S02', 'S05', 'S10')",0.08220765937230234,0.2796060159311544,0.6976744186046512,0.49138386434704945,0.0944012141690083,T2g,12,0.20628323631220274
"('S01', 'S02', 'S05', 'S11')",0.08220765937230234,0.28333406616736123,0.6976744186046512,0.4853744217268839,0.09769478708299056,T2g,12,0.20628323631220274
"('S01', 'S02', 'S05', 'S13')",0.08220765937230234,0.22338634473194008,0.6976744186046512,0.5388888711704215,0.09505004740224014,T2g,12,0.20628323631220274
"('S01', 'S02', 'S05', 'S14')",0.08220765937230234,0.19425567183586734,0.7496671105193076,0.5903224058491559,0.07073743239144929,T2g,12,0.20628323631220274
"('S01', 'S02', 'S05', 'S15')",0.08220765937230234,0.21117455324703815,0.7450199203187251,0.5892784026822727,0.07462597625434925,T2g,12,0.20628323631220274
"('S01', 'S02', 'S06', 'S08')",0.027286526262575772,0.09209538805621731,0.8585572842998586,0.7369791409665177,0.044537678121802086,T2g,12,0.20495139918264027
"('S01', 'S02', 'S06', 'S09')",0.027286526262575772,0.19228975647412316,0.8585572842998586,0.5957990454845743,0.06680285305635618,T2g,12,0.20495139918264027
"('S01', 'S02', 'S06', 'S10')",0.027286526262575772,0.2516547968650298,0.8585572842998586,0.5332719947771546,0.08380942166833465,T2g,12,0.20495139918264027
"('S01', 'S02', 'S06', 'S11')",0.027286526262575772,0.2557734652417877,0.8585572842998586,0.5278969900961517,0.08679065722265479,T2g,12,0.20495139918264027
"('S01', 'S02', 'S06', 'S13')",0.027286526262575772,0.1975594801381041,0.8585572842998586,0.5614688614567642,0.08812911220581914,T2g,12,0.20495139918264027
"('S01', 'S02', 'S06', 'S14')",0.027286526262575772,0.1690514993127903,0.8585572842998586,0.6059215076613454,0.06384460790278361,T2g,12,0.20495139918264027
"('S01', 'S02', 'S06', 'S15')",0.027286526262575772,0.1911303474250824,0.8585572842998586,0.6047647475164709,0.06649922996863175,T2g,12,0.20495139918264027
"('S01', 'S02', 'S08', 'S09')",0.06601949281279562,0.18842626707105747,0.7877551020408163,0.6045433176228635,0.06929443164227515,T2g,12,0.20628323631220274
"('S01', 'S02', 'S08', 'S10')",0.06601949281279562,0.2373051918400494,0.7877551020408163,0.5448923925261477,0.08458560109118352,T2g,12,0.20628323631220274
"('S01', 'S02', 'S08', 'S11')",0.06601949281279562,0.24109781575657774,0.7877551020408163,0.5389014293124751,0.0872710299987977,T2g,12,0.20628323631220274
"('S01', 'S02', 'S08', 'S13')",0.06601949281279562,0.20846640398704863,0.7877551020408163,0.5695295357274316,0.0937735483105086,T2g,12,0.20628323631220274
"('S01', 'S02', 'S08', 'S14')",0.06601949281279562,0.17522309826206361,0.7877551020408163,0.6139170540066572,0.06854142633102057,T2g,12,0.20628323631220274
"('S01', 'S02', 'S08', 'S15')",0.06601949281279562,0.1872029469304497,0.7877551020408163,0.6145820423452987,0.06888155031728299,T2g,12,0.20628323631220274
"('S01', 'S02', 'S09', 'S10')",0.08220765937230234,0.2973835554930703,0.6976744186046512,0.4510772386275587,0.09781360665515566,T2g,12,0.20628323631220274
"('S01', 'S02', 'S09', 'S11')",0.08220765937230234,0.3005839911936551,0.6976744186046512,0.44427718264484684,0.10127386046578712,T2g,12,0.20628323631220274
"('S01', 'S02', 'S09', 'S13')",0.08220765937230234,0.27323419655272074,0.6976744186046512,0.49645041964606723,0.10450145308374609,T2g,12,0.20628323631220274
"('S01', 'S02', 'S09', 'S14')",0.06195063623722363,0.23147824331736377,0.8099173553719008,0.5470258689709537,0.07947175995312473,T2g,12,0.20628323631220274
"('S01', 'S02', 'S09', 'S15')",0.002046890699604287,0.2333121086985308,0.9295154185022027,0.5666894080258846,0.07480675656926251,T2g,12,0.20628323631220274
"('S01', 'S02', 'S10', 'S11')",0.0022896209845653104,0.29530810803659735,0.8961038961038961,0.4845681295748088,0.09823032374009023,T2g,12,0.20628323631220274
"('S01', 'S02', 'S10', 'S13')",0.08220765937230234,0.36084268493434146,0.6976744186046512,0.41039620918005015,0.1253558447111074,T2g,12,0.20628323631220274
"('S01', 'S02', 'S10', 'S14')",0.08220765937230234,0.31225982281252607,0.6976744186046512,0.4441630496888666,0.1024811180663076,T2g,12,0.20628323631220274
"('S01', 'S02', 'S10', 'S15')",0.08220765937230234,0.2964054978468901,0.6976744186046512,0.4549653158394172,0.09760670965314831,T2g,12,0.20628323631220274
"('S01', 'S02', 'S11', 'S13')",0.08220765937230234,0.36455181149178884,0.6976744186046512,0.4045113861087353,0.12967736949800376,T2g,12,0.20628323631220274
"('S01', 'S02', 'S11', 'S14')",0.08220765937230234,0.31582032717046316,0.6976744186046512,0.4381628759969349,0.10598664104044579,T2g,12,0.20628323631220274
"('S01', 'S02', 'S11', 'S15')",0.08220765937230234,0.2994109974664787,0.6976744186046512,0.4484879450820831,0.10066622909805739,T2g,12,0.20628323631220274
"('S01', 'S02', 'S13', 'S14')",0.06828471721027907,0.23889240244373589,0.7975376196990424,0.5240240494356113,0.09791414626708773,T2g,12,0.20628323631220274
"('S01', 'S02', 'S13', 'S15')",0.08220765937230234,0.2723725260255655,0.6976744186046512,0.5067456198469418,0.1053012915119344,T2g,12,0.20628323631220274
"('S01', 'S02', 'S14', 'S15')",0.06150487037109231,0.23032604762394782,0.8481012658227848,0.5597303632841587,0.079486178775321,T2g,12,0.20628323631220274
"('S01', 'S04', 'S05', 'S06')",0.028050002286386322,0.1456441926249884,0.9495548961424333,0.6863727786497488,0.05984043139306408,T2g,12,0.20495139918264027
"('S01', 'S04', 'S05', 'S08')",0.028050002286386322,0.09686824879579803,0.9495548961424333,0.7257358652674314,0.05440006060760511,T2g,12,0.24071666849198065
"('S01', 'S04', 'S05', 'S09')",0.028050002286386322,0.17503776774950153,0.9495548961424333,0.663414533951897,0.06807544005883369,T2g,12,0.23706455320827785
"('S01', 'S04', 'S05', 'S10')",0.028050002286386322,0.2669881667600543,0.9495548961424333,0.5401681038701756,0.09321646819129964,T2g,12,0.24071666849198065
"('S01', 'S04', 'S05', 'S11')",0.028050002286386322,0.27095245103275556,0.9495548961424333,0.5337221956280708,0.09683201493982531,T2g,12,0.24071666849198065
"('S01', 'S04', 'S05', 'S13')",0.028050002286386322,0.16845627006070352,0.9495548961424333,0.618150289597567,0.08303649618497776,T2g,12,0.23899746097473976
"('S01', 'S04', 'S05', 'S14')",0.028050002286386322,0.15211459306038277,0.9495548961424333,0.678087505697676,0.06110925294286779,T2g,12,0.23674004881551314
"('S01', 'S04', 'S05', 'S15')",0.028050002286386322,0.1747144283108607,0.9495548961424333,0.6765259332170069,0.06839660388399568,T2g,12,0.23961661934913103
"('S01', 'S04', 'S06', 'S08')",0.06601949281279562,0.13125097536754715,0.7877551020408163,0.684086448171628,0.060589627115722605,T2g,12,0.20495139918264027
"('S01', 'S04', 'S06', 'S09')",0.12363340400535605,0.2183220901723123,0.7244094488188977,0.5918318237634282,0.07729009109648753,T2g,12,0.20495139918264027
"('S01', 'S04', 'S06', 'S10')",0.12363340400535605,0.302355939698311,0.6738853503184713,0.4934249333446847,0.09963898379609404,T2g,12,0.20495139918264027
"('S01', 'S04', 'S06', 'S11')",0.12363340400535605,0.3067108421115633,0.6738853503184713,0.4876134630417425,0.10294219318495763,T2g,12,0.20495139918264027
"('S01', 'S04', 'S06', 'S13')",0.12363340400535605,0.2059483974712487,0.6738853503184713,0.5520989789283137,0.0931298690940248,T2g,12,0.20495139918264027
"('S01', 'S04', 'S06', 'S14')",0.12363340400535605,0.19022941254168702,0.763758389261745,0.6050553065542693,0.07123073655967017,T2g,12,0.20495139918264027
"('S01', 'S04', 'S06', 'S15')",0.12363340400535605,0.217989214493286,0.7590361445783133,0.603380977095609,0.07728416570374626,T2g,12,0.20495139918264027
"('S01', 'S04', 'S08', 'S09')",0.06601949281279562,0.18030667290364555,0.7877551020408163,0.630224728380027,0.073538248198856,T2g,12,0.23706455320827785
"('S01', 'S04', 'S08', 'S10')",0.06601949281279562,0.25385440680772964,0.7877551020408163,0.5346939635719873,0.0941717417353924,T2g,12,0.24441219229933198
"('S01', 'S04', 'S08', 'S11')",0.06601949281279562,0.2578832647607525,0.7877551020408163,0.5282665347363756,0.09717914447755001,T2g,12,0.24441219229933198
"('S01', 'S04', 'S08', 'S13')",0.06601949281279562,0.1827033934545922,0.7877551020408163,0.5898082856772907,0.09253088371516377,T2g,12,0.23899746097473976
"('S01', 'S04', 'S08', 'S14')",0.06601949281279562,0.16224908362535928,0.7877551020408163,0.6426994853778906,0.06968413350435664,T2g,12,0.23674004881551314
"('S01', 'S04', 'S08', 'S15')",0.06601949281279562,0.17990988613305225,0.7877551020408163,0.6428469044027462,0.07342306456884698,T2g,12,0.23961661934913103
"('S01', 'S04', 'S09', 'S10')",0.16427102964694773,0.3008095168476096,0.7244094488188977,0.48980428074714205,0.10183503634557539,T2g,12,0.23706455320827785
"('S01', 'S04', 'S09', 'S11')",0.16427102964694773,0.30424618658468905,0.7244094488188977,0.48256775914249106,0.10561726399075026,T2g,12,0.23706455320827785
"('S01', 'S04', 'S09', 'S13')",0.13409374860773282,0.2343479324071236,0.7244094488188977,0.5656546406696701,0.09769407753461208,T2g,12,0.23706455320827785
"('S01', 'S04', 'S09', 'S14')",0.06195063623722363,0.20538097506751873,0.8099173553719008,0.6247337714159309,0.07504975617267161,T2g,12,0.23674004881551314
"('S01', 'S04', 'S09', 'S15')",0.002046890699604287,0.21289579428799266,0.9295154185022027,0.6438797411570759,0.07378355986703734,T2g,12,0.23706455320827785
"('S01', 'S04', 'S10', 'S11')",0.0022896209845653104,0.32363911256272326,0.8961038961038961,0.486978866361129,0.10791605135268144,T2g,12,0.24627560632780998
"('S01', 'S04', 'S10', 'S13')",0.13409374860773282,0.3466252299238364,0.630272952853598,0.443720590492329,0.12389079324960145,T2g,12,0.23899746097473976
"('S01', 'S04', 'S10', 'S14')",0.1415232167657836,0.3108313636977731,0.763758389261745,0.48599111242251986,0.10340143837348252,T2g,12,0.23674004881551314
"('S01', 'S04', 'S10', 'S15')",0.16427102964694773,0.300657992571444,0.7590361445783133,0.49627580925928455,0.10192583703855118,T2g,12,0.23961661934913103
"('S01', 'S04', 'S11', 'S13')",0.13409374860773282,0.35057059051777817,0.630272952853598,0.437399301799075,0.12853429187104123,T2g,12,0.23899746097473976
"('S01', 'S04', 'S11', 'S14')",0.1415232167657836,0.3146281020922047,0.763758389261745,0.479554473108649,0.10722893518216416,T2g,12,0.23674004881551314
"('S01', 'S04', 'S11', 'S15')",0.16427102964694773,0.30389972622752703,0.7590361445783133,0.48936197288001143,0.1053073303180037,T2g,12,0.23961661934913103
"('S01', 'S04', 'S13', 'S14')",0.06828471721027907,0.19515171782884633,0.7975376196990424,0.596329291073284,0.08800566133470895,T2g,12,0.23674004881551314
"('S01', 'S04', 'S13', 'S15')",0.13409374860773282,0.23431279524998283,0.7590361445783133,0.5785332921708287,0.09879161365778354,T2g,12,0.23899746097473976
"('S01', 'S04', 'S14', 'S15')",0.06150487037109231,0.20505531274411737,0.8481012658227848,0.6400217170294199,0.07536187268985105,T2g,12,0.23674004881551314
"('S01', 'S05', 'S06', 'S08')",0.06592000615907401,0.12280606256069515,0.7877551020408163,0.6933151928879479,0.05579785358199276,T2g,12,0.20495139918264027
"('S01', 'S05', 'S06', 'S09')",0.12363340400535605,0.20274991432256806,0.7198952879581152,0.5968911978304074,0.0727206246866378,T2g,12,0.20495139918264027
"('S01', 'S05', 'S06', 'S10')",0.12363340400535605,0.28274453448006087,0.6954838709677419,0.4994832042215465,0.09476634912090813,T2g,12,0.20495139918264027
"('S01', 'S05', 'S06', 'S11')",0.12363340400535605,0.28678969337233384,0.6954838709677419,0.49366709211738696,0.09814182206741524,T2g,12,0.20495139918264027
"('S01', 'S05', 'S06', 'S13')",0.12363340400535605,0.20894177952714976,0.6954838709677419,0.5539247156990168,0.09262416586405486,T2g,12,0.20495139918264027
"('S01', 'S05', 'S06', 'S14')",0.11151030661866324,0.18210808032586712,0.7496671105193076,0.6085184943076394,0.06808865396319487,T2g,12,0.20495139918264027
"('S01', 'S05', 'S06', 'S15')",0.12363340400535605,0.20205850672502101,0.7450199203187251,0.6068566739294537,0.07277777474739845,T2g,12,0.20495139918264027
"('S01', 'S05', 'S08', 'S09')",0.06592000615907401,0.16166186735802412,0.7877551020408163,0.6351013595113381,0.06807158826834843,T2g,12,0.23706455320827785
"('S01', 'S05', 'S08', 'S10')",0.06592000615907401,0.23117037189360257,0.7877551020408163,0.5405694915131811,0.08840191353954868,T2g,12,0.24071666849198065
"('S01', 'S05', 'S08', 'S11')",0.06592000615907401,0.234889486325646,0.7877551020408163,0.534137420876352,0.09148157983934979,T2g,12,0.24071666849198065
"('S01', 'S05', 'S08', 'S13')",0.06592000615907401,0.18262414581461617,0.7877551020408163,0.5914512795123258,0.091127986964536,T2g,12,0.23899746097473976
"('S01', 'S05', 'S08', 'S14')",0.06592000615907401,0.1510551217136623,0.7877551020408163,0.6459799301955926,0.06564485738722352,T2g,12,0.23674004881551314
"('S01', 'S05', 'S08', 'S15')",0.06592000615907401,0.1609065486689102,0.7877551020408163,0.6461398583009231,0.06801948009184136,T2g,12,0.23961661934913103
"('S01', 'S05', 'S09', 'S10')",0.14254848581863622,0.27099821889059017,0.7198952879581152,0.491510438038995,0.09628751527361178,T2g,12,0.23706455320827785
"('S01', 'S05', 'S09', 'S11')",0.14254848581863622,0.2741251451066903,0.7198952879581152,0.4842692746331267,0.10014200647643016,T2g,12,0.23706455320827785
"('S01', 'S05', 'S09', 'S13')",0.14254848581863622,0.22714142172425522,0.7198952879581152,0.5631282638553642,0.09651348790786442,T2g,12,0.23706455320827785
"('S01', 'S05', 'S09', 'S14')",0.06195063623722363,0.18705975011292963,0.8099173553719008,0.6238448455842921,0.0712327871794186,T2g,12,0.23674004881551314
"('S01', 'S05', 'S09', 'S15')",0.002046890699604287,0.18676519378095835,0.9295154185022027,0.6430033244059119,0.06860228251391183,T2g,12,0.23706455320827785
"('S01', 'S05', 'S10', 'S11')",0.0022896209845653104,0.28947884171621874,0.8961038961038961,0.48967927866164734,0.10213762557302515,T2g,12,0.24071666849198065
"('S01', 'S05', 'S10', 'S13')",0.15907456201719872,0.33537948987246213,0.6063569682151589,0.44219311048790594,0.12240703535751762,T2g,12,0.23899746097473976
"('S01', 'S05', 'S10', 'S14')",0.11151030661866324,0.288470909374678,0.7496671105193076,0.48610108340076374,0.09928130111489335,T2g,12,0.23674004881551314
"('S01', 'S05', 'S10', 'S15')",0.14211665726106726,0.2704881626959038,0.7450199203187251,0.4963982893180033,0.0964413914200895,T2g,12,0.23961661934913103
"('S01', 'S05', 'S11', 'S13')",0.15907456201719872,0.3390151069454248,0.6063569682151589,0.43586717999343466,0.1271227975366009,T2g,12,0.23899746097473976
"('S01', 'S05', 'S11', 'S14')",0.11151030661866324,0.2919579042481303,0.7496671105193076,0.47965980228567545,0.10318106148121849,T2g,12,0.23674004881551314
"('S01', 'S05', 'S11', 'S15')",0.14211665726106726,0.2734201528310076,0.7450199203187251,0.48947981113751277,0.09989514825718553,T2g,12,0.23961661934913103
"('S01', 'S05', 'S13', 'S14')",0.06828471721027907,0.19539605077990252,0.7975376196990424,0.5922067279453691,0.08825245552133572,T2g,12,0.23674004881551314
"('S01', 'S05', 'S13', 'S15')",0.14211665726106726,0.2267477526485937,0.7450199203187251,0.5744232381233886,0.09767409948453781,T2g,12,0.23899746097473976
"('S01', 'S05', 'S14', 'S15')",0.06150487037109231,0.1863755558710073,0.8481012658227848,0.6375491139646469,0.07160797915009996,T2g,12,0.23674004881551314
"('S01', 'S06', 'S08', 'S09')",0.06601949281279562,0.18585998123133773,0.7877551020408163,0.6041827840919894,0.06948843784466148,T2g,12,0.20495139918264027
"('S01', 'S06', 'S08', 'S10')",0.06601949281279562,0.24745193628236206,0.7877551020408163,0.5344904557568102,0.08702662768300229,T2g,12,0.20495139918264027
"('S01', 'S06', 'S08', 'S11')",0.06601949281279562,0.25156166885495657,0.7877551020408163,0.5286928230591436,0.08979395662314131,T2g,12,0.20495139918264027
"('S01', 'S06', 'S08', 'S13')",0.06601949281279562,0.20103006467566453,0.7877551020408163,0.5660641036121924,0.09342355841224226,T2g,12,0.20495139918264027
"('S01', 'S06', 'S08', 'S14')",0.06601949281279562,0.1700837326454696,0.7877551020408163,0.613611865821306,0.0679685395426851,T2g,12,0.20495139918264027
"('S01', 'S06', 'S08', 'S15')",0.06601949281279562,0.18509512630183866,0.7877551020408163,0.6136590369486451,0.06910924045025114,T2g,12,0.20495139918264027
"('S01', 'S06', 'S09', 'S10')",0.12363340400535605,0.2961813791304113,0.6425,0.45549810918995887,0.09793731394660173,T2g,12,0.20495139918264027
"('S01', 'S06', 'S09', 'S11')",0.12363340400535605,0.2996989234870623,0.6425,0.4488913837232531,0.10147946778975804,T2g,12,0.20495139918264027
"('S01', 'S06', 'S09', 'S13')",0.12363340400535605,0.254448936436365,0.6717557251908397,0.5078077948625657,0.10183414388510705,T2g,12,0.20495139918264027
"('S01', 'S06', 'S09', 'S14')",0.06195063623722363,0.21498995689579825,0.8099173553719008,0.5615434881173403,0.07658155386441656,T2g,12,0.20495139918264027
"('S01', 'S06', 'S09', 'S15')",0.002046890699604287,0.21985536726494848,0.9295154185022027,0.5805892099609689,0.07271712740185797,T2g,12,0.20495139918264027
"('S01', 'S06', 'S10', 'S11')",0.0022896209845653104,0.30713607061203685,0.8961038961038961,0.47914092741475156,0.10068295145349358,T2g,12,0.20495139918264027
"('S01', 'S06', 'S10', 'S13')",0.12363340400535605,0.3547704551000179,0.6425,0.41171218115808506,0.1249355559019008,T2g,12,0.20495139918264027
"('S01', 'S06', 'S10', 'S14')",0.12363340400535605,0.30848456667299284,0.6425,0.44863926559678974,0.10183793236703183,T2g,12,0.20495139918264027
"('S01', 'S06', 'S10', 'S15')",0.12363340400535605,0.29566178669533993,0.6425,0.45882371453603793,0.09776410087517619,T2g,12,0.20495139918264027
"('S01', 'S06', 'S11', 'S13')",0.12363340400535605,0.35879669031353145,0.6425,0.4060206886027764,0.129338980721322,T2g,12,0.20495139918264027
"('S01', 'S06', 'S11', 'S14')",0.12363340400535605,0.31236217968699587,0.6425,0.44283242242086396,0.1054253553736949,T2g,12,0.20495139918264027
"('S01', 'S06', 'S11', 'S15')",0.12363340400535605,0.2989843949709946,0.6425,0.4525396742947099,0.10090552035261012,T2g,12,0.20495139918264027
"('S01', 'S06', 'S13', 'S14')",0.06828471721027907,0.21753406255050578,0.7975376196990424,0.5354367699976327,0.09447994407772692,T2g,12,0.20495139918264027
"('S01', 'S06', 'S13', 'S15')",0.12363340400535605,0.25404573112031825,0.6954838709677419,0.5175405231976609,0.10266766624387717,T2g,12,0.20495139918264027
"('S01', 'S06', 'S14', 'S15')",0.06150487037109231,0.214296226413491,0.8481012658227848,0.5736855105647658,0.07662965661719465,T2g,12,0.20495139918264027
"('S01', 'S08', 'S09', 'S10')",0.06601949281279562,0.2553677431044764,0.7877551020408163,0.4956142144805096,0.09326140625306971,T2g,12,0.23706455320827785
"('S01', 'S08', 'S09', 'S11')",0.06601949281279562,0.25855924300089805,0.7877551020408163,0.4883915304811342,0.09650775344952002,T2g,12,0.23706455320827785
"('S01', 'S08', 'S09', 'S13')",0.06601949281279562,0.23889182928435504,0.7877551020408163,0.5443641766747908,0.1020264928734156,T2g,12,0.23706455320827785
"('S01', 'S08', 'S09', 'S14')",0.06195063623722363,0.19469752484411706,0.8099173553719008,0.5980347420042097,0.07582628517627261,T2g,12,0.23674004881551314
"('S01', 'S08', 'S09', 'S15')",0.002046890699604287,0.18946393576936094,0.9295154185022027,0.6189022123313542,0.0696473606341283,T2g,12,0.23706455320827785
"('S01', 'S08', 'S10', 'S11')",0.0022896209845653104,0.2555102745039578,0.8961038961038961,0.5215171997833365,0.0939958379501855,T2g,12,0.24441219229933198
"('S01', 'S08', 'S10', 'S13')",0.06601949281279562,0.32872723232609324,0.7877551020408163,0.451144688581014,0.12341250572713926,T2g,12,0.23899746097473976
"('S01', 'S08', 'S10', 'S14')",0.06601949281279562,0.27770601899939684,0.7877551020408163,0.4880066450943629,0.0993672645158178,T2g,12,0.23674004881551314
"('S01', 'S08', 'S10', 'S15')",0.06601949281279562,0.2547842395778379,0.7877551020408163,0.5000128425171272,0.09297893494437644,T2g,12,0.23961661934913103
"('S01', 'S08', 'S11', 'S13')",0.06601949281279562,0.3324274230793772,0.7877551020408163,0.4448372374930356,0.12752012389985448,T2g,12,0.23899746097473976
"('S01', 'S08', 'S11', 'S14')",0.06601949281279562,0.28125758755317065,0.7877551020408163,0.4815838433857676,0.1026588808757749,T2g,12,0.23674004881551314
"('S01', 'S08', 'S11', 'S15')",0.06601949281279562,0.25778080339326326,0.7877551020408163,0.4931128437431296,0.09582454777510437,T2g,12,0.23961661934913103
"('S01', 'S08', 'S13', 'S14')",0.06601949281279562,0.2120120437508346,0.7975376196990424,0.5712444260168802,0.09687753290835345,T2g,12,0.23674004881551314
"('S01', 'S08', 'S13', 'S15')",0.06601949281279562,0.23842471287674105,0.7877551020408163,0.5551699277004244,0.102750756994918,T2g,12,0.23899746097473976
"('S01', 'S08', 'S14', 'S15')",0.06150487037109231,0.1939398832702427,0.8481012658227848,0.6112497871421736,0.07576512969178298,T2g,12,0.23674004881551314
"('S01', 'S09', 'S10', 'S11')",0.0022896209845653104,0.26353152437117855,0.8961038961038961,0.4890807020308004,0.09664417974622026,T2g,12,0.23706455320827785
"('S01', 'S09', 'S10', 'S13')",0.1969611357452028,0.34203009932190886,0.6717557251908397,0.4402533214147417,0.1227859218294221,T2g,12,0.23706455320827785
"('S01', 'S09', 'S10', 'S14')",0.06195063623722363,0.28249623848484073,0.8099173553719008,0.4833032089737516,0.09894310946696731,T2g,12,0.23674004881551314
"('S01', 'S09', 'S10', 'S15')",0.002046890699604287,0.24942847577606264,0.9295154185022027,0.5143079571128052,0.08754965252540133,T2g,12,0.23706455320827785
"('S01', 'S09', 'S11', 'S13')",0.1969611357452028,0.3451381018592494,0.6717557251908397,0.4331367775577242,0.12766836490515462,T2g,12,0.23706455320827785
"('S01', 'S09', 'S11', 'S14')",0.06195063623722363,0.285455618822671,0.8099173553719008,0.47607131449611706,0.10300955072994168,T2g,12,0.23674004881551314
"('S01', 'S09', 'S11', 'S15')",0.002046890699604287,0.25183285137554445,0.9295154185022027,0.5065988655697685,0.09117009025914653,T2g,12,0.23706455320827785
"('S01', 'S09', 'S13', 'S14')",0.06195063623722363,0.22149169214892994,0.8099173553719008,0.5872770277134935,0.09395327706876831,T2g,12,0.23674004881551314
"('S01', 'S09', 'S13', 'S15')",0.002046890699604287,0.23775837798761723,0.9295154185022027,0.5902010801133272,0.09482137378520822,T2g,12,0.23706455320827785
"('S01', 'S09', 'S14', 'S15')",0.002046890699604287,0.1847609008707468,0.9295154185022027,0.6524688706007373,0.06803817533093987,T2g,12,0.23674004881551314
"('S01', 'S10', 'S11', 'S13')",0.0022896209845653104,0.38081869697493786,0.8961038961038961,0.4398591614906251,0.130719671584273,T2g,12,0.23899746097473976
"('S01', 'S10', 'S11', 'S14')",0.0022896209845653104,0.3143093050519009,0.8961038961038961,0.465985089612948,0.10821582389488162,T2g,12,0.23674004881551314
"('S01', 'S10', 'S11', 'S15')",0.0022896209845653104,0.26299834725797144,0.8961038961038961,0.487651367782219,0.0961669583947894,T2g,12,0.23961661934913103
"('S01', 'S10', 'S13', 'S14')",0.06828471721027907,0.3432297499168383,0.7975376196990424,0.4508456454343454,0.12305747858676643,T2g,12,0.23674004881551314
"('S01', 'S10', 'S13', 'S15')",0.19825852087663554,0.3418082454087229,0.6954838709677419,0.4449084249297987,0.1237161702739093,T2g,12,0.23899746097473976
"('S01', 'S10', 'S14', 'S15')",0.06150487037109231,0.28198385940539394,0.8481012658227848,0.4903676066011389,0.09908793830546249,T2g,12,0.23674004881551314
"('S01', 'S11', 'S13', 'S14')",0.06828471721027907,0.34669782111153113,0.7975376196990424,0.4445289838681081,0.1279851908260057,T2g,12,0.23674004881551314
"('S01', 'S11', 'S13', 'S15')",0.19825852087663554,0.34472131186506716,0.6954838709677419,0.438114566298159,0.12819787898391943,T2g,12,0.23899746097473976
"('S01', 'S11', 'S14', 'S15')",0.06150487037109231,0.2847483036622279,0.8481012658227848,0.48345839734888224,0.10275364520271447,T2g,12,0.23674004881551314
"('S01', 'S13', 'S14', 'S15')",0.06150487037109231,0.221095700188508,0.8481012658227848,0.600748548329897,0.09510484133745913,T2g,12,0.23674004881551314
"('S02', 'S04', 'S05', 'S06')",0.027286526262575772,0.15547231390451044,0.9495548961424333,0.7281326465941568,0.05673178949879459,T2g,12,0.20495139918264027
"('S02', 'S04', 'S05', 'S08')",0.028050002286386322,0.13240011867240475,0.9495548961424333,0.721306240000001,0.05889560089048012,T2g,12,0.20628323631220274
"('S02', 'S04', 'S05', 'S09')",0.028050002286386322,0.19809213820111105,0.9495548961424333,0.6704684787073076,0.06879220621515755,T2g,12,0.20628323631220274
"('S02', 'S04', 'S05', 'S10')",0.028050002286386322,0.29566280729792205,0.9495548961424333,0.5418551101191716,0.09484971134422371,T2g,12,0.20628323631220274
"('S02', 'S04', 'S05', 'S11')",0.028050002286386322,0.29996478255045134,0.9495548961424333,0.5357003650599553,0.09849629671794213,T2g,12,0.20628323631220274
"('S02', 'S04', 'S05', 'S13')",0.028050002286386322,0.1927147578910159,0.9495548961424333,0.6255692542356862,0.0844685250817218,T2g,12,0.20628323631220274
"('S02', 'S04', 'S05', 'S14')",0.028050002286386322,0.17252578180256828,0.9495548961424333,0.6854457420010522,0.06182808139407031,T2g,12,0.20628323631220274
"('S02', 'S04', 'S05', 'S15')",0.028050002286386322,0.19776675438935376,0.9495548961424333,0.6836146980535972,0.06905440654731036,T2g,12,0.20628323631220274
"('S02', 'S04', 'S06', 'S08')",0.027286526262575772,0.1390586103033561,0.8585572842998586,0.712766902812736,0.059032125614984214,T2g,12,0.20495139918264027
"('S02', 'S04', 'S06', 'S09')",0.027286526262575772,0.21365222568312425,0.8585572842998586,0.6319958484273775,0.07195381546919802,T2g,12,0.20495139918264027
"('S02', 'S04', 'S06', 'S10')",0.027286526262575772,0.30330634529538125,0.8585572842998586,0.5282220195022193,0.09521918516540472,T2g,12,0.20495139918264027
"('S02', 'S04', 'S06', 'S11')",0.027286526262575772,0.3079989386884613,0.8585572842998586,0.5227017123821655,0.09855343317946104,T2g,12,0.20495139918264027
"('S02', 'S04', 'S06', 'S13')",0.027286526262575772,0.20248265036076363,0.8585572842998586,0.5926280234749715,0.08850885620715547,T2g,12,0.20495139918264027
"('S02', 'S04', 'S06', 'S14')",0.027286526262575772,0.18291636634307495,0.8585572842998586,0.6455236227661844,0.06589652322725932,T2g,12,0.20495139918264027
"('S02', 'S04', 'S06', 'S15')",0.027286526262575772,0.2133173056309815,0.8585572842998586,0.6435798218407378,0.07188892658344755,T2g,12,0.20495139918264027
"('S02', 'S04', 'S08', 'S09')",0.09787439985238633,0.20134055701154197,0.7266754270696452,0.6241992598321381,0.07580615474871095,T2g,12,0.20628323631220274
"('S02', 'S04', 'S08', 'S10')",0.09787439985238633,0.28050856100188437,0.7266754270696452,0.5233015565176836,0.09735612528184757,T2g,12,0.20628323631220274
"('S02', 'S04', 'S08', 'S11')",0.09787439985238633,0.2848751099347351,0.7266754270696452,0.5171652908649603,0.10039456664919792,T2g,12,0.20628323631220274
"('S02', 'S04', 'S08', 'S13')",0.09787439985238633,0.20494139494119168,0.7266754270696452,0.5841478370121101,0.09551405300543891,T2g,12,0.20628323631220274
"('S02', 'S04', 'S08', 'S14')",0.09787439985238633,0.1806397860238319,0.763758389261745,0.6369783083779672,0.07195410234909028,T2g,12,0.20628323631220274
"('S02', 'S04', 'S08', 'S15')",0.09787439985238633,0.20094172586783243,0.7590361445783133,0.6368562559360368,0.07563200762569276,T2g,12,0.20628323631220274
"('S02', 'S04', 'S09', 'S10')",0.204640662909495,0.31498617161676734,0.7244094488188977,0.48989544371567945,0.10124064576547943,T2g,12,0.20628323631220274
"('S02', 'S04', 'S09', 'S11')",0.20931242018989338,0.31876053233367463,0.7244094488188977,0.48295008529391686,0.10505391203584706,T2g,12,0.20628323631220274
"('S02', 'S04', 'S09', 'S13')",0.13409374860773282,0.244108434468726,0.7244094488188977,0.5714777620273307,0.09689847269833611,T2g,12,0.20628323631220274
"('S02', 'S04', 'S09', 'S14')",0.06195063623722363,0.21129417804099415,0.8099173553719008,0.6304961644388488,0.07354095089085413,T2g,12,0.20628323631220274
"('S02', 'S04', 'S09', 'S15')",0.002046890699604287,0.22145013459777585,0.9295154185022027,0.6493726627132076,0.072213728797332,T2g,12,0.20628323631220274
"('S02', 'S04', 'S10', 'S11')",0.0022896209845653104,0.34377372839796727,0.8961038961038961,0.48199425400614015,0.10826917639437843,T2g,12,0.20628323631220274
"('S02', 'S04', 'S10', 'S13')",0.13409374860773282,0.3620060020716971,0.630272952853598,0.4441767733435748,0.12401166540992568,T2g,12,0.20628323631220274
"('S02', 'S04', 'S10', 'S14')",0.1415232167657836,0.3223648367575068,0.763758389261745,0.4863865669390229,0.10280911008826521,T2g,12,0.20628323631220274
"('S02', 'S04', 'S10', 'S15')",0.20523972532677892,0.3148326029674856,0.7590361445783133,0.49640179230900155,0.10127248296544604,T2g,12,0.20628323631220274
"('S02', 'S04', 'S11', 'S13')",0.13409374860773282,0.3662890536454667,0.630272952853598,0.4381466478332093,0.1286862026565582,T2g,12,0.20628323631220274
"('S02', 'S04', 'S11', 'S14')",0.1415232167657836,0.32649926613176616,0.763758389261745,0.4802410908080405,0.10666764552213963,T2g,12,0.20628323631220274
"('S02', 'S04', 'S11', 'S15')",0.20874186612119938,0.3184120276033964,0.7590361445783133,0.48977911911261685,0.1046850148700913,T2g,12,0.20628323631220274
"('S02', 'S04', 'S13', 'S14')",0.06828471721027907,0.20226903818102482,0.7975376196990424,0.6024567039789103,0.08721211879331164,T2g,12,0.20628323631220274
"('S02', 'S04', 'S13', 'S15')",0.13409374860773282,0.24407125293846887,0.7590361445783133,0.5843912336096687,0.09793704532849838,T2g,12,0.20628323631220274
"('S02', 'S04', 'S14', 'S15')",0.06150487037109231,0.21096647134447644,0.8481012658227848,0.6458189301335172,0.07379410391502435,T2g,12,0.20628323631220274
"('S02', 'S05', 'S06', 'S08')",0.027286526262575772,0.12806060722718715,0.8585572842998586,0.7220442619175004,0.05347744504203536,T2g,12,0.20495139918264027
"('S02', 'S05', 'S06', 'S09')",0.027286526262575772,0.19552695956406296,0.8585572842998586,0.637103836882801,0.06662144202012928,T2g,12,0.20495139918264027
"('S02', 'S05', 'S06', 'S10')",0.027286526262575772,0.2811418498078141,0.8585572842998586,0.5343289047675254,0.0895836434509998,T2g,12,0.20495139918264027
"('S02', 'S05', 'S06', 'S11')",0.027286526262575772,0.2855246996799149,0.8585572842998586,0.5288039558462544,0.09299015502269965,T2g,12,0.20495139918264027
"('S02', 'S05', 'S06', 'S13')",0.027286526262575772,0.20292294214734763,0.8585572842998586,0.5945023746341188,0.08724024593796652,T2g,12,0.20495139918264027
"('S02', 'S05', 'S06', 'S14')",0.027286526262575772,0.172241943857938,0.8585572842998586,0.6490354249079986,0.061991533591565014,T2g,12,0.20495139918264027
"('S02', 'S05', 'S06', 'S15')",0.027286526262575772,0.19483350759339946,0.8585572842998586,0.647104133063027,0.06661962858788074,T2g,12,0.20495139918264027
"('S02', 'S05', 'S08', 'S09')",0.06592000615907401,0.18014266119660383,0.7403973509933774,0.6291245053518935,0.0695765877789844,T2g,12,0.20628323631220274
"('S02', 'S05', 'S08', 'S10')",0.06592000615907401,0.25527143581844036,0.7403973509933774,0.5292256988473217,0.09082339004678486,T2g,12,0.20628323631220274
"('S02', 'S05', 'S08', 'S11')",0.06592000615907401,0.2593282412303116,0.7403973509933774,0.523084791393381,0.0939340949717787,T2g,12,0.20628323631220274
"('S02', 'S05', 'S08', 'S13')",0.06592000615907401,0.20230905703189872,0.7403973509933774,0.5858394452355896,0.09334824921559215,T2g,12,0.20628323631220274
"('S02', 'S05', 'S08', 'S14')",0.06592000615907401,0.1668927338428179,0.7496671105193076,0.6403073675841137,0.06715191919273815,T2g,12,0.20628323631220274
"('S02', 'S05', 'S08', 'S15')",0.06592000615907401,0.17938529813437343,0.7450199203187251,0.6401978242226579,0.06946551610946815,T2g,12,0.20628323631220274
"('S02', 'S05', 'S09', 'S10')",0.14254848581863622,0.282621783390431,0.7198952879581152,0.4916502153959768,0.09493021765429681,T2g,12,0.20628323631220274
"('S02', 'S05', 'S09', 'S11')",0.14254848581863622,0.2860864005863588,0.7198952879581152,0.4847002151729969,0.09881574748230794,T2g,12,0.20628323631220274
"('S02', 'S05', 'S09', 'S13')",0.14254848581863622,0.23434883351654057,0.7198952879581152,0.5689999996014691,0.09495497603236945,T2g,12,0.20628323631220274
"('S02', 'S05', 'S09', 'S14')",0.06195063623722363,0.190419862817088,0.8099173553719008,0.6296558529956542,0.06896107485838211,T2g,12,0.20628323631220274
"('S02', 'S05', 'S09', 'S15')",0.002046890699604287,0.19276644382142438,0.9295154185022027,0.6485448603504881,0.06626954440498749,T2g,12,0.20628323631220274
"('S02', 'S05', 'S10', 'S11')",0.0022896209845653104,0.3070603672821456,0.8961038961038961,0.48474328069510286,0.10172784357550314,T2g,12,0.20628323631220274
"('S02', 'S05', 'S10', 'S13')",0.17076912409093792,0.3482071717510059,0.6063569682151589,0.4426979077275961,0.12176500047862283,T2g,12,0.20628323631220274
"('S02', 'S05', 'S10', 'S14')",0.11151030661866324,0.2974512921650948,0.7496671105193076,0.4865451523057111,0.09792606579045704,T2g,12,0.20628323631220274
"('S02', 'S05', 'S10', 'S15')",0.14211665726106726,0.2821096828226284,0.7450199203187251,0.4965728867561647,0.09502513030776537,T2g,12,0.20628323631220274
"('S02', 'S05', 'S11', 'S13')",0.17076912409093792,0.3521804798037963,0.6063569682151589,0.4366631404160133,0.1265118012828989,T2g,12,0.20628323631220274
"('S02', 'S05', 'S11', 'S14')",0.11151030661866324,0.3012759780183748,0.7496671105193076,0.48039503437351133,0.10185686478197493,T2g,12,0.20628323631220274
"('S02', 'S05', 'S11', 'S15')",0.14211665726106726,0.2853793639375599,0.7450199203187251,0.48994557175856257,0.09850992577005412,T2g,12,0.20628323631220274
"('S02', 'S05', 'S13', 'S14')",0.06828471721027907,0.19996028086276374,0.7975376196990424,0.5983827552394396,0.08669600594071941,T2g,12,0.20628323631220274
"('S02', 'S05', 'S13', 'S15')",0.14211665726106726,0.2339531200677628,0.7450199203187251,0.5803297939506731,0.09605662411603366,T2g,12,0.20628323631220274
"('S02', 'S05', 'S14', 'S15')",0.06150487037109231,0.18973362420204953,0.8481012658227848,0.6433949414571885,0.06927730333605428,T2g,12,0.20628323631220274
"('S02', 'S06', 'S08', 'S09')",0.027286526262575772,0.17661654012911987,0.8585572842998586,0.6313160098410833,0.06494039557168406,T2g,12,0.20495139918264027
"('S02', 'S06', 'S08', 'S10')",0.027286526262575772,0.2438287652664023,0.8585572842998586,0.5562567429994892,0.08339506240662505,T2g,12,0.20495139918264027
"('S02', 'S06', 'S08', 'S11')",0.027286526262575772,0.24827618881882463,0.8585572842998586,0.5507502734847112,0.08619342997195684,T2g,12,0.20495139918264027
"('S02', 'S06', 'S08', 'S13')",0.027286526262575772,0.1929907409521493,0.8585572842998586,0.5935623492439946,0.08959077887968502,T2g,12,0.20495139918264027
"('S02', 'S06', 'S08', 'S14')",0.027286526262575772,0.1581971098338274,0.8585572842998586,0.6410493831183656,0.06342255956458635,T2g,12,0.20495139918264027
"('S02', 'S06', 'S08', 'S15')",0.027286526262575772,0.17584964082650423,0.8585572842998586,0.6408270827789185,0.06450223468426454,T2g,12,0.20495139918264027
"('S02', 'S06', 'S09', 'S10')",0.027286526262575772,0.28008070868945456,0.8585572842998586,0.4887479664554792,0.09052697454367338,T2g,12,0.20495139918264027
"('S02', 'S06', 'S09', 'S11')",0.027286526262575772,0.2839359440259335,0.8585572842998586,0.48243240417166183,0.09410016701202245,T2g,12,0.20495139918264027
"('S02', 'S06', 'S09', 'S13')",0.027286526262575772,0.23393211328785302,0.8585572842998586,0.5467896105172091,0.09422259022599867,T2g,12,0.20495139918264027
"('S02', 'S06', 'S09', 'S14')",0.027286526262575772,0.19062583465915928,0.8585572842998586,0.600464575437241,0.06825679975976669,T2g,12,0.20495139918264027
"('S02', 'S06', 'S09', 'S15')",0.002046890699604287,0.19813238236461694,0.9295154185022027,0.6192408258140835,0.06433134750932024,T2g,12,0.20495139918264027
"('S02', 'S06', 'S10', 'S11')",0.0022896209845653104,0.296993361237166,0.8961038961038961,0.5073150093567454,0.09422012767235817,T2g,12,0.20495139918264027
"('S02', 'S06', 'S10', 'S13')",0.027286526262575772,0.339873902037764,0.8585572842998586,0.44532705830631375,0.11824047923939263,T2g,12,0.20495139918264027
"('S02', 'S06', 'S10', 'S14')",0.027286526262575772,0.28974071452261196,0.8585572842998586,0.4821934144102756,0.09442965525898216,T2g,12,0.20495139918264027
"('S02', 'S06', 'S10', 'S15')",0.027286526262575772,0.2795590718812667,0.8585572842998586,0.49210839188273775,0.09029479797923866,T2g,12,0.20495139918264027
"('S02', 'S06', 'S11', 'S13')",0.027286526262575772,0.34423782823110527,0.8585572842998586,0.4399267289338935,0.12267494268400658,T2g,12,0.20495139918264027
"('S02', 'S06', 'S11', 'S14')",0.027286526262575772,0.2939560185164428,0.8585572842998586,0.4766777344172384,0.09804811689083798,T2g,12,0.20495139918264027
"('S02', 'S06', 'S11', 'S15')",0.027286526262575772,0.2832193711367492,0.8585572842998586,0.4861155148242982,0.09346725608186533,T2g,12,0.20495139918264027
"('S02', 'S06', 'S13', 'S14')",0.027286526262575772,0.19437405769256955,0.8585572842998586,0.5747228772002417,0.0868704527134972,T2g,12,0.20495139918264027
"('S02', 'S06', 'S13', 'S15')",0.027286526262575772,0.2335268635986898,0.8585572842998586,0.5565571589334838,0.0949971490917596,T2g,12,0.20495139918264027
"('S02', 'S06', 'S14', 'S15')",0.027286526262575772,0.18993005980373567,0.8585572842998586,0.612641417965846,0.06824593901953557,T2g,12,0.20495139918264027
"('S02', 'S08', 'S09', 'S10')",0.12389510665252257,0.26497082126060423,0.7266754270696452,0.48267457853419155,0.09345524902728584,T2g,12,0.20628323631220274
"('S02', 'S08', 'S09', 'S11')",0.12389510665252257,0.2685000121368536,0.7266754270696452,0.4757430577177047,0.09673263484892893,T2g,12,0.20628323631220274
"('S02', 'S08', 'S09', 'S13')",0.12389510665252257,0.24407875473292728,0.7266754270696452,0.537156499117596,0.10201912139145174,T2g,12,0.20628323631220274
"('S02', 'S08', 'S09', 'S14')",0.06195063623722363,0.19603715120456255,0.8099173553719008,0.590766336112272,0.07510571324876722,T2g,12,0.20628323631220274
"('S02', 'S08', 'S09', 'S15')",0.002046890699604287,0.1934446994661142,0.9295154185022027,0.6113643349726304,0.06886576291873504,T2g,12,0.20628323631220274
"('S02', 'S08', 'S10', 'S11')",0.0022896209845653104,0.27107131372617166,0.8961038961038961,0.5035017885134921,0.09513719634619457,T2g,12,0.20628323631220274
"('S02', 'S08', 'S10', 'S13')",0.12389510665252257,0.3395344278609239,0.7266754270696452,0.4385700725174044,0.12432161124177558,T2g,12,0.20628323631220274
"('S02', 'S08', 'S10', 'S14')",0.12389510665252257,0.28466591544610065,0.7266754270696452,0.47537130069601047,0.09956316958491263,T2g,12,0.20628323631220274
"('S02', 'S08', 'S10', 'S15')",0.12389510665252257,0.2643852733608494,0.7266754270696452,0.48710802665198866,0.09311381422558339,T2g,12,0.20628323631220274
"('S02', 'S08', 'S11', 'S13')",0.12389510665252257,0.34357230959403573,0.7266754270696452,0.4325537846123145,0.12846026803968358,T2g,12,0.20628323631220274
"('S02', 'S08', 'S11', 'S14')",0.12389510665252257,0.28855517497970207,0.7266754270696452,0.46923966217030366,0.10288582457006246,T2g,12,0.20628323631220274
"('S02', 'S08', 'S11', 'S15')",0.12389510665252257,0.26771952815610245,0.7266754270696452,0.48049919106087957,0.09599046568150409,T2g,12,0.20628323631220274
"('S02', 'S08', 'S13', 'S14')",0.06828471721027907,0.21455578748998294,0.7975376196990424,0.5643410400076511,0.09687222372126826,T2g,12,0.20628323631220274
"('S02', 'S08', 'S13', 'S15')",0.12389510665252257,0.24360959395219728,0.7266754270696452,0.547997070224409,0.10268442201994495,T2g,12,0.20628323631220274
"('S02', 'S08', 'S14', 'S15')",0.06150487037109231,0.19527746525757161,0.8481012658227848,0.6040162013314155,0.0749855942712684,T2g,12,0.20628323631220274
"('S02', 'S09', 'S10', 'S11')",0.0022896209845653104,0.2666150641683954,0.8961038961038961,0.4825488607837973,0.09400676401567824,T2g,12,0.20628323631220274
"('S02', 'S09', 'S10', 'S13')",0.1969611357452028,0.34035979543174244,0.6717557251908397,0.43916227537397323,0.1199162532175073,T2g,12,0.20628323631220274
"('S02', 'S09', 'S10', 'S14')",0.06195063623722363,0.27697863550654744,0.8099173553719008,0.48215143459824034,0.09536024040951101,T2g,12,0.20628323631220274
"('S02', 'S09', 'S10', 'S15')",0.002046890699604287,0.24655201013407702,0.9295154185022027,0.5128867112705079,0.08390575768005715,T2g,12,0.20628323631220274
"('S02', 'S09', 'S11', 'S13')",0.1969611357452028,0.34380548894891083,0.6717557251908397,0.4323368946998441,0.12482973491843256,T2g,12,0.20628323631220274
"('S02', 'S09', 'S11', 'S14')",0.06195063623722363,0.28027570682420544,0.8099173553719008,0.4752107033034943,0.09945772029767813,T2g,12,0.20628323631220274
"('S02', 'S09', 'S11', 'S15')",0.002046890699604287,0.24929407671338666,0.9295154185022027,0.5054687829103596,0.08755723403899512,T2g,12,0.20628323631220274
"('S02', 'S09', 'S13', 'S14')",0.06195063623722363,0.2115579364630813,0.8099173553719008,0.5918572117271055,0.09016919375513198,T2g,12,0.20628323631220274
"('S02', 'S09', 'S13', 'S15')",0.002046890699604287,0.23046575963807625,0.9295154185022027,0.594511792660153,0.09097626468368403,T2g,12,0.20628323631220274
"('S02', 'S09', 'S14', 'S15')",0.002046890699604287,0.17362098343307897,0.9295154185022027,0.6567188548128204,0.06347986578387416,T2g,12,0.20628323631220274
"('S02', 'S10', 'S11', 'S13')",0.0022896209845653104,0.3851063541508576,0.8961038961038961,0.4336923401263304,0.12879751859415114,T2g,12,0.20628323631220274
"('S02', 'S10', 'S11', 'S14')",0.0022896209845653104,0.31474966313969377,0.8961038961038961,0.4597575399139105,0.10558047045921826,T2g,12,0.20628323631220274
"('S02', 'S10', 'S11', 'S15')",0.0022896209845653104,0.2660798426820721,0.8961038961038961,0.48115434661639545,0.09347057917123819,T2g,12,0.20628323631220274
"('S02', 'S10', 'S13', 'S14')",0.06828471721027907,0.338916264317248,0.7975376196990424,0.4500588909415426,0.12018987226973031,T2g,12,0.20628323631220274
"('S02', 'S10', 'S13', 'S15')",0.19825852087663554,0.3401358971454401,0.6954838709677419,0.4438521989702098,0.1207875381689853,T2g,12,0.20628323631220274
"('S02', 'S10', 'S14', 'S15')",0.06150487037109231,0.2764642120539843,0.8481012658227848,0.4892506523068072,0.09544610575499697,T2g,12,0.20628323631220274
"('S02', 'S11', 'S13', 'S14')",0.06828471721027907,0.3427220264917684,0.7975376196990424,0.4440333925581937,0.12514862313416233,T2g,12,0.20628323631220274
"('S02', 'S11', 'S13', 'S15')",0.19825852087663554,0.3433866545816123,0.6954838709677419,0.4373495035214585,0.1253002855041882,T2g,12,0.20628323631220274
"('S02', 'S11', 'S14', 'S15')",0.06150487037109231,0.2795663472906461,0.8481012658227848,0.48263260623743903,0.09914285127744171,T2g,12,0.20628323631220274
"('S02', 'S13', 'S14', 'S15')",0.06150487037109231,0.2111599001295429,0.8481012658227848,0.6053635524246884,0.09126179453081361,T2g,12,0.20628323631220274
"('S04', 'S05', 'S06', 'S08')",0.028050002286386322,0.12003511755393992,0.9495548961424333,0.7479882283607123,0.055604504064631494,T2g,12,0.20495139918264027
"('S04', 'S05', 'S06', 'S09')",0.028050002286386322,0.1743782162776749,0.9495548961424333,0.7119732743997568,0.06318379008893624,T2g,12,0.20495139918264027
"('S04', 'S05', 'S06', 'S10')",0.028050002286386322,0.2846619156565181,0.9495548961424333,0.5733185025731572,0.09148831560743483,T2g,12,0.20495139918264027
"('S04', 'S05', 'S06', 'S11')",0.028050002286386322,0.28928099956511344,0.9495548961424333,0.567357088029947,0.09521680101367809,T2g,12,0.20495139918264027
"('S04', 'S05', 'S06', 'S13')",0.028050002286386322,0.16413078249591517,0.9495548961424333,0.6639691513437701,0.0783161128548478,T2g,12,0.20495139918264027
"('S04', 'S05', 'S06', 'S14')",0.028050002286386322,0.14623878010225777,0.9495548961424333,0.7270058830390242,0.05545277227712719,T2g,12,0.20495139918264027
"('S04', 'S05', 'S06', 'S15')",0.028050002286386322,0.174511297677026,0.9495548961424333,0.7245570218802668,0.06347967435167086,T2g,12,0.20495139918264027
"('S04', 'S05', 'S08', 'S09')",0.028050002286386322,0.1248419900446146,0.9495548961424333,0.7336425753471589,0.05989551436424084,T2g,12,0.23706455320827785
"('S04', 'S05', 'S08', 'S10')",0.028050002286386322,0.2246395738015433,0.9495548961424333,0.5978639291312631,0.08648464071966937,T2g,12,0.24071666849198065
"('S04', 'S05', 'S08', 'S11')",0.028050002286386322,0.228932613249909,0.9495548961424333,0.5912865560553834,0.08991731947920663,T2g,12,0.24071666849198065
"('S04', 'S05', 'S08', 'S13')",0.028050002286386322,0.1293649695148651,0.9495548961424333,0.6849548544235504,0.07818069464892291,T2g,12,0.23899746097473976
"('S04', 'S05', 'S08', 'S14')",0.028050002286386322,0.10673764222153637,0.9495548961424333,0.7479264581934487,0.0543697363947498,T2g,12,0.23674004881551314
"('S04', 'S05', 'S08', 'S15')",0.028050002286386322,0.1249111603523988,0.9495548961424333,0.7472993455182074,0.060082140389707744,T2g,12,0.23961661934913103
"('S04', 'S05', 'S09', 'S10')",0.028050002286386322,0.23886666776039311,0.9495548961424333,0.609213916753662,0.08502675737339216,T2g,12,0.23706455320827785
"('S04', 'S05', 'S09', 'S11')",0.028050002286386322,0.2425675189928156,0.9495548961424333,0.6018274509087429,0.08923426103594671,T2g,12,0.23706455320827785
"('S04', 'S05', 'S09', 'S13')",0.028050002286386322,0.14828149238636634,0.9495548961424333,0.7170408798631738,0.07422271051191105,T2g,12,0.23706455320827785
"('S04', 'S05', 'S09', 'S14')",0.028050002286386322,0.11714151758266578,0.9495548961424333,0.7862004146787333,0.050614181106604594,T2g,12,0.23674004881551314
"('S04', 'S05', 'S09', 'S15')",0.002046890699604287,0.12516905242630916,0.9495548961424333,0.8045718527197813,0.05132145773143792,T2g,12,0.23706455320827785
"('S04', 'S05', 'S10', 'S11')",0.0022896209845653104,0.2882102948236943,0.9495548961424333,0.5659906767195249,0.09748868121676994,T2g,12,0.24071666849198065
"('S04', 'S05', 'S10', 'S13')",0.028050002286386322,0.28680863975592363,0.9495548961424333,0.5548589482779768,0.10637505904579249,T2g,12,0.23899746097473976
"('S04', 'S05', 'S10', 'S14')",0.028050002286386322,0.24884175606576464,0.9495548961424333,0.6072098742774661,0.08492149612630757,T2g,12,0.23674004881551314
"('S04', 'S05', 'S10', 'S15')",0.028050002286386322,0.2391811005626049,0.9495548961424333,0.6167200394141338,0.08541936772184384,T2g,12,0.23961661934913103
"('S04', 'S05', 'S11', 'S13')",0.028050002286386322,0.29101818184520856,0.9495548961424333,0.5483877153444547,0.11144383368461197,T2g,12,0.23899746097473976
"('S04', 'S05', 'S11', 'S14')",0.028050002286386322,0.2529026759555393,0.9495548961424333,0.6006232907233272,0.0891742689523689,T2g,12,0.23674004881551314
"('S04', 'S05', 'S11', 'S15')",0.028050002286386322,0.24268701571403117,0.9495548961424333,0.6096562587945925,0.08922613701867603,T2g,12,0.23961661934913103
"('S04', 'S05', 'S13', 'S14')",0.028050002286386322,0.10903851926329722,0.9495548961424333,0.7495246561152142,0.06286263103701624,T2g,12,0.23674004881551314
"('S04', 'S05', 'S13', 'S15')",0.028050002286386322,0.14871231230760296,0.9495548961424333,0.7309541255126617,0.0756220562905584,T2g,12,0.23899746097473976
"('S04', 'S05', 'S14', 'S15')",0.028050002286386322,0.11728181233764179,0.9495548961424333,0.8025229544405516,0.05122810727925992,T2g,12,0.23674004881551314
"('S04', 'S06', 'S08', 'S09')",0.09787439985238633,0.18463486098151183,0.7244094488188977,0.6472027788807525,0.07227363026240859,T2g,12,0.20495139918264027
"('S04', 'S06', 'S08', 'S10')",0.09787439985238633,0.2765158952538864,0.7198952879581152,0.5362636723278346,0.09607062118497763,T2g,12,0.20495139918264027
"('S04', 'S06', 'S08', 'S11')",0.09787439985238633,0.2811995528428032,0.7198952879581152,0.5303207371911173,0.09919096258485283,T2g,12,0.20495139918264027
"('S04', 'S06', 'S08', 'S13')",0.09787439985238633,0.18336564543949707,0.7198952879581152,0.6040464574763593,0.09143753241848386,T2g,12,0.20495139918264027
"('S04', 'S06', 'S08', 'S14')",0.09787439985238633,0.16136101021692728,0.763758389261745,0.6600371727721046,0.06765468487206609,T2g,12,0.20495139918264027
"('S04', 'S06', 'S08', 'S15')",0.09787439985238633,0.184694495048911,0.7590361445783133,0.6592973031188718,0.0721331670699722,T2g,12,0.20495139918264027
"('S04', 'S06', 'S09', 'S10')",0.204640662909495,0.299644585063798,0.7244094488188977,0.5176803668575681,0.0976378223682368,T2g,12,0.20495139918264027
"('S04', 'S06', 'S09', 'S11')",0.2061773866560458,0.30373605443677143,0.7244094488188977,0.5109283389518118,0.10153298867112927,T2g,12,0.20495139918264027
"('S04', 'S06', 'S09', 'S13')",0.13409374860773282,0.21118376416205986,0.7244094488188977,0.6061991898233177,0.09050463281100836,T2g,12,0.20495139918264027
"('S04', 'S06', 'S09', 'S14')",0.06195063623722363,0.18066648142911823,0.8099173553719008,0.668377836164724,0.06692421411345725,T2g,12,0.20495139918264027
"('S04', 'S06', 'S09', 'S15')",0.002046890699604287,0.1938539829738829,0.9295154185022027,0.6866365172277806,0.06639756894123874,T2g,12,0.20495139918264027
"('S04', 'S06', 'S10', 'S11')",0.0022896209845653104,0.34146228078309615,0.8961038961038961,0.4999311044255714,0.10699527341909305,T2g,12,0.20495139918264027
"('S04', 'S06', 'S10', 'S13')",0.13409374860773282,0.34179436204706304,0.6738853503184713,0.4688567979010983,0.11986484591203035,T2g,12,0.20495139918264027
"('S04', 'S06', 'S10', 'S14')",0.1415232167657836,0.3044501704276631,0.763758389261745,0.5142268354264345,0.09843939370030079,T2g,12,0.20495139918264027
"('S04', 'S06', 'S10', 'S15')",0.20523972532677892,0.2999494816256246,0.7590361445783133,0.5236242435851107,0.09770334349878522,T2g,12,0.20495139918264027
"('S04', 'S06', 'S11', 'S13')",0.13409374860773282,0.3463945222768988,0.6738853503184713,0.4630200029067389,0.12462128319118772,T2g,12,0.20495139918264027
"('S04', 'S06', 'S11', 'S14')",0.1415232167657836,0.3089017084579887,0.763758389261745,0.5082746898114582,0.1023798291667,T2g,12,0.20495139918264027
"('S04', 'S06', 'S11', 'S15')",0.2061773866560458,0.30384601491760177,0.7590361445783133,0.5171949009047322,0.1011977754359553,T2g,12,0.20495139918264027
"('S04', 'S06', 'S13', 'S14')",0.06828471721027907,0.1667712880974842,0.7975376196990424,0.6372334771204202,0.08005138591526209,T2g,12,0.20495139918264027
"('S04', 'S06', 'S13', 'S15')",0.13409374860773282,0.21160504784291134,0.7590361445783133,0.6185501895398764,0.09157688937175244,T2g,12,0.20495139918264027
"('S04', 'S06', 'S14', 'S15')",0.06150487037109231,0.1807972399437091,0.8481012658227848,0.6831381299936129,0.06721105106820928,T2g,12,0.20495139918264027
"('S04', 'S08', 'S09', 'S10')",0.09787439985238633,0.2503827697693466,0.7244094488188977,0.5412556114145902,0.09432267536829875,T2g,12,0.23706455320827785
"('S04', 'S08', 'S09', 'S11')",0.09787439985238633,0.2541481946820906,0.7244094488188977,0.5338876249761642,0.09792203502448525,T2g,12,0.23706455320827785
"('S04', 'S08', 'S09', 'S13')",0.09787439985238633,0.1871784777415333,0.7244094488188977,0.6262147109020141,0.09205774249291089,T2g,12,0.23706455320827785
"('S04', 'S08', 'S09', 'S14')",0.06195063623722363,0.15192587010892045,0.8099173553719008,0.6883282293180647,0.06752970611890728,T2g,12,0.23674004881551314
"('S04', 'S08', 'S09', 'S15')",0.002046890699604287,0.15501437220977898,0.9295154185022027,0.7084086588646371,0.06468856286710305,T2g,12,0.23706455320827785
"('S04', 'S08', 'S10', 'S11')",0.0022896209845653104,0.2813883054065007,0.8961038961038961,0.5257665160606276,0.10166892060937895,T2g,12,0.24441219229933198
"('S04', 'S08', 'S10', 'S13')",0.09787439985238633,0.3073029600046219,0.7198952879581152,0.49174844459049855,0.1197025564308628,T2g,12,0.23899746097473976
"('S04', 'S08', 'S10', 'S14')",0.09787439985238633,0.2652234434855507,0.763758389261745,0.537053354190479,0.09732948654268074,T2g,12,0.23674004881551314
"('S04', 'S08', 'S10', 'S15')",0.09787439985238633,0.25062375523960634,0.7590361445783133,0.5482725108326713,0.09427893826157945,T2g,12,0.23961661934913103
"('S04', 'S08', 'S11', 'S13')",0.09787439985238633,0.3115770757742281,0.7198952879581152,0.48529569106346954,0.1241631870633142,T2g,12,0.23899746097473976
"('S04', 'S08', 'S11', 'S14')",0.09787439985238633,0.2693489370556468,0.763758389261745,0.5304852500428331,0.10097411536237398,T2g,12,0.23674004881551314
"('S04', 'S08', 'S11', 'S15')",0.09787439985238633,0.2541942440713538,0.7590361445783133,0.5412272096196231,0.09747756355204355,T2g,12,0.23961661934913103
"('S04', 'S08', 'S13', 'S14')",0.06828471721027907,0.15280109002929654,0.7975376196990424,0.656500272406139,0.08380973543948263,T2g,12,0.23674004881551314
"('S04', 'S08', 'S13', 'S15')",0.09787439985238633,0.18753585033081765,0.7590361445783133,0.6396387333091111,0.09302074081638727,T2g,12,0.23899746097473976
"('S04', 'S08', 'S14', 'S15')",0.06150487037109231,0.15199271753194432,0.8481012658227848,0.704161545837492,0.0677072848363916,T2g,12,0.23674004881551314
"('S04', 'S09', 'S10', 'S11')",0.0022896209845653104,0.2638088022355838,0.8961038961038961,0.5537390594046765,0.09497377732507344,T2g,12,0.23706455320827785
"('S04', 'S09', 'S10', 'S13')",0.13409374860773282,0.2950050739622997,0.7244094488188977,0.5412661185208111,0.10973248745280535,T2g,12,0.23706455320827785
"('S04', 'S09', 'S10', 'S14')",0.06195063623722363,0.2444129099328567,0.8099173553719008,0.5927589591664527,0.08756184641348995,T2g,12,0.23674004881551314
"('S04', 'S09', 'S10', 'S15')",0.002046890699604287,0.21966723839969315,0.9295154185022027,0.6229766665249343,0.07950617076226403,T2g,12,0.23706455320827785
"('S04', 'S09', 'S11', 'S13')",0.13409374860773282,0.2986870015159626,0.7244094488188977,0.534004272224743,0.11496794298827402,T2g,12,0.23706455320827785
"('S04', 'S09', 'S11', 'S14')",0.06195063623722363,0.24794621528700944,0.8099173553719008,0.5853817622497676,0.09198130013620048,T2g,12,0.23674004881551314
"('S04', 'S09', 'S11', 'S15')",0.002046890699604287,0.22264553901549722,0.9295154185022027,0.6151222725428469,0.08347962095574542,T2g,12,0.23706455320827785
"('S04', 'S09', 'S13', 'S14')",0.06195063623722363,0.13667998538925386,0.8099173553719008,0.7329419151993372,0.07154199451955719,T2g,12,0.23674004881551314
"('S04', 'S09', 'S13', 'S15')",0.002046890699604287,0.16126876240355603,0.9295154185022027,0.7350789268185989,0.07574787252633719,T2g,12,0.23706455320827785
"('S04', 'S09', 'S14', 'S15')",0.002046890699604287,0.11721298209431075,0.9295154185022027,0.8057896703926407,0.05063684539520819,T2g,12,0.23674004881551314
"('S04', 'S10', 'S11', 'S13')",0.0022896209845653104,0.36465667585300154,0.8961038961038961,0.4994798779399052,0.12427805075162068,T2g,12,0.23899746097473976
"('S04', 'S10', 'S11', 'S14')",0.0022896209845653104,0.3070889807375897,0.8961038961038961,0.5340487591488597,0.10344637438536868,T2g,12,0.23674004881551314
"('S04', 'S10', 'S11', 'S15')",0.0022896209845653104,0.2641001141192748,0.8961038961038961,0.5549279965375588,0.09473529017561653,T2g,12,0.23961661934913103
"('S04', 'S10', 'S13', 'S14')",0.06828471721027907,0.2887071223785128,0.7975376196990424,0.5552637547024504,0.10690499712178357,T2g,12,0.23674004881551314
"('S04', 'S10', 'S13', 'S15')",0.13409374860773282,0.29560770904601175,0.7590361445783133,0.5485394934173317,0.1109014700992665,T2g,12,0.23899746097473976
"('S04', 'S10', 'S14', 'S15')",0.06150487037109231,0.24472501985030826,0.8481012658227848,0.6024416281753034,0.08794540945395907,T2g,12,0.23674004881551314
"('S04', 'S11', 'S13', 'S14')",0.06828471721027907,0.292749118589528,0.7975376196990424,0.5488017906971624,0.11218572182075899,T2g,12,0.23674004881551314
"('S04', 'S11', 'S13', 'S15')",0.13409374860773282,0.29909470051867837,0.7590361445783133,0.5416003323466414,0.1157361912690128,T2g,12,0.23899746097473976
"('S04', 'S11', 'S14', 'S15')",0.06150487037109231,0.2480633891234646,0.8481012658227848,0.5953871164839962,0.09196412881094722,T2g,12,0.23674004881551314
"('S04', 'S13', 'S14', 'S15')",0.06150487037109231,0.13710848242573037,0.8481012658227848,0.7490317071972042,0.07293229299022196,T2g,12,0.23674004881551314
"('S05', 'S06', 'S08', 'S09')",0.06592000615907401,0.16460303078784067,0.7403973509933774,0.653467182684711,0.06640364711601865,T2g,12,0.20495139918264027
"('S05', 'S06', 'S08', 'S10')",0.06592000615907401,0.25244483569170917,0.7403973509933774,0.5435269729416757,0.08989746977325153,T2g,12,0.20495139918264027
"('S05', 'S06', 'S08', 'S11')",0.06592000615907401,0.2568187497596467,0.7403973509933774,0.537579396003741,0.09309007473077024,T2g,12,0.20495139918264027
"('S05', 'S06', 'S08', 'S13')",0.06592000615907401,0.18189937315147076,0.7403973509933774,0.6070772239840417,0.08963131245197371,T2g,12,0.20495139918264027
"('S05', 'S06', 'S08', 'S14')",0.06592000615907401,0.14878002365718013,0.7496671105193076,0.6647053902624539,0.06321208553905057,T2g,12,0.20495139918264027
"('S05', 'S06', 'S08', 'S15')",0.06592000615907401,0.16430413293671864,0.7450199203187251,0.6639780296896959,0.06632625937708421,T2g,12,0.20495139918264027
"('S05', 'S06', 'S09', 'S10')",0.14254848581863622,0.2684462624587284,0.7198952879581152,0.5207742968220684,0.0916869780803908,T2g,12,0.20495139918264027
"('S05', 'S06', 'S09', 'S11')",0.14254848581863622,0.2722279883107225,0.7198952879581152,0.5140176271150947,0.09565440794092678,T2g,12,0.20495139918264027
"('S05', 'S06', 'S09', 'S13')",0.14254848581863622,0.20259022883114142,0.7198952879581152,0.6050605856816591,0.08892071996837832,T2g,12,0.20495139918264027
"('S05', 'S06', 'S09', 'S14')",0.06195063623722363,0.16095823182647884,0.8099173553719008,0.6688766830057323,0.06270392190432185,T2g,12,0.20495139918264027
"('S05', 'S06', 'S09', 'S15')",0.002046890699604287,0.1663363578187983,0.9295154185022027,0.687147873149264,0.06081296837223085,T2g,12,0.20495139918264027
"('S05', 'S06', 'S10', 'S11')",0.0022896209845653104,0.30591498528854133,0.8961038961038961,0.5040192893987372,0.1008135244235544,T2g,12,0.20495139918264027
"('S05', 'S06', 'S10', 'S13')",0.17076912409093792,0.3291615973476386,0.6954838709677419,0.46871709056932254,0.11797776480406415,T2g,12,0.20495139918264027
"('S05', 'S06', 'S10', 'S14')",0.11151030661866324,0.2807026914565177,0.7496671105193076,0.5157245790773257,0.09391593322582921,T2g,12,0.20495139918264027
"('S05', 'S06', 'S10', 'S15')",0.14211665726106726,0.26839262710203426,0.7450199203187251,0.5251344963164769,0.09181557466444117,T2g,12,0.20495139918264027
"('S05', 'S06', 'S11', 'S13')",0.17076912409093792,0.33345201405649527,0.6954838709677419,0.46287565377374573,0.12280646564086505,T2g,12,0.20495139918264027
"('S05', 'S06', 'S11', 'S14')",0.11151030661866324,0.284844485965864,0.7496671105193076,0.5097677916611321,0.09792863224987197,T2g,12,0.20495139918264027
"('S05', 'S06', 'S11', 'S15')",0.14211665726106726,0.27197941687303206,0.7450199203187251,0.5187005118348809,0.09538227015925475,T2g,12,0.20495139918264027
"('S05', 'S06', 'S13', 'S14')",0.06828471721027907,0.16562859640048988,0.7975376196990424,0.6344986866651525,0.07989485688600649,T2g,12,0.20495139918264027
"('S05', 'S06', 'S13', 'S15')",0.14211665726106726,0.20265298059347192,0.7450199203187251,0.6158279081650836,0.09005605198262434,T2g,12,0.20495139918264027
"('S05', 'S06', 'S14', 'S15')",0.06150487037109231,0.16073045842254885,0.8481012658227848,0.6820532996014871,0.06305383431257583,T2g,12,0.20495139918264027
"('S05', 'S08', 'S09', 'S10')",0.06592000615907401,0.2161118174683999,0.7403973509933774,0.5441667984434224,0.08747463755979491,T2g,12,0.23706455320827785
"('S05', 'S08', 'S09', 'S11')",0.06592000615907401,0.2195674988601647,0.7403973509933774,0.5367941702037791,0.09114626077362492,T2g,12,0.23706455320827785
"('S05', 'S08', 'S09', 'S13')",0.06592000615907401,0.17551231271473766,0.7403973509933774,0.6248933638246874,0.08957663612962302,T2g,12,0.23706455320827785
"('S05', 'S08', 'S09', 'S14')",0.06195063623722363,0.1291449908104041,0.8099173553719008,0.6886443332234048,0.06241222038911406,T2g,12,0.23674004881551314
"('S05', 'S08', 'S09', 'S15')",0.002046890699604287,0.12442411735881753,0.9295154185022027,0.7087372718504524,0.058206768777437336,T2g,12,0.23706455320827785
"('S05', 'S08', 'S10', 'S11')",0.0022896209845653104,0.24276838021606884,0.8961038961038961,0.5296719580981254,0.09458997809318247,T2g,12,0.24071666849198065
"('S05', 'S08', 'S10', 'S13')",0.06592000615907401,0.2915975656093205,0.7403973509933774,0.4914259943230548,0.11691828180223877,T2g,12,0.23899746097473976
"('S05', 'S08', 'S10', 'S14')",0.06592000615907401,0.23840333481852838,0.7496671105193076,0.5383683549057022,0.09190883254755133,T2g,12,0.23674004881551314
"('S05', 'S08', 'S10', 'S15')",0.06592000615907401,0.21599427102013868,0.7450199203187251,0.5496000206283693,0.08749397590657755,T2g,12,0.23961661934913103
"('S05', 'S08', 'S11', 'S13')",0.06592000615907401,0.2955619378579475,0.7403973509933774,0.48496859899480843,0.12145117599233368,T2g,12,0.23899746097473976
"('S05', 'S08', 'S11', 'S14')",0.06592000615907401,0.2422190848676452,0.7496671105193076,0.5317956089568389,0.09562572492488809,T2g,12,0.23674004881551314
"('S05', 'S08', 'S11', 'S15')",0.06592000615907401,0.21925501633090716,0.7450199203187251,0.5425500776141037,0.09076486475468516,T2g,12,0.23961661934913103
"('S05', 'S08', 'S13', 'S14')",0.06592000615907401,0.14858576863642536,0.7975376196990424,0.6535827390152033,0.0827560128895692,T2g,12,0.23674004881551314
"('S05', 'S08', 'S13', 'S15')",0.06592000615907401,0.17551115338550127,0.7450199203187251,0.6367337089986502,0.09060270990660134,T2g,12,0.23899746097473976
"('S05', 'S08', 'S14', 'S15')",0.06150487037109231,0.1288533063149071,0.8481012658227848,0.7028939725096981,0.06265287456010031,T2g,12,0.23674004881551314
"('S05', 'S09', 'S10', 'S11')",0.0022896209845653104,0.21806161400225965,0.8961038961038961,0.5534751307928333,0.08811714193275706,T2g,12,0.23706455320827785
"('S05', 'S09', 'S10', 'S13')",0.14254848581863622,0.27217241652410606,0.7198952879581152,0.5367742976040265,0.10717051994806144,T2g,12,0.23706455320827785
"('S05', 'S09', 'S10', 'S14')",0.06195063623722363,0.210465538222942,0.8099173553719008,0.589904589232335,0.08236349954224066,T2g,12,0.23674004881551314
"('S05', 'S09', 'S10', 'S15')",0.002046890699604287,0.17791049113733326,0.9295154185022027,0.6201348056712915,0.07294351553114226,T2g,12,0.23706455320827785
"('S05', 'S09', 'S11', 'S13')",0.14254848581863622,0.27554460055678964,0.7198952879581152,0.5295078095067409,0.11247823904117364,T2g,12,0.23706455320827785
"('S05', 'S09', 'S11', 'S14')",0.06195063623722363,0.2136891000561154,0.8099173553719008,0.5825227505144325,0.08685521682259471,T2g,12,0.23674004881551314
"('S05', 'S09', 'S11', 'S15')",0.002046890699604287,0.1805790482321582,0.9295154185022027,0.6122757698879867,0.07698922928226716,T2g,12,0.23706455320827785
"('S05', 'S09', 'S13', 'S14')",0.06195063623722363,0.12533740095349044,0.8099173553719008,0.7258550111590608,0.07071057909352386,T2g,12,0.23674004881551314
"('S05', 'S09', 'S13', 'S15')",0.002046890699604287,0.1421168024153472,0.9295154185022027,0.7280045318587973,0.07355214874043137,T2g,12,0.23706455320827785
"('S05', 'S09', 'S14', 'S15')",0.002046890699604287,0.08694630783438129,0.9295154185022027,0.800352726415506,0.04580474224279702,T2g,12,0.23674004881551314
"('S05', 'S10', 'S11', 'S13')",0.0022896209845653104,0.3374750455253226,0.8961038961038961,0.4959823120317859,0.1214851785391841,T2g,12,0.23899746097473976
"('S05', 'S10', 'S11', 'S14')",0.0022896209845653104,0.26879263613818993,0.8961038961038961,0.5321886442234074,0.09801712280642673,T2g,12,0.23674004881551314
"('S05', 'S10', 'S11', 'S15')",0.0022896209845653104,0.2179943939674298,0.8961038961038961,0.5530803906925813,0.08794173023680212,T2g,12,0.23961661934913103
"('S05', 'S10', 'S13', 'S14')",0.06828471721027907,0.2733253085742434,0.7975376196990424,0.5491757474720567,0.1057704134304141,T2g,12,0.23674004881551314
"('S05', 'S10', 'S13', 'S15')",0.14211665726106726,0.27241651968929725,0.7450199203187251,0.5424639952674127,0.10840257804802454,T2g,12,0.23899746097473976
"('S05', 'S10', 'S14', 'S15')",0.06150487037109231,0.2104191162218726,0.8481012658227848,0.5980035810080516,0.08281013803621172,T2g,12,0.23674004881551314
"('S05', 'S11', 'S13', 'S14')",0.06828471721027907,0.27705756126427916,0.7975376196990424,0.5427091416655513,0.11112340168703304,T2g,12,0.23674004881551314
"('S05', 'S11', 'S13', 'S15')",0.14211665726106726,0.27559376764098464,0.7450199203187251,0.5355201923955051,0.11330956277541433,T2g,12,0.23899746097473976
"('S05', 'S11', 'S14', 'S15')",0.06150487037109231,0.2134477419740497,0.8481012658227848,0.5909444275155269,0.08690112095084339,T2g,12,0.23674004881551314
"('S05', 'S13', 'S14', 'S15')",0.06150487037109231,0.12540736607144576,0.8481012658227848,0.7403611259237936,0.07216395301769059,T2g,12,0.23674004881551314
"('S06', 'S08', 'S09', 'S10')",0.12953013923175127,0.25780352622230784,0.7087126137841352,0.4932973833164487,0.09228790109329878,T2g,12,0.20495139918264027
"('S06', 'S08', 'S09', 'S11')",0.12953013923175127,0.2616498257546235,0.7087126137841352,0.4865591930159678,0.09564718694746671,T2g,12,0.20495139918264027
"('S06', 'S08', 'S09', 'S13')",0.12953013923175127,0.21932837594093424,0.7087126137841352,0.5547158085539512,0.09806075696737954,T2g,12,0.20495139918264027
"('S06', 'S08', 'S09', 'S14')",0.06195063623722363,0.17358374610735938,0.8099173553719008,0.6114858894785156,0.0709244519346259,T2g,12,0.20495139918264027
"('S06', 'S08', 'S09', 'S15')",0.002046890699604287,0.1740228393568941,0.9295154185022027,0.6314660711275716,0.06548507852589736,T2g,12,0.20495139918264027
"('S06', 'S08', 'S10', 'S11')",0.0022896209845653104,0.27693415762597373,0.8961038961038961,0.5042765205732919,0.09629876883416477,T2g,12,0.20495139918264027
"('S06', 'S08', 'S10', 'S13')",0.12953013923175127,0.32749707935096284,0.7087126137841352,0.4460879787152962,0.12261026720713582,T2g,12,0.20495139918264027
"('S06', 'S08', 'S10', 'S14')",0.12953013923175127,0.2749255406309298,0.7087126137841352,0.4860494508237905,0.09762892866020373,T2g,12,0.20495139918264027
"('S06', 'S08', 'S10', 'S15')",0.12953013923175127,0.2576764435336615,0.7087126137841352,0.4971683595684662,0.09198015022217813,T2g,12,0.20495139918264027
"('S06', 'S08', 'S11', 'S13')",0.12953013923175127,0.3318520697401408,0.7087126137841352,0.4402650213262125,0.12683082403756865,T2g,12,0.20495139918264027
"('S06', 'S08', 'S11', 'S14')",0.12953013923175127,0.27913190882059746,0.7087126137841352,0.4801111428140898,0.10103348367787841,T2g,12,0.20495139918264027
"('S06', 'S08', 'S11', 'S15')",0.12953013923175127,0.2613278069849807,0.7087126137841352,0.49075285449336326,0.09493870171062367,T2g,12,0.20495139918264027
"('S06', 'S08', 'S13', 'S14')",0.06828471721027907,0.1872323289211154,0.7975376196990424,0.5819556947895292,0.09214696630647427,T2g,12,0.20495139918264027
"('S06', 'S08', 'S13', 'S15')",0.12953013923175127,0.2193176803713125,0.7087126137841352,0.5649939077949849,0.09875974152645457,T2g,12,0.20495139918264027
"('S06', 'S08', 'S14', 'S15')",0.06150487037109231,0.17328252537147737,0.8481012658227848,0.6241732828318795,0.0708380168877089,T2g,12,0.20495139918264027
"('S06', 'S09', 'S10', 'S11')",0.0022896209845653104,0.2611289872632261,0.8961038961038961,0.4981464001753346,0.09285101720327575,T2g,12,0.20495139918264027
"('S06', 'S09', 'S10', 'S13')",0.1969611357452028,0.3169735261168102,0.6717557251908397,0.4615029889036029,0.11588758988249485,T2g,12,0.20495139918264027
"('S06', 'S09', 'S10', 'S14')",0.06195063623722363,0.25588933988640505,0.8099173553719008,0.5076523920577581,0.09110868018442941,T2g,12,0.20495139918264027
"('S06', 'S09', 'S10', 'S15')",0.002046890699604287,0.22849425950191782,0.9295154185022027,0.5377698515187234,0.0804547743762792,T2g,12,0.20495139918264027
"('S06', 'S09', 'S11', 'S13')",0.1969611357452028,0.3207363282900446,0.6717557251908397,0.45487093874547985,0.12088297161594495,T2g,12,0.20495139918264027
"('S06', 'S09', 'S11', 'S14')",0.06195063623722363,0.2595035198601293,0.8099173553719008,0.5009049912790181,0.0952880601051214,T2g,12,0.20495139918264027
"('S06', 'S09', 'S11', 'S15')",0.002046890699604287,0.2315534347372935,0.9295154185022027,0.530545253674581,0.08418815076774201,T2g,12,0.20495139918264027
"('S06', 'S09', 'S13', 'S14')",0.06195063623722363,0.17288555708924214,0.8099173553719008,0.6242946738407216,0.0831266170399653,T2g,12,0.20495139918264027
"('S06', 'S09', 'S13', 'S15')",0.002046890699604287,0.19482492525222028,0.9295154185022027,0.6263314375624666,0.08473426488982098,T2g,12,0.20495139918264027
"('S06', 'S09', 'S14', 'S15')",0.002046890699604287,0.1402771227420132,0.9295154185022027,0.6916987436450222,0.05701496909994196,T2g,12,0.20495139918264027
"('S06', 'S10', 'S11', 'S13')",0.0022896209845653104,0.37475022377402356,0.8961038961038961,0.44618498093350256,0.12709777568109598,T2g,12,0.20495139918264027
"('S06', 'S10', 'S11', 'S14')",0.0022896209845653104,0.30669050645764984,0.8961038961038961,0.4754104246509708,0.10365783065609395,T2g,12,0.20495139918264027
"('S06', 'S10', 'S11', 'S15')",0.0022896209845653104,0.2610522309880111,0.8961038961038961,0.49618941414215345,0.0923485162894175,T2g,12,0.20495139918264027
"('S06', 'S10', 'S13', 'S14')",0.06828471721027907,0.312956915225441,0.7975376196990424,0.47245494981669517,0.11539431594399606,T2g,12,0.20495139918264027
"('S06', 'S10', 'S13', 'S15')",0.19825852087663554,0.31720809304161623,0.6954838709677419,0.46563044063405995,0.11679255876455467,T2g,12,0.20495139918264027
"('S06', 'S10', 'S14', 'S15')",0.06150487037109231,0.2558333816449506,0.8481012658227848,0.5141891379005455,0.0912282294604972,T2g,12,0.20495139918264027
"('S06', 'S11', 'S13', 'S14')",0.06828471721027907,0.3170797860560278,0.7975376196990424,0.46662278194935225,0.12043496684095294,T2g,12,0.20495139918264027
"('S06', 'S11', 'S13', 'S15')",0.19825852087663554,0.3207759591338545,0.6954838709677419,0.4593210757013147,0.12138720613228239,T2g,12,0.20495139918264027
"('S06', 'S11', 'S14', 'S15')",0.06150487037109231,0.2592526255376786,0.8481012658227848,0.5077644223471834,0.0950068750154668,T2g,12,0.20495139918264027
"('S06', 'S13', 'S14', 'S15')",0.06150487037109231,0.1729459859668122,0.8481012658227848,0.637238542672525,0.08425290174622874,T2g,12,0.20495139918264027
"('S08', 'S09', 'S10', 'S11')",0.0022896209845653104,0.208742908751277,0.8961038961038961,0.5228288868736389,0.08831599876073122,T2g,12,0.23706455320827785
"('S08', 'S09', 'S10', 'S13')",0.1969611357452028,0.29017002093901534,0.6717557251908397,0.48324171065625116,0.1165166347684969,T2g,12,0.23706455320827785
"('S08', 'S09', 'S10', 'S14')",0.06195063623722363,0.22435050980893922,0.8099173553719008,0.5293259858850506,0.09079010739397897,T2g,12,0.23674004881551314
"('S08', 'S09', 'S10', 'S15')",0.002046890699604287,0.18685642998054564,0.9295154185022027,0.5612651938295319,0.07782170350624301,T2g,12,0.23706455320827785
"('S08', 'S09', 'S11', 'S13')",0.1969611357452028,0.29360677865202034,0.6717557251908397,0.47599370196545854,0.12121620985524102,T2g,12,0.23706455320827785
"('S08', 'S09', 'S11', 'S14')",0.06195063623722363,0.22763864532243394,0.8099173553719008,0.5219626265736411,0.09467368066796496,T2g,12,0.23674004881551314
"('S08', 'S09', 'S11', 'S15')",0.002046890699604287,0.189589560755692,0.9295154185022027,0.55342463745272,0.08125927325099984,T2g,12,0.23706455320827785
"('S08', 'S09', 'S13', 'S14')",0.06195063623722363,0.1666032558857009,0.8099173553719008,0.6424085441896884,0.08767630093135542,T2g,12,0.23674004881551314
"('S08', 'S09', 'S13', 'S15')",0.002046890699604287,0.17844362460477292,0.9295154185022027,0.6462670563949494,0.08696945070162537,T2g,12,0.23706455320827785
"('S08', 'S09', 'S14', 'S15')",0.002046890699604287,0.11916049719489463,0.9295154185022027,0.7115692345521493,0.05830253723529386,T2g,12,0.23674004881551314
"('S08', 'S10', 'S11', 'S13')",0.0022896209845653104,0.3371345585140846,0.8961038961038961,0.47018386976418514,0.125715614757322,T2g,12,0.23899746097473976
"('S08', 'S10', 'S11', 'S14')",0.0022896209845653104,0.26433951629803987,0.8961038961038961,0.4993441855562976,0.10132805205586742,T2g,12,0.23674004881551314
"('S08', 'S10', 'S11', 'S15')",0.0022896209845653104,0.208602241384495,0.8961038961038961,0.5219449235309962,0.08770423960960526,T2g,12,0.23961661934913103
"('S08', 'S10', 'S13', 'S14')",0.06828471721027907,0.2961884983999853,0.7975376196990424,0.4934449457763659,0.1182286006723161,T2g,12,0.23674004881551314
"('S08', 'S10', 'S13', 'S15')",0.19652007583262043,0.2903406767722544,0.6954838709677419,0.4884421850772467,0.117312345413289,T2g,12,0.23899746097473976
"('S08', 'S10', 'S14', 'S15')",0.06150487037109231,0.22423064047591768,0.8481012658227848,0.5369357544183765,0.09080039843277904,T2g,12,0.23674004881551314
"('S08', 'S11', 'S13', 'S14')",0.06828471721027907,0.29998532477034257,0.7975376196990424,0.4869968193763535,0.122973444922567,T2g,12,0.23674004881551314
"('S08', 'S11', 'S13', 'S15')",0.19652007583262043,0.2935824984042631,0.6954838709677419,0.48151686161183194,0.12161118613431075,T2g,12,0.23899746097473976
"('S08', 'S11', 'S14', 'S15')",0.06150487037109231,0.2273238399084162,0.8481012658227848,0.5298950803323449,0.09428323734104264,T2g,12,0.23674004881551314
"('S08', 'S13', 'S14', 'S15')",0.06150487037109231,0.1665997736717042,0.8481012658227848,0.6564254357120304,0.08869332740035114,T2g,12,0.23674004881551314
"('S09', 'S10', 'S11', 'S13')",0.0022896209845653104,0.2859028122991035,0.8961038961038961,0.532154728766807,0.11073059296511632,T2g,12,0.23706455320827785
"('S09', 'S10', 'S11', 'S14')",0.0022896209845653104,0.20459512257268664,0.8961038961038961,0.5675029756045804,0.08654545911252844,T2g,12,0.23674004881551314
"('S09', 'S10', 'S11', 'S15')",0.002046890699604287,0.13871186437192273,0.9295154185022027,0.6091022642955685,0.06791651929614165,T2g,12,0.23706455320827785
"('S09', 'S10', 'S13', 'S14')",0.06195063623722363,0.24172572180322704,0.8099173553719008,0.5831488664109125,0.10017108203522519,T2g,12,0.23674004881551314
"('S09', 'S10', 'S13', 'S15')",0.002046890699604287,0.22573191688827698,0.9295154185022027,0.5971446564280828,0.09424969940607346,T2g,12,0.23706455320827785
"('S09', 'S10', 'S14', 'S15')",0.002046890699604287,0.1511092330815682,0.9295154185022027,0.6518261568148735,0.06794018127443015,T2g,12,0.23674004881551314
"('S09', 'S11', 'S13', 'S14')",0.06195063623722363,0.2449303599576408,0.8099173553719008,0.5758916472418608,0.10569075118849335,T2g,12,0.23674004881551314
"('S09', 'S11', 'S13', 'S15')",0.002046890699604287,0.22838155030434226,0.9295154185022027,0.5894102401936288,0.09932336503011245,T2g,12,0.23706455320827785
"('S09', 'S11', 'S14', 'S15')",0.002046890699604287,0.1536102442981232,0.9295154185022027,0.6439763899598027,0.07219784508571102,T2g,12,0.23674004881551314
"('S09', 'S13', 'S14', 'S15')",0.002046890699604287,0.09816779519000607,0.9295154185022027,0.7920518759257521,0.0633330094512676,T2g,12,0.23674004881551314
"('S10', 'S11', 'S13', 'S14')",0.0022896209845653104,0.3203607945458753,0.8961038961038961,0.526869920855216,0.11790834475484875,T2g,12,0.23674004881551314
"('S10', 'S11', 'S13', 'S15')",0.0022896209845653104,0.28612379454577386,0.8961038961038961,0.5315272409026036,0.11133155356717082,T2g,12,0.23899746097473976
"('S10', 'S11', 'S14', 'S15')",0.0022896209845653104,0.20452557965309648,0.8961038961038961,0.5692847818527075,0.08636100010859092,T2g,12,0.23674004881551314
"('S10', 'S13', 'S14', 'S15')",0.06150487037109231,0.2419675020836577,0.8481012658227848,0.5910151104226778,0.1013940928272057,T2g,12,0.23674004881551314
"('S11', 'S13', 'S14', 'S15')",0.06150487037109231,0.24497720415707536,0.8481012658227848,0.5840805764790039,0.10651302761475147,T2g,12,0.23674004881551314
